time,I0.NM0:region,I0.NM0:id,I0.NM0:vgs,I0.NM0:vds,I0.NM0:vth,I0.NM0:vdsat,I0.NM0:gm,I0.NM0:gds,I0.NM0:gmoverid,I0.NM0:self_gain,I0.NM0:rout,I0.NM0:sat_margin_abs
0.0,2.0,9.821407493476304e-05,0.714,0.5500011741707667,0.5060541914085409,0.1749331259882883,0.0005283925852465249,5.272386819453852e-05,5.380008757338101,10.02188578608994,18966.74189970733,0.37506804818247835
5e-09,2.0,9.886455132623009e-05,0.7155705379539063,0.5467255996870994,0.5060986444715315,0.1756410531108195,0.0005291597351603678,5.332837452645681e-05,5.35237075307855,9.922667620364946,18751.74349264834,0.37108454657627993
1e-08,2.0,9.94999467708855e-05,0.7171395259764657,0.5431979595780324,0.5061463893722564,0.17634711755671,0.0005298381096895529,5.395799322126455e-05,5.325008953601382,9.819455432985722,18532.93535026995,0.3668508420213224
1.5e-08,2.0,0.0001001319914085981,0.7187054156659257,0.5396606927521087,0.5061942855783016,0.1770517986315596,0.0005304856545144259,5.459680026063297e-05,5.297863796343434,9.716423892645823,18316.09169816221,0.3626088941205491
2e-08,2.0,0.0001007608969025526,0.7202666616782152,0.53613422168058,0.5062420649660054,0.1777544792896711,0.000531105987788748,5.524322385454208e-05,5.270953332296446,9.613957164903594,18101.76760561703,0.35837974239090886
2.5e-08,2.0,0.0001013864562032398,0.7218217232520115,0.5326305550022521,0.5062895690659602,0.1784544994375377,0.0005317008114229765,5.589616596228666e-05,5.244298190535296,9.512294846514463,17890.31470735763,0.35417605556471443
3e-08,2.0,0.0001020076979296816,0.7233690657292862,0.5291474952652245,0.5063368237965452,0.1791511305129363,0.0005322683186781054,5.655550329505618e-05,5.217923026950357,9.411432799054126,17681.7452190796,0.34999636475228824
3.5e-08,2.0,0.0001026242084912886,0.7249071620698271,0.5256927617656774,0.5063837261151516,0.1798436973306915,0.0005328093555485594,5.722035500483107e-05,5.191848595446978,9.311535300743499,17476.29842414593,0.34584906443498586
3.999999999999999e-08,2.0,0.0001032351920912782,0.7264344943582427,0.5222670011521456,0.5064302648406901,0.1805314936328811,0.0005333230414368077,5.789033001880886e-05,5.166097216391986,9.21264468976992,17274.04213579531,0.3417355075192645
4.499999999999999e-08,2.0,0.0001038401427641445,0.7279495553019615,0.5188757540647544,0.5064763650398342,0.1812138428544363,0.0005338098832886704,5.856462503400055e-05,5.140689005581062,9.114886042192863,17075.15414671289,0.3376619112103181
4.999999999999999e-08,2.0,0.0001044383661406457,0.7294508497187473,0.5155210032814467,0.506521998010788,0.1818900564949681,0.0005342695548720408,5.924267512458784e-05,5.11564448461576,9.01832258162663,16879.72391349634,0.3336309467864786
5.499999999999999e-08,2.0,0.0001050293226517408,0.7309368960122645,0.5122071346689507,0.5065671036839685,0.182559464752107,0.0005347024770305017,5.99236819939943e-05,5.090982787399414,8.923057783466824,16687.89311211255,0.32964766991684374
6e-08,2.0,0.0001056123834238398,0.7324062276342339,0.5089367153749886,0.5066116456274462,0.1832213960599441,0.0005351086861630341,6.060695470919456e-05,5.06672291150486,8.829163067680973,16499.75658401282,0.3257153193150445
6.5e-08,2.0,0.0001061870063486465,0.733857394531739,0.5057134740579201,0.5066555722108551,0.1838751927790125,0.0005354886384683491,6.12916621381536e-05,5.042882867326492,8.736728941390732,16315.43288458982,0.3218382812789076
7e-08,2.0,0.000106752611102208,0.7352889645782537,0.5025401831136475,0.5066988442343957,0.184520201228722,0.0005358426300994773,6.197701222497774e-05,5.019480283066811,8.645828684905918,16135.01464655929,0.3180199818849254
7.500000000000001e-08,2.0,0.0001073086699196199,0.7366995249869773,0.4994201539892321,0.5067414154246687,0.1851557799309388,0.0005361712071185322,6.266212183983353e-05,4.996532003717482,8.556544071217436,15958.60418764678,0.3142643740582933
8.000000000000001e-08,2.0,0.0001078546434160559,0.7380876837050857,0.496356170209587,0.5067832463765716,0.1857812948569642,0.0005364748660763128,6.334611172560494e-05,4.974054388538951,8.468947050770062,15786.28857808479,0.3105748753526228
8.500000000000002e-08,2.0,0.0001083900276409889,0.7394520707875185,0.4933512402426477,0.5068242947251653,0.186396123938325,0.0005367542627210605,6.40280382235854e-05,4.952063124792888,8.383112736434606,15618.15772815041,0.3069551163043227
9.000000000000003e-08,2.0,0.0001089143210150663,0.7407913397489498,0.490408057553832,0.5068645222155178,0.1869996549066331,0.0005370100555846616,6.470694415867929e-05,4.930573378795064,8.299110127465838,15454.29185386539,0.3034084026471989
9.500000000000003e-08,2.0,0.0001094270488628439,0.7421041688926066,0.4875293809744732,0.5069038897339984,0.1875912879177275,0.0005372430114736707,6.538182345068899e-05,4.909599712027546,8.217008690173039,15294.77073630717,0.2999380930567457
1e-07,2.0,0.0001099277463003318,0.7433892626146237,0.484717760300456,0.5069423609119156,0.18817043467738,0.0005374539221785496,6.605164905565506e-05,4.889156162213206,8.13687364149972,15139.66743142781,0.29654732562307595
1.05e-07,2.0,0.0001104159710967024,0.7446453526826488,0.4819757292099445,0.5069798996043696,0.1887365200998022,0.0005376436567374422,6.671535527895595e-05,4.86925620792617,8.058769296654429,14989.05305710678,0.29323920911014234
1.1e-07,2.0,0.0001108912947390491,0.7458711994874345,0.4793056653460241,0.5070164717364471,0.1892889820648949,0.0005378131156034275,6.737185389513601e-05,4.849912815849645,7.982756663346851,14842.99365661654,0.2900166832811292
1.150000000000001e-07,2.0,0.000111353309199013,0.7470655932661826,0.4767098886905209,0.5070520440173889,0.189827272572184,0.000537963255290166,6.80200261814885e-05,4.831138427933007,7.90889515177181,14701.55270643144,0.2868826161183369
1.2e-07,2.0,0.000111801622178723,0.7482273552964344,0.4741905901694554,0.5070865848901325,0.1903508578006553,0.0005380950617422958,6.865873309239498e-05,4.812944991840637,7.837241345804823,14564.78957533758,0.2838397323688001
1.25e-07,2.0,0.0001122358606609584,0.7493553390593274,0.47174988229422,0.5071200638693346,0.1908592189896916,0.0005382095605516751,6.928681279530385e-05,4.79534395808086,7.767849881358001,14432.76086250829,0.2808906633045284
1.300000000000001e-07,2.0,0.0001126556682783249,0.7504484313710705,0.4693897629421898,0.5071524520298355,0.1913518526353405,0.0005383078001721377,6.990308800200378e-05,4.77834630158215,7.700772820747304,14305.51966418615,0.2780379103068493
1.350000000000001e-07,2.0,0.0001130607071419809,0.7515055534815229,0.467112141922221,0.5071837216591851,0.1918282712148959,0.0005383908545465747,7.050636675270841e-05,4.761962522663796,7.636060108371605,14183.11630646585,0.2752838707073251
1.400000000000001e-07,2.0,0.000113450656274761,0.7525256621387895,0.46491882298197,0.5072138465065705,0.1922880034352641,0.0005384598113742228,7.109544852492733e-05,4.746202663416813,7.57375925669038,14065.59801995457,0.2726308195467059
1.450000000000001e-07,2.0,0.0001138252125018199,0.7535077506187845,0.4628115182743081,0.5072428015930904,0.1927305948600715,0.0005385157707344643,7.166912702976039e-05,4.731076309528053,7.513915587542279,13953.00935624279,0.2700809234142366
1.500000000000001e-07,2.0,0.000114184089405307,0.7544508497187473,0.460791839917938,0.5072705633346009,0.1931556081670664,0.0005385598359713298,7.222619591493526e-05,4.716592603181263,7.456572080933366,13845.39206768905,0.2676362317508716
1.550000000000001e-07,2.0,0.0001145270176934568,0.755354028713728,0.458861308423753,0.5072971094303578,0.1935626237075172,0.0005385931102282913,7.276545285763087e-05,4.702760244310093,7.401769508424207,13742.7853566245,0.2652986847162358
1.600000000000001e-07,2.0,0.0001148537444031892,0.7562163962751007,0.457021349324818,0.5073224189185137,0.1939512397504878,0.0005386166887374818,7.328570523190781e-05,4.689587500865747,7.349546368327418,13645.2258572878,0.2630701095743302
1.650000000000001e-07,2.0,0.0001151640329747134,0.7570371013501972,0.4552732986104852,0.5073464721031742,0.1943210729895441,0.0005386316543199589,7.378577504051258e-05,4.67708220888073,7.299938965528512,13552.74779523483,0.2609522256209411
1.700000000000001e-07,2.0,0.0001154576625688157,0.7578153340021931,0.4536184020697978,0.5073692505734444,0.1946717587623932,0.0005386390705053743,7.426450466191476e-05,4.665251780593025,7.252981393432841,13465.38301914821,0.2589466433074046
1.750000000000001e-07,2.0,0.0001157344279759315,0.7585503262094184,0.4520578192424949,0.5073907371491448,0.195002951512426,0.0005386399766092696,7.472076228551244e-05,4.654103203138603,7.208705587760126,13383.16111094987,0.2570548677300689
1.800000000000001e-07,2.0,0.0001159941389884037,0.759241352623301,0.4505926242053871,0.5074109158801142,0.1953143249776395,0.0005386353814435356,7.515344770354202e-05,4.643643044899438,7.167141334197891,13306.10944084298,0.2552782992277476
1.850000000000001e-07,2.0,0.000116236620221863,0.7598877312841991,0.4492238087605918,0.5074297720011919,0.1956055726107284,0.0005386262583528935,7.556149796798204e-05,4.633877452889487,7.128316309731282,13234.25324923725,0.25361823614986345
1.900000000000001e-07,2.0,0.0001164617105210971,0.7604888242944126,0.4479522839512882,0.5074472919212107,0.1958764077340058,0.0005386135394513417,7.594389310358774e-05,4.62481215766876,7.092256104341017,13167.61571119348,0.25207587621728245
1.950000000000001e-07,2.0,0.0001166692627445383,0.7610440384477113,0.4467788828037795,0.5074634631831697,0.1961265639198143,0.0005385981108791319,7.62996617277795e-05,4.616452469629879,7.058984256060428,13106.21800091043,0.25065231888396516
2.000000000000001e-07,2.0,0.0001168591432020215,0.7615528258147577,0.4457043621482054,0.5074782744485749,0.1963557951096003,0.000538580807589696,7.662788651052104e-05,4.608803282826136,7.028522279754494,13050.07935802457,0.2493485670386051
2.050000000000001e-07,2.0,0.0001170312314383039,0.7620146842838471,0.4447294050264662,0.5074917154614188,0.1965638759554259,0.0005385624090215497,7.692770951124695e-05,4.60186907044289,7.000889698175806,12999.21713974597,0.24816552907104028
2.100000000000001e-07,2.0,0.000117185419710448,0.7624291580564315,0.4438546225475565,0.5075037770315206,0.1967506019021127,0.0005385436345022972,7.71983371878446e-05,4.595653887892582,6.976104073224709,12953.64688447534,0.2471040206454438
2.150000000000001e-07,2.0,0.0001173216127974172,0.7627958380969373,0.4430805559731677,0.507514451002251,0.1969157894901356,0.0005385251394887108,7.743904521852549e-05,4.590161367786307,6.954181033211928,12913.38235354138,0.2461647664830321
2.200000000000001e-07,2.0,0.0001174397275286049,0.7631143625364344,0.4424076784239989,0.5075237302353826,0.1970592764001594,0.0005385075116694865,7.76491828597033e-05,4.585394722638612,6.935134303247762,12878.43558903642,0.2453484020238395
2.250000000000001e-07,2.0,0.0001175396926405232,0.7633844170297569,0.441836396610536,0.507531608583076,0.1971809217173714,0.0005384912678969168,7.782817704139813e-05,4.581356739649576,6.91897572791001,12848.81694541147,0.24465547489316458
2.300000000000002e-07,2.0,0.0001176214483684756,0.7636057350657238,0.4413670522598785,0.5075380808760482,0.1972806059379563,0.0005384768510687689,7.797553588864421e-05,4.578049783332029,6.90571529816429,12824.53513917604,0.2440864463219222
2.350000000000002e-07,2.0,0.000117684946366549,0.763778098230154,0.4409999234453508,0.507543142900511,0.1973582311948206,0.0005384646278492367,7.809085190889147e-05,4.575475790381231,6.89536116826415,12805.59726978903,0.24364169225053023
2.400000000000001e-07,2.0,0.0001177301493729526,0.7639013364214136,0.4407352256407869,0.5075467913909598,0.197413721225705,0.0005384548863988607,7.817380452068568e-05,4.573636272486676,6.887919677190323,12792.00885937934,0.24332150441508188
2.450000000000001e-07,2.0,0.0001177570312051761,0.7639753280182866,0.440573112605717,0.5075490240126955,0.1974470215602278,0.0005384478349574998,7.822416219072595e-05,4.572532311510413,6.883395358644528,12783.77386211951,0.2431260910454892
2.500000000000001e-07,2.0,0.0001177655765068609,0.764,0.440513677004332,0.5075498393601126,0.197458099449435,0.0005384436004733349,7.824178385397794e-05,4.572164562678106,6.881790955561905,12780.89469261453,0.24305557755489704
2.550000000000002e-07,2.0,0.0001177557808256981,0.7639753280182866,0.4405569508150552,0.5075492369452688,0.1974469440141027,0.0005384422280949841,7.822661990520817e-05,4.572533250214573,6.883107422351195,12783.37222305859,0.2431100068009525
2.600000000000002e-07,2.0,0.0001177276504463593,0.7639013364214136,0.4407029054789733,0.5075472172021658,0.1974135661356121,0.0005384436807288934,7.81787124431721e-05,4.573638171028991,6.887343931639789,12791.20579949302,0.2432893393433612
2.650000000000002e-07,2.0,0.0001176812025544568,0.763778098230154,0.4409514518200244,0.5075437814815653,0.1973579985654826,0.0005384478394615702,7.809819507405697e-05,4.575478690872494,6.894497868369231,12804.39322639589,0.24359345325454176
2.700000000000002e-07,2.0,0.000117616465156273,0.7636057350657238,0.4413024397128713,0.5075389320614004,0.1972802957775391,0.0005384545040504502,7.798529196569504e-05,4.578053748545484,6.904564828548838,12822.93077058544,0.2440221439353322
2.750000000000002e-07,2.0,0.0001175334773279372,0.7633844170297568,0.4417556575208788,0.5075326721477448,0.1971805340386956,0.0005384633942712222,7.78403164751913e-05,4.581361852554229,6.917538605368304,12846.81313338073,0.24457512348218322
2.800000000000002e-07,2.0,0.0001174322892187538,0.7631143625364344,0.4423108312972195,0.5075250058911517,0.1970588112224368,0.0005384741513222453,7.766366905356875e-05,4.585401085779779,6.933411180340078,12876.03344248708,0.2452520200747827
2.850000000000002e-07,2.0,0.0001173129623806652,0.7627958380969373,0.4429676237689623,0.5075159383933682,0.1969152468409366,0.0005384863400663539,7.745583476382453e-05,4.590169102523682,6.95217270213776,12910.58321234498,0.24605237692802573
2.900000000000002e-07,2.0,0.0001171755698481516,0.7624291580564315,0.4437256331083402,0.5075054757290802,0.1967499818199415,0.0005384994513046667,7.72173801283006e-05,4.595663133494118,6.97381147106937,12950.45232483217,0.24697565128839868
2.950000000000002e-07,2.0,0.000117020196539194,0.7620146842838471,0.4445843915118737,0.5074936249576729,0.1965631784923469,0.0005385129048581601,7.694894965304564e-05,4.601879983051437,6.998313911837077,12995.62897880855,0.2480212130195268
3.000000000000002e-07,2.0,0.0001168469394011009,0.7615528258147576,0.445543363599484,0.5074803941495507,0.1963550203346312,0.0005385260526440061,7.665126175635861e-05,4.608816034293253,7.025664552734289,13046.09966080624,0.24918834326485279
3.050000000000002e-07,2.0,0.0001166559078707278,0.7610440384477112,0.4466019446569716,0.5074657924019776,0.1961257119220697,0.0005385381825206664,7.63251044574906e-05,4.616467246244003,7.055845993903699,13101.84908501438,0.25047623273490194
3.100000000000002e-07,2.0,0.0001164472240723723,0.7604888242944126,0.4477594587391211,0.507449829868891,0.1958754786269099,0.0005385485220799823,7.597133056220499e-05,4.62482915876278,7.088838882965478,13162.86015526876,0.2518839801122112
3.150000000000002e-07,2.0,0.0001162210233219993,0.759887731284199,0.4490151566601778,0.5074325177796154,0.1956045665354455,0.0005385562431611102,7.559085270610643e-05,4.633896889372688,7.124621880573179,13229.11389672969,0.2534105901247323
3.200000000000002e-07,2.0,0.0001159774543607014,0.759241352623301,0.4503682138928009,0.5074138684708773,0.1953132421081711,0.0005385604662554254,7.518463799942807e-05,4.643665137677553,7.163171634337353,13300.58941040066,0.25505497178462977
3.250000000000002e-07,2.0,0.0001157166798852903,0.7585503262094183,0.4518177284044614,0.5073938954070061,0.195001792058976,0.0005385602655803127,7.475370263566635e-05,4.654128181501129,7.204462743539821,13377.26379753773,0.2568159363454854
3.300000000000002e-07,2.0,0.0001154388767987734,0.7578153340021931,0.4533627184555273,0.5073726132126921,0.1946705229775485,0.000538554673981899,7.429910621185577e-05,4.665279880485605,7.248467733195461,13459.11210760207,0.2586921954779788
3.350000000000002e-07,2.0,0.0001151442367480191,0.7570371013501971,0.4550021203895246,0.5073500376931743,0.1943197611709832,0.00053854268845018,7.382194612072121e-05,4.677113671210963,7.295157019695741,13546.10725602787,0.2606823592185414
3.400000000000002e-07,2.0,0.0001148329663713872,0.7562163962751007,0.4567347864409193,0.5073261858661874,0.1939498522487432,0.0005385232753973004,7.332335176388716e-05,4.689622569661815,7.34449888667707,13638.21996599608,0.2627849341921761
3.450000000000002e-07,2.0,0.0001145052878232455,0.755354028713728,0.4585594825924032,0.5073010759805662,0.1935611609269964,0.0005384953764906597,7.280447894064939e-05,4.702799165024957,7.396459453128482,13735.41867960082,0.2649983216654068
3.500000000000002e-07,2.0,0.0001141614389983959,0.7544508497187473,0.4604748865065509,0.5072747275458095,0.1931540705764659,0.0005384579141822289,7.226650416031708e-05,4.716635620752626,7.451002652455776,13837.66949320788,0.26732081593008494
3.550000000000003e-07,2.0,0.0001138016740230759,0.7535077506187844,0.462479585563851,0.507247161347528,0.1927289829898576,0.0005384097977361692,7.171061922394182e-05,4.731123666791046,7.508090204252649,13944.93606138228,0.2697506025739934
3.600000000000003e-07,2.0,0.000113426263436095,0.7525256621387894,0.4645720750312813,0.5072183994730893,0.1922863178929602,0.0005383499288869869,7.113802581995945e-05,4.746254599036257,7.567681597595588,14057.17952492612,0.2722857571383211
3.650000000000003e-07,2.0,0.0001130354946266184,0.7515055534815229,0.4667507563916292,0.5071884653224157,0.1918265126755414,0.0005382772079426226,7.054993046858179e-05,4.762019269826735,7.629734067311877,14174.35840628267,0.2749242437160878
3.700000000000003e-07,2.0,0.0001126296719529391,0.7504484313710705,0.4690139358559889,0.5071573836282662,0.191350021866118,0.0005381905394554054,6.99475395544287e-05,4.778408085678698,7.694202582159734,14296.42852872422,0.2776639139898709
3.750000000000003e-07,2.0,0.0001122091171087548,0.7493553390593273,0.4713598230876523,0.5071251804610167,0.1908573168267567,0.0005380888382896384,6.933205476949626e-05,4.795410995976641,7.761039826074491,14423.34290141313,0.28050250626089557
3.800000000000003e-07,2.0,0.0001117741691622376,0.7482273552964344,0.473786530156238,0.5070918832423037,0.1903488851919699,0.0005379710351987757,6.87046687002057e-05,4.81301748898424,7.830196191560488,14555.05162776523,0.2834376449642681
3.850000000000003e-07,2.0,0.0001113251848345265,0.7470655932661825,0.4762920707475964,0.5070575207425985,0.1898252305279345,0.0005378360827569199,6.806656086703194e-05,4.831216578782241,7.901619766093117,14691.50177799493,0.28646684021966184
3.900000000000003e-07,2.0,0.0001108625384441307,0.7458711994874344,0.478874359644801,0.5070221230871319,0.1892868717360698,0.0005376829607472095,6.74188939445181e-05,4.849996799670999,7.975256330809756,14832.63728448205,0.28958748790873123
3.950000000000003e-07,2.0,0.0001103866220839514,0.7446453526826488,0.4815312125011963,0.5069857217453149,0.1887343426772748,0.0005375106818686364,6.676281045667133e-05,4.869346191528721,8.051049352056227,14978.39879956812,0.2927968698239215
4.000000000000003e-07,2.0,0.0001098978454588536,0.7433892626146236,0.4842603459173873,0.50694834952811,0.1881681915408641,0.0005373182968527776,6.609942967012845e-05,4.88925229284581,8.128939985326403,15128.72357583924,0.29609215437652325
4.050000000000003e-07,2.0,0.0001093966359505781,0.7421041688926064,0.4870593778381634,0.5069100405685937,0.1875889804345695,0.000537104899869697,6.542984496720838e-05,4.909702124799548,8.20886707188255,15283.54530720915,0.2994703974035939
4.100000000000003e-07,2.0,0.0001088834383394819,0.7407913397489497,0.4899258282766927,0.5068708303102191,0.1869972847196697,0.000536869633302092,6.475512141706671e-05,4.930682183280926,8.29076714788764,15442.79399245235,0.302928543557023
4.150000000000003e-07,2.0,0.0001083587147500102,0.7394520707875184,0.4928571203776005,0.5068307554780925,0.186393692567695,0.0005366116927855219,6.407629381526982e-05,4.952178422097839,8.374574446090133,15606.39575820306,0.3064634278099055
4.200000000000003e-07,2.0,0.0001078229442510141,0.7380876837050856,0.495850581820773,0.5067898540578577,0.1857788042627981,0.0005363303315798995,6.339436490745524e-05,4.974176244464926,8.460220910215735,15774.27270483467,0.3100717775579749
4.250000000000003e-07,2.0,0.0001072766226779047,0.7366995249869772,0.4989034465733424,0.506748165257552,0.1851532317263367,0.0005360248651891894,6.271030405710953e-05,4.99666048584962,8.547636201875818,15946.34271090939,0.3137502148470057
4.300000000000003e-07,2.0,0.0001067202621094569,0.7352889645782535,0.5020128569859214,0.5067057294771143,0.1845175977878125,0.0005356946752792007,6.202504607234458e-05,5.019615405488442,8.636747720499535,16122.51926155159,0.31749525919810884
4.350000000000003e-07,2.0,0.000106154390566255,0.7338573945317389,0.5051758662367751,0.5066625882609782,0.1838725356788036,0.0005353392138298874,6.133949044309516e-05,5.043024669473895,8.727480615877031,16302.7112350681,0.32130333055797156
4.400000000000003e-07,2.0,0.0001055795513653698,0.7324062276342338,0.5083894411139878,0.5066187842584832,0.18321868827412,0.000534958006555411,6.065450070464485e-05,5.066871342932716,8.819757814187145,16486.82271525848,0.32517075283986774
4.450000000000003e-07,2.0,0.0001049963026980957,0.7309368960122644,0.5116504651356246,0.506574361167636,0.1825567075569184,0.0005345506565480078,5.997090417199822e-05,5.091137874012506,8.913500036866239,16674.75276230574,0.3290937575787062
4.500000000000004e-07,2.0,0.0001044052168672319,0.7294508497187472,0.5149557419928736,0.506529363686971,0.1818872538321153,0.0005341168471613636,5.928949176361856e-05,5.115806087406026,9.00862583357664,16866.39521193575,0.33306848816075835
4.550000000000004e-07,2.0,0.0001038068797503635,0.7279495553019614,0.5183019993119867,0.5064838374511409,0.181210995164918,0.0005336563451092136,5.861101815378052e-05,5.140857169932525,9.105051608368823,17061.63843419768,0.3370910041470687
4.600000000000004e-07,2.0,0.0001032018899275477,0.7264344943582426,0.5216858927152872,0.5064378289750309,0.1805286065689655,0.0005331690027763378,5.793620197606059e-05,5.166271666115993,9.202691660676079,17260.36512392032,0.3411572861463217
4.650000000000004e-07,2.0,0.0001025908580394053,0.724907162069827,0.5251040101745366,0.5063913855820573,0.1798407694209888,0.0005326547607380896,5.726572631317628e-05,5.192029466067126,9.301458219967271,17462.45205257983,0.34526324075354775
4.700000000000004e-07,2.0,0.0001019744058158434,0.723369065729286,0.5285528766308831,0.5063445553415307,0.1791481706266202,0.0005321136494658716,5.660023920093512e-05,5.218109803821948,9.401261496030573,17667.76985605881,0.34940470600426293
4.750000000000004e-07,2.0,0.0001013531653408148,0.7218217232520114,0.5320289588735071,0.5062973869907579,0.1784515020143629,0.0005315457912358343,5.594035437843665e-05,5.244491248217818,9.502009723426589,17876.18278631196,0.3535774568591442
4.800000000000004e-07,2.0,0.0001007277779952289,0.7202666616782151,0.5355286706464594,0.5062499298668041,0.1777514594825388,0.0005309514011982469,5.528665201822543e-05,5.271151704673146,9.603609222407192,18087.54850393811,0.3577772111639206
4.850000000000003e-07,2.0,0.0001000988936425098,0.7187054156659256,0.539048377973549,0.5062022338236414,0.1770487423762613,0.0005303307886460912,5.463967966634439e-05,5.298068409714794,9.705964454486935,18301.7178377778,0.36199963559728765
4.900000000000003e-07,2.0,9.946716950087162e-05,0.7171395259764656,0.5425844046677228,0.5061543491596097,0.1763440526194831,0.0005296843574204801,5.399995313227866e-05,5.325217936832988,9.80897809527652,18518.53459113924,0.36624035204823974
4.950000000000002e-07,2.0,9.883326926568194e-05,0.7155705379539063,0.5461330380132668,0.5061063265309582,0.1756380940791842,0.000529012606513428,5.336795755700316e-05,5.35257619526065,9.91255110237976,18737.83531872817,0.37049494393408267
5.000000000000002e-07,2.0,9.819786192789117e-05,0.7139999999999999,0.5496905345840624,0.5060582168763994,0.1749315716869793,0.0005283161297856064,5.274414840564016e-05,5.38011844047121,10.01658280123281,18959.44915650711,0.3747589628970831
5.050000000000001e-07,2.0,9.756162085058311e-05,0.7124294620460935,0.5532531261861456,0.5060100713284653,0.17422519079521,0.0005275956158824884,5.212895261137746e-05,5.407819277735686,10.1209709662829,19183.19762637517,0.3790279353909356
5.100000000000001e-07,2.0,9.692522255148089e-05,0.7108604740235343,0.5568170258846279,0.5059619411366019,0.1735196562930374,0.0005268518472466495,5.152276962364339e-05,5.435652677747991,10.22561192061541,19408.89450052211,0.3832973695915905
5.15e-07,2.0,9.628934575195562e-05,0.7092945843340742,0.5603784341044665,0.5059138775777883,0.1728156719595567,0.0005260856993333697,5.092597258564093e-05,5.463591985395458,10.33040063100738,19636.345645011,0.3875627621449098
5.2e-07,2.0,9.565467014219037e-05,0.7077333383217848,0.5639335447628352,0.5058659318796253,0.17211393957969,0.0005252981389078401,5.03389094004681e-05,5.491609940898945,10.43523082172605,19865.34893008034,0.3918196051831452
5.25e-07,2.0,9.502187542124768e-05,0.7061782767479885,0.5674785514228597,0.5058181551316654,0.1714151582997997,0.0005244902225551245,4.976190390942141e-05,5.51967869413014,10.53999508358487,20095.69412416856,0.39606339312306005
5.299999999999999e-07,2.0,9.439164006358511e-05,0.7046309342707138,0.5710096534275209,0.5057705982099086,0.1707200237490102,0.0005236630942627677,4.919525694740558e-05,5.547769831545285,10.64458500181457,20327.16286184043,0.40028962967851067
5.349999999999999e-07,2.0,9.37646403686475e-05,0.7030928379301729,0.5745230620024421,0.5057233116902426,0.1700292274030328,0.0005228179832312056,4.863924749751661e-05,5.575854396270224,10.74889127875383,20559.52859984228,0.40449383459940924
5.399999999999998e-07,2.0,9.314154924697953e-05,0.7015655056417572,0.5780150062891528,0.5056763457756903,0.1693434557167369,0.0005219562007541914,4.809413371494125e-05,5.603902920989853,10.85280387516445,20792.55665414622,0.4086715505724159
5.449999999999998e-07,2.0,9.25230352971508e-05,0.7000504446980386,0.5814817392970266,0.5056297502132537,0.1686633895020391,0.000521079137348633,4.756015404052128e-05,5.631885453902003,10.95621214566869,21026.00422925459,0.41281834979498755
5.499999999999997e-07,2.0,9.190976162874208e-05,0.6985491502812526,0.5849195437382859,0.5055835742251626,0.1679897030775908,0.0005201882589586151,4.703752817894053e-05,5.659771597602413,11.05900499234804,21259.6205352414,0.4169298406606951
5.549999999999997e-07,2.0,9.130238498322573e-05,0.6970631039877355,0.5883247377359223,0.5055378664302923,0.1673230636665588,0.0005192851034376744,4.652645815988549e-05,5.687530540884584,11.16107101153458,21493.14690070664,0.4210016740693635
5.599999999999996e-07,2.0,9.070155460965051e-05,0.6955937723657662,0.5916936803713738,0.5054926747805046,0.1666641305692065,0.0005183712761167464,4.602712926156701e-05,5.715131103533703,11.26229865805666,21726.3169796472,0.42502954980216734
5.649999999999996e-07,2.0,9.01079114443952e-05,0.694142605468261,0.5950227770642361,0.5054480464876495,0.166013554586223,0.0005174484456863387,4.553971101277807e-05,5.742541773823205,11.36257640153112,21958.85695716006,0.4290092224780131
5.699999999999995e-07,2.0,8.952208705351514e-05,0.6927110354217465,0.5983084847534075,0.5054040279659272,0.1653719772197093,0.0005165183391831371,4.506435805690066e-05,5.769730759004426,11.46179289918994,22190.48585441618,0.43293650753369817
5.749999999999995e-07,2.0,8.894470288423308e-05,0.6913004750130227,0.6015473168763174,0.5053606647653016,0.1647400301273715,0.0005155827373338613,4.460121109165848e-05,5.796666028224498,11.55983715945076,22420.91583443626,0.43680728674894587
5.799999999999994e-07,2.0,8.837636928559509e-05,0.6899123162949143,0.604735848117443,0.5053180015206065,0.1641183343570066,0.0005146434690292667,4.415039767172951e-05,5.823315368372191,11.65659872093982,22649.85261141425,0.44061751376043634
5.849999999999994e-07,2.0,8.781768484206377e-05,0.6885479292124815,0.6078707189278296,0.5052760818919925,0.1635074998363727,0.0005137024062045819,4.371203308553652e-05,5.849646432017836,11.75196782083687,22876.99586160135,0.44436321909145693
5.899999999999993e-07,2.0,8.72692354815606e-05,0.6872086602510503,0.6109486397898057,0.5052349485212879,0.1629081246456941,0.0005127614578822102,4.328622109663712e-05,5.875626798152893,11.84583557750312,23102.03974071761,0.44804051514411164
5.949999999999993e-07,2.0,8.67315938988176e-05,0.6858958311073936,0.6139663952327195,0.505194642979884,0.162320794547372,0.0005118225646751123,4.287305475857819e-05,5.901224024632562,11.93809416094161,23324.67340223562,0.4516456006853474
5.999999999999992e-07,2.0,8.620531875703951e-05,0.6846107373853765,0.6169208475779254,0.5051552057326414,0.1617460823002994,0.0005108876924897912,4.247261709659067e-05,5.926405713228952,12.02863697633553,23544.58162363325,0.455174765277626
6.049999999999992e-07,2.0,8.569095420581133e-05,0.6833546473173513,0.6198089404233333,0.5051166760933841,0.1611845472328012,0.0005099588267481688,4.208498186253478e-05,5.951139565942345,12.11735883393948,23761.44543120803,0.45862439319053216
6.099999999999991e-07,2.0,8.518902917967102e-05,0.6821288005125657,0.6226277018490995,0.5050790921964251,0.1606367346017163,0.0005090379658501458,4.171021415918364e-05,5.975393453676756,12.20415613085667,23974.94283255371,0.46199096724738326
6.149999999999991e-07,2.0,8.470005701240397e-05,0.6809344067338176,0.6253742473596219,0.5050424909596242,0.1601031752110647,0.0005081271152156334,4.134837113783325e-05,5.99913547567946,12.28892701774904,24184.74954349562,0.4652710721485572
6.19999999999999e-07,2.0,8.422453483290213e-05,0.6797726447035658,0.628045782547202,0.5050069080633695,0.1595843848179386,0.0005072282806107911,4.099950256777545e-05,6.022334031044307,12.37157157632101,24390.53982049954,0.46846139772926343
6.24999999999999e-07,2.0,8.376294327477628e-05,0.6786446609406728,0.6306396054963318,0.5049723779209537,0.1590808637984402,0.0005063434621149431,4.066365147931339e-05,6.044957880442054,12.4519919804185,24591.98728153385,0.4715587416978916
6.299999999999989e-07,2.0,8.331574596703991e-05,0.6775515686289296,0.6331531089184882,0.504938933664653,0.1585930966014474,0.0005054746474161259,4.034085468105696e-05,6.066976219564453,12.53009266691328,24788.76582824545,0.4745600123170408
6.349999999999989e-07,2.0,8.288338933525113e-05,0.6764944465184772,0.6355837820390479,0.5049066071229666,0.1581215514623954,0.0005046238058075926,4.003114335100702e-05,6.088358742221446,12.60578048902763,24980.55054864787,0.4774622305766525
6.399999999999988e-07,2.0,8.246630218192799e-05,0.6754743378612107,0.6379292122307627,0.5048754288132525,0.157666679905002,0.0005037928815566666,3.973454350416169e-05,6.109075714758823,12.67896487860495,25167.01871496932,0.4802625323257607
6.449999999999988e-07,2.0,8.20648955729623e-05,0.6744922493812157,0.6401870864176051,0.5048454279252159,0.1572289165025015,0.0005029837880324607,3.945107653410533e-05,6.129098039525664,12.74955798982146,25347.85075219692,0.48295816991510365
6.499999999999988e-07,2.0,8.167956250037449e-05,0.6735491502812528,0.642355192247861,0.5048166323193997,0.1568086784264742,0.0005021984012476918,3.918075963312672e-05,6.148397329232663,12.81747485117902,25522.73129371682,0.4855465138213868
6.549999999999987e-07,2.0,8.131067784563363e-05,0.6726459712862721,0.6444314190612159,0.5047890685161557,0.1564063652542389,0.0005014385542135408,3.89236062864476e-05,6.166945969735752,12.882633498123,25691.35019609371,0.488025053806977
6.599999999999987e-07,2.0,8.095859811541652e-05,0.6717836037248994,0.6464137586527022,0.5047627616991792,0.1560223585630671,0.0005007060307471254,3.867962664675123e-05,6.184717193253652,12.94495511344809,25853.40363113334,0.4903914000896351
6.649999999999986e-07,2.0,8.062366147179046e-05,0.670962898649803,0.6483003058594148,0.504737735709083,0.1556570217816359,0.0005000025601416447,3.844882798283487e-05,6.20168513937481,13.00436414771515,26008.5951240553,0.4926432840777789
6.699999999999986e-07,2.0,8.030618753018012e-05,0.670184665997807,0.6500892589748528,0.5047140130510687,0.15531069982717,0.0004993298113235161,3.82312150101165e-05,6.217824926023337,13.06078844712068,26156.63665764707,0.4947785591476828
6.749999999999985e-07,2.0,8.000647744514361e-05,0.6694496737905818,0.6517789200183682,0.5046916148921599,0.1549837189981892,0.0004986893879164615,3.802679029517878e-05,6.233112707578572,13.11415936095158,26297.24970836639,0.49679520102017904
6.799999999999985e-07,2.0,7.972481375879086e-05,0.6687586473766992,0.653367694865365,0.5046705610720517,0.1546763866515266,0.0004980828228224284,3.783555454349168e-05,6.247525742471626,13.1644118563106,26430.16633601888,0.49869130821383834
6.849999999999984e-07,2.0,7.946146053017942e-05,0.6681122687158011,0.6548540932666873,0.5046508701030209,0.1543889911331094,0.0004975115737479253,3.765750696101793e-05,6.261042447312357,13.21148461216342,26555.13019051352,0.500465102133578
6.899999999999984e-07,2.0,7.92166632219729e-05,0.6675111757055876,0.6562367287625812,0.5046325591829705,0.1541218014914,0.0004969770182722554,3.749264550011707e-05,6.273642460016368,13.25532012060081,26671.8975591327,0.5021149272711812
6.949999999999983e-07,2.0,7.899064886128076e-05,0.6669559615522889,0.6575143185201922,0.504615644197061,0.153875067442629,0.0004964804498936729,3.734096717912809e-05,6.285306688865872,13.29586476729459,26780.23831581295,0.5036392510775631
6.999999999999983e-07,2.0,7.878362595244153e-05,0.6664471741852425,0.6586856830997476,0.5046001397319735,0.1536490191169978,0.0004960230736380203,3.720246828715256e-05,6.296017370110938,13.33306891922857,26879.93689777133,0.5050366639827498
7.049999999999982e-07,2.0,7.85957846574473e-05,0.6659853157161529,0.6597497461763339,0.5045860590783356,0.1534438670546821,0.0004956060026717937,3.707714466232414e-05,6.305758110949349,13.36688699158117,26970.79316941436,0.5063058791216517
7.099999999999982e-07,2.0,7.842729672328297e-05,0.6655708419435685,0.6607055342233189,0.504573414245305,0.1532598019811222,0.0004952302544940495,3.696499185598513e-05,6.3145139406184,13.39727752202561,27052.6233008783,0.5074457322421967
7.149999999999981e-07,2.0,7.827831567090597e-05,0.6652041619030628,0.6615521761807032,0.5045622159629194,0.153096994830215,0.0004948967481538058,3.686600537015936e-05,6.322271346364983,13.42420322420917,27125.26052007347,0.5084551813504882
7.199999999999981e-07,2.0,7.8148976726589e-05,0.6648856374635657,0.6622889031150339,0.5045524736961982,0.1529555965452129,0.0004946063010587465,3.67801807814816e-05,6.329018317144872,13.4476310488331,27188.55586766144,0.5093333065698209
7.24999999999998e-07,2.0,7.803939700968431e-05,0.6646155829702431,0.6629150478900194,0.5045441956466445,0.1528357381258204,0.0004943596268256212,3.670751393824561e-05,6.334744371767871,13.46753222398282,27242.37881329518,0.510079309764199
7.29999999999998e-07,2.0,7.794967545883984e-05,0.6643942649342761,0.663430044853589,0.5045373887651753,0.1527375304516075,0.0004941573327309039,3.664800104434758e-05,6.339440594448468,13.48388230323739,27286.61786463891,0.5106925144019815
7.349999999999979e-07,2.0,7.78798930104016e-05,0.6642219017698461,0.6638334295577767,0.5045320587521473,0.152661064350195,0.000493999918215166,3.660163881616138e-05,6.343099654450941,13.49666119313328,27321.18102751323,0.5111723652075817
7.399999999999979e-07,2.0,7.78301125121963e-05,0.6640986635785864,0.6641248385144705,0.5045282100685439,0.1526064104406465,0.0004938877729938438,3.656842452663852e-05,6.345715832885532,13.50585318856348,27345.99625071469,0.511518428073824
7.449999999999978e-07,2.0,7.780037888632758e-05,0.6640246719817134,0.6643040089996168,0.5045258459340513,0.1525736192205514,0.0004938211762297092,3.654835612222593e-05,6.347285033340579,13.51144698760896,27361.01171433744,0.5117303897790655
7.499999999999978e-07,2.0,7.779071902528709e-05,0.6639999999999999,0.6643707789081019,0.5045249683360971,0.15256272092755,0.0004938002953157908,3.654143222718059e-05,6.347804799489586,13.51343571444601,27366.1960971571,0.511808057980552
7.549999999999977e-07,2.0,7.780114193508156e-05,0.6640246719817133,0.664325086665571,0.5045255780256646,0.1525737256438575,0.0004938251857243744,3.654765222067088e-05,6.347274316376768,13.51181692171935,27361.53868276149,0.5117513610217135
7.599999999999977e-07,2.0,7.783163861068321e-05,0.6640986635785864,0.6641669711998557,0.5045276745239452,0.1526066231748658,0.0004938957904686934,3.656701620132655e-05,6.345694418586432,13.50659260108776,27347.0494418881,0.5115603480249898
7.649999999999977e-07,2.0,7.788218215777301e-05,0.6642219017698459,0.6638965719713561,0.5045312561157453,0.1526613831704885,0.0004940119406319102,3.659952502459541e-05,6.343067582039026,13.49776917323181,27322.75895187124,0.5112351888008676
7.699999999999976e-07,2.0,7.795272764686946e-05,0.664394264934276,0.6635141290642227,0.5045363198537121,0.1527379550206087,0.000494173355509082,3.664518022753484e-05,6.339397922669499,13.48535748605119,27288.71829230654,0.510776174043614
7.749999999999976e-07,2.0,7.804321221439089e-05,0.6646155829702429,0.6630199833335746,0.5045428615493528,0.152836267993479,0.0004943796438148995,3.670398402642826e-05,6.334691178786939,13.46937279230852,27244.99877942302,0.5101837153400957
7.799999999999975e-07,2.0,7.815355489719935e-05,0.6648856374635654,0.6624145766063886,0.5045508757749693,0.1529562311486529,0.0004946303045026481,3.677593920177648e-05,6.328954700404714,13.44983473539011,27191.69167953417,0.5094583454577357
7.849999999999975e-07,2.0,7.82836567160207e-05,0.6652041619030624,0.6616984519296568,0.5045603558525048,0.1530977334935108,0.0004949247286444016,3.686104905616316e-05,6.322197422411882,13.42676731447095,27128.90776592807,0.5086007184361461
7.899999999999974e-07,2.0,7.843340049450243e-05,0.6655708419435682,0.6608722538590027,0.504571293853485,0.1532606439151285,0.000495262200918788,3.695931725931556e-05,6.314429844888683,13.40019885767662,27056.77686045326,0.5076116099438742
7.949999999999974e-07,2.0,7.860265093026165e-05,0.6659853157161526,0.6599367287783181,0.5045836805860832,0.1534448113567855,0.0004956419021518006,3.707074776618355e-05,6.30566399752424,13.37016197455645,26975.44722613375,0.5064919174215325
7.999999999999973e-07,2.0,7.879125440474419e-05,0.666447174185242,0.6588927252421902,0.504597505593527,0.1536500647709752,0.0004960629114594976,3.719534462186927e-05,6.29591341143018,13.33669351642017,26885.08495259492,0.505242660471215
8.049999999999973e-07,2.0,7.8999039049245e-05,0.6669559615522884,0.6577411943263759,0.5046127571399364,0.1538762133184395,0.0004965242094314788,3.73331118397961e-05,6.28519307541027,13.2998345158626,26785.87320261974,0.5038649810079364
8.099999999999972e-07,2.0,7.922581455376279e-05,0.667511175705587,0.6564831899781689,0.5046294222078135,0.154123046345137,0.0004970246809078089,3.748405316626133e-05,6.273519399947314,13.25963013399979,26678.01146168688,0.5023601436330319
8.149999999999972e-07,2.0,7.947137223715783e-05,0.6681122687158005,0.6551198693477269,0.5046474864833342,0.154390333606907,0.0004975631187801794,3.764817191845221e-05,6.260910166081018,13.21612958679443,26561.7146608353,0.5007295357408199
8.199999999999971e-07,2.0,7.973548486481587e-05,0.6687586473766987,0.653652493091194,0.5046669343536807,0.1546778252736858,0.0004981382273745659,3.782547070827035e-05,6.247384482383203,13.16938607893253,26437.21231422389,0.4989746678175082
8.249999999999971e-07,2.0,8.001790673354667e-05,0.6694496737905812,0.6520824256244405,0.5046877488925836,0.1549852521832805,0.0004987486268367831,3.801595123983938e-05,6.232962727327139,13.11945671674032,26304.74754376355,0.49709717344116
8.29999999999997e-07,2.0,8.03183735091352e-05,0.6701846659978064,0.6504111353169915,0.5047099118583497,0.155312325876427,0.0004993928570836206,3.821961399209938e-05,6.217666500179891,13.06640242852409,26164.57613116439,0.4950988094405645
8.34999999999997e-07,2.0,8.063660233758682e-05,0.6709628986498023,0.6486401946033401,0.5047334036805631,0.1556587388833389,0.0005000693827300469,3.843645797530656e-05,6.201518557847278,13.010287863968,26016.96547175206,0.4929814557200012
8.399999999999969e-07,2.0,8.097229171446194e-05,0.6717836037248986,0.6467712800013374,0.5047582034597369,0.1560241647932905,0.0005007765975618242,3.866648037170894e-05,6.184542760698778,12.95118130090338,25862.19356886873,0.4907471152080469
8.449999999999969e-07,2.0,8.132512163466427e-05,0.6726459712862713,0.6448061720132275,0.5047842889561208,0.1564082585776134,0.0005015128299515454,3.890967625033116e-05,6.166764004943922,12.88915453125306,25700.54794510116,0.4883979134356141
8.499999999999968e-07,2.0,8.16947535057541e-05,0.6735491502812521,0.6427467548995683,0.5048116365919558,0.1568106566973745,0.0005022763477951291,3.916603816484399e-05,6.148208164464295,12.82428275438846,25532.32460712901,0.48593609820219386
8.549999999999968e-07,2.0,8.208083034854466e-05,0.6744922493812148,0.6405950163018358,0.5048402214433725,0.1572309774662726,0.0005030653643532751,3.94355558256759e-05,6.12890201982187,12.75664444992396,25357.82694227717,0.4833640388355632
8.599999999999967e-07,2.0,8.248297676641753e-05,0.6754743378612098,0.6383530467041877,0.5048700172462313,0.157668821199671,0.000503878043583606,3.971821565391447e-05,6.108873197203797,12.68632125808869,25177.36468107031,0.4806842255045167
8.649999999999967e-07,2.0,8.290079920852184e-05,0.6764944465184763,0.6360230387113689,0.5049009963920819,0.1581237706204403,0.0005047125063334304,4.001400040952025e-05,6.08815009518113,12.61339783995573,24991.25280565742,0.4778992680909286
8.699999999999966e-07,2.0,8.33338860064204e-05,0.6775515686289286,0.633607286134595,0.5049331299385305,0.1585953910521068,0.0005055668359889501,4.032288869979481e-05,6.066761821877373,12.53796174557114,24799.81053552566,0.47501189508248826
8.749999999999966e-07,2.0,8.378180771070732e-05,0.6786446609406718,0.6311081828638053,0.504966387610196,0.1590832308700865,0.0005064390849352173,4.064485456215223e-05,6.044738120589487,12.46010326253706,24603.36027210643,0.47202495199371886
8.799999999999966e-07,2.0,8.424411720509329e-05,0.6797726447035648,0.6285282215207456,0.5050007378144821,0.1595868217410471,0.0005073272804343551,4.097986692535248e-05,6.022109306273437,12.3799152729921,24402.22663049555,0.4689413997796985
8.849999999999965e-07,2.0,8.47203501257862e-05,0.6809344067338166,0.6258699918723991,0.5050361476483636,0.1601056791212385,0.0005082294312598202,4.132788914496594e-05,5.998906191109835,12.29749309182239,24196.73544158758,0.4657643127511606
8.899999999999965e-07,2.0,8.521002506142264e-05,0.6821288005125646,0.6231361790037839,0.505072582920349,0.1606393025433518,0.0005091435337076681,4.168887841523174e-05,5.975160021361188,12.21293431395467,23987.21284942588,0.46249687646043214
8.949999999999964e-07,2.0,8.571264406264882e-05,0.6833546473173502,0.6203295612305253,0.505110008163803,0.1611871761627953,0.0005100675783054526,4.206278525500386e-05,5.950902403915504,12.12633864384371,23773.98438875462,0.45914238506773
8.999999999999964e-07,2.0,8.622769293415488e-05,0.6846107373853754,0.6174530077549423,0.5051483866657462,0.1617487690924265,0.0005109995558546546,4.244955286781614e-05,5.926165244512942,12.03780773488612,23557.37416396127,0.45570423866251575
9.049999999999963e-07,2.0,8.675464183957345e-05,0.6858958311073925,0.6145094760488437,0.5051876804872767,0.1623235359966773,0.0005119374641101151,4.284911657580558e-05,5.900980676235287,11.94744501218437,23337.70401615799,0.4521859400521664
9.099999999999963e-07,2.0,8.729294568942316e-05,0.6872086602510491,0.6115020089707854,0.5052278504996739,0.1629109174735752,0.0005128793137487653,4.326140312531594e-05,5.875381000026412,11.85535550622573,23115.29279582739,0.4485910914972102
9.149999999999962e-07,2.0,8.784204484378884e-05,0.6885479292124804,0.6084337316040069,0.5052688564122966,0.1635103406956417,0.0005138231349137389,4.368633006616107e-05,5.849398616015078,11.76164567121056,22890.45562961098,0.44492339090836525
9.199999999999962e-07,2.0,8.840136559722952e-05,0.6899123162949131,0.605307847828295,0.5053106568162816,0.1641212198376384,0.0005147669830044397,4.412380499999587e-05,5.823065967168026,11.66642321541599,22663.50329487889,0.44118662799065667
9.249999999999961e-07,2.0,8.897032097888455e-05,0.6913004750130215,0.602127636614472,0.5053532092200851,0.1647429567621896,0.0005157089449811254,4.457372490227393e-05,5.796415474240691,11.56979691761898,22434.74159255165,0.43738467985228235
9.299999999999961e-07,2.0,8.954831133247846e-05,0.6927110354217452,0.5988964480597966,0.5053964701008441,0.1653749414907433,0.0005166471448742884,4.503597531080349e-05,5.769479483304016,11.47187645673907,22204.47082801634,0.4335215065690533
9.34999999999996e-07,2.0,9.013472521052965e-05,0.6941426054682598,0.5956176991568403,0.505440394947525,0.166016552930945,0.000517579749750151,4.551042958806415e-05,5.742290205015173,11.37277222902538,21972.98529263424,0.4296011462258953
9.39999999999996e-07,2.0,9.07289400446541e-05,0.6955937723657649,0.5922948693186588,0.5054849383197892,0.1666671593874184,0.0005185049748436842,4.599694804783671e-05,5.714879666652214,11.27259517967236,21740.57285192058,0.42562770993124044
9.449999999999959e-07,2.0,9.133032312759385e-05,0.6970631039877342,0.5889314956562015,0.5055300538984839,0.1673261193270817,0.0005194210890931296,4.649537715628027e-05,5.687279656285613,11.17145662346713,21507.5145350214,0.4216053763291198
9.499999999999959e-07,2.0,9.19382323660933e-05,0.6985491502812513,0.5855311680351502,0.5055756945516312,0.1679927819255733,0.0005203264198099009,4.700554859554979e-05,5.659521679840705,11.06946808103336,21274.08422789207,0.41753838610957683
9.54999999999996e-07,2.0,9.255201734166453e-05,0.7000504446980373,0.5820975239126652,0.5056218123917662,0.1686664878659888,0.0005212193577008158,4.752727840329733e-05,5.631636910632561,10.9667411055596,21040.54836707465,0.4134310360466764
9.599999999999959e-07,2.0,9.317102013557746e-05,0.7015655056417559,0.5786342429831588,0.5056683588484547,0.1693465699161227,0.0005220983609995795,4.80603659738341e-05,5.603656151856293,10.86338712617856,20807.165732871,0.40928767306703606
9.649999999999958e-07,2.0,9.379457645664048e-05,0.7030928379301715,0.575145041638918,0.5057152847317686,0.1700323537555262,0.0005229619599076967,4.860459313780266e-05,5.575609791824999,10.7595172831713,20574.18724121035,0.40511268788339183
9.699999999999958e-07,2.0,9.44220165254098e-05,0.7046309342707124,0.5716336672769916,0.50576254031052,0.1707231585782435,0.0005238087601257271,4.91597231038574e-05,5.547527772163565,10.6552422807407,20341.85582956494,0.4009105086987481
9.749999999999957e-07,2.0,9.505266625491655e-05,0.706178276747987,0.5681038924615204,0.5058100753809674,0.1714182979426669,0.0005246374466578358,4.972549948317697e-05,5.519439548963618,10.55067223277124,20110.40633866972,0.3966855945188535
9.799999999999957e-07,2.0,9.568584817907887e-05,0.7077333383217834,0.5645595089748904,0.5058578393497638,0.1721170803941137,0.0005254467866951169,5.030164517815288e-05,5.491374066830262,10.44591652686799,19880.06548211911,0.3924424285807767
9.849999999999957e-07,2.0,9.632088267047546e-05,0.7092945843340729,0.5610043217705643,0.5059057813068115,0.1728188103316965,0.0005262356327433522,5.088786136042137e-05,5.46335972604087,10.3410836823384,19651.05180815796,0.38818551143886776
9.899999999999956e-07,2.0,9.695708889626901e-05,0.7108604740235329,0.5574421428617796,0.5059538501117666,0.1735227886449091,0.0005270029248253765,5.148382631762857e-05,5.435424362468112,10.23628122692438,19423.57574261317,0.3839193542168705
9.949999999999956e-07,2.0,9.759378605561005e-05,0.7124294620460921,0.5538767851614094,0.506001994469802,0.174228313591644,0.0005277476929059511,5.208919439892299e-05,5.407595220703296,10.13161556817747,19197.83961989392,0.37964847156976533
9.999999999999955e-07,2.0,9.823029434519173e-05,0.7139999999999985,0.5503120563086202,0.5060501630203724,0.1749346814429373,0.000528469058394243,5.270359483672098e-05,5.379898939754811,10.02719188380742,18974.03778808756,0.3753773748656829
1.004999999999995e-06,2.0,9.886593619792385e-05,0.7155705379539049,0.5467517524978385,0.5060983044145506,0.175641187366319,0.0005291662358532916,5.332663068011289e-05,5.352361531974388,9.923114007100276,18752.3566977002,0.37111056513151947
1.009999999999995e-06,2.0,9.950003723953937e-05,0.7171395259764641,0.5431996523475148,0.506146367404656,0.176347126072998,0.0005298385337964471,5.395787761572915e-05,5.32500837431063,9.8194843312739,18532.97505735274,0.3668525262745168
1.014999999999995e-06,2.0,0.0001001319275097846,0.7187054156659243,0.5396595108233746,0.506194300921731,0.1770517927009273,0.0005304853556811308,5.459688291726326e-05,5.297864192759295,9.71640370907318,18316.06396862274,0.3626077181224473
1.019999999999995e-06,2.0,0.0001007609423913142,0.7202666616782137,0.5361350532540027,0.5062420541645954,0.1777544834589561,0.0005311062000040715,5.524316429794039e-05,5.270953058839353,9.613971371004041,18101.78712078741,0.3583805697950466
1.024999999999995e-06,2.0,0.0001013864237947338,0.72182172325201,0.5326299694530621,0.5062895766760073,0.1784544965043037,0.0005317006605891792,5.589620891325129e-05,5.244298379180446,9.51228483875101,17890.30096033813,0.3541754729487584
1.029999999999995e-06,2.0,0.0001020077210414282,0.7233690657292847,0.529147907985016,0.5063368184296707,0.1791511325785703,0.0005322684259956128,5.655547228683634e-05,5.217922896785731,9.411439856713951,17681.75491362233,0.3499967754064457
1.034999999999995e-06,2.0,0.0001026241919944129,0.7249071620698256,0.5256924705872899,0.5063837299036266,0.1798436958746963,0.0005328092791175429,5.722037741322143e-05,5.191848685272359,9.31153031847062,17476.29158015547,0.34584877471259357
1.039999999999995e-06,2.0,0.0001032352038776133,0.7264344943582413,0.5222672067844306,0.5064302621637846,0.1805314946601564,0.0005333230959259395,5.789031380882456e-05,5.166097154395534,9.212648210669087,17274.04697273491,0.3417357121242742
1.044999999999995e-06,2.0,0.0001038401343356479,0.7279495553019599,0.518875608705275,0.5064763669331285,0.1812138421289567,0.0005338098444040367,5.856463677138678e-05,5.140689048374175,9.114883551447944,17075.15072455081,0.33766176657631836
1.049999999999995e-06,2.0,0.0001044383721734646,0.7294508497187459,0.515521106136152,0.5065219966704051,0.1818900570078121,0.0005342695826486641,5.924266661759673e-05,5.115644455075553,9.018324345480611,16879.7263373518,0.33363104912833985
1.054999999999995e-06,2.0,0.0001050293183297894,0.7309368960122631,0.5122070618190232,0.5065671046338296,0.1825594643892244,0.0005347024571693241,5.992368816532938e-05,5.090982807791821,8.923056533070538,16687.89139348368,0.32964759742979877
1.059999999999995e-06,2.0,0.0001056123865228926,0.7324062276342324,0.5089367670241509,0.5066116449536687,0.1832213963169658,0.0005351087003783169,6.060695022819533e-05,5.066722897427364,8.82916395501742,16499.75780392896,0.32571537070718515
1.064999999999995e-06,2.0,0.0001061870041245183,0.7338573945317375,0.5057134374037932,0.5066555726892594,0.1838751925967894,0.0005354886282842461,6.12916653946194e-05,5.042882877044386,8.736728311044637,16315.43201774032,0.32183824480700374
1.069999999999995e-06,2.0,0.0001067526126998146,0.7352889645782521,0.5025402091518631,0.5066988438943812,0.1845202013580401,0.000535842637402542,6.19770098564101e-05,5.019480276358874,8.645829133157532,16135.01526318913,0.31802000779382306
1.074999999999995e-06,2.0,0.0001073086687710622,0.7366995249869759,0.4994201354741829,0.506741415666561,0.1851557798390713,0.000536171201876556,6.266212356398611e-05,4.996532008347385,8.556543752128924,15958.6037485447,0.31426435563511157
1.079999999999995e-06,2.0,0.0001078546442424778,0.7380876837050843,0.4963561833880173,0.5067832462043186,0.1857812949222909,0.0005364748698423673,6.334611046956283e-05,4.97405438534379,8.468947278146432,15786.28889109916,0.3105748884657264
1.084999999999995e-06,2.0,0.0001083900270458567,0.7394520707875171,0.4933512308535056,0.5068242948479459,0.1863961238918222,0.0005367542600129019,6.402803913928978e-05,4.952063126997648,8.383112574246105,15618.15750478552,0.3069551069616834
1.089999999999995e-06,2.0,0.0001089143214439899,0.7407913397489484,0.4904080642497638,0.5068645221279153,0.186999654939769,0.0005370100575338365,6.470694349061769e-05,4.930573377274015,8.299110243272445,15454.29201342197,0.3034084093099948
1.094999999999995e-06,2.0,0.0001094270485534612,0.7421041688926051,0.4875293761946362,0.506903889796561,0.1875912878940892,0.0005372430100695403,6.538182393840438e-05,4.909599713076783,8.21700860740245,15294.77062221591,0.299938088300547
1.099999999999995e-06,2.0,0.000109927746523664,0.7433892626146222,0.4847177637157876,0.5069423608671936,0.1881704346942596,0.0005374539231909141,6.605164869937215e-05,4.88915616148963,8.136873700716919,15139.66751309124,0.29654732902152803
1.104999999999995e-06,2.0,0.0001104159709353619,0.7446453526826474,0.4819757267673073,0.5069798996363684,0.1887365200877328,0.0005376436560069308,6.671535553937487e-05,4.869256208425162,8.05876925424789,14989.05299859802,0.2932392066795745
1.109999999999994e-06,2.0,0.000110891294855693,0.7458711994874331,0.4793056670946608,0.5070164717135301,0.189288982073534,0.0005378131161309921,6.737185370467817e-05,4.849912815505632,7.982756693744459,14842.99369857715,0.2900166850211268
1.114999999999994e-06,2.0,0.0001113533091146186,0.7470655932661813,0.4767098874375558,0.507052044033817,0.1898272725659902,0.0005379632549088629,6.80200263208477e-05,4.831138428170251,7.908895129962345,14701.55267631095,0.28688261487156563
1.119999999999994e-06,2.0,0.0001118016222398269,0.7482273552964331,0.4741905910680775,0.5070865848783455,0.1903508578051005,0.000538095062018097,6.865873299037673e-05,4.812944991677053,7.837241361466964,14564.78959697903,0.28383973326297696
1.124999999999994e-06,2.0,0.0001122358606166833,0.749355339059326,0.4717498816491578,0.5071200638778,0.1908592189864936,0.0005382095603520333,6.928681287001479e-05,4.79534395819377,7.767849870100663,14432.76084694566,0.2808906626626642
1.129999999999994e-06,2.0,0.0001126556683104281,0.7504484313710693,0.4693897634056657,0.5071524520237505,0.1913518526376439,0.0005383078003167583,6.990308794726793e-05,4.778346301504216,7.700772828846073,14305.51967538773,0.27803791076802176
1.134999999999994e-06,2.0,0.0001130607071186856,0.7515055534815217,0.4671121415889397,0.5071837216635624,0.1918282712132318,0.0005383908544417394,7.050636679281887e-05,4.761962522717716,7.636060102540625,14183.11629839719,0.2752838703757079
1.139999999999994e-06,2.0,0.0001134506562916769,0.7525256621387882,0.464918823221847,0.5072138465034186,0.1922880034364687,0.000538459811450273,7.109544849552469e-05,4.746202663379475,7.573759260892318,14065.59802577162,0.2726308197853783
1.144999999999994e-06,2.0,0.0001138252124895253,0.7535077506187834,0.4628115181015225,0.5072428015953626,0.1927305948591946,0.0005385157706792583,7.166912705131518e-05,4.731076309554063,7.513915584512148,13953.00935204637,0.2700809232423279
1.149999999999994e-06,2.0,0.0001141840894142477,0.7544508497187463,0.460791840042488,0.5072705633329622,0.1931556081677065,0.000538559836011426,7.222619589913228e-05,4.716592603163107,7.45657208312,13845.3920707184,0.2676362318747815
1.154999999999994e-06,2.0,0.0001145270176869468,0.755354028713727,0.4588613083338932,0.5072971094315414,0.1935626237070464,0.0005385931101991448,7.276545286921707e-05,4.702760244322916,7.401769506845095,13742.78535443628,0.2652986846268468
1.159999999999994e-06,2.0,0.0001148537444079332,0.7562163962750997,0.4570213493897062,0.5073224189176584,0.1939512397508358,0.0005386166887586838,7.328570522341198e-05,4.689587500856646,7.34954636946874,13645.22585886965,0.26307010963887034
1.164999999999994e-06,2.0,0.0001151640329712509,0.7570371013501962,0.4552732985636014,0.5073464721037931,0.1943210729892828,0.0005386316543045254,7.378577504673904e-05,4.677082208887336,7.299938964703336,13552.74779409117,0.2609522255743186
1.169999999999994e-06,2.0,0.0001154576625713452,0.7578153340021923,0.4536184021037039,0.5073692505729963,0.19467175876259,0.0005386390705166172,7.426450465735096e-05,4.665251780588192,7.252981394029952,13465.3830199757,0.25894664334111395
1.174999999999994e-06,2.0,0.0001157344279740778,0.7585503262094174,0.4520578192179548,0.50739073714947,0.1950029515122741,0.0005386399766010686,7.472076228885483e-05,4.654103203142285,7.208705587327913,13383.16111035122,0.2570548677056807
1.179999999999994e-06,2.0,0.0001159941389897642,0.7592413526233001,0.4505926242231625,0.5074109158798774,0.1953143249777584,0.0005386353814495226,7.515344770109481e-05,4.643643044896586,7.167141334510936,13306.10944127627,0.2552782992454041
1.184999999999994e-06,2.0,0.0001162366202208614,0.7598877312841983,0.4492238087477141,0.5074297720013636,0.1956055726106337,0.0005386262583485193,7.556149796977073e-05,4.633877452891785,7.128316309504651,13234.25324892397,0.25361823613708045
1.189999999999994e-06,2.0,0.0001164617105218365,0.7604888242944118,0.4479522839606227,0.5074472919210863,0.1958764077340833,0.0005386135394545413,7.594389310228164e-05,4.624812157666872,7.092256104505122,13167.61571141994,0.2520758762265394
1.194999999999994e-06,2.0,0.0001166692627439879,0.7610440384477106,0.4467788827970063,0.5074634631832613,0.1961265639197483,0.0005385981108767846,7.629966172873086e-05,4.616452469631539,7.058984255941647,13106.21800074701,0.250652318877258
1.199999999999994e-06,2.0,0.0001168591432024331,0.761552825814757,0.4457043621531316,0.5074782744485079,0.1963557951096559,0.0005385808075914233,7.662788650982772e-05,4.608803282824685,7.028522279840629,13050.07935814265,0.2493485670434757
1.204999999999994e-06,2.0,0.0001170312314379939,0.7620146842838466,0.4447294050229006,0.5074917154614677,0.1965638759553766,0.00053856240902028,7.692770951174695e-05,4.601869070444228,7.000889698113797,12999.21713966147,0.24816552906752398
1.209999999999993e-06,2.0,0.0001171854197106833,0.7624291580564311,0.4438546225501357,0.5075037770314845,0.1967506019021571,0.0005385436345032323,7.719833718748575e-05,4.595653887891334,6.97610407326925,12953.64688453555,0.2471040206479786
1.214999999999993e-06,2.0,0.0001173216127972344,0.7627958380969369,0.4430805559712878,0.5075144510022779,0.1969157894900941,0.0005385251394880125,7.743904521878271e-05,4.590161367787506,6.954181033179811,12913.38235349849,0.2461647664811937
1.219999999999993e-06,2.0,0.0001174397275287482,0.763114362536434,0.4424076784253602,0.507523730235362,0.1970592764001983,0.0005385075116700075,7.764918285952185e-05,4.585394722637455,6.935134303270678,12878.43558906652,0.24534840202516192
1.224999999999993e-06,2.0,0.000117539692640409,0.7633844170297566,0.4418363966095489,0.5075316085830905,0.1971809217173352,0.0005384912678965246,7.782817704152454e-05,4.581356739650692,6.918975727893734,12848.8169453906,0.24465547489221368
1.229999999999993e-06,2.0,0.0001176214483685699,0.7636057350657236,0.4413670522606004,0.5075380808760361,0.1972806059379916,0.0005384768510690705,7.797553588855736e-05,4.578049783330923,6.905715298175849,12824.53513919032,0.2440864463226088
1.234999999999993e-06,2.0,0.0001176849463664685,0.7637780982301537,0.4409999234448086,0.5075431429005206,0.1973582311947863,0.0005384646278489972,7.809085190895143e-05,4.575475790382323,6.89536116825579,12805.5972697792,0.2436416922500223
1.239999999999993e-06,2.0,0.000117730149373021,0.7639013364214134,0.4407352256411781,0.5075467913909524,0.1974137212257392,0.0005384548863990475,7.817380452064817e-05,4.573636272485604,6.887919677196018,12792.00885938548,0.24332150441543893
1.244999999999993e-06,2.0,0.0001177570312051153,0.7639753280182865,0.4405731126054292,0.5075490240127016,0.1974470215601941,0.0005384478349573484,7.822416219074762e-05,4.572532311511486,6.883395358640686,12783.77386211597,0.24312609104523508
1.249999999999993e-06,2.0,0.0001177655765069148,0.764,0.4405136770045308,0.5075498393601077,0.1974580994494681,0.0005384436004734555,7.82417838539699e-05,4.572164562677036,6.881790955564153,12780.89469261584,0.2430555775550627
1.254999999999993e-06,2.0,0.0001177557808256485,0.7639753280182866,0.4405569508149176,0.5075492369452735,0.1974469440140696,0.0005384422280948841,7.822661990520671e-05,4.57253325021565,6.883107422350045,12783.37222305882,0.243110006800848
1.259999999999993e-06,2.0,0.0001177276504464055,0.7639013364214137,0.4407029054790715,0.5075472172021621,0.197413566135645,0.000538443680728979,7.817871244317936e-05,4.573638171027925,6.887343931640244,12791.20579949183,0.24328933934342648
1.264999999999993e-06,2.0,0.0001176812025544124,0.7637780982301542,0.4409514518199497,0.5075437814815689,0.1973579985654503,0.0005384478394614926,7.809819507404613e-05,4.575478690873561,6.894497868369194,12804.39322639767,0.2435934532544994
1.269999999999993e-06,2.0,0.0001176164651563166,0.7636057350657242,0.4413024397129325,0.5075389320613972,0.1972802957775726,0.0005384545040505234,7.798529196570807e-05,4.578053748544411,6.904564828548622,12822.93077058329,0.24402214393535987
1.274999999999993e-06,2.0,0.0001175334773278954,0.7633844170297572,0.4417556575208353,0.5075326721477478,0.197180534038663,0.0005384633942711554,7.784031647517585e-05,4.58136185255529,6.917538605368819,12846.81313338328,0.24457512348217228
1.279999999999993e-06,2.0,0.0001174322892187953,0.7631143625364348,0.4423108312972442,0.5075250058911477,0.1970588112224698,0.0005384741513223073,7.766366905358768e-05,4.585401085778686,6.933411180339186,12876.03344248394,0.2452520200747744
1.284999999999993e-06,2.0,0.0001173129623806253,0.7627958380969379,0.4429676237689417,0.5075159383933708,0.1969152468409042,0.0005384863400662953,7.745583476380578e-05,4.590169102524744,6.952172702138688,12910.58321234811,0.24605237692803753
1.289999999999993e-06,2.0,0.000117175569848192,0.7624291580564321,0.4437256331083596,0.5075054757290776,0.1967499818199744,0.0005384994513047265,7.721738012831995e-05,4.59566313349304,6.973811471068395,12950.45232482893,0.2469756512883852
1.294999999999993e-06,2.0,0.0001170201965391533,0.7620146842838478,0.444584391511842,0.5074936249576757,0.1965631784923144,0.000538512904858097,7.694894965302866e-05,4.601879983052497,6.998313911837801,12995.62897881142,0.2480212130195276
1.299999999999993e-06,2.0,0.0001168469394011413,0.7615528258147584,0.4455433635995062,0.5074803941495486,0.1963550203346642,0.0005385260526440667,7.665126175637728e-05,4.608816034292178,7.025664552733368,13046.09966080306,0.249188343264842
1.304999999999993e-06,2.0,0.0001166559078706883,0.7610440384477121,0.4466019446569532,0.5074657924019803,0.1961257119220379,0.0005385381825206079,7.632510445747182e-05,4.616467246245065,7.055845993904668,13101.8490850176,0.25047623273491526
1.309999999999993e-06,2.0,0.0001164472240724118,0.7604888242944134,0.4477594587391278,0.5074498298688885,0.195875478626943,0.0005385485220800383,7.597133056222596e-05,4.62482915876169,7.088838882964259,13162.86015526513,0.2518839801121848
1.314999999999992e-06,2.0,0.0001162210233219614,0.7598877312842,0.4490151566601817,0.507432517779618,0.1956045665354136,0.0005385562431610584,7.559085270608451e-05,4.633896889373755,7.12462188057456,13229.11389673353,0.2534105901247681
1.319999999999992e-06,2.0,0.0001159774543607396,0.759241352623302,0.4503682138927881,0.5074138684708751,0.1953132421082042,0.0005385604662554757,7.518463799945164e-05,4.643665137676458,7.163171634335777,13300.58941039649,0.2550549717845839
1.324999999999992e-06,2.0,0.0001157166798852518,0.7585503262094194,0.4518177284044532,0.5073938954070085,0.1950017920589442,0.0005385602655802571,7.475370263564655e-05,4.654128181502197,7.204462743540986,13377.26379754127,0.25681593634550903
1.329999999999992e-06,2.0,0.0001154388767988129,0.7578153340021944,0.4533627184555309,0.5073726132126898,0.194670522977581,0.0005385546739819552,7.429910621187694e-05,4.665279880484498,7.248467733194152,13459.11210759823,0.25869219547794986
1.334999999999992e-06,2.0,0.0001151442367479817,0.7570371013501984,0.4550021203895286,0.5073500376931765,0.1943197611709515,0.000538542688450128,7.382194612070008e-05,4.677113671212031,7.295157019697124,13546.10725603175,0.2606823592185771
1.339999999999992e-06,2.0,0.0001148329663714265,0.7562163962751021,0.4567347864409196,0.5073261858661849,0.1939498522487767,0.0005385232753973567,7.33233517639086e-05,4.689622569660698,7.34449888667569,13638.2199659921,0.2627849341921429
1.344999999999992e-06,2.0,0.0001145052878232088,0.7553540287137295,0.4585594825924198,0.5073010759805685,0.1935611609269644,0.0005384953764906102,7.28044789406267e-05,4.702799165026035,7.396459453130108,13735.4186796051,0.2649983216654554
1.349999999999992e-06,2.0,0.0001141614389984345,0.7544508497187488,0.4604748865065397,0.5072747275458073,0.1931540705764994,0.0005384579141822827,7.226650416033978e-05,4.716635620751504,7.451002652454179,13837.66949320353,0.2673208159300403
1.354999999999992e-06,2.0,0.0001138016740230381,0.7535077506187859,0.4624795855638485,0.5072471613475305,0.1927289829898259,0.0005384097977361133,7.171061922392198e-05,4.731123666792129,7.508090204253945,13944.93606138614,0.2697506025740226
1.359999999999992e-06,2.0,0.0001134262634361336,0.752525662138791,0.4645720750312747,0.5072183994730874,0.1922863178929925,0.0005383499288870425,7.113802581998113e-05,4.746254599035131,7.567681597594063,14057.17952492184,0.2722857571382822
1.364999999999992e-06,2.0,0.0001130354946265797,0.7515055534815246,0.466750756391611,0.5071884653224181,0.1918265126755097,0.0005382772079425612,7.054993046856428e-05,4.762019269827821,7.629734067312899,14174.35840628619,0.2749242437161013
1.369999999999992e-06,2.0,0.0001126296719529783,0.7504484313710723,0.4690139358559827,0.5071573836282633,0.1913500218661514,0.0005381905394554627,6.994753955445033e-05,4.77840808567754,7.694202582158175,14296.4285287198,0.2776639139898313
1.374999999999992e-06,2.0,0.000112209117108718,0.7493553390593292,0.4713598230876622,0.507125180461019,0.1908573168267254,0.0005380888382895849,6.933205476947565e-05,4.795410995977734,7.761039826076027,14423.34290141741,0.2805025062609368
1.379999999999992e-06,2.0,0.0001117741691622764,0.7482273552964362,0.4737865301562271,0.5070918832423015,0.1903488851920035,0.0005379710351988323,6.870466870022743e-05,4.813017488983078,7.830196191558835,14555.05162776063,0.28343764496422363
1.384999999999992e-06,2.0,0.0001113251848344896,0.7470655932661845,0.4762920707476044,0.5070575207426008,0.1898252305279028,0.0005378360827568647,6.806656086701185e-05,4.831216578783345,7.901619766094639,14691.50177799927,0.2864668402197016
1.389999999999992e-06,2.0,0.000110862538444169,0.7458711994874365,0.4788743596447829,0.5070221230871298,0.1892868717361028,0.0005376829607472656,6.741889394454035e-05,4.849996799669828,7.975256330807957,14832.63728447715,0.2895874879086801
1.394999999999992e-06,2.0,0.0001103866220839152,0.7446453526826509,0.4815312125012107,0.5069857217453171,0.1887343426772436,0.0005375106818685823,6.676281045665103e-05,4.869346191529827,8.051049352057865,14978.39879957268,0.29279686982396713
1.399999999999992e-06,2.0,0.0001098978454588923,0.7433892626146257,0.4842603459173762,0.5069483495281077,0.1881681915408974,0.0005373182968528368,6.609942967014952e-05,4.889252292844624,8.128939985324706,15128.72357583442,0.29609215437647884
1.404999999999992e-06,2.0,0.0001093966359505415,0.7421041688926088,0.4870593778381694,0.506910040568596,0.1875889804345383,0.0005371048998696393,6.542984496718936e-05,4.909702124800661,8.208867071884054,15283.5453072136,0.2994703974036311
1.409999999999992e-06,2.0,0.00010888343833952,0.7407913397489521,0.4899258282766725,0.506870830310217,0.1869972847197031,0.0005368696333021496,6.475512141708836e-05,4.930682183279726,8.290767147885758,15442.79399244718,0.3029285435569694
1.414999999999992e-06,2.0,0.0001083587147499731,0.7394520707875207,0.4928571203776012,0.506830755478095,0.1863936925676637,0.0005366116927854609,6.407629381525151e-05,4.952178422098973,8.374574446091575,15606.39575820752,0.3064634278099375
1.419999999999991e-06,2.0,0.0001078229442510538,0.7380876837050881,0.4958505818207763,0.5067898540578553,0.1857788042628316,0.0005363303315799656,6.339436490747427e-05,4.974176244463709,8.46022091021424,15774.27270482993,0.3100717775579447
1.424999999999991e-06,2.0,0.0001072766226778663,0.7366995249869798,0.4989034465733221,0.5067481652575552,0.1851532317263057,0.0005360248651891216,6.271030405709352e-05,4.996660485850775,8.547636201876918,15946.34271091346,0.3137502148470164
1.429999999999991e-06,2.0,0.0001067202621094972,0.735288964578256,0.5020128569859368,0.5067057294771117,0.1845175977878465,0.0005356946752792712,6.202504607236213e-05,5.019615405487206,8.636747720498228,16122.51926154702,0.3174952591980903
1.434999999999991e-06,2.0,0.0001061543905662175,0.7338573945317415,0.5051758662367629,0.5066625882609807,0.1838725356787724,0.0005353392138298211,6.133949044307881e-05,5.04302466947505,8.727480615878275,16302.71123507245,0.32130333055799054
1.439999999999991e-06,2.0,0.0001055795513654105,0.7324062276342365,0.5083894411140065,0.5066187842584805,0.1832186882741534,0.0005349580065554847,6.065450070466208e-05,5.066871342931456,8.819757814185852,16486.82271525379,0.3251707528398531
1.444999999999991e-06,2.0,0.0001049963026980586,0.7309368960122672,0.511650465135618,0.5065743611676384,0.1825567075568873,0.0005345506565479416,5.997090417198157e-05,5.091137874013675,8.91350003686761,16674.75276231037,0.32909375757873066
1.449999999999991e-06,2.0,0.0001044052168672717,0.72945084971875,0.5149557419928832,0.506529363686969,0.1818872538321482,0.0005341168471614354,5.928949176363615e-05,5.115806087404765,9.008625833575177,16866.39521193074,0.333068488160735
1.454999999999991e-06,2.0,0.0001038068797503254,0.7279495553019641,0.5183019993119594,0.5064838374511436,0.1812109951648863,0.0005336563451091409,5.861101815376588e-05,5.140857169933713,9.105051608369855,17061.63843420195,0.3370910041470731
1.459999999999991e-06,2.0,0.0001032018899275871,0.7264344943582454,0.5216858927152911,0.5064378289750286,0.1805286065689989,0.0005331690027764094,5.793620197607832e-05,5.166271666114715,9.2026916606745,17260.36512391504,0.34115728614629215
1.464999999999991e-06,2.0,0.000102590858039368,0.72490716206983,0.5251040101745186,0.5063913855820599,0.1798407694209583,0.0005326547607380181,5.726572631316118e-05,5.192029466068317,9.301458219968476,17462.45205258443,0.3452632407535603
1.469999999999991e-06,2.0,0.0001019744058158828,0.7233690657292889,0.528552876630877,0.5063445553415278,0.1791481706266542,0.0005321136494659437,5.660023920095361e-05,5.218109803820638,9.401261496028775,17667.76985605304,0.3494047060042228
1.474999999999991e-06,2.0,0.0001013531653407776,0.7218217232520143,0.5320289588734928,0.5062973869907604,0.178451502014332,0.000531545791235762,5.594035437842146e-05,5.244491248219027,9.502009723427879,17876.18278631681,0.35357745685916075
1.479999999999991e-06,2.0,0.0001007277779952699,0.7202666616782181,0.5355286706464818,0.5062499298668008,0.1777514594825726,0.0005309514011983281,5.528665201824155e-05,5.271151704671809,9.603609222405861,18087.54850393283,0.3577772111639092
1.484999999999991e-06,2.0,0.0001000988936424713,0.7187054156659286,0.5390483779735086,0.5062022338236445,0.1770487423762303,0.000530330788646011,5.463967966633119e-05,5.298068409716032,9.705964454487813,18301.71783778222,0.36199963559727827
1.489999999999991e-06,2.0,9.946716950091136e-05,0.7171395259764685,0.5425844046677317,0.5061543491596071,0.1763440526195169,0.0005296843574205584,5.399995313229535e-05,5.325217936831648,9.80897809527494,18518.53459113351,0.3662403520482148
1.494999999999991e-06,2.0,9.883326926564478e-05,0.7155705379539093,0.546133038013245,0.5061063265309609,0.1756380940791533,0.0005290126065133516,5.3367957556989e-05,5.352576195261891,9.912551102380961,18737.83531873315,0.37049494393409166
1.499999999999991e-06,2.0,9.819786192793167e-05,0.714000000000003,0.5496905345840878,0.5060582168763966,0.174931571687013,0.0005283161297856903,5.274414840565552e-05,5.380118440469845,10.01658280123149,18959.44915650159,0.3747589628970748
1.504999999999991e-06,2.0,9.756162085054517e-05,0.7124294620460965,0.5532531261861033,0.5060100713284682,0.1742251907951792,0.0005275956158824062,5.212895261136486e-05,5.407819277736946,10.12097096628377,19183.19762637981,0.37902793539092416
1.509999999999991e-06,2.0,9.692522255152023e-05,0.7108604740235372,0.556817025884636,0.5059619411365994,0.1735196562930712,0.0005268518472467302,5.152276962365955e-05,5.435652677746616,10.22561192061377,19408.89450051602,0.3832973695915648
1.514999999999991e-06,2.0,9.628934575191999e-05,0.7092945843340772,0.5603784341044722,0.5059138775777906,0.1728156719595257,0.0005260856993332969,5.092597258562539e-05,5.463591985396724,10.33040063100911,19636.34564501699,0.38756276214494645
1.519999999999991e-06,2.0,9.565467014222762e-05,0.7077333383217878,0.5639335447628041,0.5058659318796233,0.1721139395797233,0.0005252981389079133,5.033890940048637e-05,5.491609940897572,10.43523082172372,19865.34893007313,0.3918196051830808
1.52499999999999e-06,2.0,9.502187542121216e-05,0.7061782767479914,0.567478551422864,0.5058181551316676,0.1714151582997687,0.0005244902225550506,4.976190390940623e-05,5.519678694131426,10.5399950835866,20095.69412417469,0.39606339312309524
1.52999999999999e-06,2.0,9.439164006362302e-05,0.7046309342707167,0.5710096534275015,0.5057705982099063,0.1707200237490439,0.0005236630942628456,4.919525694742292e-05,5.547769831543882,10.64458500181241,20327.16286183327,0.4002896296784576
1.53499999999999e-06,2.0,9.37646403686111e-05,0.7030928379301757,0.5745230620024352,0.5057233116902458,0.1700292274030014,0.0005228179832311267,4.863924749750214e-05,5.575854396271548,10.74889127875541,20559.5285998484,0.4044938345994338
1.53999999999999e-06,2.0,9.31415492470191e-05,0.7015655056417602,0.578015006289172,0.5056763457756877,0.1693434557167706,0.0005219562007542796,4.809413371495616e-05,5.603902920988419,10.85280387516291,20792.55665413978,0.40867155057240145
1.54499999999999e-06,2.0,9.252303529711526e-05,0.7000504446980415,0.5814817392970217,0.5056297502132562,0.1686633895020081,0.0005210791373485542,4.756015404050714e-05,5.631885453903315,10.95621214567029,21026.00422926084,0.41281834979501364
1.54999999999999e-06,2.0,9.190976162877939e-05,0.6985491502812555,0.5849195437382628,0.5055835742251606,0.1679897030776242,0.0005201882589586951,4.703752817895743e-05,5.659771597600986,11.05900499234577,21259.62053523376,0.41692984066063865
1.55499999999999e-06,2.0,9.130238498319021e-05,0.6970631039877383,0.5883247377359203,0.5055378664302947,0.167323063666528,0.0005192851034375944,4.652645815987128e-05,5.687530540885921,11.16107101153627,21493.14690071321,0.4210016740693923
1.55999999999999e-06,2.0,9.070155460968951e-05,0.695593772365769,0.5916936803713889,0.505492674780502,0.1666641305692401,0.000518371276116837,4.602712926158172e-05,5.715131103532244,11.26229865805503,21726.31697964026,0.4250295498021488
1.56499999999999e-06,2.0,9.010791144435851e-05,0.6941426054682638,0.5950227770642004,0.5054480464876522,0.166013554586192,0.0005174484456862506,4.553971101276583e-05,5.742541773824565,11.36257640153223,21958.85695716596,0.4290092224780084
1.56999999999999e-06,2.0,8.952208705355359e-05,0.6927110354217492,0.5983084847534142,0.5054040279659247,0.1653719772197431,0.0005165183391832269,4.506435805691557e-05,5.769730759002951,11.46179289918814,22190.48585440884,0.4329365075336712
1.57499999999999e-06,2.0,8.894470288419859e-05,0.6913004750130255,0.6015473168763279,0.5053606647653036,0.1647400301273409,0.000515582737333782,4.460121109164415e-05,5.796666028225856,11.5598371594527,22420.91583444347,0.436807286748987
1.57999999999999e-06,2.0,8.837636928563153e-05,0.689912316294917,0.6047358481174104,0.5053180015206046,0.1641183343570399,0.0005146434690293491,4.415039767174602e-05,5.823315368370722,11.65659872093733,22649.85261140577,0.4406175137603705
1.58499999999999e-06,2.0,8.781768484202879e-05,0.6885479292124842,0.6078707189278344,0.5052760818919948,0.1635074998363414,0.0005137024062044992,4.371203308552254e-05,5.849646432019224,11.75196782083874,22876.99586160866,0.444363219091493
1.58999999999999e-06,2.0,8.726923548159864e-05,0.6872086602510529,0.6109486397898188,0.5052349485212855,0.1629081246457275,0.0005127614578823029,4.328622109665122e-05,5.875626798151393,11.8458355775014,23102.03974071009,0.4480405151440914
1.59499999999999e-06,2.0,8.673159389878114e-05,0.685895831107396,0.6139663952326888,0.5051946429798869,0.1623207945473408,0.0005118225646750207,4.287305475856588e-05,5.901224024633986,11.9380941609429,23324.67340224232,0.451645600685348
1.59999999999999e-06,2.0,8.620531875707731e-05,0.684610737385379,0.6169208475779322,0.505155205732639,0.1617460823003328,0.0005108876924898841,4.247261709660496e-05,5.926405713227431,12.02863697633367,23544.58162362533,0.45517476527759937
1.60499999999999e-06,2.0,8.569095420577707e-05,0.6833546473173537,0.6198089404233453,0.5051166760933862,0.1611845472327701,0.0005099588267480854,4.208498186252089e-05,5.951139565943751,12.1173588339415,23761.44543121587,0.45862439319057524
1.60999999999999e-06,2.0,8.518902917970812e-05,0.682128800512568,0.6226277018491001,0.5050790921964228,0.1606367346017494,0.0005090379658502378,4.171021415919792e-05,5.975393453675235,12.2041561308547,23974.9428325455,0.46199096724735067
1.61499999999999e-06,2.0,8.47000570123698e-05,0.6809344067338199,0.6253742473596338,0.5050424909596263,0.1601031752110337,0.0005081271152155489,4.134837113781948e-05,5.999135475680883,12.28892701775108,24184.74954350367,0.4652710721486001
1.61999999999999e-06,2.0,8.42245348329382e-05,0.6797726447035679,0.6280457825471746,0.5050069080633669,0.1595843848179719,0.0005072282806108793,4.099950256779077e-05,6.022334031042775,12.37157157631854,24390.53982049042,0.4684613977292027
1.62499999999999e-06,2.0,8.376294327474162e-05,0.6786446609406749,0.6306396054963355,0.5049723779209561,0.1590808637984092,0.0005063434621148547,4.06636514793e-05,6.0449578804435,12.45199198042042,24591.98728154195,0.4715587416979263
1.629999999999989e-06,2.0,8.331574596707744e-05,0.6775515686289317,0.6331531089185056,0.5049389336646504,0.1585930966014807,0.0005054746474162244,4.034085468107028e-05,6.066976219562902,12.53009266691158,24788.76582823725,0.47456001231702494
1.634999999999989e-06,2.0,8.288338933521656e-05,0.6764944465184792,0.6355837820390489,0.5049066071229689,0.1581215514623641,0.0005046238058075033,4.003114335099392e-05,6.088358742222909,12.60578048902953,24980.55054865605,0.4774622305766848
1.639999999999989e-06,2.0,8.24663021819652e-05,0.6754743378612126,0.6379292122307766,0.50487542881325,0.1576666799050351,0.0005037928815567648,3.9734543504175e-05,6.109075714757258,12.67896487860318,25167.01871496089,0.48026253232574145
1.644999999999989e-06,2.0,8.20648955729268e-05,0.6744922493812175,0.6401870864175786,0.5048454279252185,0.1572289165024703,0.0005029837880323653,3.945107653409341e-05,6.129098039527153,12.7495579898229,25347.85075220458,0.4829581699151083
1.649999999999989e-06,2.0,8.167956250041117e-05,0.6735491502812546,0.6423551922478654,0.5048166323193972,0.1568086784265073,0.000502198401247789,3.918075963314027e-05,6.148397329231092,12.81747485117707,25522.73129370799,0.4855465138213581
1.654999999999989e-06,2.0,8.13106778455986e-05,0.6726459712862738,0.6444314190612018,0.5047890685161582,0.1564063652542077,0.0005014385542134465,3.892360628643525e-05,6.166945969737249,12.88263349812466,25691.35019610186,0.4880250538069941
1.659999999999989e-06,2.0,8.095859811545395e-05,0.671783603724901,0.6464137586527315,0.5047627616991763,0.1560223585630999,0.0005007060307472282,3.867962664676372e-05,6.184717193252061,12.94495511344657,25853.40363112499,0.49039140008963167
1.664999999999989e-06,2.0,8.062366147175572e-05,0.6709628986498045,0.6483003058594113,0.5047377357090853,0.1556570217816047,0.0005000025601415509,3.844882798282212e-05,6.201685139376318,13.00436414771702,26008.59512406392,0.49264328407780666
1.669999999999989e-06,2.0,8.030618753021571e-05,0.6701846659978085,0.6500892589748408,0.5047140130510663,0.1553106998272025,0.0004993298113236112,3.823121501013032e-05,6.217824926021765,13.06078844711844,26156.63665763761,0.49477855914763835
1.674999999999989e-06,2.0,8.000647744510779e-05,0.6694496737905832,0.6517789200183364,0.5046916148921626,0.1549837189981576,0.0004986893879163613,3.802679029516711e-05,6.23311270758011,13.11415936095297,26297.24970837446,0.49679520102017877
1.679999999999989e-06,2.0,7.972481375882723e-05,0.6687586473767004,0.6533676948653827,0.5046705610720492,0.1546763866515588,0.0004980828228225291,3.783555454350428e-05,6.247525742470039,13.16441185630888,26430.16633601008,0.4986913082138239
1.684999999999989e-06,2.0,7.946146053014412e-05,0.6681122687158023,0.6548540932666684,0.5046508701030236,0.1543889911330779,0.0004975115737478269,3.765750696100583e-05,6.2610424473139,13.21148461216505,26555.13019052205,0.5004651021335905
1.689999999999989e-06,2.0,7.921666322200998e-05,0.6675111757055887,0.6562367287626204,0.5046325591829677,0.1541218014914323,0.0004969770182723606,3.749264550012884e-05,6.27364246001476,13.25532012059946,26671.89755912433,0.5021149272711881
1.694999999999989e-06,2.0,7.89906488612448e-05,0.6669559615522899,0.6575143185201554,0.5046156441970637,0.1538750674425974,0.00049648044989357,3.734096717911664e-05,6.28530668886743,13.29586476729591,26780.23831582116,0.503639251077558
1.699999999999989e-06,2.0,7.878362595247767e-05,0.6664471741852434,0.6586856830997648,0.504600139731971,0.1536490191170302,0.0004960230736381225,3.720246828716503e-05,6.296017370109346,13.33306891922685,26879.93689776233,0.5050366639827346
1.704999999999989e-06,2.0,7.859578465741232e-05,0.6659853157161538,0.659749746176318,0.5045860590783382,0.1534438670546507,0.0004956060026716948,3.707714466231207e-05,6.305758110950897,13.36688699158285,26970.79316942314,0.5063058791216672
1.709999999999989e-06,2.0,7.842729672331848e-05,0.6655708419435693,0.6607055342233222,0.5045734142453027,0.1532598019811544,0.0004952302544941488,3.6964991855998e-05,6.314513940616807,13.39727752202364,27052.62330086888,0.5074457322421678
1.714999999999989e-06,2.0,7.827831567087103e-05,0.6652041619030633,0.6615521761806958,0.504562215962922,0.1530969948301836,0.0004948967481537076,3.686600537014692e-05,6.322271346366549,13.42420322421103,27125.26052008261,0.5084551813505123
1.719999999999989e-06,2.0,7.814897672662555e-05,0.6648856374635662,0.6622889031150685,0.5045524736961953,0.1529555965452454,0.0004946063010588521,3.678018078149336e-05,6.329018317143263,13.44763104883167,27188.55586765274,0.5093333065698231
1.724999999999989e-06,2.0,7.803939700964962e-05,0.6646155829702436,0.6629150478900191,0.5045441956466469,0.1528357381257884,0.0004943596268255242,3.670751393823295e-05,6.334744371769444,13.46753222398482,27242.37881330458,0.5100793097642307
1.729999999999989e-06,2.0,7.794967545887447e-05,0.6643942649342766,0.6634300448535787,0.5045373887651732,0.1527375304516395,0.0004941573327310004,3.664800104436074e-05,6.33944059444689,13.48388230323518,27286.6178646291,0.5106925144019392
1.734999999999988e-06,2.0,7.787989301036699e-05,0.6642219017698463,0.6638334295577831,0.5045320587521496,0.1526610643501629,0.0004939999182150688,3.660163881614843e-05,6.343099654452513,13.4966611931354,27321.1810275229,0.5111723652076202
1.739999999999988e-06,2.0,7.783011251223093e-05,0.6640986635785866,0.664124838514465,0.5045282100685415,0.1526064104406782,0.0004938877729939411,3.656842452665142e-05,6.34571583288396,13.50585318856138,27345.99625070504,0.5115184280737868
1.744999999999988e-06,2.0,7.780037888629396e-05,0.6640246719817136,0.6643040089996524,0.5045258459340533,0.1525736192205196,0.0004938211762296175,3.654835612221198e-05,6.347285033342143,13.51144698761161,27361.01171434788,0.5117303897791328
1.749999999999988e-06,2.0,7.779071902532094e-05,0.6639999999999999,0.6643707789080737,0.5045249683360951,0.1525627209275816,0.000493800295315884,3.654143222719428e-05,6.347804799488022,13.5134357144435,27366.19609714684,0.5118080579804921
1.754999999999988e-06,2.0,7.780114193504749e-05,0.6640246719817133,0.6643250866655896,0.5045255780256662,0.1525737256438254,0.00049382518572428,3.654765222065753e-05,6.347274316378334,13.5118169217217,27361.53868277148,0.5117513610217642
1.759999999999988e-06,2.0,7.783163861071781e-05,0.6640986635785862,0.6641669711998451,0.5045276745239428,0.1526066231748979,0.0004938957904687901,3.656701620133968e-05,6.345694418584854,13.50659260108555,27347.04944187827,0.5115603480249472
1.764999999999988e-06,2.0,7.788218215773693e-05,0.6642219017698456,0.6638965719713302,0.5045312561157481,0.1526613831704562,0.0004940119406318064,3.659952502458345e-05,6.343067582040633,13.49776917323339,27322.75895188018,0.511235188800874
1.769999999999988e-06,2.0,7.795272764690497e-05,0.6643942649342756,0.663514129064247,0.5045363198537093,0.1527379550206403,0.0004941733555091839,3.664518022754667e-05,6.339397922667919,13.48535748604962,27288.71829229773,0.5107761740436068
1.774999999999988e-06,2.0,7.804321221435531e-05,0.6646155829702425,0.6630199833335632,0.5045428615493553,0.1528362679934465,0.0004943796438147988,3.670398402641578e-05,6.334691178788536,13.46937279231036,27244.99877943228,0.5101837153401166
1.779999999999988e-06,2.0,7.815355489723463e-05,0.6648856374635648,0.6624145766063996,0.5045508757749663,0.1529562311486847,0.0004946303045027479,3.677593920178885e-05,6.328954700403135,13.4498347353883,27191.69167952502,0.5094583454577148
1.784999999999988e-06,2.0,7.828365671598646e-05,0.6652041619030618,0.6616984519296844,0.5045603558525068,0.1530977334934792,0.0004949247286443083,3.686104905614929e-05,6.322197422413454,13.42676731447347,27128.90776593827,0.5086007184362051
1.789999999999988e-06,2.0,7.843340049453516e-05,0.6655708419435675,0.6608722538589484,0.5045712938534832,0.1532606439151597,0.0004952622009188746,3.695931725933015e-05,6.314429844887152,13.40019885767367,27056.77686044258,0.5076116099437887
1.794999999999988e-06,2.0,7.860265093022792e-05,0.6659853157161517,0.6599367287783638,0.5045836805860849,0.1534448113567536,0.000495641902151711,3.707074776616897e-05,6.305663997525805,13.37016197455929,26975.44722614436,0.5064919174216103
1.799999999999988e-06,2.0,7.87912544047781e-05,0.6664471741852411,0.658892725242168,0.5045975055935248,0.1536500647710067,0.00049606291145959,3.71953446218828e-05,6.295913411428644,13.3366935164178,26885.08495258514,0.5052426604711613
1.804999999999988e-06,2.0,7.899903904921163e-05,0.6669559615522874,0.6577411943264297,0.5046127571399376,0.1538762133184074,0.0004965242094313917,3.733311183978117e-05,6.285193075411823,13.29983451586558,26785.87320263045,0.5038649810080224
1.809999999999988e-06,2.0,7.922581455379722e-05,0.6675111757055859,0.6564831899781676,0.5046294222078112,0.1541230463451684,0.0004970246809079035,3.748405316627408e-05,6.273519399945783,13.2596301339978,26678.0114616778,0.5023601436329992
1.814999999999988e-06,2.0,7.947137223712213e-05,0.6681122687157994,0.6551198693477294,0.5046474864833367,0.1543903336068745,0.0004975631187800819,3.764817191843891e-05,6.260910166082605,13.21612958679651,26561.71466084469,0.5007295357408549
1.819999999999988e-06,2.0,7.973548486485077e-05,0.6687586473766973,0.6536524930912031,0.5046669343536783,0.1546778252737172,0.0004981382273746619,3.782547070828281e-05,6.247384482381674,13.16938607893074,26437.21231421518,0.4989746678174859
1.824999999999988e-06,2.0,8.001790673351092e-05,0.6694496737905797,0.6520824256244449,0.5046877488925858,0.1549852521832478,0.0004987486268366863,3.801595123982589e-05,6.232962727328714,13.11945671674243,26304.74754377289,0.4970971734411971
1.829999999999988e-06,2.0,8.031837350916869e-05,0.6701846659978049,0.6504111353169658,0.5047099118583475,0.155312325876458,0.0004993928570837086,3.821961399211308e-05,6.217666500178393,13.06640242852171,26164.57613115501,0.4950988094405078
1.834999999999988e-06,2.0,8.063660233755171e-05,0.6709628986498009,0.6486401946033729,0.5047334036805656,0.1556587388833061,0.0005000693827299558,3.843645797529185e-05,6.201518557848849,13.01028786397061,26016.96547176202,0.49298145572006674
1.839999999999987e-06,2.0,8.097229171449593e-05,0.6717836037248971,0.6467712800013267,0.5047582034597351,0.1560241647933213,0.000500776597561914,3.866648037172219e-05,6.18454276069729,12.95118130090126,25862.19356885987,0.4907471152080054
1.844999999999987e-06,2.0,8.132512163462858e-05,0.6726459712862696,0.6448061720132453,0.5047842889561229,0.1564082585775807,0.0005015128299514524,3.890967625031687e-05,6.166764004945485,12.8891545312554,25700.5479451106,0.48839791343566463
1.849999999999987e-06,2.0,8.169475350578876e-05,0.6735491502812503,0.6427467548995696,0.5048116365919535,0.1568106566974055,0.0005022763477952209,3.916603816485693e-05,6.148208164462809,12.82428275438657,25532.32460712057,0.4859360982021641
1.854999999999987e-06,2.0,8.208083034850862e-05,0.674492249381213,0.6405950163018476,0.5048402214433747,0.1572309774662397,0.0005030653643531817,3.943555582566171e-05,6.128902019823422,12.75664444992618,25357.8269422863,0.48336403883560786
1.859999999999987e-06,2.0,8.248297676645235e-05,0.6754743378612079,0.6383530467041928,0.5048700172462288,0.1576688211997025,0.0005038780435836969,3.971821565392729e-05,6.10887319720232,12.68632125808688,25177.36468106218,0.4806842255044903
1.864999999999987e-06,2.0,8.290079920848442e-05,0.6764944465184743,0.6360230387113451,0.5049009963920845,0.1581237706204076,0.0005047125063333314,4.001400040950736e-05,6.088150095182685,12.61339783995732,24991.25280566547,0.4778992680909375
1.869999999999987e-06,2.0,8.333388600645525e-05,0.6775515686289266,0.6336072861345965,0.5049331299385281,0.1585953910521382,0.0005055668359890399,4.032288869980793e-05,6.066761821875912,12.53796174556929,24799.81053551759,0.4750118950824583
1.874999999999987e-06,2.0,8.378180771067148e-05,0.6786446609406698,0.6311081828638214,0.504966387610198,0.1590832308700538,0.0005064390849351277,4.064485456213767e-05,6.044738120591004,12.46010326253932,24603.36027211525,0.4720249519937676
1.879999999999987e-06,2.0,8.42441172051269e-05,0.6797726447035626,0.628528221520714,0.5050007378144797,0.1595868217410781,0.0005073272804344369,4.097986692536704e-05,6.022109306272005,12.3799152729897,24402.22663048688,0.4689413997796359
1.884999999999987e-06,2.0,8.472035012574935e-05,0.6809344067338143,0.6258699918724062,0.5050361476483659,0.1601056791212056,0.0005082294312597281,4.132788914495136e-05,5.998906191111358,12.2974930918245,24196.73544159612,0.4657643127512006
1.889999999999987e-06,2.0,8.521002506145671e-05,0.6821288005125623,0.6231361790037676,0.505072582920347,0.1606393025433827,0.0005091435337077513,4.168887841524576e-05,5.975160021359774,12.21293431395256,23987.21284941781,0.4624968764603849
1.894999999999987e-06,2.0,8.571264406261297e-05,0.6833546473173479,0.6203295612305565,0.505110008163805,0.1611871761627623,0.0005100675783053678,4.206278525498813e-05,5.950902403917003,12.12633864384622,23773.98438876351,0.4591423850677942
1.899999999999987e-06,2.0,8.622769293418799e-05,0.6846107373853729,0.6174530077549042,0.5051483866657444,0.1617487690924572,0.0005109995558547319,4.244955286783121e-05,5.926165244511562,12.03780773488367,23557.37416395291,0.455704238662447
1.904999999999987e-06,2.0,8.675464183953798e-05,0.68589583110739,0.6145094760488901,0.5051876804872784,0.1623235359966443,0.0005119374641100343,4.284911657578891e-05,5.900980676236768,11.94744501218714,23337.70401616707,0.45218594005224577
1.909999999999987e-06,2.0,8.729294568945626e-05,0.6872086602510467,0.6115020089707397,0.5052278504996722,0.1629109174736063,0.0005128793137488399,4.326140312533167e-05,5.875381000025039,11.85535550622314,23115.29279581898,0.4485910914971334
1.914999999999987e-06,2.0,8.78420448437517e-05,0.6885479292124778,0.6084337316040267,0.5052688564122992,0.1635103406956084,0.0005138231349136528,4.36863300661452e-05,5.849398616016571,11.76164567121286,22890.45562961929,0.44492339090841826
1.919999999999987e-06,2.0,8.840136559726378e-05,0.6899123162949105,0.6053078478282754,0.5053106568162794,0.1641212198376692,0.0005147669830045184,4.412380500001062e-05,5.82306596716666,11.66642321541387,22663.50329487131,0.4411866279906062
1.924999999999987e-06,2.0,8.897032097884815e-05,0.691300475013019,0.6021276366145064,0.5053532092200871,0.1647429567621564,0.0005157089449810443,4.457372490225719e-05,5.796415474242151,11.56979691762151,22434.74159256007,0.43738467985235
1.929999999999987e-06,2.0,8.95483113325134e-05,0.6927110354217425,0.5988964480597905,0.5053964701008418,0.1653749414907743,0.0005166471448743684,4.503597531081778e-05,5.769479483302658,11.4718764567372,22204.47082800929,0.43352150656901617
1.934999999999987e-06,2.0,9.013472521049265e-05,0.694142605468257,0.595617699156862,0.5054403949475271,0.1660165529309119,0.0005175797497500691,4.551042958804782e-05,5.742290205016622,11.37277222902766,21972.98529264213,0.42960114622595014
1.939999999999987e-06,2.0,9.072894004468927e-05,0.6955937723657621,0.5922948693186629,0.5054849383197874,0.1666671593874489,0.0005185049748437644,4.599694804785056e-05,5.714879666650883,11.27259517967071,21740.57285191403,0.425627709931214
1.944999999999986e-06,2.0,9.133032312755474e-05,0.6970631039877314,0.5889314956561833,0.5055300538984866,0.167326119327048,0.00051942108909304,4.649537715626568e-05,5.687279656287067,11.17145662346871,21507.51453502815,0.4216053763291353
1.949999999999986e-06,2.0,9.193823236613039e-05,0.6985491502812485,0.5855311680351868,0.5055756945516284,0.1679927819256042,0.0005203264198099877,4.700554859556221e-05,5.659521679839365,11.06946808103228,21274.08422788645,0.4175383861095826
1.954999999999986e-06,2.0,9.255201734162571e-05,0.7000504446980343,0.5820975239126591,0.5056218123917687,0.1686664878659551,0.00052121935770073,4.752727840328183e-05,5.631636910633996,10.96674110556137,21040.54836708151,0.41343103604670406
1.959999999999986e-06,2.0,9.317102013561245e-05,0.701565505641753,0.5786342429831491,0.5056683588484524,0.1693465699161537,0.0005220983609996542,4.806036597384918e-05,5.60365615185499,10.86338712617671,20807.16573286447,0.4092876730669954
1.964999999999986e-06,2.0,9.379457645660226e-05,0.7030928379301686,0.5751450416389181,0.5057152847317704,0.170032353755493,0.0005229619599076148,4.860459313778675e-05,5.575609791826398,10.75951728317313,20574.18724121709,0.40511268788342514
1.969999999999986e-06,2.0,9.442201652544639e-05,0.7046309342707094,0.5716336672770145,0.5057625403105175,0.1707231585782745,0.0005238087601258084,4.915972310387084e-05,5.547527772162276,10.65524228073945,20341.85582955938,0.40091050869874
1.974999999999986e-06,2.0,9.505266625487803e-05,0.7061782767479841,0.5681038924615233,0.5058100753809697,0.1714182979426337,0.0005246374466577552,4.972549948316052e-05,5.519439548965005,10.55067223277311,20110.40633867637,0.3966855945188896
1.979999999999986e-06,2.0,9.568584817911546e-05,0.7077333383217804,0.5645595089749077,0.5058578393497611,0.1721170803941446,0.0005254467866951951,5.030164517816686e-05,5.49137406682898,10.44591652686664,19880.06548211358,0.39244242858076306
1.984999999999986e-06,2.0,9.63208826704372e-05,0.7092945843340699,0.5610043217705717,0.505905781306814,0.1728188103316633,0.0005262356327432749,5.088786136040443e-05,5.463359726042238,10.34108368234032,19651.0518081645,0.3881855114389084
1.989999999999986e-06,2.0,9.695708889630389e-05,0.7108604740235298,0.5574421428617647,0.5059538501117645,0.1735227886449395,0.0005270029248254455,5.148382631764469e-05,5.435424362466868,10.23628122692251,19423.57574260709,0.3839193542168252
1.994999999999986e-06,2.0,9.759378605557298e-05,0.7124294620460891,0.5538767851614474,0.5060019944698038,0.1742283135916101,0.0005277476929058824,5.208919439890372e-05,5.407595220704645,10.1316155681799,19197.83961990102,0.3796484715698374
1.999999999999986e-06,2.0,9.823029434522727e-05,0.7139999999999956,0.5503120563086126,0.5060501630203702,0.1749346814429677,0.0005284690583943124,5.2703594836737e-05,5.379898939753571,10.02719188380568,18974.03778808179,0.3753773748656449
2.004999999999986e-06,2.0,9.886593619788574e-05,0.7155705379539018,0.5467517524978616,0.5060983044145532,0.1756411873662857,0.0005291662358532206,5.332663068009414e-05,5.352361531975733,9.923114007102436,18752.3566977068,0.37111056513157586
2.009999999999986e-06,2.0,9.950003723957569e-05,0.7171395259764612,0.5431996523475203,0.5061463674046536,0.176347126073029,0.0005298385337965183,5.395787761574454e-05,5.325008374309402,9.819484331272418,18532.97505734745,0.36685252627449133
2.014999999999986e-06,2.0,0.0001001319275097462,0.7187054156659212,0.5396595108233896,0.5061943009217331,0.1770517927008935,0.0005304853556810594,5.459688291724479e-05,5.297864192760615,9.71640370907516,18316.06396862894,0.3626077181224961
2.019999999999986e-06,2.0,0.0001007609423913492,0.7202666616782107,0.5361350532539815,0.5062420541645933,0.1777544834589871,0.0005311062000041345,5.524316429795796e-05,5.270953058838146,9.613971371002124,18101.78712078165,0.3583805697949944
2.024999999999986e-06,2.0,0.0001013864237946966,0.7218217232520071,0.5326299694531005,0.5062895766760092,0.1784544965042698,0.0005317006605891155,5.589620891323074e-05,5.244298379181743,9.512284838753365,17890.3009603447,0.35417547294883067
2.029999999999986e-06,2.0,0.0001020077210414642,0.7233690657292817,0.5291479079850078,0.5063368184296678,0.1791511325786014,0.0005322684259956783,5.65554722868534e-05,5.217922896784529,9.41143985671227,17681.754913617,0.3499967754064064
2.034999999999986e-06,2.0,0.000102624191994375,0.7249071620698226,0.5256924705873123,0.5063837299036285,0.1798436958746624,0.0005328092791174769,5.722037741320179e-05,5.191848685273638,9.311530318472665,17476.29158016147,0.34584877471264985
2.039999999999986e-06,2.0,0.0001032352038776498,0.7264344943582383,0.5222672067844326,0.5064302621637822,0.1805314946601874,0.000533323095926006,5.789031380884102e-05,5.166097154394356,9.212648210667616,17274.04697273,0.34173571212424525
2.044999999999986e-06,2.0,0.0001038401343356097,0.727949555301957,0.5188756087052907,0.5064763669331306,0.1812138421289228,0.0005338098444039713,5.856463677136737e-05,5.140689048375439,9.114883551449848,17075.15072455647,0.3376617665763679
2.049999999999985e-06,2.0,0.0001044383721735011,0.729450849718743,0.5155211061361586,0.5065219966704025,0.1818900570078426,0.0005342695826487296,5.924266661761294e-05,5.115644455074393,9.018324345479249,16879.72633734718,0.33363104912831604
2.054999999999985e-06,2.0,0.0001050293183297507,0.7309368960122602,0.5122070618190341,0.5065671046338319,0.182559464389191,0.0005347024571692584,5.99236881653099e-05,5.090982807793074,8.923056533072344,16687.89139348911,0.32964759742984306
2.059999999999985e-06,2.0,0.000105612386522928,0.7324062276342296,0.5089367670241313,0.5066116449536665,0.1832213963169969,0.0005351087003783749,6.060695022821428e-05,5.066722897426215,8.829163955015616,16499.7578039238,0.32571537070713436
2.064999999999985e-06,2.0,0.0001061870041244794,0.7338573945317347,0.5057134374038025,0.5066555726892616,0.1838751925967555,0.0005354886282841817,6.129166539459966e-05,5.042882877045629,8.7367283110464,16315.43201774558,0.321838244807047
2.069999999999985e-06,2.0,0.0001067526126998522,0.7352889645782493,0.5025402091518801,0.5066988438943787,0.1845202013580713,0.0005358426374026088,6.197700985642605e-05,5.019480276357734,8.645829133156385,16135.01526318498,0.31802000779380885
2.074999999999985e-06,2.0,0.0001073086687710228,0.7366995249869731,0.4994201354741838,0.5067414156665632,0.1851557798390378,0.0005361712018764906,6.266212356396683e-05,4.996532008348609,8.556543752130514,15958.60374854961,0.314264355635146
2.079999999999985e-06,2.0,0.0001078546442425163,0.7380876837050815,0.4963561833880467,0.5067832462043157,0.1857812949223219,0.0005364748698424364,6.334611046957781e-05,4.974054385342658,8.468947278145519,15786.28889109543,0.3105748884657248
2.084999999999985e-06,2.0,0.000108390027045817,0.7394520707875145,0.4933512308534972,0.5068242948479483,0.1863961238917894,0.0005367542600128354,6.402803913927128e-05,4.952063126998847,8.38311257424749,15618.15750479004,0.3069551069617078
2.089999999999985e-06,2.0,0.0001089143214440268,0.7407913397489458,0.490408064249769,0.5068645221279133,0.1869996549398002,0.0005370100575338972,6.470694349063527e-05,4.930573377272901,8.299110243271128,15454.29201341778,0.3034084093099688
2.094999999999985e-06,2.0,0.000109427048553422,0.7421041688926026,0.4875293761946378,0.5069038897965628,0.1875912878940562,0.0005372430100694781,6.53818239383845e-05,4.909599713077971,8.217008607403997,15294.77062222056,0.2999380883005816
2.099999999999985e-06,2.0,0.0001099277465237008,0.7433892626146198,0.4847177637157877,0.5069423608671912,0.1881704346942907,0.0005374539231909725,6.605164869939057e-05,4.889156161488523,8.136873700715533,15139.66751308702,0.29654732902149694
2.104999999999985e-06,2.0,0.0001104159709353236,0.7446453526826451,0.4819757267673224,0.5069798996363707,0.1887365200876994,0.0005376436560068739,6.671535553935326e-05,4.869256208426337,8.058769254249647,14989.05299860288,0.293239206679623
2.109999999999985e-06,2.0,0.000110891294855729,0.7458711994874307,0.4793056670946479,0.5070164717135279,0.1892889820735645,0.0005378131161310454,6.737185370469834e-05,4.849912815504537,7.98275669374286,14842.99369857271,0.29001668502108335
2.114999999999985e-06,2.0,0.0001113533091145799,0.7470655932661789,0.4767098874375668,0.5070520440338191,0.1898272725659567,0.0005379632549088061,6.802002632082612e-05,4.831138428171419,7.908895129964019,14701.55267631562,0.28688261487161015
2.119999999999985e-06,2.0,0.0001118016222398647,0.7482273552964309,0.4741905910680871,0.5070865848783428,0.1903508578051317,0.0005380950620181568,6.865873299039487e-05,4.812944991675962,7.837241361465766,14564.78959697518,0.2838397332629554
2.124999999999985e-06,2.0,0.0001122358606166442,0.7493553390593239,0.4717498816491618,0.5071200638778024,0.1908592189864605,0.0005382095603519751,6.92868128699937e-05,4.795343958194922,7.767849870102187,14432.76084695005,0.28089066266270135
2.129999999999985e-06,2.0,0.0001126556683104659,0.7504484313710673,0.4693897634056748,0.507152452023748,0.1913518526376755,0.0005383078003168169,6.990308794728629e-05,4.778346301503135,7.700772828844888,14305.51967538397,0.2780379107679993
2.134999999999985e-06,2.0,0.0001130607071186468,0.7515055534815198,0.4671121415889452,0.5071837216635645,0.1918282712131989,0.0005383908544416829,7.050636679279746e-05,4.761962522718848,7.636060102542142,14183.1162984015,0.2752838703757463
2.139999999999985e-06,2.0,0.0001134506562917147,0.7525256621387864,0.4649188232218535,0.5072138465034159,0.1922880034364999,0.0005384598114503298,7.10954484955437e-05,4.746202663378396,7.573759260891093,14065.59802576786,0.27263081978535364
2.144999999999985e-06,2.0,0.0001138252124894863,0.7535077506187815,0.4628115181015269,0.5072428015953648,0.1927305948591612,0.0005385157706792025,7.166912705129354e-05,4.731076309555191,7.513915584513638,13953.00935205058,0.27008092324236566
2.149999999999984e-06,2.0,0.0001141840894142853,0.7544508497187444,0.4607918400424948,0.5072705633329598,0.193155608167738,0.0005385598360114819,7.222619589915139e-05,4.716592603162041,7.456572083118802,13845.39207071474,0.2676362318747568
2.154999999999984e-06,2.0,0.000114527017686908,0.7553540287137253,0.4588613083338995,0.5072971094315437,0.1935626237070135,0.0005385931101990906,7.276545286919489e-05,4.702760244324036,7.401769506846606,13742.78535444047,0.265298684626886
2.159999999999984e-06,2.0,0.000114853744407971,0.7562163962750982,0.4570213493897116,0.507322418917656,0.1939512397508671,0.000538616688758739,7.328570522343165e-05,4.689587500855582,7.34954636946752,13645.22585886599,0.26307010963884453
2.164999999999984e-06,2.0,0.0001151640329712122,0.7570371013501946,0.4552732985636067,0.5073464721037954,0.1943210729892499,0.0005386316543044714,7.378577504671679e-05,4.677082208888441,7.299938964704806,13552.74779409526,0.2609522255743568
2.169999999999984e-06,2.0,0.0001154576625713821,0.7578153340021908,0.4536184021036951,0.5073692505729941,0.1946717587626214,0.0005386390705166672,7.426450465737282e-05,4.665251780587136,7.25298139402849,13465.38301997174,0.25894664334107365
2.174999999999984e-06,2.0,0.0001157344279740403,0.7585503262094161,0.4520578192179736,0.5073907371494721,0.1950029515122416,0.0005386399766010209,7.472076228883065e-05,4.654103203143382,7.208705587329606,13383.16111035555,0.25705486770573205
2.179999999999984e-06,2.0,0.0001159941389898014,0.7592413526232988,0.4505926242231562,0.5074109158798751,0.1953143249777901,0.0005386353814495731,7.515344770111666e-05,4.643643044895532,7.167141334509525,13306.1094412724,0.2552782992453661
2.184999999999984e-06,2.0,0.0001162366202208232,0.7598877312841971,0.4492238087477244,0.5074297720013657,0.1956055726106006,0.000538626258348469,7.556149796974749e-05,4.633877452892873,7.128316309506178,13234.25324892804,0.25361823613712375
2.189999999999984e-06,2.0,0.0001164617105218752,0.7604888242944107,0.4479522839606367,0.5074472919210836,0.1958764077341146,0.0005386135394545978,7.594389310230083e-05,4.624812157665819,7.092256104504073,13167.61571141661,0.25207587622652206
2.194999999999984e-06,2.0,0.0001166692627439487,0.7610440384477095,0.4467788827969981,0.5074634631832637,0.1961265639197165,0.0005385981108767286,7.629966172871018e-05,4.616452469632612,7.058984255942828,13106.21800075056,0.2506523188772816
2.199999999999984e-06,2.0,0.0001168591432024707,0.7615528258147561,0.4457043621531285,0.5074782744485056,0.1963557951096879,0.0005385808075914739,7.662788650984955e-05,4.608803282823635,7.028522279839287,13050.07935813893,0.24934856704344058
2.204999999999984e-06,2.0,0.0001170312314379551,0.7620146842838458,0.4447294050228964,0.5074917154614701,0.1965638759553442,0.0005385624090202264,7.692770951172573e-05,4.601869070445296,7.000889698115031,12999.21713966506,0.24816552906755218
2.209999999999984e-06,2.0,0.0001171854197107221,0.7624291580564303,0.4438546225501458,0.5075037770314818,0.1967506019021888,0.0005385436345032876,7.719833718750595e-05,4.595653887890284,6.976104073268141,12953.64688453217,0.247104020647957
2.214999999999984e-06,2.0,0.0001173216127971966,0.7627958380969362,0.4430805559712984,0.5075144510022801,0.1969157894900616,0.0005385251394879642,7.743904521875902e-05,4.590161367788573,6.954181033181316,12913.38235350244,0.2461647664812368
2.219999999999984e-06,2.0,0.0001174397275287852,0.7631143625364334,0.4424076784253525,0.5075237302353602,0.1970592764002297,0.0005385075116700555,7.764918285954455e-05,4.585394722636417,6.935134303269268,12878.43558906275,0.2453484020251228
2.224999999999984e-06,2.0,0.0001175396926403708,0.763384417029756,0.4418363966095596,0.5075316085830934,0.1971809217173023,0.0005384912678964757,7.782817704150052e-05,4.581356739651764,6.918975727895241,12848.81694539456,0.24465547489225728
2.229999999999984e-06,2.0,0.0001176214483686077,0.7636057350657232,0.4413670522605981,0.5075380808760338,0.1972806059380235,0.0005384768510691209,7.797553588857959e-05,4.578049783329877,6.905715298174526,12824.53513918667,0.2440864463225746
2.234999999999984e-06,2.0,0.0001176849463664304,0.7637780982301535,0.4409999234448126,0.5075431429005228,0.1973582311947538,0.000538464627848947,7.809085190892869e-05,4.57547579038338,6.895361168257155,12805.59726978293,0.2436416922500588
2.239999999999984e-06,2.0,0.0001177301493730604,0.7639013364214132,0.4407352256411918,0.5075467913909497,0.1974137212257711,0.0005384548863991037,7.81738045206682e-05,4.573636272484553,6.887919677194971,12792.0088593822,0.24332150441542066
2.244999999999984e-06,2.0,0.0001177570312050759,0.7639753280182864,0.4405731126054157,0.5075490240127043,0.1974470215601618,0.0005384478349572924,7.822416219072759e-05,4.57253231151254,6.883395358641732,12783.77386211925,0.2431260910452539
2.249999999999984e-06,2.0,0.0001177655765069539,0.764,0.440513677004541,0.5075498393601051,0.1974580994495005,0.0005384436004735101,7.82417838539904e-05,4.572164562675983,6.881790955563049,12780.8946926125,0.24305557755504054
2.254999999999983e-06,2.0,0.000117755780825609,0.7639753280182867,0.4405569508148977,0.5075492369452757,0.1974469440140378,0.0005384422280948264,7.822661990518787e-05,4.572533250216692,6.883107422350966,12783.3722230619,0.2431100068008599
2.259999999999983e-06,2.0,0.0001177276504464451,0.7639013364214139,0.4407029054790867,0.5075472172021596,0.1974135661356769,0.0005384436807290359,7.817871244319917e-05,4.573638171026871,6.887343931639226,12791.20579948859,0.2432893393434098
2.264999999999983e-06,2.0,0.0001176812025543734,0.7637780982301545,0.4409514518199371,0.5075437814815713,0.1973579985654184,0.0005384478394614369,7.809819507402614e-05,4.575478690874605,6.894497868370247,12804.39322640095,0.2435934532545187
2.269999999999983e-06,2.0,0.0001176164651563555,0.7636057350657245,0.441302439712939,0.5075389320613947,0.1972802957776047,0.0005384545040505775,7.798529196572921e-05,4.578053748543355,6.904564828547444,12822.93077057981,0.24402214393533428
2.274999999999983e-06,2.0,0.000117533477327857,0.7633844170297577,0.4417556575208293,0.5075326721477503,0.1971805340386311,0.0005384633942711022,7.7840316475155e-05,4.581361852556332,6.917538605369987,12846.81313338672,0.2445751234821982
2.279999999999983e-06,2.0,0.0001174322892188333,0.7631143625364354,0.4423108312972451,0.5075250058911464,0.197058811222502,0.0005384741513223589,7.766366905360937e-05,4.585401085777639,6.933411180337915,12876.03344248034,0.2452520200747431
2.284999999999983e-06,2.0,0.0001173129623805866,0.7627958380969385,0.4429676237689278,0.5075159383933735,0.1969152468408729,0.0005384863400662394,7.745583476378637e-05,4.590169102525782,6.952172702139708,12910.58321235134,0.2460523769280549
2.289999999999983e-06,2.0,0.0001171755698482316,0.7624291580564329,0.4437256331083717,0.507505475729075,0.196749981820007,0.0005384994513047832,7.721738012834024e-05,4.59566313349197,6.973811471067298,12950.45232482552,0.2469756512883647
2.294999999999983e-06,2.0,0.0001170201965391156,0.7620146842838487,0.4445843915118421,0.507493624957678,0.1965631784922832,0.0005385129048580458,7.694894965300724e-05,4.601879983053542,6.998313911839084,12995.62897881504,0.2480212130195589
2.299999999999983e-06,2.0,0.0001168469394011796,0.7615528258147592,0.445543363599496,0.5074803941495457,0.1963550203346967,0.0005385260526441165,7.665126175640093e-05,4.608816034291094,7.02566455273185,13046.09966079903,0.24918834326479927
2.304999999999983e-06,2.0,0.0001166559078706511,0.7610440384477131,0.4466019446569567,0.5074657924019825,0.1961257119220065,0.0005385381825205576,7.632510445745013e-05,4.616467246246107,7.055845993906014,13101.84908502132,0.2504762327349502
2.309999999999983e-06,2.0,0.0001164472240724488,0.7604888242944144,0.4477594587391057,0.5074498298688864,0.1958754786269748,0.0005385485220800842,7.597133056225088e-05,4.624829158760616,7.088838882962537,13162.86015526081,0.2518839801121309
2.314999999999983e-06,2.0,0.0001162210233219237,0.7598877312842012,0.4490151566601813,0.5074325177796204,0.1956045665353822,0.000538556243161006,7.559085270606355e-05,4.633896889374805,7.124621880575842,13229.1138967372,0.25341059012479916
2.319999999999983e-06,2.0,0.0001159774543607795,0.7592413526233033,0.4503682138928008,0.5074138684708724,0.1953132421082372,0.0005385604662555345,7.518463799947164e-05,4.643665137675366,7.163171634334653,13300.58941039295,0.2550549717845636
2.324999999999983e-06,2.0,0.0001157166798852135,0.7585503262094209,0.4518177284044439,0.5073938954070112,0.1950017920589123,0.0005385602655802009,7.475370263562699e-05,4.654128181503253,7.204462743542119,13377.26379754477,0.25681593634553157
2.329999999999983e-06,2.0,0.0001154388767988526,0.7578153340021958,0.4533627184555409,0.5073726132126872,0.1946705229776139,0.0005385546739820132,7.429910621189713e-05,4.665279880483395,7.248467733192963,13459.11210759457,0.258692195477927
2.334999999999983e-06,2.0,0.0001151442367479419,0.7570371013502,0.4550021203894972,0.5073500376931793,0.1943197611709196,0.000538542688450064,7.382194612068376e-05,4.677113671213091,7.29515701969787,13546.10725603474,0.26068235921857763
2.339999999999983e-06,2.0,0.0001148329663714668,0.7562163962751037,0.4567347864409365,0.5073261858661824,0.1939498522488092,0.0005385232753974179,7.332335176392775e-05,4.689622569659589,7.344498886674607,13638.21996598853,0.26278493419212734
2.344999999999983e-06,2.0,0.0001145052878231691,0.7553540287137311,0.4585594825923857,0.5073010759805712,0.1935611609269326,0.0005384953764905457,7.280447894061101e-05,4.702799165027102,7.396459453130816,13735.41867960806,0.2649983216654531
2.349999999999983e-06,2.0,0.0001141614389984747,0.7544508497187505,0.4604748865065553,0.5072747275458047,0.1931540705765319,0.0005384579141823445,7.226650416035892e-05,4.716635620750385,7.451002652453062,13837.66949319987,0.26732081593002344
2.354999999999983e-06,2.0,0.0001138016740229994,0.7535077506187878,0.4624795855638275,0.5072471613475331,0.1927289829897946,0.0005384097977360521,7.171061922390477e-05,4.7311236667932,7.508090204254895,13944.93606138949,0.26975060257403294
2.359999999999982e-06,2.0,0.0001134262634361734,0.752525662138793,0.4645720750312783,0.5072183994730846,0.1922863178930262,0.0005383499288871021,7.113802582000177e-05,4.746254599033992,7.567681597592705,14057.17952491776,0.2722857571382521
2.364999999999982e-06,2.0,0.0001130354946265415,0.7515055534815266,0.4667507563915975,0.5071884653224208,0.1918265126754784,0.0005382772079425019,7.05499304685463e-05,4.762019269828903,7.629734067314002,14174.3584062898,0.2749242437161191
2.369999999999982e-06,2.0,0.0001126296719530179,0.7504484313710743,0.4690139358559933,0.5071573836282616,0.1913500218661845,0.0005381905394555239,6.994753955446949e-05,4.778408085676407,7.694202582156941,14296.42852871588,0.27766391398980883
2.374999999999982e-06,2.0,0.0001122091171086796,0.7493553390593313,0.4713598230876418,0.5071251804610217,0.1908573168266943,0.0005380888382895225,6.933205476945879e-05,4.79541099597882,7.761039826077014,14423.34290142092,0.2805025062609475
2.379999999999982e-06,2.0,0.000111774169162316,0.7482273552964386,0.4737865301562307,0.507091883242299,0.1903488851920365,0.0005379710351988934,6.870466870024749e-05,4.813017488981919,7.830196191557438,14555.05162775638,0.2834376449641942
2.384999999999982e-06,2.0,0.0001113251848344526,0.7470655932661867,0.4762920707476035,0.5070575207426032,0.1898252305278722,0.0005378360827568072,6.806656086699302e-05,4.831216578784434,7.901619766095981,14691.50177800333,0.2864668402197313
2.389999999999982e-06,2.0,0.0001108625384442079,0.7458711994874387,0.4788743596447799,0.5070221230871275,0.1892868717361358,0.0005376829607473253,6.741889394456073e-05,4.849996799668662,7.97525633080643,14832.63728447267,0.28958748790864414
2.394999999999982e-06,2.0,0.0001103866220838776,0.7446453526826532,0.4815312125011975,0.5069857217453195,0.1887343426772125,0.0005375106818685205,6.676281045663391e-05,4.869346191530925,8.051049352059003,14978.39879957652,0.292796869823985
2.399999999999982e-06,2.0,0.000109897845458931,0.7433892626146281,0.4842603459173715,0.5069483495281054,0.1881681915409304,0.000537318296852897,6.609942967016969e-05,4.889252292843452,8.12893998532314,15128.7235758298,0.2960921543764411
2.404999999999982e-06,2.0,0.0001093966359505042,0.7421041688926111,0.4870593778381593,0.5069100405685985,0.1875889804345073,0.0005371048998695776,6.542984496717219e-05,4.909702124801772,8.208867071885265,15283.54530721761,0.299470397403652
2.409999999999982e-06,2.0,0.0001088834383395598,0.7407913397489546,0.4899258282766809,0.5068708303102145,0.1869972847197362,0.0005368696333022156,6.475512141710704e-05,4.930682183278533,8.290767147884385,15442.79399244273,0.3029285435569447
2.414999999999982e-06,2.0,0.0001083587147499361,0.7394520707875235,0.4928571203775912,0.5068307554780973,0.1863936925676331,0.000536611692785399,6.407629381523472e-05,4.952178422100089,8.374574446092804,15606.39575821161,0.3064634278099581
2.419999999999982e-06,2.0,0.0001078229442510922,0.7380876837050908,0.4958505818207615,0.5067898540578529,0.1857788042628644,0.0005363303315800264,6.339436490749498e-05,4.9741762444625,8.460220910212435,15774.27270482478,0.31007177755789717
2.424999999999982e-06,2.0,0.0001072766226778305,0.7366995249869823,0.498903446573331,0.5067481652575571,0.1851532317262746,0.0005360248651890629,6.271030405707512e-05,4.996660485851896,8.547636201878491,15946.34271091814,0.31375021484705645
2.429999999999982e-06,2.0,0.0001067202621095348,0.7352889645782588,0.5020128569859105,0.5067057294771097,0.1845175977878793,0.0005356946752793303,6.202504607238349e-05,5.01961540548599,8.636747720496206,16122.51926154147,0.3174952591980312
2.434999999999982e-06,2.0,0.0001061543905661812,0.7338573945317443,0.5051758662367635,0.506662588260983,0.1838725356787413,0.0005353392138297593,6.133949044306145e-05,5.043024669476194,8.727480615879738,16302.71123507706,0.3213033305580222
2.439999999999982e-06,2.0,0.0001055795513654468,0.7324062276342392,0.5083894411139609,0.5066187842584787,0.1832186882741862,0.0005349580065555395,6.065450070468457e-05,5.066871342930235,8.819757814183486,16486.82271524768,0.3251707528397747
2.444999999999982e-06,2.0,0.0001049963026980222,0.73093689601227,0.51165046513561,0.506574361167641,0.1825567075568564,0.0005345506565478766,5.997090417196549e-05,5.091137874014819,8.913500036868914,16674.75276231484,0.3290937575787536
2.449999999999982e-06,2.0,0.0001044052168673109,0.7294508497187528,0.5149557419928799,0.5065293636869661,0.1818872538321819,0.0005341168471615038,5.928949176365483e-05,5.115806087403501,9.008625833573493,16866.39521192543,0.33306848816069795
2.454999999999982e-06,2.0,0.0001038068797502883,0.7279495553019671,0.5183019993119404,0.5064838374511462,0.1812109951648559,0.0005336563451090714,5.861101815375085e-05,5.140857169934879,9.105051608371005,17061.63843420632,0.33709100414708454
2.459999999999982e-06,2.0,0.0001032018899276259,0.7264344943582485,0.5216858927152845,0.5064378289750263,0.1805286065690322,0.0005331690027764784,5.793620197609694e-05,5.166271666113439,9.202691660672732,17260.3651239095,0.34115728614625235
2.464999999999981e-06,2.0,0.0001025908580393329,0.7249071620698327,0.5251040101745351,0.5063913855820621,0.1798407694209274,0.0005326547607379568,5.726572631314357e-05,5.192029466069492,9.301458219970266,17462.45205258981,0.3452632407536077
2.469999999999981e-06,2.0,0.0001019744058159195,0.7233690657292919,0.5285528766308405,0.5063445553415264,0.1791481706266869,0.0005321136494660055,5.660023920097398e-05,5.218109803819368,9.401261496026484,17667.76985604669,0.34940470600415363
2.474999999999981e-06,2.0,0.0001013531653407422,0.7218217232520173,0.532028958873502,0.5062973869907628,0.1784515020143015,0.0005315457912356971,5.59403543784047e-05,5.244491248220218,9.502009723429566,17876.18278632217,0.3535774568592005
2.479999999999981e-06,2.0,0.0001007277779953055,0.720266661678221,0.5355286706464287,0.5062499298667997,0.1777514594826055,0.000530951401198387,5.528665201826264e-05,5.271151704670532,9.603609222403263,18087.54850392593,0.3577772111638232
2.484999999999981e-06,2.0,0.0001000988936424371,0.7187054156659316,0.5390483779735336,0.5062022338236464,0.1770487423761998,0.0005303307886459494,5.463967966631377e-05,5.298068409717225,9.70596445448978,18301.71783778806,0.3619996355973337
2.489999999999981e-06,2.0,9.946716950095e-05,0.7171395259764716,0.5425844046677278,0.5061543491596049,0.1763440526195503,0.0005296843574206327,5.399995313231278e-05,5.325217936830327,9.80897809527315,18518.53459112754,0.3662403520481775
2.494999999999981e-06,2.0,9.883326926560766e-05,0.7155705379539123,0.5461330380132189,0.5061063265309638,0.1756380940791223,0.0005290126065132749,5.336795755697518e-05,5.352576195263125,9.91255110238209,18737.835318738,0.3704949439340966
2.499999999999981e-06,2.0,9.819786192797041e-05,0.7140000000000059,0.5496905345840902,0.5060582168763943,0.1749315716870463,0.0005283161297857673,5.274414840567216e-05,5.380118440468507,10.01658280122979,18959.4491564956,0.3747589628970439
2.504999999999981e-06,2.0,9.756162085050879e-05,0.7124294620460995,0.553253126186084,0.5060100713284708,0.1742251907951488,0.0005275956158823302,5.212895261135087e-05,5.407819277738183,10.12097096628503,19183.19762638496,0.3790279353909352
2.509999999999981e-06,2.0,9.692522255155857e-05,0.7108604740235402,0.5568170258846292,0.5059619411365971,0.1735196562931051,0.0005268518472468076,5.152276962367659e-05,5.435652677745265,10.22561192061189,19408.89450050961,0.38329736959152416
2.514999999999981e-06,2.0,9.62893457518842e-05,0.7092945843340802,0.5603784341044595,0.5059138775777932,0.1728156719594953,0.0005260856993332217,5.092597258561127e-05,5.463591985397974,10.33040063101049,19636.34564502244,0.3875627621449642
2.519999999999981e-06,2.0,9.565467014226711e-05,0.7077333383217908,0.5639335447628249,0.5058659318796206,0.172113939579757,0.0005252981389079977,5.033890940050142e-05,5.491609940896188,10.43523082172228,19865.34893006719,0.39181960518306785
2.524999999999981e-06,2.0,9.50218754211782e-05,0.7061782767479944,0.5674785514228866,0.5058181551316696,0.1714151582997384,0.000524490222554982,4.976190390939024e-05,5.519678694132677,10.53999508358861,20095.69412418114,0.3960633931231482
2.529999999999981e-06,2.0,9.439164006365896e-05,0.7046309342707198,0.5710096534274536,0.5057705982099044,0.1707200237490771,0.0005236630942629155,4.91952569474417e-05,5.54776983154251,10.64458500180976,20327.16286182551,0.40028962967837645
2.534999999999981e-06,2.0,9.376464036857859e-05,0.7030928379301788,0.5745230620024805,0.505723311690247,0.1700292274029713,0.0005228179832310627,4.863924749748521e-05,5.575854396272799,10.74889127875784,20559.52859985556,0.40449383459950916
2.539999999999981e-06,2.0,9.314154924705457e-05,0.7015655056417631,0.5780150062891158,0.505676345775686,0.1693434557168039,0.0005219562007543497,4.809413371497501e-05,5.603902920987037,10.85280387516012,20792.55665413163,0.40867155057231197
2.544999999999981e-06,2.0,9.252303529708085e-05,0.7000504446980443,0.5814817392970381,0.5056297502132584,0.1686633895019777,0.0005210791373484807,4.756015404049186e-05,5.631885453904615,10.95621214567226,21026.00422926759,0.4128183497950604
2.549999999999981e-06,2.0,9.190976162881627e-05,0.6985491502812584,0.5849195437382367,0.5055835742251584,0.1679897030776576,0.0005201882589587737,4.703752817897437e-05,5.65977159759957,11.05900499234346,21259.6205352261,0.41692984066057914
2.554999999999981e-06,2.0,9.130238498315508e-05,0.6970631039877411,0.5883247377359175,0.5055378664302972,0.1673230636664974,0.0005192851034375155,4.652645815985726e-05,5.687530540887244,11.16107101153794,21493.14690071968,0.42100167406942013
2.559999999999981e-06,2.0,9.070155460972641e-05,0.6955937723657718,0.5916936803713734,0.5054926747805,0.166664130569273,0.0005183712761169181,4.602712926159772e-05,5.715131103530812,11.26229865805287,21726.31697963271,0.4250295498021004
2.564999999999981e-06,2.0,9.010791144432478e-05,0.6941426054682667,0.5950227770642248,0.5054480464876544,0.1660135545861617,0.0005174484456861761,4.553971101275067e-05,5.742541773825888,11.36257640153438,21958.85695717327,0.42900922247806306
2.56999999999998e-06,2.0,8.95220870535907e-05,0.6927110354217519,0.5983084847534041,0.5054040279659225,0.1653719772197762,0.0005165183391833112,4.506435805693109e-05,5.769730759001503,11.46179289918607,22190.4858544012,0.43293650753362795
2.57499999999998e-06,2.0,8.894470288416298e-05,0.691300475013028,0.6015473168763104,0.5053606647653062,0.16474003012731,0.0005155827373336968,4.460121109163118e-05,5.796666028227218,11.55983715945415,22420.91583444999,0.4368072867490004
2.57999999999998e-06,2.0,8.837636928567006e-05,0.6899123162949197,0.6047358481174389,0.5053180015206018,0.1641183343570728,0.0005146434690294428,4.415039767175947e-05,5.823315368369245,11.6565987209359,22649.85261139887,0.44061751376036606
2.58499999999998e-06,2.0,8.781768484199223e-05,0.6885479292124866,0.6078707189277927,0.5052760818919978,0.1635074998363106,0.0005137024062044073,4.371203308551078e-05,5.849646432020614,11.7519678208398,22876.99586161481,0.444363219091482
2.58999999999998e-06,2.0,8.726923548163493e-05,0.6872086602510554,0.6109486397897989,0.5052349485212834,0.1629081246457602,0.0005127614578823876,4.328622109666674e-05,5.875626798149922,11.84583557749912,23102.03974070181,0.44804051514403864
2.59499999999998e-06,2.0,8.673159389874704e-05,0.6858958311073987,0.6139663952326939,0.505194642979889,0.1623207945473103,0.0005118225646749385,4.287305475855231e-05,5.901224024635359,11.93809416094477,23324.6734022497,0.4516456006853836
2.59999999999998e-06,2.0,8.620531875711461e-05,0.6846107373853814,0.6169208475779419,0.5051552057326365,0.1617460823003656,0.0005108876924899765,4.24726170966189e-05,5.926405713225939,12.0286369763319,23544.5816236176,0.4551747652775763
2.60499999999998e-06,2.0,8.569095420573998e-05,0.6833546473173562,0.6198089404232835,0.5051166760933894,0.1611845472327391,0.0005099588267479873,4.208498186251019e-05,5.951139565945182,12.11735883394225,23761.44543122192,0.4586243931905444
2.60999999999998e-06,2.0,8.518902917974614e-05,0.6821288005125703,0.622627701849134,0.5050790921964201,0.1606367346017823,0.0005090379658503363,4.171021415921065e-05,5.975393453673723,12.20415613085334,23974.94283253819,0.46199096724735167
2.61499999999998e-06,2.0,8.470005701233391e-05,0.680934406733822,0.6253742473595988,0.505042490959629,0.160103175211003,0.0005081271152154552,4.134837113780773e-05,5.999135475682317,12.28892701775231,24184.74954351054,0.46527107214859575
2.61999999999998e-06,2.0,8.422453483297611e-05,0.6797726447035701,0.6280457825472152,0.5050069080633645,0.1595843848180044,0.0005072282806109794,4.099950256780305e-05,6.022334031041253,12.37157157631728,24390.53982048312,0.4684613977292108
2.62499999999998e-06,2.0,8.376294327470553e-05,0.6786446609406771,0.6306396054962906,0.504972377920959,0.1590808637983781,0.0005063434621147584,4.066365147928878e-05,6.044957880444954,12.45199198042149,24591.98728154874,0.4715587416979125
2.62999999999998e-06,2.0,8.331574596711409e-05,0.6775515686289337,0.6331531089185212,0.5049389336646479,0.1585930966015129,0.0005054746474163199,4.034085468108338e-05,6.06697621956138,12.53009266690988,24788.76582822921,0.4745600123170083
2.63499999999998e-06,2.0,8.28833893351816e-05,0.6764944465184812,0.6355837820390283,0.5049066071229715,0.1581215514623333,0.000504623805807411,4.003114335098181e-05,6.088358742224362,12.60578048903104,24980.5505486636,0.477462230576695
2.63999999999998e-06,2.0,8.246630218200016e-05,0.6754743378612147,0.6379292122307437,0.504875428813248,0.1576666799050675,0.0005037928815568529,3.973454350419e-05,6.109075714755735,12.67896487860061,25167.01871495139,0.48026253232567623
2.64499999999998e-06,2.0,8.20648955728945e-05,0.6744922493812193,0.6401870864176258,0.5048454279252201,0.1572289165024398,0.000502983788032285,3.945107653407877e-05,6.129098039528587,12.74955798982559,25347.85075221398,0.482958169915186
2.64999999999998e-06,2.0,8.167956250044515e-05,0.6735491502812563,0.6423551922478167,0.5048166323193954,0.1568086784265394,0.000502198401247874,3.918075963315561e-05,6.148397329229575,12.81747485117422,25522.73129369799,0.4855465138212773
2.65499999999998e-06,2.0,8.131067784556517e-05,0.6726459712862755,0.644431419061222,0.5047890685161603,0.1564063652541772,0.0005014385542133597,3.892360628642169e-05,6.166945969738717,12.88263349812692,25691.35019611081,0.48802505380704486
2.65999999999998e-06,2.0,8.095859811548762e-05,0.6717836037249026,0.6464137586526775,0.5047627616991747,0.1560223585631321,0.0005007060307473126,3.867962664677908e-05,6.184717193250533,12.94495511344361,25853.40363111472,0.4903914000895454
2.66499999999998e-06,2.0,8.062366147172152e-05,0.6709628986498061,0.6483003058594095,0.5047377357090876,0.1556570217815736,0.0005000025601414588,3.844882798280947e-05,6.201685139377807,13.0043641477189,26008.59512407249,0.49264328407783586
2.66999999999998e-06,2.0,8.030618753025117e-05,0.6701846659978099,0.6500892589748374,0.504714013051064,0.1553106998272345,0.0004993298113237065,3.823121501014373e-05,6.217824926020207,13.06078844711635,26156.63665762844,0.4947785591476029
2.674999999999979e-06,2.0,8.000647744507346e-05,0.6694496737905845,0.6517789200183268,0.5046916148921652,0.1549837189981267,0.0004986893879162673,3.802679029515485e-05,6.23311270758161,13.11415936095473,26297.24970838294,0.49679520102020014
2.679999999999979e-06,2.0,7.972481375886254e-05,0.6687586473767018,0.6533676948653798,0.5046705610720469,0.1546763866515911,0.0004980828228226251,3.783555454351754e-05,6.247525742468476,13.16441185630681,26430.16633600082,0.4986913082137887
2.684999999999979e-06,2.0,7.946146053010967e-05,0.6681122687158034,0.6548540932666619,0.5046508701030259,0.154388991133047,0.000497511573747732,3.76575069609934e-05,6.261042447315421,13.2114846121669,26555.13019053081,0.5004651021336148
2.689999999999979e-06,2.0,7.9216663222045e-05,0.6675111757055897,0.6562367287626163,0.5046325591829655,0.1541218014914644,0.0004969770182724568,3.7492645500142e-05,6.273642460013201,13.25532012059737,26671.89755911496,0.5021149272711519
2.694999999999979e-06,2.0,7.899064886121174e-05,0.6669559615522909,0.6575143185201837,0.5046156441970657,0.1538750674425664,0.0004964804498934814,3.734096717910307e-05,6.28530668886894,13.29586476729837,26780.23831583089,0.5036392510776173
2.699999999999979e-06,2.0,7.87836259525116e-05,0.6664471741852444,0.6586856830997352,0.504600139731969,0.1536490191170621,0.0004960230736382134,3.720246828717898e-05,6.296017370107789,13.33306891922429,26879.93689775225,0.5050366639826731
2.704999999999979e-06,2.0,7.859578465737994e-05,0.6659853157161546,0.6597497461763648,0.5045860590783399,0.1534438670546198,0.0004956060026716091,3.707714466229791e-05,6.305758110952405,13.36688699158565,26970.79316943344,0.5063058791217451
2.709999999999979e-06,2.0,7.842729672335189e-05,0.6655708419435701,0.6607055342232806,0.5045734142453008,0.1532598019811861,0.000495230254494238,3.696499185601227e-05,6.314513940615255,13.39727752202088,27052.62330085844,0.5074457322420944
2.714999999999979e-06,2.0,7.827831567083773e-05,0.6652041619030641,0.6615521761807173,0.5045622159629238,0.1530969948301526,0.0004948967481536163,3.686600537013367e-05,6.322271346368073,13.42420322421338,27125.26052009237,0.5084551813505647
2.719999999999979e-06,2.0,7.814897672665837e-05,0.6648856374635668,0.6622889031150175,0.5045524736961937,0.1529555965452768,0.0004946063010589394,3.678018078150783e-05,6.329018317141721,13.44763104882876,27188.55586764205,0.5093333065697407
2.724999999999979e-06,2.0,7.803939700961685e-05,0.6646155829702441,0.6629150478900543,0.5045441956466488,0.1528357381257577,0.0004943596268254351,3.670751393821925e-05,6.334744371770962,13.46753222398742,27242.37881331475,0.5100793097642966
2.729999999999979e-06,2.0,7.794967545890712e-05,0.6643942649342769,0.6634300448535217,0.5045373887651715,0.152737530451671,0.0004941573327310868,3.66480010443754e-05,6.339440594445342,13.48388230323215,27286.61786461819,0.5106925144018508
2.734999999999979e-06,2.0,7.787989301033411e-05,0.6642219017698465,0.6638334295578217,0.5045320587521513,0.1526610643501316,0.00049399991821498,3.660163881613456e-05,6.343099654454051,13.49666119313809,27321.18102753325,0.51117236520769
2.739999999999979e-06,2.0,7.783011251226447e-05,0.6640986635785868,0.664124838514439,0.5045282100685397,0.1526064104407095,0.0004938877729940331,3.656842452666496e-05,6.345715832882407,13.50585318855889,27345.99625069492,0.5115184280737295
2.744999999999979e-06,2.0,7.780037888626003e-05,0.6640246719817136,0.6643040089996678,0.5045258459340555,0.1525736192204881,0.0004938211762295236,3.654835612219882e-05,6.347285033343703,13.51144698761391,27361.01171435773,0.5117303897791797
2.749999999999979e-06,2.0,7.779071902535369e-05,0.6639999999999999,0.66437077890803,0.5045249683360934,0.1525627209276129,0.0004938002953159722,3.654143222720835e-05,6.347804799486483,13.51343571444071,27366.1960971363,0.5118080579804171
2.754999999999979e-06,2.0,7.780114193501395e-05,0.6640246719817132,0.6643250866656216,0.5045255780256687,0.1525737256437943,0.000493825185724188,3.654765222064374e-05,6.347274316379889,13.51181692172428,27361.5386827818,0.5117513610218274
2.759999999999979e-06,2.0,7.783163861075134e-05,0.6640986635785859,0.6641669711998252,0.5045276745239408,0.1526066231749291,0.0004938957904688827,3.656701620135292e-05,6.34569441858331,13.5065926010832,27347.04944186837,0.511560348024896
2.764999999999979e-06,2.0,7.78821821577041e-05,0.6642219017698453,0.6638965719713764,0.5045312561157499,0.1526613831704252,0.0004940119406317182,3.659952502456921e-05,6.343067582042173,13.49776917323623,27322.75895189081,0.5112351888009512
2.769999999999979e-06,2.0,7.795272764693792e-05,0.6643942649342752,0.6635141290642137,0.5045363198537075,0.1527379550206712,0.0004941733555092735,3.664518022756035e-05,6.339397922666389,13.48535748604703,27288.71829228754,0.5107761740435425
2.774999999999979e-06,2.0,7.804321221432134e-05,0.664615582970242,0.6630199833335856,0.5045428615493575,0.1528362679934148,0.0004943796438147054,3.670398402640223e-05,6.334691178790098,13.46937279231279,27244.99877944234,0.5101837153401708
2.779999999999978e-06,2.0,7.815355489726806e-05,0.6648856374635643,0.6624145766063883,0.5045508757749646,0.1529562311487156,0.0004946303045028406,3.67759392018017e-05,6.328954700401614,13.44983473538612,27191.69167951552,0.5094583454576727
2.784999999999978e-06,2.0,7.828365671595089e-05,0.6652041619030611,0.6616984519296641,0.5045603558525094,0.153097733493447,0.0004949247286442071,3.686104905613714e-05,6.322197422415035,13.42676731447515,27128.90776594721,0.5086007184362171
2.789999999999978e-06,2.0,7.843340049457006e-05,0.6655708419435666,0.6608722538589733,0.5045712938534805,0.1532606439151908,0.0004952622009189741,3.695931725934181e-05,6.31442984488561,13.40019885767213,27056.77686043404,0.5076116099437825
2.794999999999978e-06,2.0,7.86026509301926e-05,0.6659853157161509,0.6599367287783529,0.5045836805860873,0.1534448113567215,0.0004956419021516117,3.707074776615646e-05,6.305663997527375,13.37016197456112,26975.44722615346,0.5064919174216314
2.799999999999978e-06,2.0,7.879125440481248e-05,0.6664471741852401,0.658892725242179,0.5045975055935223,0.1536500647710374,0.0004960629114596857,3.719534462189497e-05,6.295913411427112,13.33669351641601,26885.08495257634,0.5052426604711416
2.804999999999978e-06,2.0,7.899903904917621e-05,0.6669559615522863,0.6577411943264274,0.5046127571399405,0.1538762133183752,0.0004965242094312937,3.733311183976819e-05,6.2851930754134,13.29983451586758,26785.87320263976,0.5038649810080522
2.809999999999978e-06,2.0,7.922581455383176e-05,0.6675111757055849,0.6564831899781768,0.5046294222078086,0.1541230463451995,0.0004970246809079992,3.748405316628641e-05,6.273519399944256,13.25963013399599,26678.01146166903,0.5023601436329773
2.814999999999978e-06,2.0,7.947137223708699e-05,0.6681122687157982,0.6551198693477307,0.5046474864833389,0.1543903336068426,0.0004975631187799858,3.764817191842579e-05,6.260910166084162,13.21612958679856,26561.71466085394,0.5007295357408881
2.819999999999978e-06,2.0,7.973548486488499e-05,0.668758647376696,0.6536524930912083,0.5046669343536758,0.1546778252737482,0.0004981382273747558,3.782547070829526e-05,6.24738448238017,13.16938607892888,26437.21231420648,0.49897466781746014
2.824999999999978e-06,2.0,8.001790673347563e-05,0.6694496737905784,0.6520824256244478,0.5046877488925882,0.1549852521832159,0.000498748626836591,3.801595123981258e-05,6.232962727330272,13.11945671674451,26304.7475437821,0.49709717344123194
2.829999999999978e-06,2.0,8.031837350920296e-05,0.6701846659978035,0.650411135316972,0.5047099118583451,0.1553123258764889,0.0004993928570838019,3.821961399212554e-05,6.217666500176902,13.06640242851989,26164.57613114648,0.4950988094404831
2.834999999999978e-06,2.0,8.063660233751547e-05,0.6709628986497993,0.6486401946033459,0.5047334036805677,0.155658738883274,0.0005000693827298557,3.843645797527963e-05,6.201518557850394,13.01028786397214,26016.96547177029,0.4929814557200719
2.839999999999978e-06,2.0,8.097229171453143e-05,0.6717836037248955,0.6467712800013591,0.5047582034597319,0.1560241647933525,0.0005007765975620119,3.866648037173378e-05,6.184542760695788,12.95118130089991,25862.19356885212,0.4907471152080066
2.844999999999978e-06,2.0,8.132512163459242e-05,0.672645971286268,0.6448061720132332,0.5047842889561255,0.1564082585775483,0.000501512829951355,3.890967625030389e-05,6.166764004947029,12.8891545312572,25700.54794511918,0.4883979134356849
2.849999999999978e-06,2.0,8.169475350582355e-05,0.6735491502812485,0.6427467548995872,0.5048116365919509,0.1568106566974365,0.0005022763477953145,3.916603816486906e-05,6.148208164461337,12.82428275438499,25532.32460711267,0.4859360982021507
2.854999999999978e-06,2.0,8.208083034847138e-05,0.6744922493812112,0.6405950163018147,0.5048402214433776,0.1572309774662072,0.0005030653643530806,3.943555582564939e-05,6.128902019824972,12.75664444992761,25357.82694229422,0.4833640388356075
2.859999999999978e-06,2.0,8.248297676648794e-05,0.675474337861206,0.638353046704231,0.5048700172462259,0.1576688211997333,0.0005038780435837935,3.971821565393868e-05,6.108873197200856,12.68632125808567,25177.36468105496,0.4806842255044977
2.864999999999978e-06,2.0,8.290079920844764e-05,0.6764944465184722,0.6360230387113333,0.5049009963920871,0.1581237706203748,0.0005047125063332348,4.001400040949403e-05,6.08815009518422,12.61339783995911,24991.2528056738,0.47789926809095845
2.869999999999978e-06,2.0,8.333388600649138e-05,0.6775515686289245,0.6336072861346483,0.5049331299385251,0.1585953910521689,0.000505566835989138,4.032288869981881e-05,6.066761821874459,12.53796174556834,24799.8105355109,0.47501189508247943
2.874999999999978e-06,2.0,8.3781807710634e-05,0.6786446609406676,0.6311081828637967,0.5049663876102007,0.159083230870021,0.0005064390849350301,4.064485456212472e-05,6.044738120592541,12.46010326254089,24603.36027212308,0.4720249519937757
2.879999999999978e-06,2.0,8.424411720516333e-05,0.6797726447035604,0.6285282215207775,0.5050007378144772,0.1595868217411089,0.0005073272804345353,4.097986692537741e-05,6.022109306270569,12.37991527298897,24402.22663048071,0.4689413997796686
2.884999999999977e-06,2.0,8.472035012571289e-05,0.6809344067338121,0.6258699918724072,0.5050361476483682,0.1601056791211731,0.0005082294312596371,4.132788914493727e-05,5.998906191112864,12.29749309182649,24196.73544160437,0.4657643127512341
2.889999999999977e-06,2.0,8.521002506149148e-05,0.68212880051256,0.6231361790037753,0.5050725829203444,0.1606393025434134,0.0005091435337078387,4.168887841525869e-05,5.975160021358363,12.21293431395087,23987.21284941037,0.46249687646036186
2.894999999999977e-06,2.0,8.571264406257546e-05,0.6833546473173454,0.6203295612305346,0.5051100081638076,0.1611871761627295,0.0005100675783052726,4.206278525497489e-05,5.950902403918497,12.12633864384778,23773.984388771,0.45914238506780514
2.899999999999977e-06,2.0,8.622769293422373e-05,0.6846107373853705,0.617453007754938,0.5051483866657417,0.161748769092488,0.0005109995558548229,4.244955286784305e-05,5.926165244510162,12.03780773488246,23557.37416394634,0.45570423866245
2.904999999999977e-06,2.0,8.67546418395008e-05,0.6858958311073875,0.6145094760488822,0.5051876804872808,0.1623235359966115,0.0005119374641099435,4.284911657577485e-05,5.900980676238251,11.94744501218894,23337.70401617474,0.45218594005227064
2.909999999999977e-06,2.0,8.729294568949148e-05,0.6872086602510441,0.6115020089707597,0.5052278504996695,0.1629109174736369,0.0005128793137489268,4.326140312534421e-05,5.875381000023665,11.85535550622172,23115.29279581229,0.4485910914971228
2.914999999999977e-06,2.0,8.784204484371517e-05,0.6885479292124753,0.6084337316040291,0.5052688564123009,0.163510340695576,0.0005138231349135663,4.368633006613062e-05,5.849398616018019,11.7616456712148,22890.45562962693,0.4449233909084531
2.919999999999977e-06,2.0,8.840136559730025e-05,0.6899123162949079,0.6053078478283195,0.5053106568162766,0.1641212198377,0.0005147669830046094,4.412380500002219e-05,5.823065967165287,11.66642321541287,22663.50329486537,0.4411866279906195
2.924999999999977e-06,2.0,8.897032097881008e-05,0.6913004750130162,0.6021276366144875,0.5053532092200895,0.1647429567621235,0.0005157089449809539,4.457372490224326e-05,5.796415474243615,11.56979691762309,22434.74159256708,0.43738467985236407
2.929999999999977e-06,2.0,8.954831133254933e-05,0.6927110354217398,0.59889644805982,0.505396470100839,0.1653749414908047,0.0005166471448744547,4.503597531083014e-05,5.769479483301307,11.47187645673597,22204.4708280032,0.43352150656901534
2.934999999999977e-06,2.0,9.013472521045498e-05,0.6941426054682542,0.5956176991568592,0.5054403949475296,0.1660165529308788,0.0005175797497499828,4.551042958803285e-05,5.742290205018065,11.37277222902951,21972.98529264936,0.42960114622598045
2.939999999999977e-06,2.0,9.072894004472369e-05,0.6955937723657593,0.5922948693186494,0.5054849383197847,0.1666671593874797,0.0005185049748438408,4.599694804786531e-05,5.714879666649556,11.27259517966876,21740.57285190706,0.4256277099311697
2.944999999999977e-06,2.0,9.133032312751866e-05,0.6970631039877285,0.5889314956562183,0.5055300538984886,0.167326119327015,0.0005194210890929634,4.649537715624856e-05,5.687279656288475,11.17145662347118,21507.51453503607,0.42160537632920325
2.949999999999977e-06,2.0,9.193823236616484e-05,0.6985491502812455,0.5855311680351825,0.5055756945516263,0.1679927819256343,0.0005203264198100637,4.700554859557653e-05,5.659521679838071,11.06946808103053,21274.08422787997,0.4175383861095482
2.954999999999977e-06,2.0,9.255201734158756e-05,0.7000504446980315,0.5820975239126494,0.5056218123917711,0.1686664878659222,0.0005212193577006452,4.752727840326688e-05,5.631636910635401,10.96674110556304,21040.54836708813,0.41343103604672715
2.959999999999977e-06,2.0,9.317102013564889e-05,0.7015655056417502,0.5786342429831808,0.5056683588484497,0.1693465699161842,0.0005220983609997378,4.806036597386179e-05,5.603656151853696,10.8633871261756,20807.165732859,0.4092876730669966
2.964999999999977e-06,2.0,9.379457645656224e-05,0.7030928379301656,0.5751450416388832,0.5057152847317737,0.1700323537554593,0.0005229619599075243,4.860459313777278e-05,5.575609791827812,10.75951728317436,20574.187241223,0.4051126878834239
2.969999999999977e-06,2.0,9.442201652548221e-05,0.7046309342707064,0.5716336672770307,0.5057625403105148,0.1707231585783048,0.0005238087601258861,4.915972310388446e-05,5.547527772160994,10.65524228073808,20341.85582955374,0.4009105086987259
2.974999999999977e-06,2.0,9.5052666254839e-05,0.7061782767479812,0.5681038924615054,0.5058100753809723,0.1714182979426004,0.0005246374466576711,4.972549948314553e-05,5.519439548966388,10.5506722327746,20110.40633868243,0.39668559451890495
2.979999999999977e-06,2.0,9.568584817915242e-05,0.7077333383217773,0.5645595089749436,0.5058578393497583,0.1721170803941755,0.0005254467866952767,5.03016451781795e-05,5.491374066827711,10.44591652686564,19880.06548210858,0.39244242858076805
2.984999999999977e-06,2.0,9.63208826703971e-05,0.7092945843340669,0.5610043217705357,0.5059057813068167,0.1728188103316301,0.0005262356327431875,5.088786136039034e-05,5.463359726043605,10.34108368234147,19651.05180816994,0.3881855114389056
2.989999999999976e-06,2.0,9.695708889634315e-05,0.710860474023527,0.5574421428618409,0.5059538501117611,0.1735227886449704,0.0005270029248255356,5.148382631765502e-05,5.435424362465596,10.23628122692221,19423.5757426032,0.3839193542168705
2.994999999999976e-06,2.0,9.759378605553261e-05,0.7124294620460861,0.5538767851614079,0.5060019944698065,0.1742283135915769,0.000527747692905796,5.20891943988897e-05,5.407595220705997,10.13161556818097,19197.83961990618,0.37964847156983106
2.999999999999976e-06,2.0,9.82302943452648e-05,0.7139999999999924,0.5503120563086585,0.5060501630203673,0.1749346814429981,0.0005284690583943936,5.270359483674917e-05,5.379898939752342,10.02719188380491,18974.03778807741,0.3753773748656605
3.004999999999976e-06,2.0,9.88659361978471e-05,0.715570537953899,0.546751752497851,0.5060983044145551,0.1756411873662525,0.0005291662358531434,5.332663068007817e-05,5.352361531977044,9.923114007103958,18752.35669771241,0.3711105651315985
3.009999999999976e-06,2.0,9.950003723961063e-05,0.7171395259764581,0.5431996523475109,0.5061463674046514,0.1763471260730592,0.0005298385337965848,5.395787761576067e-05,5.3250083743082,9.819484331270715,18532.97505734191,0.3668525262744517
3.014999999999976e-06,2.0,0.0001001319275097074,0.7187054156659181,0.5396595108233901,0.5061943009217357,0.1770517927008601,0.000530485355680985,5.459688291722753e-05,5.297864192761924,9.716403709076868,18316.06396863473,0.36260771812253
3.019999999999976e-06,2.0,0.000100760942391386,0.7202666616782077,0.5361350532540053,0.5062420541645906,0.1777544834590175,0.0005311062000042081,5.524316429797202e-05,5.270953058836949,9.613971371001009,18101.78712077704,0.35838056979498784
3.024999999999976e-06,2.0,0.0001013864237946583,0.721821723252004,0.5326299694531017,0.5062895766760108,0.178454496504237,0.0005317006605890442,5.589620891321335e-05,5.244298379183022,9.512284838755049,17890.30096035027,0.3541754729488647
3.029999999999976e-06,2.0,0.0001020077210414988,0.7233690657292788,0.5291479079849931,0.5063368184296663,0.1791511325786319,0.0005322684259957399,5.655547228687044e-05,5.217922896783366,9.411439856710524,17681.75491361167,0.3499967754063612
3.034999999999976e-06,2.0,0.0001026241919943381,0.7249071620698198,0.5256924705873478,0.5063837299036306,0.1798436958746297,0.0005328092791174154,5.722037741318128e-05,5.191848685274903,9.311530318474926,17476.29158016773,0.34584877471271813
3.039999999999976e-06,2.0,0.0001032352038776853,0.7264344943582354,0.5222672067844282,0.5064302621637798,0.1805314946602178,0.0005333230959260695,5.789031380885775e-05,5.166097154393192,9.21264821066605,17274.04697272501,0.3417357121242104
3.044999999999976e-06,2.0,0.000103840134335572,0.727949555301954,0.5188756087053114,0.5064763669331327,0.1812138421288899,0.0005338098444039071,5.856463677134761e-05,5.140689048376687,9.114883551451827,17075.15072456223,0.33766176657642144
3.049999999999976e-06,2.0,0.0001044383721735354,0.7294508497187401,0.5155211061361323,0.5065219966704005,0.1818900570078731,0.0005342695826487865,5.924266661763179e-05,5.115644455073255,9.018324345477339,16879.72633734181,0.33363104912825925
3.054999999999976e-06,2.0,0.0001050293183297124,0.7309368960122573,0.512207061819046,0.5065671046338341,0.1825594643891576,0.0005347024571691932,5.992368816529049e-05,5.090982807794311,8.923056533074146,16687.89139349451,0.32964759742988836
3.059999999999976e-06,2.0,0.0001056123865229649,0.7324062276342266,0.5089367670241489,0.506611644953664,0.1832213963170274,0.000535108700378442,6.060695022822961e-05,5.066722897425081,8.82916395501449,16499.75780391963,0.32571537070712153
3.064999999999976e-06,2.0,0.0001061870041244389,0.7338573945317319,0.5057134374037747,0.5066555726892644,0.1838751925967227,0.0005354886282841077,6.129166539458358e-05,5.042882877046854,8.736728311047482,16315.43201774986,0.32183824480705203
3.069999999999976e-06,2.0,0.0001067526126998891,0.7352889645782467,0.5025402091518932,0.5066988438943759,0.1845202013581018,0.0005358426374026736,6.197700985644214e-05,5.019480276356605,8.645829133155187,16135.01526318079,0.31802000779379147
3.074999999999976e-06,2.0,0.0001073086687709847,0.7366995249869704,0.4994201354742002,0.5067414156665655,0.1851557798390048,0.0005361712018764299,6.26621235639463e-05,4.996532008349817,8.556543752132347,15958.60374855484,0.3142643556351954
3.079999999999976e-06,2.0,0.0001078546442425519,0.738087683705079,0.4963561833880352,0.5067832462043135,0.1857812949223526,0.0005364748698424933,6.334611046959659e-05,4.974054385341542,8.468947278143906,15786.28889109075,0.3105748884656826
3.084999999999976e-06,2.0,0.0001083900270457786,0.7394520707875119,0.4933512308535104,0.5068242948479507,0.1863961238917559,0.0005367542600127754,6.402803913925067e-05,4.952063127000044,8.38311257424925,15618.15750479506,0.30695510696175454
3.089999999999975e-06,2.0,0.000108914321444063,0.7407913397489432,0.4904080642497644,0.5068645221279104,0.1869996549398306,0.0005370100575339549,6.47069434906537e-05,4.930573377271792,8.299110243269656,15454.29201341337,0.30340840930993385
3.094999999999975e-06,2.0,0.0001094270485533839,0.7421041688926001,0.4875293761946574,0.5069038897965655,0.1875912878940229,0.0005372430100694205,6.53818239383628e-05,4.909599713079156,8.217008607405843,15294.77062222563,0.2999380883006345
3.099999999999975e-06,2.0,0.0001099277465237383,0.7433892626146172,0.4847177637158056,0.5069423608671885,0.1881704346943217,0.0005374539231910352,6.60516486994069e-05,4.889156161487425,8.136873700714471,15139.66751308328,0.2965473290214839
3.104999999999975e-06,2.0,0.0001104159709352846,0.7446453526826426,0.4819757267673218,0.506979899636373,0.1887365200876669,0.0005376436560068124,6.671535553933353e-05,4.869256208427498,8.058769254251109,14989.05299860731,0.2932392066796549
3.109999999999975e-06,2.0,0.0001108912948557665,0.7458711994874285,0.4793056670946626,0.5070164717135253,0.1892889820735951,0.0005378131161311071,6.737185370471535e-05,4.849912815503454,7.98275669374176,14842.99369856896,0.2900166850210675
3.114999999999975e-06,2.0,0.0001113533091145414,0.7470655932661767,0.4767098874375718,0.5070520440338214,0.1898272725659243,0.0005379632549087477,6.802002632080551e-05,4.831138428172566,7.908895129965557,14701.55267632007,0.2868826148716475
3.119999999999975e-06,2.0,0.0001118016222399006,0.7482273552964287,0.4741905910680806,0.5070865848783406,0.1903508578051623,0.0005380950620182102,6.865873299041436e-05,4.812944991674892,7.837241361464319,14564.78959697105,0.2838397332629183
3.124999999999975e-06,2.0,0.0001122358606166066,0.7493553390593218,0.4717498816491823,0.5071200638778045,0.1908592189864277,0.0005382095603519225,6.928681286997093e-05,4.795343958196058,7.767849870103981,14432.76084695479,0.28089066266275464
3.129999999999975e-06,2.0,0.0001126556683105013,0.7504484313710651,0.4693897634056577,0.5071524520237458,0.1913518526377058,0.0005383078003168669,6.99030879473075e-05,4.778346301502076,7.700772828843268,14305.51967537963,0.2780379107679519
3.134999999999975e-06,2.0,0.0001130607071186096,0.7515055534815176,0.4671121415889716,0.5071837216635666,0.191828271213166,0.0005383908544416334,7.050636679277353e-05,4.761962522719978,7.636060102544032,14183.11629840632,0.2752838703758056
3.139999999999975e-06,2.0,0.00011345065629175,0.7525256621387844,0.4649188232218339,0.507213846503414,0.1922880034365312,0.0005384598114503781,7.109544849556558e-05,4.746202663377343,7.573759260889441,14065.59802576353,0.2726308197853027
3.144999999999975e-06,2.0,0.0001138252124894496,0.7535077506187797,0.4628115181015552,0.5072428015953668,0.1927305948591288,0.0005385157706791549,7.166912705126914e-05,4.731076309556301,7.513915584515531,13953.00935205533,0.2700809232424264
3.149999999999975e-06,2.0,0.0001141840894143217,0.7544508497187427,0.4607918400424874,0.5072705633329574,0.1931556081677685,0.0005385598360115331,7.222619589917218e-05,4.716592603160988,7.456572083117364,13845.39207071075,0.2676362318747189
3.154999999999975e-06,2.0,0.0001145270176868702,0.7553540287137237,0.4588613083339129,0.5072971094315459,0.193562623706981,0.0005385931101990392,7.27654528691721e-05,4.702760244325138,7.401769506848218,13742.78535444478,0.26529868462693196
3.159999999999975e-06,2.0,0.0001148537444080069,0.7562163962750965,0.4570213493896973,0.5073224189176536,0.1939512397508978,0.000538616688758787,7.328570522345364e-05,4.689587500854536,7.349546369465971,13645.2258588619,0.2630701096387995
3.164999999999975e-06,2.0,0.0001151640329711751,0.7570371013501931,0.4552732985636285,0.5073464721037975,0.1943210729892176,0.0005386316543044243,7.378577504669261e-05,4.677082208889536,7.299938964706558,13552.7477940997,0.2609522255744109
3.169999999999975e-06,2.0,0.0001154576625714186,0.7578153340021894,0.453618402103686,0.5073692505729916,0.1946717587626526,0.0005386390705167168,7.426450465739456e-05,4.665251780586088,7.252981394027034,13465.3830199678,0.25894664334103334
3.174999999999975e-06,2.0,0.0001157344279740025,0.7585503262094146,0.4520578192179862,0.5073907371494745,0.1950029515122092,0.0005386399766009704,7.472076228880736e-05,4.654103203144466,7.208705587331178,13383.16111035972,0.257054867705777
3.179999999999975e-06,2.0,0.0001159941389898386,0.7592413526232975,0.4505926242231577,0.5074109158798727,0.1953143249778213,0.0005386353814496254,7.515344770113707e-05,4.643643044894493,7.167141334508275,13306.10944126879,0.2552782992453364
3.184999999999975e-06,2.0,0.0001162366202207851,0.7598877312841958,0.4492238087477289,0.5074297720013681,0.1956055726105689,0.0005386262583484172,7.556149796972519e-05,4.633877452893948,7.128316309507595,13234.25324893194,0.25361823613715995
3.189999999999975e-06,2.0,0.0001164617105219116,0.7604888242944096,0.4479522839606236,0.5074472919210814,0.1958764077341459,0.0005386135394546454,7.594389310232368e-05,4.624812157664783,7.092256104502566,13167.61571141265,0.25207587622647765
3.194999999999974e-06,2.0,0.0001166692627439115,0.7610440384477085,0.4467788827970159,0.507463463183266,0.196126563919684,0.0005385981108766821,7.629966172868583e-05,4.616452469633685,7.058984255944471,13106.21800075474,0.25065231887733186
3.199999999999974e-06,2.0,0.0001168591432025086,0.7615528258147551,0.4457043621531373,0.5074782744485031,0.1963557951097186,0.0005385808075915279,7.662788650986935e-05,4.608803282822604,7.028522279838176,13050.07935813556,0.2493485670434187
3.204999999999974e-06,2.0,0.0001170312314379174,0.7620146842838449,0.4447294050229059,0.5074917154614724,0.1965638759553117,0.0005385624090201775,7.692770951170239e-05,4.601869070446361,7.000889698116519,12999.217139669,0.24816552906759423
3.209999999999974e-06,2.0,0.0001171854197107592,0.7624291580564295,0.4438546225501412,0.5075037770314794,0.1967506019022202,0.0005385436345033371,7.719833718752796e-05,4.595653887889251,6.976104073266793,12953.64688452847,0.24710402064792097
3.214999999999974e-06,2.0,0.0001173216127971578,0.7627958380969355,0.4430805559712922,0.5075144510022827,0.1969157894900298,0.0005385251394879102,7.743904521873796e-05,4.590161367789633,6.954181033182509,12913.38235350595,0.2461647664812624
3.219999999999974e-06,2.0,0.0001174397275288228,0.7631143625364329,0.4424076784253511,0.5075237302353574,0.1970592764002609,0.0005385075116701056,7.764918285956636e-05,4.585394722635375,6.935134303267966,12878.43558905914,0.2453484020250902
3.224999999999974e-06,2.0,0.0001175396926403326,0.7633844170297556,0.4418363966095529,0.5075316085830952,0.1971809217172703,0.000538491267896423,7.782817704147987e-05,4.581356739652806,6.9189757278964,12848.81694539797,0.24465547489228257
3.229999999999974e-06,2.0,0.0001176214483686451,0.7636057350657228,0.4413670522605923,0.5075380808760315,0.1972806059380555,0.0005384768510691694,7.79755358886022e-05,4.578049783328836,6.905715298173147,12824.53513918295,0.24408644632253682
3.234999999999974e-06,2.0,0.0001176849463663939,0.7637780982301532,0.4409999234448344,0.507543142900525,0.1973582311947222,0.0005384646278489033,7.809085190890339e-05,4.575475790384425,6.895361168258829,12805.59726978707,0.2436416922501122
3.239999999999974e-06,2.0,0.0001177301493730964,0.763901336421413,0.4407352256411733,0.5075467913909479,0.1974137212258025,0.0005384548863991476,7.817380452069263e-05,4.573636272483525,6.887919677193381,12792.0088593782,0.2433215044153708
3.244999999999974e-06,2.0,0.0001177570312050392,0.7639753280182863,0.4405731126054317,0.5075490240127065,0.1974470215601305,0.0005384478349572471,7.822416219070316e-05,4.572532311513582,6.883395358643303,12783.77386212324,0.2431260910453012
3.249999999999974e-06,2.0,0.0001177655765069909,0.764,0.4405136770045314,0.5075498393601028,0.1974580994495318,0.0005384436004735575,7.824178385401366e-05,4.572164562674949,6.881790955561608,12780.8946926087,0.24305557755499962
3.254999999999974e-06,2.0,0.0001177557808255726,0.7639753280182868,0.4405569508149187,0.5075492369452783,0.1974469440140059,0.0005384422280947832,7.822661990516273e-05,4.572533250217738,6.883107422352625,12783.37222306601,0.2431100068009128
3.259999999999974e-06,2.0,0.0001177276504464817,0.763901336421414,0.4407029054790712,0.5075472172021573,0.1974135661357083,0.0005384436807290811,7.817871244322338e-05,4.573638171025832,6.887343931637671,12791.20579948463,0.24328933934336291
3.264999999999974e-06,2.0,0.0001176812025543375,0.7637780982301547,0.44095145181996,0.5075437814815734,0.1973579985653871,0.0005384478394613947,7.80981950740009e-05,4.575478690875642,6.894497868371934,12804.39322640509,0.24359345325457288
3.269999999999974e-06,2.0,0.0001176164651563919,0.7636057350657249,0.4413024397129185,0.5075389320613927,0.1972802957776359,0.0005384545040506211,7.798529196575422e-05,4.57805374854231,6.904564828545789,12822.9307705757,0.2440221439352826
3.274999999999974e-06,2.0,0.0001175334773278207,0.7633844170297581,0.4417556575208438,0.5075326721477524,0.1971805340385999,0.0005384633942710571,7.78403164751313e-05,4.581361852557366,6.917538605371514,12846.81313339063,0.2445751234822439
3.279999999999974e-06,2.0,0.0001174322892188714,0.7631143625364359,0.4423108312972475,0.5075250058911441,0.1970588112225338,0.0005384741513224103,7.766366905363078e-05,4.58540108577659,6.933411180336664,12876.03344247679,0.24525202007471372
3.284999999999974e-06,2.0,0.0001173129623805504,0.7627958380969392,0.4429676237689449,0.5075159383933756,0.1969152468408411,0.0005384863400661945,7.745583476376234e-05,4.590169102526816,6.952172702141285,12910.58321235535,0.24605237692810378
3.289999999999974e-06,2.0,0.0001171755698482682,0.7624291580564336,0.4437256331083503,0.5075054757290729,0.1967499818200388,0.0005384994513048273,7.721738012836523e-05,4.595663133490913,6.973811471065612,12950.45232482133,0.24697565128831148
3.294999999999974e-06,2.0,0.0001170201965390793,0.7620146842838494,0.4445843915118554,0.5074936249576804,0.1965631784922519,0.0005385129048579997,7.694894965298399e-05,4.601879983054578,6.9983139118406,12995.62897881896,0.2480212130196035
3.299999999999973e-06,2.0,0.0001168469394012178,0.7615528258147602,0.4455433635994991,0.5074803941495438,0.1963550203347285,0.0005385260526441692,7.66512617564221e-05,4.608816034290039,7.025664552730597,13046.09966079543,0.2491883432647706
3.304999999999973e-06,2.0,0.0001166559078706139,0.7610440384477141,0.4466019446569581,0.507465792401985,0.1961257119219751,0.0005385381825205068,7.632510445742892e-05,4.616467246247142,7.05584599390731,13101.84908502496,0.25047623273498304
3.309999999999973e-06,2.0,0.0001164472240724875,0.7604888242944157,0.4477594587391097,0.5074498298688841,0.1958754786270073,0.0005385485220801383,7.597133056227201e-05,4.624829158759543,7.088838882961277,13162.86015525715,0.25188398011210245
3.314999999999973e-06,2.0,0.0001162210233218871,0.7598877312842024,0.4490151566601829,0.5074325177796226,0.1956045665353515,0.0005385562431609556,7.559085270604271e-05,4.633896889375833,7.12462188057714,13229.11389674085,0.25341059012483136
3.319999999999973e-06,2.0,0.0001159774543608169,0.7592413526233045,0.4503682138927886,0.5074138684708702,0.195313242108269,0.0005385604662555833,7.518463799949485e-05,4.643665137674289,7.163171634333091,13300.58941038885,0.2550549717845196
3.324999999999973e-06,2.0,0.000115716679885177,0.7585503262094222,0.4518177284044487,0.5073938954070134,0.1950017920588816,0.000538560265580151,7.475370263560583e-05,4.65412818150429,7.204462743543489,13377.26379754856,0.2568159363455671
3.329999999999973e-06,2.0,0.0001154388767988901,0.7578153340021972,0.4533627184555324,0.5073726132126851,0.1946705229776459,0.0005385546739820641,7.429910621191941e-05,4.665279880482322,7.248467733191474,13459.11210759054,0.25869219547788647
3.334999999999973e-06,2.0,0.0001151442367479061,0.7570371013502014,0.4550021203895112,0.5073500376931815,0.194319761170889,0.0005385426884500165,7.382194612066164e-05,4.677113671214134,7.295157019699412,13546.1072560388,0.2606823592186222
3.339999999999973e-06,2.0,0.0001148329663715046,0.7562163962751053,0.4567347864409303,0.50732618586618,0.1939498522488415,0.0005385232753974704,7.332335176394958e-05,4.689622569658499,7.344498886673136,13638.21996598447,0.2627849341920888
3.344999999999973e-06,2.0,0.0001145052878231327,0.7553540287137329,0.4585594825923906,0.5073010759805735,0.1935611609269024,0.000538495376490494,7.280447894059038e-05,4.702799165028145,7.396459453132201,13735.41867961195,0.2649983216654882
3.349999999999973e-06,2.0,0.0001141614389985123,0.7544508497187523,0.4604748865065418,0.5072747275458024,0.1931540705765644,0.0005384579141823959,7.226650416038163e-05,4.71663562074928,7.451002652451431,13837.66949319552,0.26732081592997736
3.354999999999973e-06,2.0,0.0001138016740229628,0.7535077506187897,0.4624795855638279,0.5072471613475354,0.192728982989764,0.0005384097977359989,7.171061922388509e-05,4.731123666794251,7.508090204256213,13944.93606139332,0.2697506025740639
3.359999999999973e-06,2.0,0.0001134262634362119,0.752525662138795,0.4645720750312819,0.5072183994730827,0.192286317893058,0.0005383499288871593,7.113802582002188e-05,4.746254599032885,7.56768159759137,14057.17952491379,0.2722857571382239
3.364999999999973e-06,2.0,0.0001130354946265058,0.7515055534815286,0.4667507563916092,0.507188465322423,0.1918265126754478,0.0005382772079424513,7.054993046852554e-05,4.76201926982996,7.629734067315531,14174.35840629397,0.27492424371616137
3.369999999999973e-06,2.0,0.0001126296719530561,0.7504484313710764,0.4690139358559812,0.5071573836282587,0.1913500218662168,0.0005381905394555789,6.994753955449165e-05,4.778408085675273,7.694202582155289,14296.42852871135,0.2776639139897644
3.374999999999973e-06,2.0,0.0001122091171086438,0.7493553390593335,0.4713598230876471,0.5071251804610238,0.1908573168266637,0.0005380888382894695,6.933205476943928e-05,4.795410995979879,7.761039826078434,14423.34290142498,0.2805025062609834
3.379999999999973e-06,2.0,0.000111774169162353,0.7482273552964406,0.4737865301562098,0.5070918832422969,0.1903488851920683,0.0005379710351989455,6.870466870026993e-05,4.813017488980792,7.830196191555638,14555.05162775163,0.2834376449641415
3.384999999999973e-06,2.0,0.0001113251848344159,0.747065593266189,0.4762920707475934,0.5070575207426057,0.1898252305278416,0.0005378360827567486,6.806656086697559e-05,4.831216578785503,7.901619766097142,14691.50177800709,0.2864668402197518
3.389999999999973e-06,2.0,0.0001108625384442467,0.7458711994874412,0.4788743596447778,0.5070221230871251,0.1892868717361687,0.0005376829607473847,6.741889394458095e-05,4.849996799667503,7.975256330804919,14832.63728446822,0.2895874879086091
3.394999999999973e-06,2.0,0.0001103866220838404,0.7446453526826556,0.481531212501183,0.5069857217453222,0.1887343426771819,0.0005375106818684592,6.676281045661704e-05,4.869346191532011,8.051049352060119,14978.3987995803,0.2927968698240011
3.399999999999973e-06,2.0,0.0001098978454589699,0.7433892626146307,0.4842603459173695,0.506948349528103,0.1881681915409633,0.0005373182968529584,6.609942967018972e-05,4.889252292842279,8.128939985321605,15128.72357582522,0.29609215437640624
3.404999999999972e-06,2.0,0.0001093966359504673,0.7421041688926137,0.4870593778381462,0.506910040568601,0.1875889804344767,0.0005371048998695157,6.542984496715548e-05,4.909702124802864,8.208867071886415,15283.54530722151,0.2994703974036695
3.409999999999972e-06,2.0,0.0001088834383395981,0.7407913397489571,0.489925828276675,0.5068708303102121,0.1869972847197689,0.0005368696333022765,6.475512141712698e-05,4.930682183277355,8.290767147882773,15442.79399243797,0.3029285435569061
3.414999999999972e-06,2.0,0.0001083587147498993,0.7394520707875261,0.4928571203775808,0.5068307554781,0.1863936925676022,0.0005366116927853364,6.407629381521794e-05,4.952178422101194,8.37457444609402,15606.3957582157,0.3064634278099786
3.419999999999972e-06,2.0,0.0001078229442511314,0.7380876837050935,0.4958505818207686,0.5067898540578506,0.1857788042628974,0.000536330331580092,6.339436490751337e-05,4.9741762444613,8.460220910211014,15774.27270482021,0.3100717775578712
3.424999999999972e-06,2.0,0.000107276622677793,0.7366995249869851,0.4989034465733082,0.5067481652575602,0.185153231726244,0.0005360248651889961,6.271030405705978e-05,4.996660485853024,8.547636201879518,15946.34271092204,0.3137502148470642
3.429999999999972e-06,2.0,0.0001067202621095738,0.7352889645782615,0.5020128569859124,0.5067057294771072,0.1845175977879123,0.0005356946752793963,6.202504607240214e-05,5.019615405484776,8.636747720494673,16122.51926153662,0.31749525919800003
3.434999999999972e-06,2.0,0.0001061543905661453,0.7338573945317471,0.5051758662367635,0.5066625882609855,0.1838725356787109,0.0005353392138296978,6.13394904430444e-05,5.043024669477318,8.727480615881161,16302.71123508159,0.3213033305580526
3.439999999999972e-06,2.0,0.0001055795513654863,0.732406227634242,0.5083894411139714,0.5066187842584762,0.1832186882742197,0.0005349580065556093,6.065450070470218e-05,5.066871342929001,8.819757814182077,16486.8227152429,0.3251707528397517
3.444999999999972e-06,2.0,0.0001049963026979865,0.7309368960122727,0.5116504651356096,0.5065743611676433,0.1825567075568263,0.0005345506565478142,5.997090417194877e-05,5.091137874015956,8.91350003687036,16674.75276231949,0.32909375757878334
3.449999999999972e-06,2.0,0.0001044052168673478,0.7294508497187557,0.5149557419928562,0.5065293636869646,0.1818872538322144,0.0005341168471615651,5.928949176367483e-05,5.115806087402278,9.00862583357149,16866.39521191974,0.33306848816064183
3.454999999999972e-06,2.0,0.0001038068797502544,0.7279495553019698,0.518301999311973,0.5064838374511482,0.1812109951648253,0.0005336563451090164,5.861101815373166e-05,5.140857169936027,9.10505160837305,17061.63843421191,0.33709100414714765
3.459999999999972e-06,2.0,0.0001032018899276618,0.7264344943582512,0.5216858927152389,0.5064378289750245,0.180528606569065,0.000533169002776536,5.793620197611836e-05,5.166271666112199,9.202691660670324,17260.36512390311,0.3411572861461739
3.464999999999972e-06,2.0,0.000102590858039297,0.7249071620698359,0.5251040101745187,0.5063913855820641,0.1798407694208974,0.0005326547607378885,5.726572631312884e-05,5.192029466070649,9.301458219971467,17462.4520525943,0.34526324075362125
3.469999999999972e-06,2.0,0.0001019744058159602,0.7233690657292949,0.5285528766308729,0.506344555341523,0.1791481706267202,0.0005321136494660856,5.660023920098922e-05,5.218109803818074,9.401261496025368,17667.76985604193,0.34940470600415274
3.474999999999972e-06,2.0,0.0001013531653407058,0.7218217232520203,0.5320289588734793,0.5062973869907653,0.1784515020142711,0.0005315457912356255,5.594035437839056e-05,5.244491248221397,9.502009723430687,17876.18278632668,0.3535774568592083
3.479999999999972e-06,2.0,0.0001007277779953453,0.720266661678224,0.535528670646447,0.5062499298667965,0.1777514594826388,0.0005309514011984653,5.528665201827873e-05,5.271151704669226,9.603609222401882,18087.54850392067,0.35777721116380823
3.484999999999972e-06,2.0,0.0001000988936424014,0.7187054156659345,0.5390483779735273,0.5062022338236489,0.1770487423761695,0.00053033078864588,5.463967966629857e-05,5.298068409718418,9.70596445449121,18301.71783779315,0.3619996355973578
3.489999999999972e-06,2.0,9.946716950098699e-05,0.7171395259764746,0.5425844046677037,0.5061543491596028,0.176344052619583,0.0005296843574207007,5.399995313233136e-05,5.325217936829029,9.808978095271032,18518.53459112116,0.3662403520481208
3.494999999999972e-06,2.0,9.883326926557329e-05,0.7155705379539153,0.5461330380132188,0.5061063265309649,0.175638094079093,0.0005290126065132072,5.336795755696013e-05,5.352576195264301,9.912551102383615,18737.83531874328,0.37049494393412574
3.499999999999972e-06,2.0,9.819786192800749e-05,0.7140000000000088,0.54969053458407,0.5060582168763922,0.1749315716870796,0.0005283161297858378,5.27441484056901e-05,5.380118440467193,10.01658280122772,18959.44915648916,0.3747589628969904
3.504999999999972e-06,2.0,9.756162085047327e-05,0.7124294620461026,0.5532531261860749,0.5060100713284733,0.1742251907951184,0.0005275956158822577,5.21289526113364e-05,5.407819277739409,10.12097096628645,19183.19762639028,0.3790279353909565
3.509999999999971e-06,2.0,9.692522255159762e-05,0.7108604740235434,0.5568170258846487,0.5059619411365945,0.1735196562931377,0.0005268518472468893,5.152276962369175e-05,5.435652677743919,10.22561192061047,19408.89450050389,0.38329736959151095
3.514999999999971e-06,2.0,9.628934575184716e-05,0.7092945843340832,0.5603784341044198,0.505913877577796,0.1728156719594644,0.00052608569933314,5.092597258559885e-05,5.463591985399227,10.33040063101141,19636.34564502723,0.3875627621449554
3.519999999999971e-06,2.0,9.56546701423054e-05,0.7077333383217936,0.5639335447628329,0.5058659318796181,0.1721139395797903,0.0005252981389080784,5.033890940051703e-05,5.491609940894832,10.43523082172064,19865.34893006103,0.3918196051830426
3.524999999999971e-06,2.0,9.502187542114071e-05,0.7061782767479974,0.5674785514228329,0.5058181551316728,0.1714151582997081,0.0005244902225548961,4.976190390937876e-05,5.519678694133951,10.53999508358932,20095.69412418578,0.3960633931231248
3.529999999999971e-06,2.0,9.439164006369765e-05,0.7046309342707225,0.5710096534274746,0.5057705982099019,0.1707200237491098,0.0005236630942630002,4.919525694745629e-05,5.547769831541134,10.64458500180833,20327.16286181947,0.4002896296783648
3.534999999999971e-06,2.0,9.376464036854203e-05,0.7030928379301817,0.5745230620024481,0.5057233116902502,0.1700292274029407,0.0005228179832309799,4.863924749747257e-05,5.57585439627409,10.74889127875893,20559.5285998609,0.4044938345995074
3.539999999999971e-06,2.0,9.314154924709246e-05,0.7015655056417661,0.5780150062891201,0.5056763457756837,0.1693434557168368,0.0005219562007544322,4.80941337149904e-05,5.603902920985643,10.85280387515836,20792.55665412498,0.40867155057228327
3.544999999999971e-06,2.0,9.252303529704551e-05,0.7000504446980472,0.5814817392970203,0.505629750213261,0.1686633895019477,0.000521079137348401,4.75601540404787e-05,5.631885453905904,10.95621214567362,21026.00422927341,0.4128183497950726
3.549999999999971e-06,2.0,9.190976162885482e-05,0.6985491502812613,0.5849195437382619,0.5055835742251558,0.1679897030776904,0.000520188258958862,4.703752817898836e-05,5.659771597598157,11.05900499234205,21259.62053521978,0.41692984066057154
3.554999999999971e-06,2.0,9.130238498312021e-05,0.6970631039877442,0.5883247377359068,0.5055378664302997,0.1673230636664671,0.0005192851034374359,4.652645815984391e-05,5.687530540888545,11.16107101153943,21493.14690072585,0.42100167406943967
3.559999999999971e-06,2.0,9.070155460976438e-05,0.6955937723657745,0.5916936803713873,0.5054926747804974,0.1666641305693059,0.0005183712761170061,4.602712926161213e-05,5.715131103529391,11.26229865805126,21726.3169796259,0.42502954980208135
3.564999999999971e-06,2.0,9.010791144428899e-05,0.6941426054682693,0.5950227770641944,0.505448046487657,0.1660135545861311,0.0005174484456860904,4.55397110127384e-05,5.742541773827217,11.36257640153556,21958.85695717918,0.4290092224780633
3.569999999999971e-06,2.0,8.95220870536281e-05,0.6927110354217547,0.5983084847534093,0.5054040279659201,0.165371977219809,0.0005165183391833982,4.506435805694573e-05,5.769730759000063,11.46179289918427,22190.48585439399,0.43293650753360025
3.574999999999971e-06,2.0,8.894470288412771e-05,0.6913004750130308,0.60154731687629,0.505360664765309,0.1647400301272796,0.0005155827373336122,4.460121109161853e-05,5.796666028228565,11.55983715945554,22420.91583445635,0.4368072867490104
3.579999999999971e-06,2.0,8.837636928570669e-05,0.6899123162949223,0.6047358481174321,0.5053180015205996,0.1641183343571055,0.0005146434690295286,4.415039767177445e-05,5.823315368367801,11.65659872093389,22649.85261139119,0.4406175137603266
3.584999999999971e-06,2.0,8.781768484195909e-05,0.6885479292124894,0.6078707189278109,0.5052760818919998,0.1635074998362806,0.0005137024062043303,4.371203308549661e-05,5.849646432021943,11.75196782084184,22876.99586162223,0.44436321909153026
3.589999999999971e-06,2.0,8.72692354816715e-05,0.687208660251058,0.6109486397897924,0.505234948521281,0.1629081246457932,0.0005127614578824748,4.328622109668149e-05,5.875626798148459,11.84583557749709,23102.03974069394,0.44804051514399923
3.594999999999971e-06,2.0,8.673159389871191e-05,0.6858958311074012,0.6139663952326732,0.5051946429798917,0.1623207945472796,0.0005118225646748508,4.287305475853987e-05,5.901224024636737,11.93809416094618,23324.67340225647,0.45164560068539356
3.599999999999971e-06,2.0,8.620531875714983e-05,0.6846107373853838,0.6169208475779095,0.5051552057326345,0.1617460823003978,0.0005108876924900593,4.247261709663457e-05,5.926405713224478,12.02863697632941,23544.58162360891,0.4551747652775118
3.604999999999971e-06,2.0,8.56909542057079e-05,0.6833546473173584,0.6198089404233309,0.5051166760933911,0.1611845472327091,0.0005099588267479131,4.208498186249499e-05,5.951139565946544,12.11735883394487,23761.4454312305,0.45862439319062176
3.609999999999971e-06,2.0,8.518902917978057e-05,0.6821288005125726,0.6226277018490832,0.5050790921964182,0.1606367346018147,0.0005090379658504163,4.171021415922692e-05,5.975393453672248,12.20415613085049,23974.94283252883,0.4619909672472685
3.61499999999997e-06,2.0,8.470005701230194e-05,0.6809344067338244,0.625374247359648,0.5050424909596308,0.1601031752109727,0.0005081271152153798,4.134837113779266e-05,5.999135475683692,12.28892701775497,24184.74954351936,0.46527107214867525
3.61999999999997e-06,2.0,8.422453483301042e-05,0.6797726447035723,0.628045782547162,0.5050069080633622,0.1595843848180369,0.0005072282806110606,4.09995025678192e-05,6.022334031039764,12.37157157631438,24390.53982047351,0.4684613977291251
3.62499999999997e-06,2.0,8.376294327467372e-05,0.6786446609406792,0.630639605496342,0.5049723779209607,0.1590808637983483,0.0005063434621146826,4.066365147927377e-05,6.044957880446345,12.45199198042422,24591.98728155781,0.4715587416979937
3.62999999999997e-06,2.0,8.331574596714809e-05,0.677551568628936,0.6331531089184674,0.5049389336646462,0.1585930966015451,0.0005054746474164019,4.034085468109931e-05,6.066976219559888,12.53009266690696,24788.76582821942,0.47456001231692235
3.63499999999997e-06,2.0,8.288338933514972e-05,0.6764944465184831,0.6355837820390818,0.5049066071229733,0.1581215514623034,0.0005046238058073337,4.00311433509668e-05,6.088358742225772,12.60578048903383,24980.55054867297,0.47746223057677845
3.63999999999997e-06,2.0,8.246630218203382e-05,0.6754743378612165,0.6379292122306941,0.5048754288132463,0.1576666799050994,0.0005037928815569356,3.973454350420542e-05,6.109075714754244,12.67896487859777,25167.01871494162,0.4802625323255947
3.64499999999997e-06,2.0,8.20648955728602e-05,0.6744922493812212,0.640187086417613,0.5048454279252227,0.1572289165024094,0.0005029837880321939,3.94510765340665e-05,6.129098039530039,12.74955798982725,25347.85075222186,0.48295816991520363
3.64999999999997e-06,2.0,8.167956250048087e-05,0.6735491502812581,0.6423551922478212,0.5048166323193932,0.1568086784265716,0.0005021984012479687,3.918075963316884e-05,6.148397329228045,12.81747485117231,25522.73129368938,0.48554651382124964
3.65499999999997e-06,2.0,8.131067784553093e-05,0.6726459712862772,0.6444314190612079,0.5047890685161628,0.1564063652541466,0.0005014385542132673,3.892360628640959e-05,6.166945969740177,12.88263349812855,25691.3501961188,0.4880250538070613
3.65999999999997e-06,2.0,8.095859811552352e-05,0.6717836037249043,0.6464137586527083,0.5047627616991731,0.1560223585631635,0.0005007060307474115,3.867962664679104e-05,6.184717193249012,12.94495511344216,25853.40363110672,0.49039140008954485
3.66499999999997e-06,2.0,8.062366147168769e-05,0.6709628986498076,0.6483003058594077,0.5047377357090901,0.1556570217815433,0.0005000025601413678,3.844882798279693e-05,6.20168513937928,13.00436414772078,26008.59512408097,0.4926432840778644
3.66999999999997e-06,2.0,8.030618753028576e-05,0.6701846659978115,0.6500892589748246,0.5047140130510619,0.1553106998272663,0.0004993298113237988,3.82312150101573e-05,6.217824926018677,13.06078844711413,26156.63665761915,0.4947785591475583
3.67499999999997e-06,2.0,8.000647744504103e-05,0.6694496737905858,0.6517789200183605,0.5046916148921671,0.1549837189980965,0.0004986893879161824,3.802679029514111e-05,6.233112707583076,13.11415936095723,26297.24970839244,0.496795201020264
3.67999999999997e-06,2.0,7.972481375889748e-05,0.668758647376703,0.6533676948653749,0.5046705610720444,0.1546763866516231,0.0004980828228227197,3.783555454353077e-05,6.247525742466925,13.1644118563047,26430.16633599157,0.49869130821375185
3.68499999999997e-06,2.0,7.946146053007557e-05,0.6681122687158046,0.6548540932666504,0.5046508701030284,0.1543889911330162,0.0004975115737476376,3.765750696098131e-05,6.261042447316918,13.21148461216863,26555.13019053933,0.5004651021336343
3.68999999999997e-06,2.0,7.921666322207883e-05,0.6675111757055909,0.656236728762586,0.5046325591829633,0.154121801491496,0.0004969770182725469,3.749264550015603e-05,6.27364246001166,13.25532012059482,26671.89755910499,0.50211492727109
3.69499999999997e-06,2.0,7.899064886117745e-05,0.666955961552292,0.6575143185201692,0.5046156441970684,0.1538750674425356,0.0004964804498933853,3.734096717909111e-05,6.285306688870453,13.29586476730006,26780.23831583948,0.5036392510776335
3.69999999999997e-06,2.0,7.8783625952546e-05,0.6664471741852452,0.6586856830997435,0.5046001397319677,0.1536490191170933,0.0004960230736383096,3.720246828719135e-05,6.29601737010626,13.33306891922244,26879.93689774331,0.5050366639826502
3.70499999999997e-06,2.0,7.859578465734464e-05,0.6659853157161555,0.6597497461763233,0.5045860590783428,0.1534438670545888,0.0004956060026715074,3.707714466228688e-05,6.305758110953944,13.36688699158688,26970.79316944146,0.5063058791217345
3.70999999999997e-06,2.0,7.842729672338629e-05,0.6655708419435707,0.6607055342232778,0.5045734142452986,0.1532598019812179,0.0004952302544943336,3.696499185602509e-05,6.314513940613705,13.39727752201882,27052.62330084905,0.5074457322420599
3.71499999999997e-06,2.0,7.827831567080385e-05,0.6652041619030646,0.6615521761807189,0.5045622159629263,0.1530969948301214,0.0004948967481535221,3.686600537012113e-05,6.322271346369606,13.4242032242154,27125.2605201016,0.5084551813505975
3.719999999999969e-06,2.0,7.814897672669366e-05,0.6648856374635673,0.6622889031150435,0.504552473696191,0.1529555965453085,0.0004946063010590404,3.678018078151958e-05,6.329018317140156,13.44763104882721,27188.55586763336,0.509333306569735
3.724999999999969e-06,2.0,7.803939700958085e-05,0.6646155829702446,0.6629150478899959,0.504544195646652,0.1528357381257265,0.000494359626825329,3.670751393820879e-05,6.334744371772525,13.46753222398837,27242.37881332251,0.5100793097642694
3.729999999999969e-06,2.0,7.794967545894417e-05,0.6643942649342773,0.6634300448535962,0.5045373887651682,0.1527375304517028,0.0004941573327311975,3.664800104438551e-05,6.33944059444375,13.48388230323145,27286.61786461067,0.5106925144018934
3.734999999999969e-06,2.0,7.787989301029815e-05,0.6642219017698469,0.6638334295577653,0.5045320587521545,0.1526610643501005,0.0004939999182148737,3.6601638816124e-05,6.343099654455615,13.49666119313908,27321.18102754113,0.5111723652076647
3.739999999999969e-06,2.0,7.783011251229873e-05,0.664098663578587,0.6641248385144396,0.5045282100685373,0.1526064104407412,0.0004938877729941295,3.656842452667749e-05,6.345715832880852,13.5058531885569,27345.99625068554,0.5115184280736984
3.744999999999969e-06,2.0,7.780037888622516e-05,0.6640246719817137,0.664304008999641,0.504525845934058,0.1525736192204571,0.000493821176229423,3.654835612218728e-05,6.347285033345255,13.51144698761542,27361.01171436637,0.511730389779184
3.749999999999969e-06,2.0,7.779071902538856e-05,0.6639999999999999,0.6643707789080511,0.5045249683360907,0.1525627209276443,0.0004938002953160722,3.654143222722014e-05,6.347804799484924,13.51343571443909,27366.19609712748,0.5118080579804067
3.754999999999969e-06,2.0,7.780114193497968e-05,0.6640246719817131,0.6643250866656075,0.5045255780256706,0.152573725643763,0.0004938251857240907,3.654765222063181e-05,6.347274316381434,13.51181692172602,27361.53868279074,0.5117513610218445
3.759999999999969e-06,2.0,7.783163861078535e-05,0.6640986635785858,0.6641669711998334,0.5045276745239383,0.1526066231749597,0.0004938957904689787,3.656701620136499e-05,6.345694418581771,13.50659260108136,27347.04944185934,0.5115603480248736
3.764999999999969e-06,2.0,7.788218215766986e-05,0.6642219017698451,0.6638965719713724,0.5045312561157522,0.1526613831703937,0.0004940119406316216,3.659952502455683e-05,6.343067582043722,13.49776917323815,27322.75895190005,0.5112351888009787
3.769999999999969e-06,2.0,7.795272764697204e-05,0.6643942649342749,0.6635141290642185,0.5045363198537052,0.1527379550207024,0.0004941733555093699,3.664518022757264e-05,6.339397922664849,13.48535748604514,27288.71829227839,0.510776174043516
3.774999999999969e-06,2.0,7.804321221428741e-05,0.6646155829702416,0.6630199833335855,0.5045428615493591,0.152836267993384,0.0004943796438146102,3.670398402638975e-05,6.334691178791632,13.46937279231478,27244.99877945161,0.5101837153402015
3.779999999999969e-06,2.0,7.815355489730207e-05,0.6648856374635637,0.6624145766063907,0.504550875774962,0.1529562311487468,0.000494630304502936,3.677593920181408e-05,6.328954700400081,13.44983473538418,27191.69167950637,0.5094583454576439
3.784999999999969e-06,2.0,7.828365671591771e-05,0.6652041619030604,0.661698451929699,0.5045603558525112,0.1530977334934158,0.0004949247286441176,3.68610490561233e-05,6.322197422416569,13.42676731447776,27128.9077659574,0.5086007184362832
3.789999999999969e-06,2.0,7.843340049460413e-05,0.665570841943566,0.6608722538589833,0.5045712938534782,0.1532606439152216,0.0004952622009190698,3.695931725935388e-05,6.314429844884088,13.40019885767035,27056.77686042521,0.5076116099437618
3.794999999999969e-06,2.0,7.860265093015777e-05,0.66598531571615,0.6599367287783472,0.5045836805860897,0.1534448113566899,0.0004956419021515146,3.707074776614388e-05,6.305663997528935,13.37016197456304,26975.44722616262,0.5064919174216573
3.799999999999969e-06,2.0,7.87912544048467e-05,0.6664471741852392,0.6588927252421916,0.5045975055935199,0.1536500647710684,0.0004960629114597818,3.719534462190698e-05,6.295913411425596,13.33669351641429,26885.08495256767,0.5052426604711231
3.804999999999969e-06,2.0,7.899903904914199e-05,0.6669559615522853,0.6577411943264275,0.5046127571399422,0.153876213318344,0.0004965242094311994,3.733311183975552e-05,6.285193075414928,13.29983451586957,26785.87320264885,0.5038649810080835
3.809999999999969e-06,2.0,7.922581455386563e-05,0.6675111757055837,0.6564831899781809,0.5046294222078062,0.1541230463452303,0.000497024680908093,3.748405316629872e-05,6.273519399942757,13.25963013399414,26678.01146166026,0.5023601436329506
3.814999999999969e-06,2.0,7.947137223705098e-05,0.668112268715797,0.6551198693477014,0.5046474864833417,0.1543903336068107,0.0004975631187798844,3.764817191841387e-05,6.260910166085724,13.21612958680005,26561.71466086235,0.5007295357408907
3.819999999999969e-06,2.0,7.973548486491855e-05,0.6687586473766947,0.65365249309121,0.5046669343536734,0.1546778252737784,0.0004981382273748474,3.782547070830761e-05,6.247384482378688,13.169386078927,26437.21231419785,0.4989746678174316
3.824999999999968e-06,2.0,8.001790673343985e-05,0.6694496737905771,0.6520824256244293,0.5046877488925908,0.1549852521831839,0.0004987486268364922,3.801595123980019e-05,6.232962727331825,13.11945671674619,26304.74754379067,0.4970971734412454
3.829999999999968e-06,2.0,8.031837350923768e-05,0.670184665997802,0.6504111353169989,0.5047099118583425,0.1553123258765196,0.000499392857083898,3.821961399213709e-05,6.21766650017541,13.06640242851845,26164.57613113858,0.4950988094404793
3.834999999999968e-06,2.0,8.06366023374785e-05,0.6709628986497977,0.6486401946033066,0.5047334036805711,0.1556587388832417,0.0005000693827297529,3.843645797526784e-05,6.201518557851962,13.01028786397345,26016.96547177827,0.4929814557200649
3.839999999999968e-06,2.0,8.097229171456515e-05,0.6717836037248939,0.6467712800013676,0.50475820345973,0.1560241647933827,0.0005007765975621031,3.866648037174595e-05,6.184542760694338,12.95118130089819,25862.19356884398,0.4907471152079849
3.844999999999968e-06,2.0,8.132512163455625e-05,0.6726459712862662,0.6448061720132136,0.504784288956128,0.1564082585775163,0.000501512829951257,3.890967625029134e-05,6.166764004948567,12.88915453125884,25700.54794512747,0.4883979134356973
3.849999999999968e-06,2.0,8.169475350585714e-05,0.6735491502812466,0.6427467548995852,0.5048116365919485,0.1568106566974669,0.0005022763477954029,3.916603816488176e-05,6.148208164459891,12.82428275438308,25532.32460710438,0.4859360982021183
3.854999999999968e-06,2.0,8.208083034843652e-05,0.6744922493812092,0.6405950163018335,0.5048402214433796,0.1572309774661752,0.000503065364352991,3.943555582563523e-05,6.128902019826484,12.75664444992992,25357.82694230333,0.48336403883565826
3.859999999999968e-06,2.0,8.24829767665216e-05,0.6754743378612041,0.6383530467042289,0.5048700172462237,0.1576688211997636,0.000503878043583881,3.971821565395149e-05,6.108873197199423,12.68632125808378,25177.36468104684,0.48068422550446527
3.864999999999968e-06,2.0,8.290079920841249e-05,0.6764944465184703,0.6360230387113436,0.5049009963920892,0.1581237706203429,0.0005047125063331452,4.001400040948012e-05,6.08815009518572,12.61339783996125,24991.25280568248,0.4778992680910007
3.869999999999968e-06,2.0,8.333388600652413e-05,0.6775515686289224,0.6336072861346218,0.504933129938523,0.1585953910521991,0.0005055668359892194,4.032288869983268e-05,6.066761821873053,12.53796174556604,24799.81053550237,0.4750118950824227
3.874999999999968e-06,2.0,8.378180771059817e-05,0.6786446609406654,0.6311081828638002,0.5049663876102031,0.1590832308699889,0.0005064390849349389,4.064485456211083e-05,6.044738120594038,12.4601032625429,24603.36027213149,0.47202495199381134
3.879999999999968e-06,2.0,8.424411720519518e-05,0.6797726447035581,0.6285282215207275,0.5050007378144754,0.1595868217411388,0.0005073272804346109,4.09798669253924e-05,6.02210930626919,12.37991527298629,24402.22663047178,0.4689413997795887
3.884999999999968e-06,2.0,8.472035012567768e-05,0.6809344067338097,0.6258699918724329,0.5050361476483702,0.1601056791211405,0.0005082294312595515,4.132788914492226e-05,5.998906191114347,12.29749309182889,24196.73544161315,0.4657643127512924
3.889999999999968e-06,2.0,8.521002506152559e-05,0.6821288005125576,0.6231361790037812,0.505072582920342,0.160639302543444,0.000509143533707924,4.168887841527145e-05,5.975160021356972,12.21293431394918,23987.21284940303,0.46249687646033716
3.894999999999968e-06,2.0,8.571264406253843e-05,0.6833546473173431,0.6203295612305153,0.5051100081638101,0.1611871761626971,0.0005100675783051798,4.206278525496166e-05,5.950902403919985,12.12633864384939,23773.98438877848,0.45914238506781824
3.899999999999968e-06,2.0,8.622769293425787e-05,0.684610737385368,0.6174530077549405,0.5051483866657392,0.1617487690925183,0.0005109995558549063,4.244955286785612e-05,5.926165244508783,12.03780773488072,23557.37416393909,0.45570423866242216
3.904999999999968e-06,2.0,8.675464183946373e-05,0.6858958311073851,0.61450947604887,0.5051876804872834,0.1623235359965788,0.0005119374641098523,4.28491165757611e-05,5.900980676239721,11.94744501219064,23337.70401618222,0.4521859400522912
3.909999999999968e-06,2.0,8.729294568952543e-05,0.6872086602510415,0.6115020089707576,0.5052278504996671,0.1629109174736669,0.0005128793137490082,4.326140312535762e-05,5.875381000022311,11.85535550621992,23115.29279580512,0.44859109149709064
3.914999999999968e-06,2.0,8.78420448436791e-05,0.6885479292124725,0.6084337316040527,0.5052688564123036,0.163510340695543,0.0005138231349134831,4.368633006611494e-05,5.849398616019474,11.76164567121712,22890.45562963515,0.4449233909085097
3.919999999999968e-06,2.0,8.840136559733323e-05,0.6899123162949052,0.6053078478282918,0.5053106568162745,0.1641212198377302,0.0005147669830046841,4.412380500003696e-05,5.823065967163958,11.66642321541066,22663.50329485778,0.44118662799056163
3.924999999999968e-06,2.0,8.897032097877501e-05,0.6913004750130134,0.602127636614531,0.5053532092200913,0.164742956762091,0.0005157089449808767,4.457372490222646e-05,5.796415474245032,11.56979691762572,22434.74159257554,0.43738467985243995
3.929999999999967e-06,2.0,8.954831133258137e-05,0.692711035421737,0.598896448059777,0.5053964701008373,0.1653749414908346,0.000516647144874524,4.503597531084575e-05,5.769479483300016,11.47187645673353,22204.4708279955,0.43352150656894245
3.934999999999967e-06,2.0,9.01347252104203e-05,0.6941426054682515,0.595617699156913,0.5054403949475312,0.1660165529308465,0.0005175797497499097,4.551042958801528e-05,5.742290205019463,11.37277222903229,21972.98529265784,0.4296011462260665
3.939999999999967e-06,2.0,9.072894004475839e-05,0.6955937723657566,0.5922948693186666,0.5054849383197826,0.1666671593875097,0.0005185049748439212,4.59969480478781e-05,5.714879666648257,11.27259517966737,21740.57285190102,0.4256277099311569
3.944999999999967e-06,2.0,9.133032312748154e-05,0.6970631039877256,0.5889314956562187,0.5055300538984908,0.1673261193269826,0.0005194210890928805,4.649537715623342e-05,5.687279656289879,11.17145662347303,21507.51453504308,0.4216053763292361
3.949999999999967e-06,2.0,9.193823236619883e-05,0.6985491502812429,0.5855311680351701,0.505575694551624,0.1679927819256646,0.0005203264198101375,4.700554859559122e-05,5.659521679836782,11.06946808102864,21274.08422787332,0.41753838610950555
3.954999999999967e-06,2.0,9.255201734155154e-05,0.7000504446980286,0.5820975239126784,0.5056218123917731,0.1686664878658896,0.0005212193577005702,4.752727840324992e-05,5.631636910636783,10.96674110556537,21040.54836709564,0.4134310360467888
3.959999999999967e-06,2.0,9.317102013568169e-05,0.7015655056417471,0.578634242983147,0.5056683588484477,0.1693465699162139,0.0005220983609998044,4.806036597387781e-05,5.603656151852437,10.86338712617336,20807.16573285207,0.40928767306693314
3.964999999999967e-06,2.0,9.379457645652876e-05,0.7030928379301628,0.5751450416389622,0.5057152847317746,0.1700323537554272,0.0005229619599074626,4.860459313775282e-05,5.575609791829145,10.75951728317751,20574.18724123146,0.405112687883535
3.969999999999967e-06,2.0,9.442201652551612e-05,0.7046309342707034,0.5716336672770206,0.505762540310513,0.1707231585783352,0.000523808760125957,4.915972310389938e-05,5.547527772159754,10.65524228073629,20341.85582954757,0.4009105086986854
3.974999999999967e-06,2.0,9.505266625480214e-05,0.7061782767479782,0.5681038924615222,0.5058100753809744,0.1714182979425678,0.0005246374466575961,4.972549948312863e-05,5.519439548967739,10.55067223277667,20110.40633868927,0.39668559451895435
3.979999999999967e-06,2.0,9.56858481791859e-05,0.7077333383217745,0.5645595089749206,0.5058578393497564,0.1721170803942053,0.0005254467866953433,5.030164517819549e-05,5.491374066826485,10.44591652686365,19880.06548210227,0.39244242858071526
3.984999999999967e-06,2.0,9.632088267036119e-05,0.7092945843340639,0.5610043217705735,0.5059057813068185,0.1728188103315975,0.0005262356327431194,5.088786136037187e-05,5.463359726044935,10.34108368234389,19651.05180817708,0.38818551143897595
3.989999999999967e-06,2.0,9.695708889637578e-05,0.7108604740235238,0.5574421428618025,0.5059538501117593,0.1735227886450001,0.0005270029248255963,5.148382631767219e-05,5.435424362464393,10.23628122691997,19423.57574259672,0.3839193542168024
3.994999999999967e-06,2.0,9.759378605549801e-05,0.7124294620460832,0.5538767851614578,0.5060019944698072,0.1742283135915453,0.0005277476929057335,5.208919439887034e-05,5.407595220707274,10.13161556818354,19197.83961991332,0.37964847156991244
3.999999999999967e-06,2.0,9.823029434529883e-05,0.7139999999999894,0.5503120563086404,0.5060501630203651,0.1749346814430281,0.0005284690583944584,5.27035948367655e-05,5.379898939751137,10.02719188380303,18974.03778807153,0.37537737486561235
4.004999999999967e-06,2.0,9.886593619781032e-05,0.7155705379538959,0.5467517524978773,0.5060983044145572,0.1756411873662202,0.000529166235853075,5.332663068005961e-05,5.352361531978343,9.92311400710613,18752.35669771894,0.37111056513165713
4.009999999999967e-06,2.0,9.950003723964567e-05,0.7171395259764552,0.5431996523475145,0.5061463674046489,0.1763471260730892,0.0005298385337966533,5.395787761577575e-05,5.325008374307012,9.81948433126924,18532.97505733673,0.36685252627442533
4.014999999999967e-06,2.0,0.0001001319275096703,0.7187054156659153,0.5396595108234068,0.5061943009217378,0.1770517927008276,0.0005304853556809168,5.459688291720941e-05,5.297864192763208,9.716403709078842,18316.0639686408,0.3626077181225792
4.019999999999967e-06,2.0,0.0001007609423914215,0.7202666616782047,0.536135053254015,0.5062420541645881,0.1777544834590473,0.0005311062000042768,5.524316429798694e-05,5.270953058835775,9.613971370999657,18101.78712077215,0.3583805697949677
4.024999999999967e-06,2.0,0.0001013864237946205,0.7218217232520011,0.5326299694531149,0.5062895766760136,0.1784544965042044,0.0005317006605889755,5.589620891319499e-05,5.244298379184297,9.512284838756946,17890.30096035614,0.3541754729489105
4.029999999999966e-06,2.0,0.0001020077210415348,0.7233690657292758,0.5291479079850038,0.5063368184296633,0.1791511325786622,0.0005322684259958084,5.655547228688564e-05,5.217922896782193,9.411439856709205,17681.75491360692,0.34999677540634155
4.034999999999966e-06,2.0,0.0001026241919942985,0.7249071620698166,0.5256924705873272,0.5063837299036332,0.1798436958745968,0.0005328092791173398,5.722037741316519e-05,5.19184868527617,9.311530318476224,17476.29158017265,0.34584877471273034
4.039999999999966e-06,2.0,0.0001032352038777212,0.7264344943582325,0.522267206784437,0.5064302621637774,0.1805314946602483,0.0005333230959261358,5.789031380887329e-05,5.166097154392038,9.212648210664723,17274.04697272037,0.34173571212418874
4.044999999999966e-06,2.0,0.0001038401343355328,0.7279495553019512,0.5188756087053005,0.5064763669331352,0.1812138421288571,0.0005338098444038355,5.856463677133051e-05,5.140689048377937,9.114883551453264,17075.15072456722,0.33766176657644337
4.049999999999966e-06,2.0,0.0001044383721735726,0.7294508497187371,0.5155211061361633,0.5065219966703977,0.1818900570079034,0.0005342695826488573,5.924266661764571e-05,5.115644455072111,9.018324345476415,16879.72633733785,0.3336310491282599
4.054999999999966e-06,2.0,0.0001050293183296737,0.7309368960122544,0.5122070618190419,0.5065671046338366,0.1825594643891253,0.0005347024571691252,5.992368816527262e-05,5.090982807795538,8.923056533075673,16687.89139349949,0.32964759742991656
4.059999999999966e-06,2.0,0.0001056123865230013,0.7324062276342238,0.5089367670241662,0.5066116449536615,0.1832213963170573,0.0005351087003785076,6.060695022824488e-05,5.066722897423955,8.829163955013348,16499.75780391547,0.32571537070710893
4.064999999999966e-06,2.0,0.0001061870041244007,0.7338573945317292,0.505713437403781,0.5066555726892668,0.1838751925966898,0.0005354886282840438,6.129166539456446e-05,5.042882877048068,8.736728311049166,16315.43201775495,0.3218382448070912
4.069999999999966e-06,2.0,0.0001067526126999255,0.7352889645782441,0.5025402091519044,0.5066988438943735,0.1845202013581324,0.000535842637402737,6.19770098564583e-05,5.019480276355486,8.645829133153955,16135.01526317658,0.31802000779377204
4.074999999999966e-06,2.0,0.0001073086687709449,0.7366995249869679,0.4994201354741771,0.5067414156665682,0.1851557798389721,0.0005361712018763595,6.266212356392971e-05,4.996532008351017,8.55654375213349,15958.60374855907,0.31426435563520494
4.079999999999966e-06,2.0,0.00010785464424259,0.7380876837050764,0.4963561833880729,0.5067832462043106,0.1857812949223825,0.0005364748698425633,6.334611046961044e-05,4.974054385340435,8.46894727814316,15786.2888910873,0.3105748884656904
4.084999999999966e-06,2.0,0.0001083900270457394,0.7394520707875094,0.4933512308534983,0.5068242948479532,0.1863961238917231,0.0005367542600127091,6.40280391392328e-05,4.952063127001227,8.383112574250555,15618.15750479942,0.3069551069617752
4.089999999999966e-06,2.0,0.0001089143214440996,0.7407913397489407,0.4904080642497864,0.506864522127909,0.1869996549398607,0.0005370100575340188,6.470694349066902e-05,4.93057337727072,8.299110243268679,15454.29201340972,0.3034084093099257
4.094999999999966e-06,2.0,0.0001094270485533453,0.7421041688925976,0.4875293761946471,0.5069038897965674,0.1875912878939905,0.0005372430100693572,6.53818239383447e-05,4.909599713080311,8.217008607407148,15294.77062222987,0.2999380883006566
4.099999999999966e-06,2.0,0.000109927746523774,0.7433892626146149,0.4847177637157998,0.5069423608671861,0.1881704346943519,0.0005374539231910909,6.605164869942566e-05,4.889156161486345,8.136873700713004,15139.66751307898,0.29654732902144787
4.104999999999966e-06,2.0,0.0001104159709352455,0.7446453526826402,0.4819757267673158,0.5069798996363756,0.1887365200876335,0.0005376436560067501,6.671535553931442e-05,4.869256208428659,8.058769254252482,14989.0529986116,0.2932392066796823
4.109999999999966e-06,2.0,0.0001108912948558032,0.7458711994874261,0.4793056670946734,0.5070164717135228,0.1892889820736257,0.0005378131161311666,6.737185370473255e-05,4.849912815502385,7.982756693740606,14842.99369856517,0.2900166850210477
4.114999999999966e-06,2.0,0.0001113533091145035,0.7470655932661745,0.4767098874375812,0.5070520440338238,0.1898272725658918,0.0005379632549086912,6.802002632078449e-05,4.831138428173702,7.908895129967171,14701.55267632462,0.2868826148716894
4.119999999999966e-06,2.0,0.0001118016222399372,0.7482273552964265,0.474190591068088,0.5070865848783381,0.1903508578051928,0.0005380950620182674,6.865873299043219e-05,4.81294499167383,7.837241361463117,14564.78959696727,0.28383973326289513
4.124999999999966e-06,2.0,0.0001122358606165678,0.7493553390593195,0.4717498816491769,0.507120063877807,0.1908592189863953,0.0005382095603518627,6.928681286995131e-05,4.795343958197185,7.767849870105317,14432.76084695888,0.2808906626627816
4.129999999999966e-06,2.0,0.000112655668310538,0.7504484313710631,0.4693897634056637,0.5071524520237434,0.1913518526377363,0.000538307800316923,6.990308794732587e-05,4.778346301501019,7.700772828842047,14305.51967537587,0.2780379107679274
4.134999999999965e-06,2.0,0.0001130607071185709,0.7515055534815156,0.4671121415889684,0.5071837216635692,0.1918282712131336,0.0005383908544415752,7.050636679275342e-05,4.761962522721095,7.636060102545386,14183.11629841036,0.2752838703758348
4.139999999999965e-06,2.0,0.0001134506562917874,0.7525256621387825,0.464918823221849,0.5072138465034114,0.1922880034365617,0.0005384598114504363,7.10954484955831e-05,4.746202663376291,7.573759260888393,14065.59802576006,0.27263081978528736
4.144999999999965e-06,2.0,0.0001138252124894101,0.753507750618778,0.4628115181015394,0.5072428015953695,0.1927305948590969,0.000538515770679094,7.166912705125044e-05,4.731076309557406,7.513915584516644,13953.00935205897,0.2700809232424425
4.149999999999965e-06,2.0,0.0001141840894143599,0.754450849718741,0.4607918400425108,0.5072705633329547,0.1931556081677992,0.0005385598360115936,7.2226195899189e-05,4.716592603159938,7.456572083116465,13845.39207070753,0.2676362318747116
4.154999999999965e-06,2.0,0.0001145270176868312,0.7553540287137219,0.4588613083339041,0.5072971094315484,0.1935626237069487,0.0005385931101989814,7.276545286915228e-05,4.702760244326234,7.40176950684944,13742.78535444852,0.2652986846269554
4.159999999999965e-06,2.0,0.0001148537444080445,0.756216396275095,0.4570213493897117,0.5073224189176511,0.1939512397509285,0.000538616688758844,7.328570522347169e-05,4.689587500853498,7.349546369464939,13645.22585885854,0.2630701096387832
4.164999999999965e-06,2.0,0.0001151640329711359,0.7570371013501916,0.4552732985636149,0.5073464721038001,0.1943210729891856,0.0005386316543043654,7.378577504667332e-05,4.677082208890616,7.299938964707668,13552.74779410324,0.2609522255744293
4.169999999999965e-06,2.0,0.0001154576625714566,0.7578153340021878,0.4536184021037074,0.5073692505729891,0.1946717587626827,0.0005386390705167749,7.42645046574118e-05,4.665251780585058,7.252981394026133,13465.38301996467,0.2589466433410247
4.174999999999965e-06,2.0,0.000115734427973963,0.7585503262094134,0.4520578192179662,0.5073907371494771,0.1950029515121774,0.0005386399766009105,7.472076228878891e-05,4.654103203145536,7.208705587332156,13383.16111036303,0.2570548677057888
4.179999999999965e-06,2.0,0.000115994138989876,0.7592413526232963,0.4505926242231674,0.5074109158798701,0.1953143249778515,0.0005386353814496791,7.515344770115614e-05,4.643643044893461,7.167141334507171,13306.10944126541,0.2552782992453159
4.184999999999965e-06,2.0,0.0001162366202207464,0.7598877312841946,0.449223808747721,0.5074297720013706,0.195605572610537,0.0005386262583483617,7.556149796970486e-05,4.633877452895016,7.12831630950878,13234.2532489355,0.25361823613718404
4.189999999999965e-06,2.0,0.0001164617105219497,0.7604888242944084,0.44795228396064,0.5074472919210787,0.1958764077341767,0.0005386135394547016,7.59438931023421e-05,4.624812157663752,7.092256104501585,13167.61571140946,0.2520758762264633
4.194999999999965e-06,2.0,0.0001166692627438731,0.7610440384477075,0.4467788827970102,0.5074634631832685,0.1961265639196521,0.0005385981108766283,7.629966172866508e-05,4.616452469634744,7.058984255945686,13106.21800075831,0.2506523188773581
4.199999999999965e-06,2.0,0.0001168591432025448,0.7615528258147541,0.4457043621531321,0.5074782744485014,0.1963557951097493,0.0005385808075915758,7.662788650989082e-05,4.608803282821587,7.028522279836833,13050.0793581319,0.2493485670433828
4.204999999999965e-06,2.0,0.0001170312314378797,0.762014684283844,0.4447294050229062,0.5074917154614748,0.1965638759552805,0.000538562409020126,7.692770951168082e-05,4.601869070447406,7.000889698117813,12999.21713967265,0.2481655290676257
4.209999999999965e-06,2.0,0.0001171854197107966,0.7624291580564287,0.4438546225501495,0.5075037770314771,0.1967506019022508,0.0005385436345033894,7.719833718754773e-05,4.595653887888233,6.976104073265684,12953.64688452515,0.24710402064789871
4.214999999999965e-06,2.0,0.0001173216127971199,0.7627958380969349,0.4430805559712904,0.5075144510022851,0.1969157894899979,0.0005385251394878585,7.743904521871658e-05,4.590161367790675,6.954181033183763,12913.38235350951,0.2461647664812925
4.219999999999965e-06,2.0,0.0001174397275288611,0.7631143625364323,0.4424076784253713,0.5075237302353552,0.1970592764002917,0.0005385075116701624,7.764918285958444e-05,4.585394722634363,6.935134303267083,12878.43558905614,0.24534840202507963
4.224999999999965e-06,2.0,0.0001175396926402939,0.7633844170297551,0.4418363966095404,0.5075316085830983,0.1971809217172391,0.000538491267896368,7.782817704146004e-05,4.581356739653846,6.918975727897455,12848.81694540125,0.24465547489230127
4.229999999999965e-06,2.0,0.0001176214483686833,0.7636057350657225,0.441367052260606,0.5075380808760289,0.1972806059380867,0.0005384768510692242,7.797553588862153e-05,4.578049783327812,6.905715298172137,12824.53513917977,0.24408644632251933
4.234999999999965e-06,2.0,0.0001176849463663549,0.763778098230153,0.4409999234448148,0.5075431429005277,0.1973582311946907,0.0005384646278488468,7.80908519088847e-05,4.575475790385462,6.895361168259757,12805.59726979014,0.2436416922501241
4.239999999999964e-06,2.0,0.0001177301493731342,0.7639013364214129,0.440735225641179,0.5075467913909455,0.1974137212258338,0.0005384548863991997,7.817380452071335e-05,4.573636272482497,6.887919677192221,12792.00885937481,0.2433215044153452
4.244999999999964e-06,2.0,0.0001177570312050006,0.7639753280182862,0.4405731126054172,0.5075490240127091,0.1974470215600991,0.000538447834957192,7.822416219068375e-05,4.572532311514612,6.883395358644306,12783.77386212641,0.2431260910453181
4.249999999999964e-06,2.0,0.0001177655765070292,0.764,0.4405136770045423,0.5075498393601003,0.1974580994495637,0.0005384436004736111,7.824178385403363e-05,4.572164562673917,6.881790955560538,12780.89469260543,0.2430555775549786
4.254999999999964e-06,2.0,0.0001177557808255351,0.7639753280182869,0.4405569508149105,0.5075492369452803,0.1974469440139752,0.0005384422280947305,7.822661990514263e-05,4.572533250218749,6.88310742235372,12783.3722230693,0.24311000680093528
4.259999999999964e-06,2.0,0.0001177276504465196,0.7639013364214142,0.4407029054790731,0.5075472172021548,0.1974135661357405,0.0005384436807291321,7.817871244324487e-05,4.573638171024793,6.887343931636432,12791.20579948111,0.2432893393433326
4.264999999999964e-06,2.0,0.0001176812025543,0.7637780982301551,0.4409514518199566,0.507543781481576,0.1973579985653557,0.0005384478394613436,7.809819507397994e-05,4.575478690876668,6.89449786837313,12804.39322640852,0.24359345325460088
4.269999999999964e-06,2.0,0.0001176164651564296,0.7636057350657253,0.441302439712919,0.5075389320613902,0.1972802957776679,0.0005384545040506718,7.798529196577582e-05,4.578053748541274,6.904564828544527,12822.93077057215,0.2440221439352511
4.274999999999964e-06,2.0,0.0001175334773277833,0.7633844170297587,0.4417556575208408,0.5075326721477549,0.1971805340385686,0.000538463394271006,7.784031647511039e-05,4.581361852558389,6.917538605372717,12846.81313339408,0.24457512348227217
4.279999999999964e-06,2.0,0.0001174322892189078,0.7631143625364365,0.4423108312972318,0.5075250058911419,0.1970588112225651,0.0005384741513224558,7.76636690536548e-05,4.585401085775556,6.933411180335107,12876.03344247281,0.2452520200746667
4.284999999999964e-06,2.0,0.0001173129623805143,0.7627958380969398,0.4429676237689561,0.5075159383933778,0.1969152468408109,0.0005384863400661487,7.745583476373953e-05,4.590169102527836,6.95217270214274,12910.58321235915,0.2460523769281452
4.289999999999964e-06,2.0,0.0001171755698483048,0.7624291580564344,0.4437256331083368,0.5075054757290707,0.1967499818200701,0.0005384994513048737,7.721738012838881e-05,4.595663133489872,6.973811471064083,12950.45232481738,0.24697565128826668
4.294999999999964e-06,2.0,0.0001170201965390436,0.7620146842838503,0.4445843915118723,0.5074936249576826,0.1965631784922212,0.0005385129048579552,7.694894965296049e-05,4.601879983055599,6.998313911842158,12995.62897882293,0.24802121301965108
4.299999999999964e-06,2.0,0.0001168469394012542,0.7615528258147611,0.4455433635994773,0.5074803941495413,0.1963550203347603,0.0005385260526442139,7.665126175644694e-05,4.608816034288984,7.025664552728903,13046.0996607912,0.24918834326471703
4.304999999999964e-06,2.0,0.0001166559078705776,0.7610440384477151,0.4466019446569661,0.5074657924019873,0.196125711921944,0.0005385381825204589,7.632510445740692e-05,4.61646724624817,7.055845993908717,13101.84908502874,0.2504762327350221
4.309999999999964e-06,2.0,0.0001164472240725246,0.7604888242944167,0.4477594587391001,0.5074498298688819,0.1958754786270391,0.0005385485220801869,7.59713305622947e-05,4.62482915875849,7.088838882959801,13162.86015525322,0.25188398011206103
4.314999999999964e-06,2.0,0.0001162210233218492,0.7598877312842035,0.4490151566601694,0.5074325177796252,0.1956045665353202,0.0005385562431609002,7.559085270602398e-05,4.633896889376866,7.124621880578172,13229.11389674412,0.2534105901248492
4.319999999999964e-06,2.0,0.0001159774543608554,0.7592413526233058,0.4503682138927968,0.5074138684708679,0.1953132421083008,0.0005385604662556386,7.51846379995149e-05,4.643665137673224,7.163171634331915,13300.5894103853,0.255054971784496
4.324999999999964e-06,2.0,0.0001157166798851397,0.7585503262094235,0.4518177284044349,0.5073938954070154,0.1950017920588509,0.0005385602655800956,7.475370263558762e-05,4.654128181505309,7.204462743544504,13377.26379755182,0.256815936345584
4.329999999999964e-06,2.0,0.0001154388767989281,0.7578153340021987,0.4533627184555306,0.5073726132126826,0.1946705229776777,0.0005385546739821174,7.429910621194088e-05,4.665279880481245,7.248467733190098,13459.11210758665,0.25869219547785294
4.334999999999964e-06,2.0,0.0001151442367478691,0.7570371013502031,0.4550021203895013,0.507350037693184,0.1943197611708588,0.0005385426884499617,7.382194612064305e-05,4.67711367121516,7.295157019700506,13546.10725604221,0.26068235921864247
4.339999999999964e-06,2.0,0.0001148329663715425,0.7562163962751068,0.4567347864409264,0.5073261858661777,0.1939498522488734,0.0005385232753975235,7.332335176397101e-05,4.689622569657417,7.344498886671714,13638.21996598049,0.262784934192053
4.344999999999963e-06,2.0,0.0001145052878230958,0.7553540287137346,0.4585594825923849,0.507301075980576,0.1935611609268718,0.0005384953764904399,7.280447894057136e-05,4.702799165029185,7.396459453133391,13735.41867961554,0.26499832166551307
4.349999999999963e-06,2.0,0.0001141614389985501,0.7544508497187542,0.4604748865065355,0.5072747275458003,0.1931540705765967,0.0005384579141824492,7.226650416040318e-05,4.716635620748185,7.451002652449947,13837.66949319139,0.26732081592993884
4.354999999999963e-06,2.0,0.0001138016740229271,0.7535077506187916,0.4624795855638362,0.5072471613475378,0.1927289829897334,0.0005384097977359482,7.171061922386458e-05,4.73112366679529,7.508090204257652,13944.9360613973,0.2697506025741028
4.359999999999963e-06,2.0,0.0001134262634362501,0.7525256621387969,0.4645720750312756,0.5072183994730798,0.1922863178930904,0.0005383499288872141,7.113802582004336e-05,4.746254599031769,7.567681597589855,14057.17952490954,0.27228575713818526
4.364999999999963e-06,2.0,0.0001130354946264689,0.7515055534815307,0.4667507563915956,0.5071884653224257,0.1918265126754178,0.0005382772079423933,7.054993046850814e-05,4.762019269831002,7.629734067316591,14174.35840629746,0.27492424371617774
4.369999999999963e-06,2.0,0.000112629671953094,0.7504484313710785,0.4690139358559783,0.5071573836282569,0.1913500218662494,0.000538190539455635,6.994753955451213e-05,4.778408085674163,7.69420258215384,14296.42852870717,0.2776639139897289
4.374999999999963e-06,2.0,0.000112209117108607,0.7493553390593355,0.4713598230876399,0.5071251804610265,0.190857316826633,0.0005380888382894122,6.933205476942114e-05,4.795410995980941,7.761039826079638,14423.34290142875,0.2805025062610069
4.379999999999963e-06,2.0,0.0001117741691623911,0.7482273552964428,0.473786530156206,0.5070918832422947,0.1903488851921012,0.0005379710351990026,6.870466870029042e-05,4.813017488979661,7.830196191554134,14555.05162774728,0.2834376449641048
4.384999999999963e-06,2.0,0.00011132518483438,0.7470655932661912,0.4762920707475987,0.507057520742608,0.1898252305278109,0.0005378360827566945,6.806656086695635e-05,4.831216578786574,7.901619766098581,14691.50177801125,0.28646684021978785
4.389999999999963e-06,2.0,0.0001108625384442835,0.7458711994874434,0.4788743596447583,0.5070221230871229,0.1892868717362004,0.0005376829607474382,6.741889394460272e-05,4.849996799666375,7.975256330803139,14832.63728446343,0.2895874879085579
4.394999999999963e-06,2.0,0.0001103866220838056,0.744645352682658,0.4815312125012,0.5069857217453243,0.1887343426771519,0.000537510681868408,6.676281045659701e-05,4.869346191533084,8.051049352061769,14978.3987995848,0.2927968698240481
4.399999999999963e-06,2.0,0.0001098978454590062,0.743389262614633,0.48426034591734,0.5069483495281011,0.1881681915409956,0.0005373182968530103,6.609942967021219e-05,4.889252292841137,8.128939985319626,15128.72357582007,0.2960921543763444
4.404999999999963e-06,2.0,0.0001093966359504329,0.7421041688926162,0.4870593778381666,0.5069100405686032,0.1875889804344472,0.0005371048998694646,6.542984496713553e-05,4.909702124803941,8.208867071888138,15283.54530722617,0.2994703974037194
4.409999999999963e-06,2.0,0.0001088834383396346,0.7407913397489597,0.4899258282766437,0.5068708303102103,0.1869972847198013,0.0005368696333023292,6.475512141714932e-05,4.930682183276189,8.290767147880727,15442.79399243264,0.3029285435568424
4.414999999999963e-06,2.0,0.0001083587147498649,0.7394520707875286,0.4928571203776012,0.5068307554781022,0.1863936925675726,0.000536611692785284,6.407629381519834e-05,4.952178422102283,8.374574446095762,15606.39575822047,0.3064634278100286
4.419999999999963e-06,2.0,0.000107822944251167,0.738087683705096,0.4958505818207236,0.5067898540578487,0.1857788042629301,0.0005363303315801431,6.339436490753658e-05,4.97417624446013,8.460220910208724,15774.27270481443,0.3100717775577935
4.424999999999963e-06,2.0,0.00010727662267776,0.7366995249869879,0.4989034465733413,0.5067481652575616,0.1851532317262145,0.0005360248651889467,6.271030405703965e-05,4.996660485854099,8.547636201881472,15946.34271092716,0.3137502148471268
4.429999999999963e-06,2.0,0.000106720262109609,0.7352889645782643,0.5020128569858682,0.506705729477106,0.1845175977879445,0.0005356946752794473,6.20250460724246e-05,5.019615405483597,8.636747720492368,16122.51926153078,0.31749525919792365
4.434999999999963e-06,2.0,0.0001061543905661118,0.7338573945317499,0.5051758662367902,0.5066625882609874,0.1838725356786814,0.0005353392138296451,6.133949044302518e-05,5.043024669478414,8.727480615883037,16302.7112350867,0.32130333055810884
4.439999999999963e-06,2.0,0.0001055795513655206,0.7324062276342449,0.5083894411139049,0.5066187842584746,0.1832186882742518,0.0005349580065556569,6.065450070472626e-05,5.066871342927808,8.81975781417936,16486.82271523635,0.32517075283965313
4.444999999999963e-06,2.0,0.0001049963026979533,0.7309368960122757,0.5116504651356438,0.5065743611676452,0.1825567075567965,0.000534550656547762,5.997090417192928e-05,5.091137874017067,8.913500036872387,16674.7527623249,0.3290937575788473
4.449999999999962e-06,2.0,0.0001044052168673839,0.7294508497187585,0.514955741992817,0.5065293636869623,0.181887253832247,0.0005341168471616223,5.928949176369614e-05,5.115806087401054,9.008625833569216,16866.39521191368,0.33306848816057
4.454999999999962e-06,2.0,0.0001038068797502179,0.7279495553019728,0.5183019993119476,0.5064838374511509,0.1812109951647954,0.0005336563451089468,5.861101815371747e-05,5.140857169937165,9.105051608374065,17061.63843421604,0.3370910041471522
4.459999999999962e-06,2.0,0.0001032018899277022,0.726434494358254,0.5216858927152778,0.5064378289750217,0.1805286065690977,0.0005331690027766152,5.793620197613292e-05,5.166271666110948,9.202691660669378,17260.36512389878,0.34115728614618007
4.464999999999962e-06,2.0,0.0001025908580392604,0.7249071620698386,0.5251040101744956,0.5063913855820669,0.179840769420867,0.0005326547607378178,5.726572631311453e-05,5.19202946607181,9.301458219972556,17462.45205259866,0.3452632407536286
4.469999999999962e-06,2.0,0.0001019744058159975,0.7233690657292979,0.5285528766308634,0.5063445553415213,0.179148170626753,0.000532113649466153,5.660023920100721e-05,5.218109803816824,9.401261496023572,17667.76985603631,0.34940470600411033
4.474999999999962e-06,2.0,0.0001013531653406687,0.7218217232520232,0.5320289588734433,0.5062973869907682,0.1784515020142412,0.0005315457912355505,5.594035437837747e-05,5.244491248222575,9.50200972343157,17876.18278633087,0.35357745685920206
4.479999999999962e-06,2.0,0.0001007277779953837,0.7202666616782271,0.5355286706464615,0.5062499298667945,0.1777514594826715,0.0005309514011985401,5.528665201829459e-05,5.27115170466796,9.60360922240048,18087.54850391548,0.35777721116379
4.484999999999962e-06,2.0,0.0001000988936423652,0.7187054156659376,0.5390483779735002,0.5062022338236517,0.1770487423761395,0.0005303307886458066,5.463967966628506e-05,5.298068409719605,9.705964454492266,18301.71783779767,0.36199963559736076
4.489999999999962e-06,2.0,9.946716950102497e-05,0.7171395259764776,0.5425844046677054,0.5061543491596003,0.1763440526196156,0.0005296843574207743,5.399995313234801e-05,5.325217936827736,9.80897809526937,18518.53459111545,0.3662403520480898
4.494999999999962e-06,2.0,9.883326926553731e-05,0.7155705379539185,0.5461330380131993,0.506106326530968,0.1756380940790626,0.0005290126065131339,5.33679575569462e-05,5.352576195265509,9.91255110238483,18737.83531874817,0.37049494393413673
4.499999999999962e-06,2.0,9.819786192804688e-05,0.7140000000000121,0.549690534584095,0.5060582168763894,0.1749315716871123,0.0005283161297859195,5.274414840570511e-05,5.380118440465867,10.01658280122642,18959.44915648376,0.37475896289698274
4.504999999999962e-06,2.0,9.756162085043847e-05,0.7124294620461056,0.5532531261860648,0.5060100713284753,0.1742251907950885,0.0005275956158821867,5.212895261132226e-05,5.407819277740611,10.12097096628783,19183.19762639549,0.37902793539097634
4.509999999999962e-06,2.0,9.69252225516345e-05,0.7108604740235465,0.5568170258846287,0.5059619411365923,0.1735196562931704,0.0005268518472469611,5.152276962370933e-05,5.435652677742591,10.22561192060837,19408.89450049727,0.38329736959145827
4.514999999999962e-06,2.0,9.628934575181258e-05,0.7092945843340863,0.5603784341044152,0.5059138775777984,0.1728156719594346,0.0005260856993330688,5.092597258558453e-05,5.463591985400449,10.33040063101291,19636.34564503275,0.38756276214498064
4.519999999999962e-06,2.0,9.565467014234372e-05,0.7077333383217969,0.563933544762846,0.5058659318796157,0.1721139395798229,0.0005252981389081595,5.033890940053227e-05,5.49160994089348,10.4352308217191,19865.34893005501,0.39181960518302306
4.524999999999962e-06,2.0,9.502187542110609e-05,0.7061782767480002,0.5674785514228285,0.505818155131675,0.1714151582996784,0.0005244902225548225,4.976190390936457e-05,5.519678694135187,10.53999508359084,20095.69412419151,0.39606339312315014
4.529999999999962e-06,2.0,9.439164006373568e-05,0.7046309342707255,0.5710096534274853,0.5057705982098993,0.1707200237491425,0.0005236630942630824,4.919525694747141e-05,5.547769831539769,10.64458500180673,20327.16286181323,0.4002896296783428
4.534999999999962e-06,2.0,9.37646403685065e-05,0.7030928379301845,0.5745230620024179,0.5057233116902524,0.1700292274029108,0.0005228179832308998,4.863924749746013e-05,5.575854396275347,10.74889127876003,20559.52859986616,0.40449383459950705
4.539999999999962e-06,2.0,9.31415492471298e-05,0.7015655056417689,0.5780150062891233,0.5056763457756812,0.169343455716869,0.0005219562007545135,4.809413371500565e-05,5.603902920984269,10.85280387515661,20792.55665411838,0.40867155057225424
4.544999999999962e-06,2.0,9.25230352970118e-05,0.7000504446980501,0.5814817392970318,0.5056297502132632,0.1686633895019177,0.0005210791373483282,4.756015404046403e-05,5.631885453907169,10.95621214567547,21026.00422927989,0.4128183497951141
4.549999999999962e-06,2.0,9.190976162889032e-05,0.6985491502812641,0.5849195437382277,0.5055835742251539,0.1679897030777225,0.0005201882589589363,4.703752817900535e-05,5.659771597596779,11.05900499233963,21259.6205352121,0.4169298406605052
4.554999999999961e-06,2.0,9.130238498308625e-05,0.6970631039877468,0.5883247377359121,0.505537866430302,0.1673230636664372,0.0005192851034373604,4.652645815982977e-05,5.687530540889834,11.1610710115412,21493.14690073238,0.42100167406947486
4.559999999999961e-06,2.0,9.070155460979903e-05,0.6955937723657775,0.5916936803713345,0.5054926747804956,0.166664130569338,0.0005183712761170777,4.602712926162982e-05,5.715131103527996,11.26229865804848,21726.31697961756,0.42502954980199653
4.564999999999961e-06,2.0,9.010791144425591e-05,0.6941426054682721,0.5950227770642152,0.5054480464876591,0.1660135545861015,0.0005174484456860176,4.553971101272371e-05,5.742541773828518,11.36257640153763,21958.85695718626,0.42900922247811374
4.569999999999961e-06,2.0,8.952208705366336e-05,0.6927110354217574,0.5983084847533764,0.5054040279659182,0.1653719772198413,0.0005165183391834756,4.506435805696208e-05,5.769730758998655,11.46179289918183,22190.48585438594,0.4329365075335351
4.574999999999961e-06,2.0,8.8944702884094e-05,0.6913004750130336,0.6015473168762923,0.5053606647653112,0.16474003012725,0.0005155827373335336,4.460121109160497e-05,5.796666028229879,11.55983715945729,22420.91583446317,0.43680728674904223
4.579999999999961e-06,2.0,8.837636928574262e-05,0.689912316294925,0.6047358481174137,0.5053180015205974,0.1641183343571379,0.0005146434690296109,4.415039767178991e-05,5.823315368366365,11.65659872093167,22649.85261138326,0.44061751376027575
4.584999999999961e-06,2.0,8.781768484192493e-05,0.6885479292124921,0.6078707189278041,0.5052760818920023,0.1635074998362505,0.0005137024062042484,4.37120330854836e-05,5.849646432023286,11.75196782084347,22876.99586162904,0.4443632190915536
4.589999999999961e-06,2.0,8.726923548170732e-05,0.6872086602510605,0.610948639789781,0.5052349485212789,0.1629081246458251,0.0005127614578825595,4.328622109669632e-05,5.875626798147017,11.84583557749499,23102.03974068602,0.4480405151439559
4.594999999999961e-06,2.0,8.673159389867924e-05,0.6858958311074037,0.6139663952326967,0.5051946429798937,0.16232079454725,0.0005118225646747746,4.287305475852571e-05,5.901224024638082,11.93809416094835,23324.67340226417,0.4516456006854467
4.599999999999961e-06,2.0,8.620531875718576e-05,0.6846107373853861,0.6169208475779044,0.5051552057326323,0.1617460823004302,0.0005108876924901463,4.24726170966489e-05,5.926405713223017,12.0286369763274,23544.58162360097,0.45517476527747425
4.604999999999961e-06,2.0,8.569095420567341e-05,0.6833546473173608,0.6198089404233124,0.5051166760933937,0.161184547232679,0.0005099588267478259,4.208498186248274e-05,5.951139565947923,12.11735883394632,23761.44543123741,0.45862439319063336
4.609999999999961e-06,2.0,8.518902917981762e-05,0.6821288005125749,0.6226277018491103,0.5050790921964156,0.1606367346018468,0.0005090379658505113,4.171021415923968e-05,5.975393453670764,12.20415613084904,23974.94283252149,0.4619909672472635
4.614999999999961e-06,2.0,8.470005701226672e-05,0.6809344067338265,0.6253742473596083,0.5050424909596337,0.1601031752109427,0.0005081271152152877,4.134837113778139e-05,5.999135475685099,12.28892701775608,24184.74954352595,0.46527107214866564
4.619999999999961e-06,2.0,8.422453483304771e-05,0.6797726447035746,0.6280457825472064,0.5050069080633599,0.1595843848180688,0.0005072282806111594,4.099950256783105e-05,6.02233403103827,12.37157157631322,24390.53982046646,0.46846139772913764
4.624999999999961e-06,2.0,8.376294327463829e-05,0.6786446609406813,0.6306396054962955,0.5049723779209636,0.1590808637983178,0.0005063434621145874,4.066365147926286e-05,6.044957880447765,12.45199198042523,24591.98728156441,0.47155874169797773
4.629999999999961e-06,2.0,8.331574596718422e-05,0.6775515686289378,0.633153108918487,0.5049389336646436,0.1585930966015769,0.0005054746474164964,4.034085468111202e-05,6.066976219558391,12.53009266690536,24788.76582821161,0.4745600123169101
4.634999999999961e-06,2.0,8.288338933511405e-05,0.6764944465184852,0.6355837820390253,0.5049066071229764,0.1581215514622728,0.0005046238058072356,4.003114335095637e-05,6.088358742227208,12.60578048903466,24980.55054867948,0.4774622305767525
4.639999999999961e-06,2.0,8.246630218207157e-05,0.6754743378612184,0.637929212230755,0.5048754288132431,0.1576666799051312,0.0005037928815570396,3.973454350421645e-05,6.109075714752709,12.67896487859686,25167.01871493463,0.4802625323256239
4.644999999999961e-06,2.0,8.206489557282447e-05,0.6744922493812231,0.6401870864175563,0.5048454279252258,0.1572289165023787,0.0005029837880320945,3.945107653405607e-05,6.129098039531495,12.7495579898281,25347.85075222857,0.4829581699151776
4.649999999999961e-06,2.0,8.167956250051818e-05,0.67354915028126,0.6423551922478776,0.5048166323193901,0.1568086784266037,0.0005021984012480727,3.918075963317994e-05,6.148397329226509,12.81747485117133,25522.73129368215,0.4855465138212739
4.654999999999961e-06,2.0,8.131067784549565e-05,0.6726459712862789,0.6444314190611542,0.5047890685161653,0.1564063652541164,0.0005014385542131685,3.892360628639913e-05,6.166945969741638,12.88263349812948,25691.35019612571,0.4880250538070378
4.65999999999996e-06,2.0,8.09585981155595e-05,0.671783603724906,0.6464137586527301,0.5047627616991703,0.1560223585631954,0.0005007060307475097,3.86796266468034e-05,6.184717193247477,12.94495511344057,25853.40363109846,0.4903914000895347
4.66499999999996e-06,2.0,8.062366147165337e-05,0.6709628986498092,0.6483003058593845,0.5047377357090927,0.1556570217815129,0.0005000025601412735,3.844882798278532e-05,6.20168513938075,13.00436414772225,26008.59512408882,0.4926432840778716
4.66999999999996e-06,2.0,8.03061875303208e-05,0.6701846659978129,0.6500892589748299,0.5047140130510596,0.1553106998272982,0.0004993298113238939,3.823121501017008e-05,6.217824926017149,13.06078844711225,26156.63665761041,0.49477855914753177
4.67499999999996e-06,2.0,8.000647744500591e-05,0.6694496737905872,0.6517789200183159,0.50469161489217,0.154983718998066,0.0004986893879160828,3.802679029513028e-05,6.233112707584566,13.11415936095835,26297.24970839993,0.49679520102024993
4.67999999999996e-06,2.0,7.972481375893186e-05,0.6687586473767043,0.653367694865369,0.5046705610720422,0.1546763866516543,0.0004980828228228133,3.783555454354384e-05,6.247525742465404,13.16441185630263,26430.16633598245,0.49869130821371477
4.68499999999996e-06,2.0,7.946146053004227e-05,0.6681122687158059,0.6548540932666521,0.5046508701030307,0.154388991132986,0.0004975115737475465,3.765750696096893e-05,6.261042447318396,13.21148461217055,26555.13019054807,0.5004651021336661
4.68999999999996e-06,2.0,7.921666322211385e-05,0.667511175705592,0.6562367287626079,0.5046325591829613,0.1541218014915273,0.0004969770182726451,3.749264550016795e-05,6.273642460010126,13.25532012059322,26671.8975590965,0.5021149272710805
4.69499999999996e-06,2.0,7.899064886114437e-05,0.666955961552293,0.6575143185201758,0.5046156441970706,0.1538750674425055,0.0004964804498932949,3.73409671790786e-05,6.285306688871939,13.29586476730209,26780.23831584845,0.5036392510776704
4.69999999999996e-06,2.0,7.8783625952581e-05,0.6664471741852461,0.6586856830997615,0.504600139731965,0.1536490191171247,0.000496023073638408,3.720246828720339e-05,6.296017370104714,13.33306891922077,26879.93689773461,0.5050366639826368
4.70499999999996e-06,2.0,7.859578465731163e-05,0.6659853157161564,0.6597497461763331,0.504586059078345,0.1534438670545588,0.0004956060026714165,3.707714466227428e-05,6.305758110955434,13.36688699158897,26970.79316945063,0.5063058791217743
4.70999999999996e-06,2.0,7.842729672342095e-05,0.6655708419435715,0.6607055342232924,0.5045734142452959,0.1532598019812491,0.0004952302544944316,3.696499185603715e-05,6.314513940612164,13.3972775220171,27052.62330084023,0.5074457322420433
4.71499999999996e-06,2.0,7.827831567076974e-05,0.6652041619030653,0.6615521761807,0.5045622159629288,0.1530969948300908,0.0004948967481534248,3.68660053701095e-05,6.322271346371118,13.42420322421699,27125.26052011015,0.5084551813506092
4.71999999999996e-06,2.0,7.814897672672802e-05,0.6648856374635679,0.6622889031150537,0.5045524736961886,0.1529555965453393,0.0004946063010591374,3.678018078153171e-05,6.329018317138616,13.44763104882541,27188.5558676244,0.5093333065697144
4.72499999999996e-06,2.0,7.803939700954845e-05,0.664615582970245,0.6629150478900181,0.5045441956466534,0.1528357381256961,0.0004943596268252402,3.670751393819583e-05,6.334744371774018,13.4675322239907,27242.37881333213,0.510079309764322
4.72999999999996e-06,2.0,7.794967545897694e-05,0.6643942649342777,0.6634300448535714,0.5045373887651665,0.1527375304517334,0.0004941573327312874,3.664800104439872e-05,6.339440594442237,13.48388230322904,27286.61786460083,0.5106925144018379
4.73499999999996e-06,2.0,7.787989301026525e-05,0.6642219017698472,0.663833429557779,0.5045320587521566,0.1526610643500697,0.0004939999182147825,3.660163881611131e-05,6.343099654457123,13.49666119314126,27321.1810275506,0.5111723652077094
4.73999999999996e-06,2.0,7.783011251233255e-05,0.6640986635785872,0.6641248385144598,0.5045282100685358,0.1526064104407713,0.0004938877729942265,3.656842452668898e-05,6.345715832879342,13.50585318855531,27345.99625067695,0.5115184280736885
4.74499999999996e-06,2.0,7.780037888619199e-05,0.6640246719817138,0.664304008999655,0.5045258459340602,0.1525736192204263,0.0004938211762293306,3.654835612217448e-05,6.347285033346775,13.51144698761763,27361.01171437595,0.5117303897792287
4.74999999999996e-06,2.0,7.779071902542171e-05,0.6639999999999999,0.6643707789080407,0.5045249683360885,0.1525627209276747,0.0004938002953161647,3.654143222723277e-05,6.347804799483407,13.51343571443695,27366.19609711802,0.5118080579803661
4.75499999999996e-06,2.0,7.780114193494724e-05,0.664024671981713,0.6643250866656486,0.5045255780256729,0.1525737256437322,0.0004938251857240032,3.654765222061804e-05,6.347274316382955,13.51181692172872,27361.53868280105,0.5117513610219164
4.75999999999996e-06,2.0,7.783163861081779e-05,0.6640986635785856,0.6641669711998026,0.5045276745239364,0.1526066231749904,0.0004938957904690673,3.656701620137832e-05,6.345694418580265,13.50659260107886,27347.04944184938,0.5115603480248122
4.764999999999959e-06,2.0,7.788218215763703e-05,0.6642219017698447,0.6638965719713964,0.5045312561157541,0.1526613831703631,0.0004940119406315315,3.659952502454369e-05,6.343067582045238,13.49776917324054,27322.75895190986,0.5112351888010334
4.769999999999959e-06,2.0,7.795272764700507e-05,0.6643942649342744,0.6635141290642056,0.5045363198537028,0.1527379550207329,0.0004941733555094615,3.664518022758536e-05,6.339397922663339,13.48535748604296,27288.71829226892,0.5107761740434726
4.774999999999959e-06,2.0,7.804321221425389e-05,0.6646155829702411,0.6630199833335942,0.5045428615493615,0.1528362679933531,0.0004943796438145171,3.670398402637702e-05,6.33469117879316,13.46937279231691,27244.99877946105,0.5101837153402411
4.779999999999959e-06,2.0,7.815355489733528e-05,0.6648856374635631,0.6624145766063886,0.5045508757749598,0.152956231148777,0.0004946303045030286,3.677593920182637e-05,6.328954700398575,13.44983473538221,27191.69167949728,0.5094583454576116
4.784999999999959e-06,2.0,7.828365671588262e-05,0.6652041619030598,0.6616984519296707,0.504560355852514,0.1530977334933847,0.0004949247286440171,3.686104905611173e-05,6.322197422418119,13.42676731447925,27128.90776596591,0.508600718436286
4.789999999999959e-06,2.0,7.843340049463725e-05,0.6655708419435652,0.6608722538589777,0.5045712938534759,0.1532606439152519,0.0004952622009191615,3.695931725936631e-05,6.314429844882591,13.40019885766832,27056.77686041611,0.5076116099437258
4.794999999999959e-06,2.0,7.860265093012281e-05,0.6659853157161492,0.6599367287783265,0.5045836805860924,0.1534448113566584,0.0004956419021514159,3.7070747766132e-05,6.305663997530483,13.37016197456466,26975.44722617126,0.5064919174216681
4.799999999999959e-06,2.0,7.879125440488092e-05,0.6664471741852382,0.6588927252422151,0.5045975055935171,0.153650064771099,0.0004960629114598787,3.719534462191842e-05,6.295913411424092,13.33669351641279,26885.08495255939,0.5052426604711161
4.804999999999959e-06,2.0,7.899903904910604e-05,0.6669559615522843,0.657741194326384,0.5046127571399452,0.1538762133183125,0.0004965242094310962,3.733311183974436e-05,6.285193075416482,13.29983451587078,26785.87320265686,0.5038649810080715
4.809999999999959e-06,2.0,7.92258145539003e-05,0.6675111757055826,0.6564831899782192,0.5046294222078033,0.1541230463452606,0.0004970246809081916,3.748405316630965e-05,6.273519399941256,13.2596301339929,26678.01146165248,0.5023601436329586
4.814999999999959e-06,2.0,7.947137223701699e-05,0.6681122687157958,0.6551198693477154,0.5046474864833439,0.1543903336067793,0.0004975631187797929,3.764817191840061e-05,6.260910166087251,13.21612958680228,26561.71466087171,0.500729535740936
4.819999999999959e-06,2.0,7.973548486495147e-05,0.6687586473766934,0.6536524930912007,0.5046669343536713,0.1546778252738087,0.0004981382273749366,3.782547070832025e-05,6.247384482377226,13.16938607892496,26437.21231418902,0.49897466781739197
4.824999999999959e-06,2.0,8.001790673340631e-05,0.6694496737905757,0.652082425624446,0.5046877488925925,0.154985252183153,0.0004987486268364027,3.801595123978688e-05,6.232962727333318,13.11945671674843,26304.74754379988,0.49709717344129295
4.829999999999959e-06,2.0,8.031837350927083e-05,0.6701846659978006,0.6504111353169957,0.5047099118583401,0.1553123258765496,0.0004993928570839874,3.821961399214957e-05,6.217666500173958,13.06640242851653,26164.57613113003,0.49509880944044604
4.834999999999959e-06,2.0,8.063660233744558e-05,0.6709628986497963,0.648640194603347,0.5047334036805724,0.1556587388832107,0.0005000693827296684,3.843645797525347e-05,6.201518557853446,13.01028786397612,26016.965471788,0.4929814557201363
4.839999999999959e-06,2.0,8.09722917145988e-05,0.6717836037248923,0.6467712800013773,0.5047582034597274,0.156024164793413,0.0005007765975621938,3.866648037175801e-05,6.184542760692889,12.9511813008965,25862.19356883591,0.4907471152079643
4.844999999999959e-06,2.0,8.132512163452133e-05,0.6726459712862646,0.6448061720132106,0.5047842889561305,0.1564082585774847,0.0005015128299511642,3.890967625027841e-05,6.166764004950074,12.88915453126073,25700.547945136,0.48839791343572586
4.849999999999959e-06,2.0,8.169475350589222e-05,0.673549150281245,0.6427467548996306,0.5048116365919457,0.156810656697497,0.0005022763477954998,3.916603816489253e-05,6.148208164458437,12.82428275438203,25532.32460709737,0.4859360982021336
4.854999999999959e-06,2.0,8.208083034840059e-05,0.6744922493812074,0.6405950163018092,0.5048402214433824,0.1572309774661436,0.0005030653643528948,3.943555582562297e-05,6.128902019827994,12.75664444993144,25357.82694231121,0.4833640388356656
4.859999999999959e-06,2.0,8.248297676655474e-05,0.6754743378612021,0.6383530467042244,0.5048700172462214,0.1576688211997934,0.0005038780435839669,3.971821565396423e-05,6.10887319719801,12.68632125808188,25177.36468103877,0.480684225504431
4.864999999999959e-06,2.0,8.290079920837858e-05,0.6764944465184684,0.6360230387113667,0.5049009963920902,0.1581237706203113,0.0005047125063330598,4.001400040946596e-05,6.088150095187181,12.61339783996358,24991.25280569133,0.4778992680910554
4.869999999999958e-06,2.0,8.33338860065573e-05,0.6775515686289204,0.6336072861346153,0.5049331299385207,0.1585953910522289,0.000505566835989304,4.03228886998456e-05,6.066761821871652,12.53796174556412,24799.81053549442,0.4750118950823864
4.874999999999958e-06,2.0,8.378180771056349e-05,0.6786446609406632,0.6311081828638149,0.5049663876102046,0.1590832308699572,0.0005064390849348519,4.064485456209674e-05,6.044738120595502,12.46010326254508,24603.36027214002,0.47202495199385763
4.879999999999958e-06,2.0,8.424411720522877e-05,0.6797726447035559,0.6285282215207334,0.5050007378144731,0.1595868217411689,0.0005073272804346965,4.097986692540488e-05,6.022109306267805,12.37991527298461,24402.22663046435,0.4689413997795645
4.884999999999958e-06,2.0,8.472035012564254e-05,0.6809344067338075,0.6258699918724433,0.5050361476483723,0.1601056791211091,0.0005082294312594646,4.132788914490814e-05,5.99890619111581,12.29749309183098,24196.73544162142,0.46576431275133423
4.889999999999958e-06,2.0,8.52100250615592e-05,0.6821288005125553,0.6231361790037875,0.5050725829203396,0.1606393025434734,0.0005091435337080083,4.168887841528401e-05,5.975160021355605,12.21293431394752,23987.2128493958,0.4624968764603141
4.894999999999958e-06,2.0,8.571264406250271e-05,0.6833546473173406,0.6203295612305233,0.5051100081638124,0.1611871761626648,0.0005100675783050922,4.206278525494736e-05,5.950902403921443,12.12633864385143,23773.98438878656,0.4591423850678585
4.899999999999958e-06,2.0,8.62276929342914e-05,0.6846107373853658,0.6174530077549517,0.5051483866657378,0.1617487690925477,0.0005109995558549898,4.24495528678685e-05,5.926165244507446,12.03780773487917,23557.37416393221,0.455704238662404
4.904999999999958e-06,2.0,8.675464183942802e-05,0.6858958311073826,0.6145094760488796,0.5051876804872856,0.1623235359965469,0.0005119374641097667,4.284911657574656e-05,5.900980676241163,11.9474450121927,23337.70401619014,0.4521859400523327
4.909999999999958e-06,2.0,8.729294568955961e-05,0.6872086602510391,0.6115020089707681,0.5052278504996647,0.1629109174736967,0.0005128793137490916,4.326140312537032e-05,5.875381000020967,11.85535550621837,23115.29279579833,0.44859109149707144
4.914999999999958e-06,2.0,8.784204484364383e-05,0.6885479292124701,0.6084337316040608,0.5052688564123047,0.1635103406955114,0.0005138231349134,4.368633006610048e-05,5.849398616020876,11.76164567121911,22890.45562964273,0.4449233909085494
4.919999999999958e-06,2.0,8.840136559736718e-05,0.6899123162949026,0.6053078478282967,0.5053106568162721,0.1641212198377598,0.0005147669830047647,4.412380500005002e-05,5.823065967162634,11.66642321540903,22663.50329485107,0.44118662799053693
4.924999999999958e-06,2.0,8.897032097873907e-05,0.691300475013011,0.602127636614541,0.5053532092200937,0.164742956762059,0.0005157089449807941,4.457372490221149e-05,5.796415474246445,11.56979691762776,22434.74159258308,0.4373846798524821
4.929999999999958e-06,2.0,8.954831133261582e-05,0.6927110354217343,0.5988964480597883,0.5053964701008347,0.1653749414908644,0.0005166471448746049,4.503597531085869e-05,5.7694794832987,11.47187645673203,22204.47082798912,0.43352150656892385
4.934999999999958e-06,2.0,9.013472521038403e-05,0.6941426054682487,0.595617699156922,0.5054403949475335,0.1660165529308142,0.0005175797497498278,4.55104295880001e-05,5.742290205020865,11.37277222903429,21972.98529266517,0.4296011462261078
4.939999999999958e-06,2.0,9.07289400447927e-05,0.6955937723657537,0.5922948693186777,0.5054849383197801,0.1666671593875392,0.0005185049748440003,4.599694804789113e-05,5.714879666646967,11.2725951796659,21740.57285189486,0.4256277099311385
4.944999999999958e-06,2.0,9.133032312744389e-05,0.6970631039877229,0.5889314956561986,0.5055300538984934,0.1673261193269503,0.000519421089092794,4.649537715621953e-05,5.687279656291276,11.17145662347451,21507.5145350495,0.4216053763292483
4.949999999999958e-06,2.0,9.193823236623307e-05,0.6985491502812398,0.585531168035176,0.5055756945516215,0.1679927819256943,0.0005203264198102145,4.700554859560471e-05,5.659521679835512,11.0694680810271,21274.08422786721,0.4175383861094817
4.954999999999958e-06,2.0,9.255201734151537e-05,0.7000504446980257,0.5820975239127001,0.5056218123917753,0.1686664878658573,0.0005212193577004935,4.752727840323349e-05,5.631636910638155,10.96674110556755,21040.54836710291,0.4134310360468428
4.959999999999958e-06,2.0,9.317102013571599e-05,0.7015655056417441,0.5786342429831499,0.5056683588484453,0.1693465699162436,0.0005220983609998795,4.806036597389168e-05,5.603656151851181,10.86338712617179,20807.16573284607,0.4092876730669063
4.964999999999958e-06,2.0,9.379457645649052e-05,0.7030928379301598,0.5751450416389473,0.5057152847317776,0.1700323537553944,0.0005229619599073792,4.860459313773809e-05,5.575609791830529,10.75951728317906,20574.18724123769,0.4051126878835529
4.969999999999957e-06,2.0,9.442201652555051e-05,0.7046309342707004,0.5716336672770289,0.5057625403105107,0.1707231585783642,0.0005238087601260309,4.915972310391305e-05,5.547527772158515,10.65524228073482,20341.85582954192,0.40091050869866474
4.974999999999957e-06,2.0,9.505266625476612e-05,0.706178276747975,0.5681038924615458,0.5058100753809759,0.1714182979425357,0.0005246374466575238,4.972549948311157e-05,5.51943954896907,10.55067223277884,20110.40633869617,0.3966855945190101
4.979999999999957e-06,2.0,9.568584817921977e-05,0.7077333383217715,0.5645595089749234,0.505857839349755,0.1721170803942346,0.0005254467866954143,5.030164517820957e-05,5.491374066825284,10.44591652686213,19880.0654820967,0.3924424285806888
4.984999999999957e-06,2.0,9.632088267032478e-05,0.709294584334061,0.5610043217705927,0.5059057813068206,0.1728188103315654,0.0005262356327430473,5.088786136035476e-05,5.463359726046251,10.34108368234594,19651.05180818368,0.38818551143902724
4.989999999999957e-06,2.0,9.695708889641058e-05,0.7108604740235209,0.5574421428618129,0.5059538501117569,0.1735227886450299,0.0005270029248256687,5.148382631768615e-05,5.435424362463189,10.2362812269186,19423.57574259145,0.383919354216783
4.994999999999957e-06,2.0,9.759378605546093e-05,0.71242946204608,0.5538767851614693,0.5060019944698093,0.1742283135915125,0.0005277476929056608,5.208919439885333e-05,5.407595220708584,10.13161556818545,19197.83961991959,0.37964847156995685
4.999999999999957e-06,2.0,9.823029434533218e-05,0.7139999999999865,0.5503120563086205,0.5060501630203631,0.1749346814430576,0.0005284690583945218,5.270359483678164e-05,5.379898939749956,10.02719188380116,18974.03778806571,0.3753773748655629
