VIN_BIAS,I0.NM0:region,I0.NM0:id,I0.NM0:vgs,I0.NM0:vds,I0.NM0:vth,I0.NM0:vdsat,I0.NM0:gm,I0.NM0:gds,I0.NM0:gmoverid,I0.NM0:self_gain,I0.NM0:rout,I0.NM0:sat_margin_abs
0.0,0.0,1.85404708397579e-10,0.0,1.099998953079603,0.4989985023615605,0.04216619418688419,4.923291587190262e-09,1.172250968842287e-10,28.32183915476446,41.99861393207032,8530596489.825025,1.0578327588927188
0.001,0.0,1.903933644670852e-10,0.001,1.099998921477171,0.4989985027447057,0.04216621035079765,5.064591152876475e-09,1.205910246493619e-10,28.32112060141834,41.9980771172863,8292491111.238694,1.0578327111263734
0.002,0.0,1.955253813332966e-10,0.002,1.099998892737877,0.4989985030942766,0.0421662269784031,5.209940364093757e-09,1.240534869203694e-10,28.32039161551589,41.9975326242788,8061039031.026234,1.0578326657594739
0.003,0.0,2.008048652731043e-10,0.003,1.099998863172767,0.4989985034538916,0.04216624408318564,5.359455019842694e-09,1.276152473066078e-10,28.31965203548161,41.99698024301198,7836054241.993551,1.0578326190895815
0.004,0.0,2.062360406054866e-10,0.004,1.099998832758186,0.4989985038238398,0.04216626167882023,5.51325423221171e-09,1.312791483574351e-10,28.31890169709974,41.99641985184665,7617355935.896913,1.0578325710793657
0.005,0.0,2.118232524532012e-10,0.005,1.0999988014698,0.4989985042044157,0.04216627977937134,5.671460507708022e-09,1.350481137653471e-10,28.31814043350533,41.9958513271979,7404768360.834352,1.0578325216904285
0.006,0.0,2.175709701849907e-10,0.006,1.099998769282581,0.4989985045959235,0.04216629839930607,5.834199843470185e-09,1.389251506720445e-10,28.31736807514246,41.99527454350413,7198120679.823219,1.057832470883275
0.007,0.0,2.234837909554247e-10,0.007,1.099998736170785,0.4989985049986774,0.04216631755350515,6.001601826186111e-09,1.429133520396287e-10,28.31658444971867,41.99468937319387,6997246833.330927,1.0578324186172798
0.008,0.0,2.29566443344991e-10,0.008,1.099998702107932,0.4989985054129983,0.04216633725727471,6.173799733789127e-09,1.470158990886657e-10,28.31578938216224,41.99409568665557,6801985405.652603,1.0578323648506573
0.009000000000000001,0.0,2.358237911033292e-10,0.009000000000000001,1.099998667066785,0.4989985058392197,0.04216635752635778,6.350930640009673e-09,1.512360638050277e-10,28.31498269457496,41.99349335220229,6612179495.025682,1.0578323095404272
0.01,0.0,2.422608369984681e-10,0.01,1.099998631019328,0.4989985062776799,0.04216637837694793,6.533135521862466e-09,1.555772115174134e-10,28.31416420618833,41.99288223604153,6427676587.377787,1.05783225264238
0.011,0.0,2.488827267750101e-10,0.011,1.099998593936746,0.498998506728731,0.04216639982570108,6.720559370147743e-09,1.600428035474933e-10,28.31333373331573,41.99226220223886,6248328433.607114,1.057832194111045
0.012,0.0,2.556947532244395e-10,0.012,1.099998555789398,0.4989985071927319,0.04216642188974914,6.913351303054315e-09,1.64636399934773e-10,28.31249108930506,41.9916331126853,6073990930.293593,1.057832133899649
0.013,0.0,2.627023603704969e-10,0.013,1.099998516546799,0.4989985076700554,0.04216644458671317,7.111664682944407e-09,1.693616622381436e-10,28.31163608449154,41.99099482706139,5904524003.749298,1.0578320719600858
0.01400000000000001,0.0,2.69911147773116e-10,0.01400000000000001,1.09999847617759,0.4989985081610818,0.04216646793471848,7.315657236414917e-09,1.742223564163962e-10,28.31076852614746,41.9903472028027,5739791497.309179,1.0578320082428716
0.01500000000000001,0.0,2.773268749539391e-10,0.01500000000000001,1.099998434649518,0.4989985086662033,0.04216649195240658,7.525491177718155e-09,1.792223557897337e-10,28.30988821843392,41.98969009506366,5579661061.777443,1.0578319426971114
0.01600000000000001,0.0,2.849554659470714e-10,0.01600000000000001,1.099998391929409,0.4989985091858236,0.04216651665895268,7.741333335640628e-09,1.843656440846668e-10,28.30899496234973,41.9890233566811,5424004048.9364,1.0578318752704563
0.01700000000000001,0.0,2.92803013978406e-10,0.01700000000000001,1.09999834798314,0.498998509720358,0.04216654207407917,7.963355283931253e-09,1.896563185645157e-10,28.30808855568131,41.98834683813788,5272695408.03529,1.0578318059090608
0.01800000000000001,0.0,3.008757862772929e-10,0.01800000000000001,1.099998302775616,0.4989985102702332,0.04216656821807069,8.191733475380322e-09,1.950985932479898e-10,28.30716879294884,41.98766038752422,5125613585.172806,1.0578317345575452
0.01900000000000001,0.0,3.091802290240244e-10,0.01900000000000001,1.099998256270737,0.498998510835888,0.04216659511179215,8.426649379645076e-09,2.006968022181611e-10,28.30623546535537,41.98696385050099,4982640425.496077,1.057831661158945
0.02000000000000001,0.0,3.177229724371256e-10,0.02000000000000001,1.099998208431375,0.4989985114177747,0.04216662277670338,8.668289624928456e-09,2.064554030244449e-10,28.30528836073239,41.9862570702599,4843661078.134135,1.0578315856546716
0.02100000000000001,0.0,3.265108360043149e-10,0.02100000000000001,1.099998159219339,0.4989985120163568,0.04216665123487683,8.916846143616663e-09,2.123789801801393e-10,28.30432726348548,41.98553988748519,4708563903.790303,1.0578315079844622
0.02200000000000001,0.0,3.355508338610113e-10,0.02200000000000001,1.099998108595352,0.4989985126321133,0.04216668050901461,9.172516321980346e-09,2.184722487580936e-10,28.30335195453978,41.98481214031326,4577240384.920758,1.0578314280863375
0.02300000000000001,0.0,3.448501803207751e-10,0.02300000000000001,1.099998056519012,0.4989985132655346,0.04216671062246739,9.435503154057613e-09,2.247400580873718e-10,28.30236221128289,41.98407366429258,4449585038.42351,1.0578313458965445
0.02400000000000001,0.0,3.544162955616291e-10,0.02400000000000001,1.099998002948767,0.4989985139171256,0.04216674159925097,9.706015399826288e-09,2.311873955535389e-10,28.30135780750863,41.98332429234252,4325495330.771256,1.057831261349516
0.02500000000000002,0.0,3.642568114727475e-10,0.02500000000000002,1.099997947841879,0.4989985145874082,0.04216677346406685,9.984267747786121e-09,2.378193905055092e-10,28.30033851335955,41.98256385471154,4204871595.51792,1.0578311743778122
0.02600000000000002,0.0,3.74379577666097e-10,0.02600000000000002,1.099997891154389,0.4989985152769153,0.04216680624232074,1.027048098207477e-08,2.446413182719698e-10,28.29930409526797,41.981792178936,4087616953.111296,1.0578310849120682
0.02700000000000002,0.0,3.847926676573814e-10,0.02700000000000002,1.099997832841086,0.4989985159861977,0.04216683996014349,1.056488215423447e-08,2.516586042902553e-10,28.29825431589555,41.98100908979553,3973637232.950043,1.0578309928809424
0.02800000000000002,0.0,3.955043852211293e-10,0.02800000000000002,1.099997772855468,0.4989985167158206,0.04216687464441038,1.086770475976126e-08,2.588768283508584e-10,28.29718893407501,41.98021440927167,3862840897.620585,1.0578308982110576
0.02900000000000002,0.0,4.06523270924883e-10,0.02900000000000002,1.099997711149709,0.4989985174663649,0.04216691032276283,1.117918891956767e-08,2.663017289608105e-10,28.29610770474636,41.97940795650194,3755138969.252287,1.0578308008269461
0.03000000000000002,0.0,4.178581088471481e-10,0.03000000000000002,1.099997647674617,0.4989985182384311,0.04216694702363123,1.149958156648707e-08,2.739392078290364e-10,28.29501037889671,41.97858954773601,3650444957.934219,1.0578307006509857
0.03100000000000002,0.0,4.295179334847019e-10,0.03100000000000002,1.0999975823796,0.4989985190326324,0.04216698477625466,1.182913663696744e-08,2.817953344773082e-10,28.29389670349534,41.97775899629023,3548674792.131896,1.0578305976033453
0.03200000000000002,0.0,4.415120368539169e-10,0.03200000000000002,1.099997515212622,0.4989985198496022,0.04216702361070725,1.216811526808182e-08,2.898763509799119e-10,28.29276642143116,41.97691611250156,3449746751.052827,1.0578304916019148
0.03300000000000002,0.0,4.538499757920306e-10,0.03300000000000002,1.099997446120164,0.498998520689993,0.04216706355791832,1.251678600001256e-08,2.981886768358682e-10,28.2916192714466,41.97606070368046,3353581398.902109,1.0578303825622457
0.03400000000000002,0.0,4.665415794636896e-10,0.03400000000000002,1.099997375047185,0.4989985215544724,0.04216710464969977,1.287542498415332e-08,3.067389139772279e-10,28.29045498807119,41.97519257406378,3260101520.97702,1.0578302703974851
0.03500000000000002,0.0,4.795969570782407e-10,0.03500000000000002,1.099997301937071,0.4989985224437298,0.04216714691876861,1.324431619697545e-08,3.155338519170383e-10,28.28927330155593,41.97431152476694,3169232061.550483,1.0578301550183025
0.03600000000000003,0.0,4.930265058240552e-10,0.03600000000000003,1.099997226731599,0.4989985233584734,0.04216719039877406,1.362375165982558e-08,3.245804730410719e-10,28.28807393780436,41.97341735373482,3080900063.490454,1.0578300363328248
0.03700000000000003,0.0,5.068409190255788e-10,0.03700000000000003,1.099997149370886,0.4989985242994315,0.04216723512432383,1.401403166480753e-08,3.338859580470628e-10,28.28685661830313,41.97250985569205,2995034609.568831,1.0578299142465621
0.03800000000000003,0.0,5.210511945293193e-10,0.03800000000000003,1.099997069793344,0.4989985252673537,0.04216728113101,1.44154650069143e-08,3.434576915355225e-10,28.2856210600529,41.97158882209329,2911566765.412135,1.057829788662334
0.03900000000000003,0.0,5.356686433252535e-10,0.03900000000000003,1.099996987935631,0.498998526263009,0.0421673284554387,1.482836922258236e-08,3.533032677563545e-10,28.2843669754966,41.9706540410725,2830429524.047373,1.0578296594801924
0.04000000000000003,0.0,5.507048984098986e-10,0.04000000000000003,1.099996903732604,0.4989985272871911,0.04216737713525756,1.52530708348347e-08,3.634304965153779e-10,28.28309407244769,41.96970529739047,2751557751.999733,1.0578295265973465
0.04100000000000003,0.0,5.66171923898047e-10,0.04100000000000003,1.099996817117262,0.4989985283407147,0.04216742720918546,1.568990560519925e-08,3.738474092453069e-10,28.28180205401676,41.96874237238335,2674888136.897136,1.0578293899080766
0.04200000000000003,0.0,5.820820243897638e-10,0.04200000000000003,1.0999967280207,0.4989985294244175,0.0421674787170432,1.613921879257728e-08,3.845622652455152e-10,28.28049061853741,41.96776504390923,2600359136.540794,1.0578292493036567
0.04300000000000003,0.0,5.984478545997941e-10,0.04300000000000003,1.099996636372052,0.4989985305391615,0.04216753169978356,1.660136541925206e-08,3.955835580952455e-10,28.27915945949087,41.96677308629424,2527910929.400225,1.0578291046722683
0.04400000000000003,0.0,6.15282429256659e-10,0.04400000000000003,1.099996542098435,0.4989985316858332,0.04216758619952483,1.707671054423029e-08,4.069200222450075e-10,28.27780826542952,41.96576627027796,2457485366.492725,1.0578289558989102
0.04500000000000003,0.0,6.325991332786943e-10,0.04500000000000003,1.099996445124894,0.4989985328653448,0.04216764225958256,1.756562954410928e-08,4.185806397909096e-10,28.27643671990051,41.96474436295885,2389025924.609228,1.0578288028653116
0.04600000000000003,0.0,6.504117322349808e-10,0.04600000000000003,1.099996345374341,0.4989985340786346,0.04216769992450396,1.806850840167781e-08,4.305746474370717e-10,28.27504450136535,41.96370712773681,2322477660.847762,1.0578286454498371
0.04700000000000003,0.0,6.687343830987194e-10,0.04700000000000003,1.099996242767497,0.4989985353266643,0.04216775924010236,1.85857440024534e-08,4.429115436510726e-10,28.27363128312125,41.96265432425784,2257787168.418901,1.0578284835273946
0.04800000000000004,0.0,6.875816453009301e-10,0.04800000000000004,1.09999613722283,0.4989985366104285,0.04216782025349315,1.911774443936124e-08,4.556010960175582e-10,28.27219673322068,41.96158570835498,2194902533.688069,1.0578283169693368
0.04900000000000004,0.0,7.069684920934758e-10,0.04900000000000004,1.099996028656489,0.4989985379309447,0.04216788301313019,1.966492932579307e-08,4.68653348795818e-10,28.27074051438855,41.96050103199124,2133773294.417828,1.0578281456433587
0.05000000000000004,0.0,7.269103222288851e-10,0.05000000000000004,1.099995916982242,0.4989985392892632,0.04216794756884427,2.022773011724217e-08,4.82078630686254e-10,28.26926228393939,41.9594000431991,2074350399.179629,1.0578279694133976
0.05100000000000004,0.0,7.47422971966457e-10,0.05100000000000004,1.099995802111404,0.498998540686462,0.0421680139718808,2.080659044176484e-08,4.958875628118559e-10,28.2677616936939,41.95828248602203,2016586167.899938,1.0578277881395233
0.05200000000000004,0.0,7.685227274132994e-10,0.05200000000000004,1.099995683952775,0.4989985421236507,0.0421680822749412,2.140196643949266e-08,5.100910669203035e-10,28.26623838989167,41.95714810045182,1960434253.509952,1.0578276016778336
0.05300000000000004,0.0,7.902263372092882e-10,0.05300000000000004,1.099995562412562,0.498998543601971,0.04216815253222299,2.201432711143494e-08,5.247003738125536e-10,28.26469201310623,41.95599662236842,1905849604.668368,1.0578274098803389
0.05400000000000004,0.0,8.12551025565755e-10,0.05400000000000004,1.099995437394308,0.4989985451225946,0.04216822479946093,2.264415467782497e-08,5.3972703200423e-10,28.26312219815688,41.9548277834776,1852788429.526284,1.057827212594847
0.05500000000000004,0.0,8.355145056672098e-10,0.05500000000000004,1.099995308798821,0.4989985466867291,0.0421682991339724,2.329194494625351e-08,5.551829166258749e-10,28.26152857401878,41.95364131124629,1801208160.505913,1.0578270096648485
0.05600000000000004,0.0,8.591349934462237e-10,0.05600000000000004,1.099995176524091,0.498998548295615,0.04216837559470149,2.395820768985603e-08,5.710802385685997e-10,28.25991076373374,41.95243692883991,1751067420.06426,1.0578268009293894
0.05700000000000004,0.0,8.834312217416597e-10,0.05700000000000004,1.099995040465214,0.4989985499505267,0.04216845424226271,2.464346703581632e-08,5.874315538817249e-10,28.25826838431792,41.95121435505676,1702325987.414259,1.0578265862229512
0.05800000000000004,0.0,9.08422454850335e-10,0.05800000000000004,1.09999490051431,0.4989985516527785,0.04216853513899103,2.534826186445075e-08,6.042497734289438e-10,28.25660104666996,41.94997330426233,1654944766.177217,1.0578263653753188
0.05900000000000005,0.0,9.34128503483603e-10,0.05900000000000005,1.09999475656044,0.4989985534037193,0.04216861834898793,2.607314621917063e-08,6.215481728103942e-10,28.25490835547622,41.94871348632273,1608885752.939143,1.057826138211452
0.06000000000000005,0.0,9.605697401390364e-10,0.06000000000000005,1.099994608489516,0.4989985552047357,0.04216870393817193,2.681868972758729e-08,6.39340402557239e-10,28.2531899091161,41.94743460653773,1564112006.687192,1.057825904551344
0.06100000000000005,0.0,9.877671148989374e-10,0.06100000000000005,1.099994456184219,0.4989985570572564,0.04216879197432995,2.758547803406227e-08,6.576404986063097e-10,28.25144529956469,41.94613636557085,1520587619.100752,1.057825664209889
0.06200000000000005,0.0,1.015742171667264e-09,0.06200000000000005,1.099994299523903,0.498998558962748,0.04216888252716927,2.837411324400548e-08,6.764628930622679e-10,28.24967411229653,41.94481845938245,1478277685.673367,1.0578254169967336
0.06300000000000004,0.0,1.044517064856812e-09,0.06300000000000004,1.099994138384503,0.498998560922719,0.04216897566837109,2.918521438022154e-08,6.958224252549026e-10,28.2478759261848,41.94348057915789,1437148277.642341,1.057825162716132
0.06400000000000004,0.0,1.074114576538625e-09,0.06400000000000004,1.099993972638439,0.4989985629387213,0.0421690714716479,3.001941785161878e-08,7.15734353099302e-10,28.24605031340241,41.94212241123746,1397166414.703667,1.057824901166791
0.06500000000000004,0.0,1.104558134066621e-09,0.06500000000000004,1.099993802154519,0.4989985650123511,0.04216917001279696,3.087737793460978e-08,7.36214364767185e-10,28.24419683931952,41.9407436370441,1358300038.489785,1.0578246321417222
0.06600000000000004,0.0,1.135871828189937e-09,0.06600000000000004,1.099993626797834,0.49899856714525,0.04216927136976299,3.175976726752764e-08,7.572785906774644e-10,28.24231506240027,41.93934393301048,1320517986.789243,1.057824355428071
0.06700000000000005,0.0,1.168080431666206e-09,0.06700000000000005,1.099993446429656,0.498998569339104,0.04216937562269441,3.266727735839703e-08,7.789436158145074e-10,28.24040453409997,41.93792297050703,1283789968.487441,1.0578240708069615
0.06800000000000005,0.0,1.201209418389445e-09,0.06800000000000005,1.099993260907333,0.4989985715956482,0.04216948285400742,3.360061910640529e-08,8.012264923828442e-10,28.2384647987574,41.93648041576508,1248086539.208163,1.0578237780533257
0.06900000000000005,0.0,1.235284983046141e-09,0.06900000000000005,1.099993070084173,0.4989985739166683,0.04216959314844969,3.456052333742744e-08,8.241447528070546e-10,28.23649539348966,41.93501592980306,1213379077.636518,1.0578234769357233
0.07000000000000005,0.0,1.270334061314349e-09,0.07000000000000005,1.099992873809337,0.4989985763039974,0.04216970659316398,3.554774135397677e-08,8.47716423086254e-10,28.2344958480826,41.93352916835001,1179639762.503753,1.057823167216173
0.07100000000000005,0.0,1.306384350619441e-09,0.07100000000000005,1.099992671927719,0.4989985787595227,0.04216982327775648,3.656304549993143e-08,8.719600365119773e-10,28.23246568488218,41.93201978176806,1146841550.216234,1.0578228486499626
0.07200000000000005,0.0,1.343464331462587e-09,0.07200000000000005,1.099992464279829,0.498998581285184,0.04216994329436483,3.760722974044307e-08,8.968946477596282e-10,28.2304044186826,41.93048741497449,1114958153.109644,1.0578225209854644
0.07300000000000005,0.0,1.381603289336433e-09,0.07300000000000005,1.099992250701667,0.4989985838829772,0.0421700667377301,3.868111025739524e-08,9.225398473627967e-10,28.22831155661397,41.92893170736241,1083964018.311657,1.057822183963937
0.07400000000000005,0.0,1.420831337244269e-09,0.07400000000000005,1.099992031024601,0.4989985865549519,0.04217019370526805,3.978552606082461e-08,9.489157765807913e-10,28.22618659802936,41.92735229272188,1053834307.195607,1.0578218373193329
0.07500000000000005,0.0,1.46117943883844e-09,0.07500000000000005,1.099991805075235,0.4989985893032179,0.04217032429714509,4.092133961669835e-08,9.760431426694099e-10,28.22402903438887,41.92574879915794,1024544875.40896,1.05782148077809
0.07600000000000005,0.0,1.502679432195057e-09,0.07600000000000005,1.099991572675274,0.4989985921299436,0.04217045861635355,4.208943749148148e-08,1.003943234565791e-09,28.22183834914306,41.92412084900927,996072253.4601307,1.0578211140589204
0.07700000000000005,0.0,1.545364054241421e-09,0.07700000000000005,1.099991333641394,0.4989985950373584,0.04217059676879322,4.329073101390491e-08,1.032637938997793e-09,28.21961401761578,41.92246805876599,968393627.8484315,1.0578207368726007
0.07800000000000006,0.0,1.589266965853965e-09,0.07800000000000006,1.099991087785092,0.4989985980277563,0.04217073886334845,4.452615695437878e-08,1.06214975702916e-09,28.21735550688442,41.92079003898541,941486822.721691,1.0578203489217435
0.07900000000000006,0.0,1.634422777644764e-09,0.07900000000000006,1.099990834912548,0.4989986011034937,0.04217088501197556,4.579667822250441e-08,1.092501821051908e-09,28.21506227565871,41.91908639420794,915330282.046722,1.0578199499005725
0.08000000000000006,0.0,1.680867076453987e-09,0.08000000000000006,1.099990574824478,0.498998604266995,0.04217103532978517,4.71032845831187e-08,1.123717912236988e-09,28.21273377415993,41.91735672287189,889903052.2787495,1.0578195394946928
0.08100000000000006,0.0,1.72863645256845e-09,0.08100000000000006,1.099990307315975,0.4989986075207525,0.04217118993513159,4.844699339136931e-08,1.155822478455875e-09,28.21036944399596,41.9156006172265,865184765.5151627,1.0578191173808433
0.08200000000000006,0.0,1.777768527684177e-09,0.08200000000000006,1.099990032176357,0.4989986108673287,0.04217134894970292,4.982885034726993e-08,1.188840652684454e-09,28.20796871803754,41.91381766324546,841155623.1206902,1.057818683226654
0.08300000000000006,0.0,1.828301983633615e-09,0.08300000000000006,1.099989749189007,0.4989986143093583,0.04217151249861308,5.124993027024257e-08,1.222798271902202e-09,28.20553102029145,41.9120074405384,817796379.8103725,1.0578182366903939
0.08400000000000006,0.0,1.880276591897319e-09,0.08400000000000006,1.099989458131204,0.4989986178495505,0.04217168071049794,5.271133789413912e-08,1.257721896499126e-09,28.20305576577296,41.9101695222619,795088328.1777186,1.057817777420706
0.08500000000000006,0.0,1.933733243920902e-09,0.08500000000000006,1.099989158773956,0.4989986214906899,0.04217185371761242,5.421420868325318e-08,1.293638830203559e-09,28.20054236037668,41.9083034750297,773013283.6555672,1.0578173050563437
0.08600000000000006,0.0,1.988713982258423e-09,0.08600000000000006,1.099988850881825,0.4989986252356415,0.04217203165593118,5.575970966984214e-08,1.330577140544097e-09,28.19799020074595,41.9064088588212,751553569.8975573,1.0578168192258939
0.08700000000000006,0.0,2.045262032564193e-09,0.08700000000000006,1.099988534212747,0.4989986290873484,0.04217221466525271,5.734904031370115e-08,1.368565679859464e-09,28.19539867414172,41.90448522689116,730692004.5683805,1.057816319547494
0.08800000000000006,0.0,2.103421836455085e-09,0.08800000000000006,1.099988208517849,0.4989986330488381,0.04217240288930298,5.898343338432196e-08,1.407634106870127e-09,28.19276715830813,41.90253212567544,710411885.5314602,1.057815805628546
0.08900000000000007,0.0,2.163239085266142e-09,0.08900000000000007,1.099987873541259,0.4989986371232238,0.04217259647584709,6.066415586620012e-08,1.447812908825959e-09,28.19009502133883,41.90054909469836,690696977.4229369,1.057815277065412
0.09000000000000007,0.0,2.224760754723572e-09,0.09000000000000007,1.099987529019914,0.4989986413137029,0.0421727955767992,6.239250988787025e-08,1.4891334242449e-09,28.18738162154027,41.89853566647853,671531498.600989,1.0578147334431147
0.09100000000000007,0.0,2.288035140557574e-09,0.09100000000000007,1.099987174683357,0.4989986456235674,0.04217300034833825,6.416983367521363e-08,1.531627866256755e-09,28.18462630729481,41.89649136643253,652900108.4603957,1.0578141743350187
0.09200000000000007,0.0,2.353111895081836e-09,0.09200000000000007,1.099986810253536,0.498998650056198,0.04217321095102493,6.599750252969016e-08,1.575329346568678e-09,28.18182841692152,41.89441571277994,634787895.1015303,1.057813599302511
0.09300000000000007,0.0,2.420042064762549e-09,0.09300000000000007,1.09998643544459,0.4989986546150725,0.04217342754992427,6.78769298320387e-08,1.620271900066668e-09,28.17898727853622,41.89230821644553,617180363.3444816,1.0578130078946657
0.09400000000000007,0.0,2.488878128804595e-09,0.09400000000000007,1.099986049962635,0.4989986593037641,0.04217365031472878,6.98095680721156e-08,1.666490510070194e-09,28.17610220991002,41.89016838096196,600063423.0781664,1.0578123996479063
0.09500000000000007,0.0,2.559674038779865e-09,0.09500000000000007,1.099985653505544,0.4989986641259491,0.0421738794198867,7.179690990546196e-08,1.714021134255396e-09,28.17317251832616,41.88799570237035,583423377.9354299,1.0578117740856572
0.09600000000000007,0.0,2.632485259325928e-09,0.09600000000000007,1.099985245762714,0.4989986690854051,0.04217411504473255,7.384048923728036e-08,1.762900731264375e-09,28.17019750043648,41.88578966912164,567246914.2847238,1.0578111307179814
0.09700000000000007,0.0,2.70736880994229e-09,0.09700000000000007,1.099984826414835,0.4989986741860156,0.04217435737362296,7.594188233445925e-08,1.813167288017308e-09,28.1671764421147,41.88354976197558,551521090.5296533,1.057810469041212
0.09800000000000007,0.0,2.78438330791184e-09,0.09800000000000007,1.099984395133651,0.498998679431774,0.04217460659607425,7.810270896630664e-08,1.864859847744539e-09,28.16410861831104,41.88127545389978,536233326.7078775,1.0578097885375768
0.09900000000000007,0.0,2.863589012378351e-09,0.09900000000000007,1.099983951581711,0.4989986848267837,0.04217486290690334,8.032463357471621e-08,1.918018538757462e-09,28.16099329290302,41.87896620996814,521371394.3806945,1.0578090886748075
0.1000000000000001,0.0,2.945047869607478e-09,0.1000000000000001,1.099983495412116,0.4989986903752655,0.04217512650637564,8.260936647441086e-08,1.972684603975236e-09,28.15782971854645,41.87662148725722,506923406.8055583,1.0578083689057403
0.1010000000000001,0.0,3.028823559464201e-09,0.1010000000000001,1.099983026268258,0.4989986960815551,0.04217539760035358,8.495866508404126e-08,2.028900431227389e-09,28.1546171365245,41.87424073474384,492877809.3832073,1.0578076286679043
0.1020000000000001,0.0,3.114981543134906e-09,0.1020000000000001,1.099982543783555,0.4989987019501133,0.04217567640044958,8.73743351887874e-08,2.086709584349688e-09,28.1513547765963,41.87182339319975,479223370.3721855,1.0578068673831056
0.1030000000000001,0.0,3.203589112129404e-09,0.1030000000000001,1.099982047581174,0.4989987079855224,0.04217596312418501,8.985823223529475e-08,2.146156835094718e-09,28.1480418568432,41.86936889508774,465949171.8627665,1.057806084456989
0.1040000000000001,0.0,3.294715438592207e-09,0.1040000000000001,1.099981537273752,0.4989987141924945,0.04217625799515197,9.241226265961316e-08,2.207288195875153e-09,28.14467758351502,41.86687666445533,453044601.0035026,1.0578052792786001
0.1050000000000001,0.0,3.388431624563429e-09,0.1050000000000001,1.099981012463116,0.4989987205758726,0.04217656124317094,9.503836292971043e-08,2.270150951754679e-09,28.14125456200902,41.86433631483931,440499341.7847677,1.057804451219945
0.1060000000000001,0.0,3.484810688509162e-09,0.1060000000000001,1.099980472740364,0.4989987271406304,0.04217687310424675,9.773848118298069e-08,2.33479365031845e-09,28.13775456118497,41.861721342976,428303374.8458272,1.0578035996361173
0.1070000000000001,0.0,3.583927720046233e-09,0.1070000000000001,1.099979917684994,0.4989987338918825,0.0421771938210684,1.005147626139459e-07,2.401266204310407e-09,28.13420076470641,41.8590668679367,416446955.4458162,1.0578027238639256
0.1080000000000001,0.0,3.685859934885893e-09,0.1080000000000001,1.099979346864597,0.4989987408348882,0.04217752364318558,1.033693310641865e-07,2.469619927269761e-09,28.13059233028835,41.85637227930227,404920606.9962069,1.0578018232214115
0.1090000000000001,0.0,3.790686701260403e-09,0.1090000000000001,1.099978759834712,0.4989987479750546,0.04217786282709295,1.063043685034593e-07,2.539907549990932e-09,28.12692840303464,41.8536369577069,393715117.7032291,1.057800897007619
0.1100000000000001,0.0,3.898489598804533e-09,0.1100000000000001,1.099978156138492,0.4989987553179368,0.04217821163641949,1.093221165716151e-07,2.612183258694611e-09,28.12320811527668,41.85086027472924,382821533.1644577,1.0577999445020725
0.1110000000000001,0.0,4.00935247899615e-09,0.1110000000000001,1.09997753530637,0.4989987628692476,0.04217857034212247,1.124248781591882e-07,2.686502734182442e-09,28.11943058641161,41.84804159278156,372231149.1725767,1.0577989649642476
0.1120000000000001,0.0,4.123361527197708e-09,0.1120000000000001,1.099976896855708,0.4989987706348578,0.04217893922268759,1.156150190276059e-07,2.762923192000398e-09,28.11559492273968,41.84518026500002,361935504.7202687,1.0577979576330203
0.1130000000000001,0.0,4.240605326336372e-09,0.1130000000000001,1.09997624029044,0.4989987786207997,0.04217931856433321,1.188949694698384e-07,2.841503423633226e-09,28.11170021730018,41.84227563513402,351926375.2008336,1.0577969217261067
0.1140000000000001,0.0,4.361174922264156e-09,0.1140000000000001,1.09997556510071,0.498998786833276,0.04217970866122023,1.222672260124145e-07,2.922303838754881e-09,28.10774554970712,41.83932703743407,342195765.7989712,1.0577958564394896
0.1150000000000001,0.0,4.485163890840606e-09,0.1150000000000001,1.099974870762494,0.4989987952786608,0.04218010981566702,1.257343531597344e-07,3.005386508559967e-09,28.1037299859835,41.83633379654055,332735905.0663838,1.0577947609468268
0.1160000000000001,0.0,4.61266840678041e-09,0.1160000000000001,1.099974156737213,0.4989988039635042,0.04218052233837192,1.292989851816108e-07,3.090815210201514e-09,28.09965257839501,41.8332952273717,323539238.6770357,1.057793634398841
0.1170000000000001,0.0,4.74378731430834e-09,0.1170000000000001,1.099973422471339,0.49899881289454,0.04218094654863826,1.329638279449502e-07,3.178655472360047e-09,28.09551236528318,41.83021063501069,314598423.3571349,1.0577924759227006
0.1180000000000001,0.0,4.878622199668414e-09,0.1180000000000001,1.099972667395989,0.498998822078687,0.04218138277460894,1.367316607906013e-07,3.26897462197165e-09,28.09130837089756,41.82707931459343,305906320.9847925,1.0577912846213802
0.1190000000000001,0.0,5.017277465530804e-09,0.1190000000000001,1.099971890926509,0.4989988315230559,0.04218183135350345,1.406053384562928e-07,3.361841832140528e-09,28.08703960522675,41.82390055119505,297455992.8547522,1.0577900595730056
0.1200000000000001,0.0,5.159860407343545e-09,0.1200000000000001,1.099971092462044,0.4989988412349565,0.04218229263186427,1.445877930466766e-07,3.457328171263846e-09,28.08270506383004,41.82067361971649,289240694.1035176,1.0577887998301798
0.1210000000000001,0.0,5.306481291677727e-09,0.1210000000000001,1.099970271385101,0.4989988512218991,0.04218276696580692,1.486820360515061e-07,3.555506653397043e-09,28.07830372766748,41.81739778477159,281253868.2903515,1.0577875044192941
0.1220000000000001,0.0,5.457253436613113e-09,0.1220000000000001,1.099969427061099,0.4989988614916027,0.0421832547212781,1.528911604129372e-07,3.656452289887164e-09,28.07383456292953,41.81407230057289,273489142.1298593,1.0577861723398208
0.1230000000000001,0.0,5.612293294214507e-09,0.1230000000000001,1.099968558837906,0.4989988720519988,0.04218375627432095,1.572183426430124e-07,3.760242142303374e-09,28.06929652086709,41.81069641081856,265940320.371879,1.057784802563585
0.1240000000000001,0.0,5.771720535149592e-09,0.1240000000000001,1.099967666045367,0.498998882911239,0.04218427201134432,1.616668449923774e-07,3.866955376693973e-09,28.06468853762002,41.80726934857815,258601380.8245553,1.0577833940340227
0.1250000000000001,0.0,5.935658135499678e-09,0.1250000000000001,1.099966747994815,0.4989988940777003,0.04218480232940231,1.662400176713012e-07,3.976673319199711e-09,28.06000953404614,41.80379033617887,251466469.5165973,1.0577819456654127
0.1260000000000001,0.0,6.104232465816137e-09,0.1260000000000001,1.099965803978576,0.4989989055599899,0.04218534763647903,1.709413011240774e-07,4.08947951305358e-09,28.05525841554972,41.80025858509239,244529895.9948349,1.057780456342097
0.1270000000000001,0.0,6.277573382476346e-09,0.1270000000000001,1.099964833269454,0.4989989173669537,0.04218590835178135,1.757742283579072e-07,4.205459776998157e-09,28.05043407191005,41.79667329582076,237786128.7532743,1.0577789249176728
0.1280000000000001,0.0,6.455814321394374e-09,0.1280000000000001,1.099963835120207,0.4989989295076807,0.04218648490603772,1.807424273273779e-07,4.324702265151743e-09,28.04553537710913,41.79303365778318,231229790.7899823,1.0577773502141692
0.1290000000000001,0.0,6.639092394141771e-09,0.1290000000000001,1.099962808763011,0.4989989419915097,0.04218707774180742,1.858496233756554e-07,4.447297528355086e-09,28.0405611891609,41.7893388492034,224855655.2882281,1.0577757310212035
0.1300000000000001,0.0,6.827548486536286e-09,0.1300000000000001,1.099961753408905,0.498998954828037,0.04218768731379412,1.910996417335269e-07,4.573338577031182e-09,28.03551034993853,41.78558803699611,218658641.4184007,1.057774066095111
0.1310000000000001,0.0,7.021327359755875e-09,0.1310000000000001,1.099960668247228,0.4989989680271242,0.04218831408916997,1.964964100774427e-07,4.702920945590751e-09,28.03038168500381,41.78178037665486,212633810.2573371,1.0577723541580581
0.1320000000000001,0.0,7.220577754039915e-09,0.1320000000000001,1.099959552445032,0.4989989815989014,0.04218895854790715,2.020439611477678e-07,4.836142758418096e-09,28.02517400343519,41.77791501214006,206776360.8217182,1.057770593897125
0.1330000000000001,0.0,7.425452495033807e-09,0.1330000000000001,1.099958405146495,0.49899899555378,0.04218962118311714,2.077464354283141e-07,4.973104797468725e-09,28.01988609765746,41.77399107576731,201081626.2124605,1.0577687839633778
0.1340000000000001,0.0,7.636108602844037e-09,0.1340000000000001,1.099957225472305,0.4989990099024543,0.04219030250139912,2.136080838884727e-07,5.11391057151627e-09,28.0145167432707,41.77000768809653,195545069.8668555,1.0577669229709057
0.1350000000000001,0.0,7.852707403861528e-09,0.1350000000000001,1.099956012519033,0.4989990246559146,0.04219100302319664,2.196332707890195e-07,5.258666387080688e-09,28.00906469888093,41.76596395782152,190162281.9155758,1.0577650094958364
0.1360000000000001,0.0,8.075414645422742e-09,0.1360000000000001,1.099954765358494,0.4989990398254495,0.04219172328316459,2.258264765529328e-07,5.407481421076151e-09,28.00352870593015,41.76185898166077,184928975.6414897,1.0577630420753295
0.1370000000000001,0.0,8.304400613367945e-09,0.1370000000000001,1.099953483037088,0.4989990554226589,0.04219246383054252,2.321923007022986e-07,5.560467795211282e-09,27.99790748852839,41.75769184424814,179840984.0375674,1.0577610192065456
0.1380000000000001,0.0,8.539840252569088e-09,0.1380000000000001,1.099952164575123,0.498999071459459,0.04219322522953926,2.387354648626781e-07,5.717740652181371e-09,27.99219975328547,41.75346161802536,174894256.4609835,1.0577589393455837
0.1390000000000001,0.0,8.781913290490733e-09,0.1390000000000001,1.099950808966126,0.4989990879480926,0.0421940080597277,2.454608158360726e-07,5.879418233687182e-09,27.98640418914468,41.7491673631348,170084855.3808131,1.0577568009063985
0.1400000000000001,0.0,9.030804363855844e-09,0.1400000000000001,1.099949415176131,0.4989991049011354,0.04219481291644745,2.523733287437968e-07,6.045621960319078e-09,27.98051946721685,41.74480812731416,165408953.2166549,1.0577546022596835
0.1410000000000001,0.0,9.286703148484421e-09,0.1410000000000001,1.099947982142953,0.4989991223315091,0.04219564041121723,2.594781102404623e-07,6.216476513343267e-09,27.97454424061587,41.7403829457908,160862829.2656723,1.0577523417317358
0.1420000000000001,0.0,9.549804492379691e-09,0.1420000000000001,1.099946508775444,0.4989991402524849,0.0421964911721601,2.667804018004214e-07,6.392109918430176e-09,27.96847714429575,41.73589084117932,156442866.7155317,1.057750017603284
0.1430000000000001,0.0,9.820308552130352e-09,0.1430000000000001,1.099944993952726,0.4989991586776966,0.04219736584443637,2.742855830778184e-07,6.572653631361221e-09,27.96231679488889,41.731330823379,152145549.7409037,1.0577476281082896
0.1440000000000001,0.0,1.009842093270682e-08,0.1440000000000001,1.099943436523413,0.4989991776211505,0.04219826509068709,2.819991753416323e-07,6.758242625755639e-09,27.95606179054591,41.72670188947264,147967460.6811249,1.057745171432726
0.1450000000000001,0.0,1.038435283072566e-08,0.1450000000000001,1.099941835304802,0.4989991970972312,0.04219918959149035,2.899268449869648e-07,6.949015482856119e-09,27.94971071077752,41.72200302362858,143905277.2967761,1.0577426457133117
0.1460000000000001,0.0,1.067832118125638e-08,0.1460000000000001,1.099940189082057,0.4989992171207165,0.04220014004582731,2.980744071237823e-07,7.145114483412208e-09,27.94326211629804,41.71723319700182,139955770.1029924,1.0577400490362296
0.1470000000000001,0.0,1.098054880825259e-08,0.1470000000000001,1.099938496607365,0.4989992377067836,0.04220111717155871,3.064478292445162e-07,7.346685701703909e-09,27.93671454887101,41.7123913676397,136115799.7773161,1.0577373794358065
0.1480000000000001,0.0,1.129126457868347e-08,0.1480000000000001,1.09993675659907,0.4989992588710233,0.0422021217059145,3.150532349717194e-07,7.553879101745138e-09,27.93006653115679,41.70747648038662,132382314.6400337,1.0577346348931556
0.1490000000000001,0.0,1.161070356044688e-08,0.1490000000000001,1.099934967740793,0.4989992806294472,0.04220315440599333,3.238969078870966e-07,7.766848635708051e-09,27.92331656656316,41.70248746679343,128752348.2049727,1.0577318133347997
0.1500000000000001,0.0,1.193910718414716e-08,0.1500000000000001,1.099933128680521,0.4989993029985004,0.04220421604927587,3.329852954432214e-07,7.985752344611252e-09,27.91646313909751,41.69742324502692,125223016.798761,1.057728912631245
0.1510000000000001,0.0,1.227672340881677e-08,0.1510000000000001,1.099931238029684,0.4989993259950738,0.04220530743414905,3.423250129591325e-07,8.210752461311134e-09,27.90950471322238,41.69228271978234,121791517.2466806,1.0577259305955349
0.1520000000000001,0.0,1.262380689167135e-08,0.1520000000000001,1.099929294362201,0.4989993496365138,0.04220642938044249,3.519228477012307e-07,8.442015515842001e-09,27.90243973371367,41.68706478219854,118455124.6231938,1.0577228649817585
0.1530000000000001,0.0,1.298061916197909e-08,0.1530000000000001,1.09992729621351,0.498999373940635,0.04220758272997824,3.617857630506237e-07,8.679712443144593e-09,27.89526662552187,41.68176830977497,115211190.0653828,1.0577197134835319
0.1540000000000001,0.0,1.334742879913344e-08,0.1540000000000001,1.099925242079565,0.4989993989257313,0.042208768347134,3.719209027582549e-07,8.924018693227178e-09,27.88798379363627,41.67639216629183,112057138.647518,1.0577164737324312
0.1550000000000001,0.0,1.372451161501459e-08,0.1550000000000001,1.09992313041582,0.4989994246105927,0.04220998711941722,3.823355952890077e-07,9.175114343800894e-09,27.88058962295306,41.67093520173188,108990467.3150633,1.0577131432964026
0.1560000000000001,0.0,1.411215084073607e-08,0.1560000000000001,1.09992095963618,0.4989994510145098,0.04221123995805557,3.930373582562257e-07,9.433184215436401e-09,27.87308247814644,41.66539625220739,106008742.8764093,1.0577097196781244
0.1570000000000001,0.0,1.451063731785341e-08,0.1570000000000001,1.099918728111934,0.498999478157296,0.042212527798599,4.040339029475268e-07,9.698417989277672e-09,27.86546070354419,41.6597741398872,103109600.0508098,1.057706200313335
0.1580000000000001,0.0,1.492026969414317e-08,0.1580000000000001,1.099916434170652,0.4989995060592932,0.04221385160153439,4.153331389435805e-07,9.971010327365967e-09,27.85772262300639,41.65406767292945,100290739.5708384,1.0577025825691175
0.1590000000000001,0.0,1.534135462402971e-08,0.1590000000000001,1.099914076095071,0.4989995347413914,0.04221521235291938,4.269431788306543e-07,1.025116099560885e-08,27.84986653980926,41.64827564541598,97549926.33793932,1.0576988637421516
0.1600000000000001,0.0,1.577420697376618e-08,0.1600000000000001,1.09991165212194,0.4989995642250366,0.0422166110650242,4.388723430084392e-07,1.053907498944494e-08,27.84189073653259,41.64239683729142,94884987.62951364,1.057695041056916
0.1610000000000001,0.0,1.621915003145283e-08,0.1610000000000001,1.099909160440845,0.4989995945322532,0.04221804877699335,4.511291645940195e-07,1.083496266224156e-08,27.83379347495243,41.63643001430417,92293811.35616371,1.0576911116638517
0.1620000000000001,0.0,1.667651572200323e-08,0.1620000000000001,1.099906599193007,0.4989996256856492,0.04221952655551905,4.637223944235131e-07,1.11390398564769e-08,27.82557299593812,41.63037392795369,89774344.36761983,1.057687072637488
0.1630000000000001,0.0,1.714664482713934e-08,0.1630000000000001,1.099903966470048,0.4989996577084399,0.04222104549553116,4.766610061520665e-07,1.145152803774129e-08,27.81722751935486,41.62422731543899,87324590.80607034,1.0576829209745169
0.1640000000000001,0.0,1.762988721052922e-08,0.1640000000000001,1.099901260312731,0.4989996906244571,0.04222260672090188,4.89954201453727e-07,1.177265443160993e-08,27.80875524397136,41.61798889961345,84942610.50549231,1.057678653591829
0.1650000000000001,0.0,1.81266020481573e-08,0.1650000000000001,1.099898478709672,0.4989997244581664,0.04222421138516669,5.036114153219886e-07,1.210265216342502e-08,27.80015434737292,41.61165738894275,82626517.43574548,1.0576742673245052
0.1660000000000001,0.0,1.863715806402781e-08,0.1660000000000001,1.099895619596015,0.4989997592346859,0.04222586067226092,5.176423214720616e-07,1.244176040103065e-08,27.79142298588053,41.60523147746692,80374478.19017334,1.057669758923754
0.1670000000000001,0.0,1.916193377131016e-08,0.1670000000000001,1.099892680852087,0.4989997949797985,0.04222755579727273,5.320568378460788e-07,1.279022450050796e-08,27.78255929447615,41.59870984476844,78184710.51546323,1.0576651250548144
0.1680000000000001,0.0,1.970131771901948e-08,0.1680000000000001,1.099889660302014,0.4989998317199735,0.04222929800721151,5.468651322219245e-07,1.314829615494778e-08,27.77356138673373,41.59209115594311,76055481.88262355,1.0576603622948026
0.1690000000000001,0.0,2.025570874434517e-08,0.1690000000000001,1.099886555712307,0.4989998694823782,0.04223108858179536,5.620776279269103e-07,1.351623354630888e-08,27.76442735475754,41.58537406157849,73985108.09789078,1.0576554671305116
0.1700000000000001,0.0,2.08255162307195e-08,0.1700000000000001,1.099883364790419,0.4989999082949013,0.04223292883425218,5.777050096568165e-07,1.389430150039687e-08,27.75515526912672,41.57855719773429,71971951.95249194,1.0576504359561667
0.1710000000000001,0.0,2.141116037174698e-08,0.1710000000000001,1.099880085183266,0.4989999481861641,0.04223482011214123,5.937582294015881e-07,1.428277164501428e-08,27.74574317884721,41.57163918593159,70014421.91012502,1.0576452650711248
0.1720000000000001,0.0,2.201307244108286e-08,0.1720000000000001,1.099876714475716,0.4989999891855456,0.04223676379818893,6.102485124779832e-07,1.468192257131313e-08,27.73618911131102,41.56461863314426,68110970.83115602,1.0576399506775271
0.1730000000000001,0.0,2.263169506838161e-08,0.1730000000000001,1.099873250189042,0.4990000313231988,0.0422387613111468,6.27187363670314e-07,1.509203999839865e-08,27.72649107226318,41.55749413179808,66260094.73246197,1.0576344888778952
0.1740000000000001,0.0,2.326748252141566e-08,0.1740000000000001,1.099869689779345,0.4990000746300681,0.04224081410666165,6.445865734797609e-07,1.551341694121967e-08,27.71664704577662,41.55026425977586,64460331.58194611,1.0576288756726833
0.1750000000000001,0.0,2.392090099447378e-08,0.1750000000000001,1.099866030635937,0.49900011913791,0.04224292367816869,6.624582244829217e-07,1.594635388178639e-08,27.70665499423506,41.54292758042756,62710260.12674787,1.0576231069577682
0.1760000000000001,0.0,2.459242890314263e-08,0.1760000000000001,1.099862270079691,0.4990001648793158,0.0422450915578014,6.808146978000393e-07,1.639115894375064e-08,27.69651285832488,41.535482642587,61008498.754218,1.0576171785218895
0.1770000000000001,0.0,2.528255718559076e-08,0.1770000000000001,1.099858405361352,0.4990002118877281,0.04224731931731947,6.996686796736591e-07,1.684814807039212e-08,27.68621855703544,41.52792798059587,59353704.38471736,1.0576110860440326
0.1780000000000001,0.0,2.599178961045471e-08,0.1780000000000001,1.099854433659818,0.4990002601974636,0.04224960856905636,7.190331681578909e-07,1.731764520604184e-08,27.67576998766859,41.52026211433365,57744571.39537172,1.0576048250907615
0.1790000000000001,0.0,2.672064309143689e-08,0.1790000000000001,1.09985035208037,0.4990003098437363,0.04225196096688613,7.389214799186088e-07,1.779998248097793e-08,27.66516502585768,41.51248354925417,56179830.57391526,1.0575983911134839
0.1800000000000001,0.0,2.746964800873365e-08,0.1800000000000001,1.09984615765288,0.4990003608626756,0.04225437820720899,7.593472571451037e-07,1.829550039983344e-08,27.6544015255963,41.50459077643031,54658248.101763,1.057591779445671
0.1810000000000001,0.0,2.823934853739217e-08,0.1810000000000001,1.099841847329968,0.4990004132913522,0.04225686202995724,7.803244745730376e-07,1.880454803354229e-08,27.64347731927693,41.49658227260486,53178624.56551825,1.0575849853000108
0.1820000000000001,0.0,2.90303029827126e-08,0.1820000000000001,1.099837417985124,0.4990004671677987,0.04225941421962001,8.018674466189948e-07,1.93274832148591e-08,27.63239021774042,41.48845650025005,51739793.99610566,1.057578003765504
0.1830000000000001,0.0,2.984308412280628e-08,0.1830000000000001,1.099832866410791,0.4990005225310337,0.04226203660628908,8.23990834626604e-07,1.98646727374835e-08,27.62113801033528,41.48021190763343,50340622.93475681,1.057570829804502
0.1840000000000001,0.0,3.067827955841025e-08,0.1840000000000001,1.099828189316404,0.4990005794210875,0.04226473106672448,8.467096542239315e-07,2.041649255881213e-08,27.60971846498913,41.47184692889261,48980009.52511218,1.0575634582496793
0.1850000000000001,0.0,3.153649207008508e-08,0.1850000000000001,1.099823383326393,0.4990006378790214,0.04226749952543945,8.700392827923456e-07,2.098332800635534e-08,27.59812932829029,41.46335998411843,47656882.630683,1.0575558838009536
0.1860000000000001,0.0,3.241833998288188e-08,0.1860000000000001,1.099818444978137,0.4990006979469583,0.04227034395580783,8.93995467045967e-07,2.156557398783095e-08,27.58636832558211,41.45474947944497,46370200.97699609,1.057548101022329
0.1870000000000001,0.0,3.332445753860839e-08,0.1870000000000001,1.099813370719882,0.4990007596681049,0.0422732663811907,9.185943307218046e-07,2.216363520496965e-08,27.57443316106851,41.44601380714984,45118952.31770348,1.0575401043386914
0.1880000000000001,0.0,3.425549527578925e-08,0.1880000000000001,1.099808156908612,0.4990008230867778,0.04227626887608464,9.438523823797125e-07,2.277792637104738e-08,27.56232151793239,41.43715134576195,43902152.62400192,1.0575318880325273
0.1890000000000001,0.0,3.521212041743127e-08,0.1890000000000001,1.099802799807879,0.4990008882484314,0.04227935356729062,9.697865233115545e-07,2.340887243216425e-08,27.55003105846615,41.42816046017871,42718845.29670811,1.0575234462405882
0.1900000000000001,0.0,3.619501726670251e-08,0.1900000000000001,1.099797295585585,0.4990009551996837,0.04228252263510438,9.964140555588812e-07,2.405690879229017e-08,27.53755942421584,41.41903950179231,41568100.40035082,1.0575147729504806
0.1910000000000001,0.0,3.720488761062793e-08,0.1910000000000001,1.099791640311722,0.499001023988342,0.04228577831452777,1.023752690038066e-06,2.472248154208827e-08,27.52490423613813,41.40978680862598,40449013.91867037,1.0575058619971942
0.1920000000000001,0.0,3.824245113190122e-08,0.1920000000000001,1.099785829956069,0.499001094663435,0.04228912289650167,1.051820554771718e-06,2.540604769152733e-08,27.51206309477121,41.40040070547809,39360707.03092831,1.0574967070595673
0.1930000000000001,0.0,3.930844582892788e-08,0.1930000000000001,1.099779860385832,0.4990011672752399,0.04229255872916088,1.080636203225459e-06,2.61080754062982e-08,27.49903358041954,41.39087950407754,38302325.40843529,1.057487301656671
0.1940000000000001,0.0,4.040362844419217e-08,0.1940000000000001,1.099773727363256,0.4990012418753086,0.04229608821910912,1.110218622748452e-06,2.682904424803608e-08,27.48581325335307,41.38122150324911,37273038.53074086,1.057477639144147
0.1950000000000001,0.0,4.152877490104445e-08,0.1950000000000001,1.099767426543168,0.4990013185165023,0.04229971383271712,1.14058724311604e-06,2.756944541835083e-08,27.47239965402112,41.37142498908739,36272039.0209365,1.057467712710451
0.1960000000000001,0.0,4.268468074902006e-08,0.1960000000000001,1.099760953470492,0.4990013972530188,0.04230343809744329,1.171761945173137e-06,2.832978200667227e-08,27.45879030328113,41.36148823514285,35298541.99952821,1.0574575153730488
0.1970000000000001,0.0,4.387216161777466e-08,0.1970000000000001,1.099754303577702,0.4990014781404233,0.04230726360317187,1.203763069576188e-06,2.911056924190224e-08,27.44498270264263,41.35140950261705,34351784.45636794,1.0574470399745302
0.1980000000000001,0.0,4.509205367973238e-08,0.1980000000000001,1.099747472182232,0.4990015612356816,0.04231119300357746,1.236611425631732e-06,2.991233474786808e-08,27.43097433452745,41.34118704056922,33431024.64013687,1.0574362791786545
0.1990000000000001,0.0,4.634521412154023e-08,0.1990000000000001,1.099740454483837,0.4990016465971921,0.04231522901751014,1.270328300229311e-06,3.073561880256858e-08,27.41676266254512,41.33081908613305,32535541.46488925,1.0574252254663268
0.2000000000000001,0.0,4.763252162442375e-08,0.2000000000000001,1.099733245561902,0.4990017342848162,0.04231937443039932,1.304935466866509e-06,3.158097460120286e-08,27.40234513178509,41.3203038647454,31664633.93317545,1.0574138711315026
0.2010000000000002,0.0,4.895487685351543e-08,0.2010000000000002,1.099725840372702,0.4990018243599155,0.04232363209568345,1.340455194763044e-06,3.244896852295576e-08,27.38771916912543,41.30963959038482,30817620.57529064,1.0574022082770185
0.2020000000000002,0.0,5.031320295625674e-08,0.2020000000000002,1.099718233746612,0.4990019168853812,0.04232800493625746,1.376910258061562e-06,3.334018040152788e-08,27.37288218355826,41.29882446582268,29993838.9041882,1.0573902288103545
0.2030000000000002,0.0,5.170844606993831e-08,0.2030000000000002,1.099710420385263,0.4990020119256742,0.04233249594594548,1.414323945111636e-06,3.425520379937614e-08,27.35783156653262,41.2878566828843,29192644.88562792,1.0573779244393176
0.2040000000000002,0.0,5.31415758384772e-08,0.2040000000000002,1.09970239485865,0.4990021095468532,0.0423371081909904,1.452720067834331e-06,3.519464628564671e-08,27.34256469231485,41.27673442272349,28413412.42312261,1.0573652866676595
0.2050000000000002,0.0,5.461358593846927e-08,0.2050000000000002,1.099694151602182,0.4990022098166185,0.04234184481156857,1.492122971162823e-06,3.615912971774501e-08,27.32707891836659,41.26545585610615,27655532.857287,1.0573523067906134
0.2060000000000002,0.0,5.61254946146343e-08,0.2060000000000002,1.099685684913691,0.4990023128043425,0.04234670902332328,1.532557542556697e-06,3.71492905265311e-08,27.31137158574093,41.25401914370836,26918414.4791628,1.0573389758903675
0.2070000000000002,0.0,5.767834522467092e-08,0.2070000000000002,1.099676988950373,0.49900241858111,0.04235170411891913,1.574049221584623e-06,3.81657800050676e-08,27.29544001949703,41.24242243642402,26201482.05715228,1.0573252848314538
0.2080000000000002,0.0,5.927320679362105e-08,0.2080000000000002,1.099668057725687,0.4990025272197555,0.04235683346961702,1.616624009572229e-06,3.920926460089247e-08,27.27928152913313,41.23066387568596,25504176.37716261,1.05731122425607
0.2090000000000002,0.0,6.091117457777928e-08,0.2090000000000002,1.099658885106199,0.499002638794899,0.0423621005268701,1.660308479310154e-06,4.028042621174912e-08,27.26289340903866,41.21874159379849,24825953.79560103,1.0572967845793289
0.2100000000000002,0.0,6.25933706382027e-08,0.2100000000000002,1.099649464808366,0.4990027533829896,0.042367508823939,1.70512978481762e-06,4.137996248471525e-08,27.24627293896523,41.20665371428149,24166285.80485968,1.0572819559844269
0.2110000000000002,0.0,6.432094442387713e-08,0.2110000000000002,1.099639790395275,0.499002871062342,0.04237306197752475,1.751115671156809e-06,4.250858711866884e-08,27.22941738451701,41.19439835222747,23524658.61093798,1.0572667284177504
0.2120000000000002,0.0,6.609507336457137e-08,0.2120000000000002,1.099629855273319,0.4990029919131776,0.04237876368942472,1.79829448429248e-06,4.366703017001324e-08,27.21232399766062,41.1819736146699,22900572.72286664,1.0572510915838944
0.2130000000000002,0.0,6.791696347341396e-08,0.2130000000000002,1.099619652688824,0.4990031160176677,0.04238461774820406,1.846695180991289e-06,4.48560383615814e-08,27.19499001725502,41.16937760096439,22293542.55360381,1.0572350349406199
0.2140000000000002,0.0,6.978784995924132e-08,0.2140000000000002,1.099609175724621,0.4990032434599709,0.04239062803088622,1.896347338755416e-06,4.607637539464553e-08,27.17741266960076,41.15660840318155,21703096.03207653,1.0572185476937348
0.2150000000000002,0.0,7.170899784870688e-08,0.2150000000000002,1.099598417296561,0.4990033743262804,0.04239679850466067,1.947281165783537e-06,4.732882226392054e-08,27.15958916900994,41.14366410651165,21128774.22606636,1.0572016187919002
0.2160000000000002,0.0,7.368170261820839e-08,0.2160000000000002,1.099587370149976,0.4990035087048634,0.04240313322860999,1.999527510953693e-06,4.861417757548544e-08,27.14151671839572,41.13054278968179,20570130.97562444,1.0571842369213662
0.2170000000000002,0.0,7.570729083560729e-08,0.2170000000000002,1.099576026856086,0.4990036466861069,0.04240963635544984,2.053117873820444e-06,4.993325786749662e-08,27.12319250988302,41.11724252538495,20026732.53673153,1.057166390500636
0.2180000000000002,0.0,7.77871208117708e-08,0.2180000000000002,1.099564379808351,0.499003788362561,0.0424163121332879,2.108084414619875e-06,5.128689793359562e-08,27.10461372543876,41.10376138072037,19498157.23490945,1.057148067675063
0.2190000000000002,0.0,7.992258326190661e-08,0.2190000000000002,1.099552421218764,0.4990039338289865,0.04242316490739668,2.164459964274502e-06,5.267595114887659e-08,27.08577753752363,41.09009741764602,18983995.12851182,1.0571292563113672
0.2200000000000002,0.0,8.211510197671185e-08,0.2200000000000002,1.099540143114099,0.499004083182397,0.04243019912200039,2.222278034391177e-06,5.410128979830439e-08,27.06668110976354,41.07624869344291,18483847.68141593,1.0571099439920986
0.2210000000000002,0.0,8.436613450327507e-08,0.2210000000000002,1.099527537332092,0.4990042365221072,0.04243741932207602,2.281572827242935e-06,5.55638054074244e-08,27.04732159764255,41.06221326119022,17997327.44486181,1.057090118010016
0.2220000000000002,0.0,8.667717283572964e-08,0.2220000000000002,1.099514595517576,0.499004393949781,0.04244483015516738,2.34237924572711e-06,5.706440907523581e-08,27.0276961492161,41.04798917025201,17524057.74817651,1.0570697653624086
0.2230000000000002,0.0,8.904974411561779e-08,0.2230000000000002,1.099501309118558,0.4990045555694782,0.04245243637320988,2.404732903290886e-06,5.860403180907427e-08,27.00780190584503,41.03357446677477,17063672.39813626,1.057048872745348
0.2240000000000002,0.0,9.148541134190473e-08,0.2240000000000002,1.099487669382244,0.4990047214877016,0.04246024283436779,2.468670133814894e-06,6.018362486133448e-08,26.98763600295045,41.01896719419627,16615815.38672755,1.057027426547876
0.2250000000000002,0.0,9.398577409059829e-08,0.2250000000000002,1.099473667351009,0.4990048918134494,0.0424682545048796,2.534228001445685e-06,6.180416006787274e-08,26.96719557078888,41.00416539376347,16180140.60706932,1.0570054128461295
0.2260000000000002,0.0,9.655246924388982e-08,0.2260000000000002,1.099459293858312,0.4990050666582636,0.04247647646091269,2.601444310366881e-06,6.346663018789662e-08,26.94647773524865,40.98916710506222,15756311.57727206,1.0569828173973994
0.2270000000000002,0.0,9.918717172877856e-08,0.2270000000000002,1.099444539524562,0.4990052461362779,0.04248491389042709,2.670357614499779e-06,6.517204924518103e-08,26.92547961866583,40.97397036655605,15344001.17200461,1.056959625634135
0.2280000000000002,0.0,1.018915952650326e-07,0.2280000000000002,1.099429394752929,0.4990054303642719,0.0424935720950432,2.74100722712141e-06,6.692145287037664e-08,26.90419834066144,40.95857321613441,14942891.36156305,1.0569358226578858
0.2290000000000002,0.0,1.046674931224294e-07,0.2290000000000002,1.099413849725103,0.4990056194617219,0.04250245649191608,2.813433230390151e-06,6.871589864422985e-08,26.88263101899826,40.9429736916698,14552672.9582248,1.0569113932331868
0.2300000000000002,0.0,1.075166588871522e-07,0.2300000000000002,1.099397894397,0.4990058135508539,0.04251157261561306,2.887676484767291e-06,7.055646644148949e-08,26.86077477045793,40.9271698315839,14173045.36968659,1.0568863217813869
0.2310000000000002,0.0,1.104409272372233e-07,0.2310000000000002,1.099381518494423,0.4990060127566947,0.04252092611999284,2.963778638322901e-06,7.244425877527629e-08,26.8386267117375,40.91115967542174,13803716.35938774,1.05686059237443
0.2320000000000002,0.0,1.134421747268321e-07,0.2320000000000002,1.09936471150867,0.4990062172071261,0.04253052278008811,3.041782135913796e-06,7.438040114167488e-08,26.81618396036581,40.89494126443348,13444401.81352701,1.056834188728582
0.2330000000000002,0.0,1.165223205793952e-07,0.2330000000000002,1.09934746269209,0.4990064270329408,0.04254036849398354,3.12173022822068e-06,7.636604236429215e-08,26.7934436356391,40.87851264216311,13094825.51458746,1.0568070941981065
0.2340000000000002,0.0,1.196833274892262e-07,0.2340000000000002,1.099329761053594,0.4990066423678955,0.04255046928469488,3.20366698063261e-06,7.840235493854785e-08,26.7704028595755,40.8618718550439,12754718.92118298,1.056779291768899
0.2350000000000002,0.0,1.229272024316063e-07,0.2350000000000002,1.099311595354121,0.4990068633487669,0.04256083130204107,3.287637281964565e-06,8.049053537540812e-08,26.74705875788771,40.84501695299968,12423820.95405375,1.05675076405208
0.2360000000000002,0.0,1.262559974810755e-07,0.2360000000000002,1.099292954102053,0.4990070901154072,0.04257146082451327,3.37368685299477e-06,8.263180454429047e-08,26.72340846097456,40.82794599005133,12101877.78803744,1.0567214932775397
0.2370000000000002,0.0,1.296718106377479e-07,0.2370000000000002,1.099273825548591,0.4990073228107993,0.04258236426113342,3.46186225480775e-06,8.482740801485122e-08,26.69944910492977,40.81065702492834,11788642.64984879,1.0566914612874576
0.2380000000000002,0.0,1.331767866614099e-07,0.2380000000000002,1.099254197683079,0.4990075615811174,0.0425935481533055,3.552210896928053e-06,8.707861639734444e-08,26.67517783256834,40.79314812168262,11483875.62150673,1.0566606495297735
0.2390000000000002,0.0,1.367731179132076e-07,0.2390000000000002,1.099234058228295,0.4990078065757817,0.04260501917665274,3.644781045230807e-06,8.938672568125976e-08,26.65059179446954,40.77541735030739,11187343.44924834,1.0566290390516422
0.2400000000000002,0.0,1.404630452046272e-07,0.2400000000000002,1.099213394635695,0.4990080579475171,0.04261678414284255,3.739621829612571e-06,9.17530575718912e-08,26.62568815003648,40.7574627873569,10898819.35777966,1.0565966104928524
0.2410000000000002,3.0,1.442488586535431e-07,0.2410000000000002,1.09919219408062,0.4990083158524112,0.04262885000139649,3.836783251407744e-06,9.417895982452237e-08,26.60046406857098,40.73928251656821,10618082.86971141,1.0565633440792235
0.2420000000000002,3.0,1.481328985470201e-07,0.2420000000000002,1.099170443457461,0.499008580449974,0.04264122384147762,3.936316190533712e-06,9.666580657586637e-08,26.57491673036406,40.72087462948305,10344919.63003659,1.0565292196159832
0.2430000000000002,3.0,1.521175562105879e-07,0.2430000000000002,1.099148129374796,0.4990088519031983,0.04265391289366283,4.038272412348543e-06,9.92149986724096e-08,26.54904332780066,40.70223722606907,10079121.23550818,1.056494216481133
0.2440000000000002,3.0,1.562052748836697e-07,0.2440000000000002,1.099125238150484,0.4990091303786173,0.04266692453168761,4.142704574204335e-06,1.018279639952881e-07,26.52284106647831,40.6833684153405,9820485.068780052,1.0564583136187964
0.2450000000000002,3.0,1.603985506008332e-07,0.2450000000000002,1.099101755806732,0.4990094160463657,0.04268026627416728,4.24966623167891e-06,1.045061577813188e-07,26.49630716633871,40.66426631597556,9568814.137177635,1.0564214895325648
0.2460000000000002,3.0,1.646999330784735e-07,0.2460000000000002,1.099077668065128,0.4990097090802434,0.04269394578628986,4.359211844467204e-06,1.072510629397673e-07,26.46943886281227,40.64492905693024,9323916.915971307,1.0563837222788381
0.2470000000000002,3.0,1.691120266066551e-07,0.2470000000000002,1.099052960341647,0.4990100096577705,0.04270797088147705,4.471396781916714e-06,1.100641903645058e-07,26.44223340797351,40.6253547780485,9085607.196021192,1.05634498946017
0.2480000000000002,3.0,1.736374909455809e-07,0.2480000000000002,1.099027617741634,0.4990103179602538,0.04272234952301308,4.586277328184963e-06,1.1294707924106e-07,26.41468807170813,40.60554163066572,8853703.935678814,1.056305268218621
0.2490000000000002,3.0,1.782790422264045e-07,0.2490000000000002,1.099001625054754,0.499010634172847,0.04273708982563523,4.703910687003192e-06,1.159012973481915e-07,26.38680014288947,40.58548777820555,8628031.116819972,1.056264535229119
0.2500000000000002,3.0,1.830394538558958e-07,0.2500000000000002,1.098974966749928,0.4990109584846123,0.04275220005708531,4.824354986025642e-06,1.189284413535374e-07,26.35856693056455,40.56519139676882,8408417.604896626,1.0562227666928428
0.2510000000000002,3.0,1.879215574245193e-07,0.2510000000000002,1.098947626970251,0.4990112910885822,0.04276768863961956,4.947669280744886e-06,1.220301371028607e-07,26.32998576514797,40.5446506757133,8194697.012895167,1.0561799383306314
0.2520000000000002,3.0,1.929282436174645e-07,0.2520000000000002,1.098919589527886,0.4990116321818224,0.04278356415147243,5.073913557953624e-06,1.252080399024555e-07,26.30105399962348,40.52386381822208,7986707.569091083,1.0561360253764136
0.2530000000000002,3.0,1.980624631281153e-07,0.2530000000000002,1.098890837898949,0.4990119819654947,0.04279983532826943,5.20314873873196e-06,1.284638347942153e-07,26.27176901075194,40.50282904186087,7784291.988495348,1.0560910025706796
0.2540000000000002,3.0,2.033272275734869e-07,0.2540000000000002,1.098861355218387,0.4990123406449193,0.04281651106439163,5.33543668094061e-06,1.317992368229041e-07,26.24212820028463,40.4815445791217,7587297.347887374,1.0560448441539954
0.2550000000000002,3.0,2.087256104110534e-07,0.2550000000000002,1.098831124274836,0.4990127084296384,0.04283360041428004,5.470840181197857e-06,1.352159912951066e-07,26.21212899618082,40.46000867795172,7395574.964336259,1.0559975238605561
0.2560000000000002,3.0,2.142607478564433e-07,0.2560000000000002,1.09880012750549,0.4990130855334779,0.0428511125936859,5.609422976319962e-06,1.387158740293679e-07,26.1817688538293,40.43821960226683,7208980.277111525,1.055949014911804
0.2570000000000002,3.0,2.199358398014223e-07,0.2570000000000002,1.098768346990956,0.4990134721746105,0.04286905698085387,5.751249744203194e-06,1.423006915970035e-07,26.15104525727184,40.41617563244719,7027372.732888795,1.055899290010102
0.2580000000000002,3.0,2.257541507315146e-07,0.2580000000000002,1.098735764450113,0.4990138685756209,0.04288744311764166,5.896386104124424e-06,1.459722815530178e-07,26.1199557204283,40.39387506581397,6850615.674159996,1.0558483213324714
0.2590000000000002,3.0,2.317190106427379e-07,0.2590000000000002,1.098702361234986,0.4990142749635659,0.04290628071056982,6.044898616440674e-06,1.49732512656654e-07,26.08849778832207,40.37131621708643,6678576.230755324,1.0557960805244162
0.2600000000000002,3.0,2.378338159567188e-07,0.2600000000000002,1.098668118325613,0.4990146915700387,0.04292557963179683,6.196854781662829e-06,1.535832850809678e-07,26.05666903830454,40.34849741881676,6511125.214393015,1.0557425386938162
0.2610000000000002,3.0,2.441020304335514e-07,0.2610000000000002,1.098633016324937,0.4990151186312306,0.04294534992001792,6.352323038881862e-06,1.575265306108916e-07,26.02446708127815,40.325417021802,6348137.016171031,1.055687666404919
0.2620000000000002,3.0,2.505271860817123e-07,0.2620000000000002,1.098597035453712,0.4990155563879957,0.04296560178128173,6.511372763524703e-06,1.615642128292186e-07,25.99188956291638,40.30207339547124,6189489.506918526,1.0556314336724302
0.2630000000000002,3.0,2.571128840643303e-07,0.2630000000000002,1.098560155545424,0.4990160050859098,0.04298634558972315,6.674074264417062e-06,1.656983272899402e-07,25.95893416487973,40.27846492824708,6035063.940326883,1.0555738099557008
0.2640000000000002,3.0,2.638627956010277e-07,0.2640000000000002,1.098522356041243,0.4990164649753355,0.04300759188820463,6.840498780128941e-06,1.699309016783286e-07,25.92559860602702,40.25459002787905,5884744.858783566,1.0555147641530382
0.2650000000000002,3.0,2.707806628646103e-07,0.2650000000000002,1.098483615985002,0.4990169363114831,0.04302935138886819,7.010718474580353e-06,1.742639959571912e-07,25.89188064362038,40.23044712174838,5738420.001832479,1.0554542645961338
0.2660000000000002,3.0,2.778702998718161e-07,0.2660000000000002,1.098443914018208,0.4990174193544707,0.04305163497358579,7.18480643188369e-06,1.786997024986976e-07,25.85777807452326,40.20603465714249,5595980.217187479,1.0553922790446222
0.2670000000000002,3.0,2.851355933672804e-07,0.2670000000000002,1.098403228375091,0.499017914369387,0.04307445369431246,7.362836650398382e-06,1.832401462011565e-07,25.82328873639046,40.18135110149738,5457319.374228313,1.0553287746807787
0.2680000000000002,3.0,2.925805036999349e-07,0.2680000000000002,1.098361536877697,0.4990184216263487,0.04309781877333078,7.544884035975365e-06,1.878874845901566e-07,25.78841050884886,40.15639494260726,5322334.279908657,1.0552637181043663
0.2690000000000002,3.0,3.002090656909017e-07,0.2690000000000002,1.098318816931027,0.499018941400565,0.04312174160338745,7.731024394365728e-06,1.926439079034144e-07,25.75314131466843,40.13116468879889,5190924.597010193,1.0551970753276394
0.2700000000000002,3.0,3.080253894921263e-07,0.2700000000000002,1.098275045518233,0.4990194739723908,0.04314623374771533,7.921334422772777e-06,1.975116391587712e-07,25.71747912092172,40.10565886907128,5062992.764675214,1.0551288117705178
0.2710000000000002,3.0,3.160336614346401e-07,0.2710000000000002,1.098230199195859,0.499020019627392,0.04317130693993809,8.115891700518948e-06,2.024929342046086e-07,25.68142194013219,40.07987603319661,4938443.921157031,1.055058892255921
0.2720000000000002,3.0,3.242381448657996e-07,0.2720000000000002,1.09818425408916,0.4990205786563973,0.04319697308385233,8.314774678810596e-06,2.075900817522026e-07,25.64496783140891,40.05381475178484,4817185.828722231,1.0549872810053076
0.2730000000000002,3.0,3.326431809742426e-07,0.2730000000000002,1.098137185887482,0.4990211513555596,0.04322324425308158,8.518062669569504e-06,2.128054033892191e-07,25.60811490156831,40.02747361630684,4699128.800648962,1.0549139416344004
0.2740000000000002,3.0,3.412531896018272e-07,0.2740000000000002,1.09808896983971,0.4990217380264093,0.04325013269060268,8.725835833313891e-06,2.181412535738545e-07,25.57086130624143,40.00085123907867,4584185.630259236,1.0548388371491073
0.2750000000000002,3.0,3.500726700413987e-07,0.2750000000000002,1.098039580749803,0.4990223389759116,0.04327765080813548,8.938175166061406e-06,2.236000196089032e-07,25.5332052509659,39.97394625320287,4472271.521930503,1.0547619299416675
0.2760000000000002,3.0,3.591062018194426e-07,0.2760000000000002,1.097988992972415,0.4990229545165199,0.0433058111853924,9.155162485233398e-06,2.291841215951679e-07,25.49514499226233,39.94675731246831,4363304.024030101,1.0546831817870226
0.2770000000000002,3.0,3.683584454625124e-07,0.2770000000000002,1.097937180408596,0.4990235849662281,0.043334626569187,9.376880414535853e-06,2.34896012363546e-07,25.45667883869443,39.91928309120615,4257202.963719584,1.054602553839409
0.2780000000000002,3.0,3.778341432464129e-07,0.2780000000000002,1.097884116501603,0.4990242306486238,0.04336410987239382,9.603412367795688e-06,2.407381773851982e-07,25.41780515191219,39.89152228410182,4153890.38357605,1.054520006629209
0.2790000000000002,3.0,3.875381199269793e-07,0.2790000000000002,1.097829774232802,0.4990248918929391,0.04339427417275758,9.834842531728506e-06,2.467131346591335e-07,25.37852234767779,39.86347360596196,4053290.479980447,1.0544355000600445
0.2800000000000002,3.0,3.974752834514203e-07,0.2800000000000002,1.097774126117691,0.4990255690341003,0.04342513271154575,1.007125584761808e-05,2.52823434576646e-07,25.3388288968739,39.8351357914366,3955329.543222544,1.0543489934061452
0.2810000000000002,3.0,4.076506256490029e-07,0.2810000000000002,1.097717144202025,0.4990262624127749,0.04345669889204481,1.03127379918839e-05,2.590716597619377e-07,25.29872332649401,39.80650759469535,3859935.899275533,1.0542604453099802
0.2820000000000002,3.0,4.180692228999379e-07,0.2820000000000002,1.097658800058075,0.4990269723754195,0.04348898627788881,1.05593753555164e-05,2.654604248883372e-07,25.25820422061472,39.77758778905773,3767039.853193326,1.054169813780186
0.2830000000000002,3.0,4.287362367813547e-07,0.2830000000000002,1.097599064781011,0.4990276992743258,0.0435220085912263,1.081125502236093e-05,2.719923764695611e-07,25.21727022134955,39.74837516657688,3676573.634084597,1.0540770561897848
0.2840000000000002,3.0,4.396569146890434e-07,0.2840000000000002,1.097537908985415,0.4990284434676612,0.04355577971071255,1.106846474622793e-05,2.786701926253503e-07,25.17592002978479,39.71886853757837,3588471.341620737,1.0539821292747025
0.2850000000000002,3.0,4.508365904338701e-07,0.2850000000000002,1.097475302801948,0.4990292053195126,0.04359031366933102,1.133109292681292e-05,2.854965828209982e-07,25.1341524068969,39.68906673015184,3502668.894033607,1.053884989132617
0.2860000000000002,3.0,4.62280684811481e-07,0.2860000000000002,1.097411215874154,0.4990299851999287,0.04362562465203496,1.15992285844046e-05,2.924742875801151e-07,25.09196617445236,39.65896858959718,3419103.97756274,1.053785591222119
0.2870000000000002,3.0,4.739947061441915e-07,0.2870000000000002,1.097345617355428,0.4990307834849562,0.04366172699321098,1.187296133336691e-05,2.996060781701708e-07,25.04936021588953,39.62857297782619,3337715.997310369,1.053683890362217
0.2880000000000002,3.0,4.859842507937543e-07,0.2880000000000002,1.097278475906145,0.4990316005566719,0.04369863517395692,1.215238135437752e-05,3.068947562602684e-07,25.006333477183,39.59787877271989,3258446.029465325,1.053579840732188
0.2890000000000002,3.0,4.98255003643512e-07,0.2890000000000002,1.097209759690959,0.4990324368032275,0.04373636381917487,1.243757936540226e-05,3.143431535505375e-07,24.96288496769208,39.56688486744042,3181236.77485862,1.0534733958717841
0.2900000000000002,3.0,5.108127385490184e-07,0.2900000000000002,1.097139436376278,0.4990332926188715,0.04377492769447414,1.272864659139955e-05,3.219541313728476e-07,24.9190137609921,39.53559016970276,3106032.513811488,1.053364508681804
0.2910000000000002,3.0,5.236633187554335e-07,0.2910000000000002,1.097067473127931,0.4990341684039846,0.04381434170288278,1.302567473273252e-05,3.297305802621851e-07,24.87471899569109,39.50399360100347,3032779.062241817,1.0532531314250484
0.2920000000000002,3.0,5.368126972805804e-07,0.2920000000000002,1.096993836609018,0.499035064565107,0.04385462088136526,1.33287559322814e-05,3.376754194983634e-07,24.82999987623157,39.47209409580966,2961423.728992647,1.0531392157276527
0.2930000000000002,3.0,5.502669172623136e-07,0.2930000000000002,1.096918492977967,0.499035981514962,0.04389578039714351,1.363798274124463e-05,3.457915966176383e-07,24.78485567367877,39.43989060071039,2891915.27434878,1.0530227125808234
0.2940000000000002,3.0,5.640321122687023e-07,0.2940000000000002,1.096841407886798,0.4990369196724812,0.04393783554382153,1.395344808361552e-05,3.540820868937623e-07,24.73928572649648,39.4073820735305,2824203.869708994,1.0529035723429765
0.2950000000000002,3.0,5.781145065698832e-07,0.2950000000000002,1.096762546479598,0.4990378794628232,0.04398080173730805,1.427524521933106e-05,3.625498927882292e-07,24.6932894413114,39.37456748241116,2758241.05838066,1.05278174474229
0.2960000000000002,3.0,5.925204153700613e-07,0.2960000000000002,1.096681873391223,0.4990388613173914,0.04402469451154133,1.460346770608228e-05,3.711980433692968e-07,24.64686629366728,39.34144580485736,2693979.717466135,1.0526571788796817
0.2970000000000002,3.0,6.072562449983418e-07,0.2970000000000002,1.096599352746233,0.4990398656738502,0.04406952951400958,1.493820935978249e-05,3.800295936995223e-07,24.60001582877094,39.30801602675625,2631374.020810256,1.0525298232322233
0.2980000000000002,3.0,6.223284930570806e-07,0.2980000000000002,1.096514948158052,0.4990408929761345,0.04411532250106991,1.527956421369084e-05,3.89047624191573e-07,24.55273766223021,39.27427714136856,2570379.40297917,1.052399625656982
0.2990000000000002,3.0,6.37743748526228e-07,0.2990000000000002,1.096428622728395,0.4990419436744635,0.04416208933306408,1.562762647618682e-05,3.982552399320243e-07,24.50503148078711,39.24022814829555,2510952.524242201,1.052266533395331
0.3000000000000002,3.0,6.53508691822561e-07,0.3000000000000002,1.096340339046928,0.4990430182253411,0.04420984596923,1.598249048720161e-05,4.076555699730922e-07,24.45689704304631,39.20586805242609,2453051.23652795,1.052130493077698
0.3010000000000002,3.0,6.696300948121291e-07,0.3010000000000002,1.096250059191201,0.4990441170915635,0.04425860846241274,1.634425067330215e-05,4.172517665920092e-07,24.40833418020182,39.17119586286531,2396634.550328471,1.0519914507287882
0.3020000000000002,3.0,6.861148207747855e-07,0.3020000000000002,1.096157744726848,0.4990452407422172,0.04430839295356923,1.671300150143785e-05,4.270470045180684e-07,24.35934279676307,39.13621059185003,2341662.602524332,1.0518493517732788
0.3030000000000002,3.0,7.02969824319396e-07,0.3030000000000002,1.096063356708059,0.4990463896526768,0.04435921566607456,1.708883743135559e-05,4.370444801272668e-07,24.30992287128234,39.10091125365395,2288096.625105073,1.0517041410419845
0.3040000000000002,3.0,7.202021512483657e-07,0.3040000000000002,1.095966855678342,0.4990475643045937,0.04441109289982589,1.747185286669206e-05,4.472474106045288e-07,24.26007445708552,39.06529686348763,2235898.914760255,1.0515557627785161
0.3050000000000002,3.0,7.378189383700457e-07,0.3050000000000002,1.095868201671569,0.4990487651858941,0.04446404102514848,1.786214210475335e-05,4.576590330735392e-07,24.20979768300872,39.02936643639492,2185032.80331695,1.0514041606464206
0.3060000000000002,3.0,7.558274132580607e-07,0.3060000000000002,1.09576735421333,0.499049992790757,0.04451807647650355,1.825979928500346e-05,4.682826036944391e-07,24.15909275414127,38.99311898615441,2135462.628999376,1.0512492777368263
0.3070000000000002,3.0,7.742348939558136e-07,0.3070000000000002,1.095664272322581,0.4990512476196005,0.04457321574600442,1.866491833626997e-05,4.791213967293492e-07,24.10795995257905,38.95655352418668,2087153.708488811,1.0510910565765765
0.3080000000000002,3.0,7.930487886252432e-07,0.3080000000000002,1.095558914513616,0.4990525301790616,0.04462947537673689,1.907759292269426e-05,4.901787035761165e-07,24.05639963818866,38.91966905847396,2040072.309760632,1.050929439136879
0.3090000000000002,3.0,8.122765951384648e-07,0.3090000000000002,1.095451238798353,0.4990538409819685,0.04468687195589479,1.949791638844676e-05,5.01457831770494e-07,24.00441224938512,38.88246459249743,1994185.625677251,1.0507643668424582
0.3100000000000002,3.0,8.319259006110784e-07,0.3100000000000002,1.095341202688943,0.4990551805473131,0.04474542210772872,1.992598170123407e-05,5.129621039571224e-07,23.95199830392515,38.8449391241963,1949461.748315794,1.0505957805812143
0.3110000000000002,3.0,8.520043808759533e-07,0.3110000000000002,1.095228763200723,0.4990565494002174,0.04480514248631445,2.036188139462685e-05,5.246948568297078e-07,23.89915839971781,38.80709164495468,1905869.644010165,1.0504236207144084
0.3120000000000002,3.0,8.725197998963785e-07,0.3120000000000002,1.0951138768555,0.499057948071898,0.04486604976814439,2.080570750924256e-05,5.366594400409089e-07,23.84589321565459,38.76892113862112,1863379.129087473,1.0502478270873556
0.3130000000000002,3.0,8.934800091175106e-07,0.3130000000000002,1.094996499685181,0.4990593770996224,0.04492816064454852,2.12575515328203e-05,5.488592150824939e-07,23.79220351246053,38.73042658056725,1821960.846279495,1.0500683390406325
0.3140000000000002,3.0,9.148929467548819e-07,0.3140000000000002,1.09487658723576,0.4990608370266664,0.04499149181394833,2.171750433922362e-05,5.612975541363119e-07,23.73809013356868,38.6916069367897,1781586.241790657,1.0498850954218117
0.3150000000000002,3.0,9.367666370192204e-07,0.3150000000000002,1.094754094571656,0.4990623284022625,0.04505605997395081,2.218565612642116e-05,5.739778388969049e-07,23.68355400601894,38.65246116306251,1742227.543003825,1.0496980345977052
0.3160000000000002,3.0,9.591091892762804e-07,0.3160000000000002,1.094628976280423,0.4990638517815483,0.04512188181328718,2.266209635348496e-05,5.86903459366362e-07,23.62859614138359,38.61298820414454,1703857.736806713,1.0495070944671359
0.3170000000000002,3.0,9.819287971411579e-07,0.3170000000000002,1.094501186477816,0.4990654077255042,0.04518897400360601,2.314691367666561e-05,6.000778126224528e-07,23.57321763671985,38.57318699304886,1666450.548521053,1.04931221247421
0.3180000000000002,3.0,1.005233737505761e-06,0.3180000000000002,1.094370678813241,0.4990669968008964,0.04525735319112326,2.364019588458981e-05,6.135043015607336e-07,23.51741967555251,38.53305645037855,1629980.421418456,1.0491133256221177
0.3190000000000002,3.0,1.029032369499231e-06,0.3190000000000002,1.094237406475576,0.4990686195802027,0.04532703598814205,2.414202983265081e-05,6.271863336119072e-07,23.4612035288853,38.49259548373627,1594422.496805844,1.0489103704874339
0.3200000000000002,3.0,1.053333133379888e-06,0.3200000000000002,1.094101322199374,0.4990702766415468,0.04539803896444578,2.465250137664074e-05,6.41127319435182e-07,23.40457055624469,38.45180298721166,1559752.594665559,1.0487032832349283
0.3210000000000002,3.0,1.078144549358646e-06,0.3210000000000002,1.093962378271454,0.4990719685686186,0.04547037863857349,2.517169530570371e-05,6.553306715890704e-07,23.34752220675449,38.41067784095384,1525947.194833964,1.0484919996328805
0.3220000000000002,3.0,1.103475216352988e-06,0.3220000000000002,1.093820526537881,0.4990736959505944,0.04554407146898991,2.569969527467435e-05,6.697998031807207e-07,23.29006002024307,38.36921891083363,1492983.418703972,1.0482764550688912
0.3230000000000002,3.0,1.129333810671132e-06,0.3230000000000002,1.093675718411327,0.4990754593820477,0.04561913384515549,2.623658373587955e-05,6.845381264951582e-07,23.23218562838286,38.32742504820164,1460839.01143682,1.0480565845661716
0.3240000000000002,3.0,1.155729084625662e-06,0.3240000000000002,1.093527904878843,0.4990772594628666,0.04569558207850562,2.678244187047625e-05,6.995490516056944e-07,23.173900755863,38.28529508974641,1429492.32466926,1.0478323228003374
0.3250000000000002,3.0,1.182669865076857e-06,0.3250000000000002,1.093377036510012,0.4990790967981498,0.04577343239335463,2.733734951942037e-05,7.148359849672499e-07,23.11520722159332,38.24282785745996,1398922.299701819,1.0476036041166572
0.3260000000000002,3.0,1.210165051904905e-06,0.3260000000000002,1.093223063465505,0.4990809719981108,0.04585270091772693,2.790138511414273e-05,7.304023279938951e-07,23.05610693994061,38.20002215871351,1369108.451155372,1.047370362547778
0.3270000000000002,3.0,1.23822361641108e-06,0.3270000000000002,1.093065935506037,0.4990828856779732,0.0459334036741315,2.84746256070277e-05,7.462514756223393e-07,22.99660192199554,38.15687678644947,1340030.851082802,1.0471325318319056
0.3280000000000002,3.0,1.266854599647806e-06,0.3280000000000002,1.092905602001713,0.499084838457863,0.04601555657029061,2.905714640179009e-05,7.62386814863101e-07,22.93669427686944,38.11339051949341,1311670.113523102,1.0468900454314223
0.3290000000000002,3.0,1.296067110677894e-06,0.3290000000000002,1.092742011941784,0.499086830962687,0.04609917538983074,2.964902128385343e-05,7.788117233412295e-07,22.87638621301834,38.06956212299205,1284007.379485554,1.0466428365519533
0.3300000000000002,3.0,1.325870324762316e-06,0.3300000000000002,1.092575113944787,0.4990888638220242,0.04618427578294992,3.025032235081795e-05,7.95529567828116e-07,22.81568003959502,38.02539034897809,1257024.302352596,1.0463908381618372
0.3310000000000002,3.0,1.356273481478007e-06,0.3310000000000002,1.092404856269093,0.4990909376699936,0.04627087325707424,3.086111994314859e-05,8.125437027668991e-07,22.75457816782317,37.98087393706867,1230703.033688857,1.0461339830120187
0.3320000000000002,3.0,1.387285882764816e-06,0.3320000000000002,1.092231186823839,0.4990930531451299,0.04635898316751372,3.14814825751688e-05,8.298574687928661e-07,22.69308311239472,37.936011615299,1205026.209446097,1.0458722036563253
0.3330000000000002,3.0,1.418916890902998e-06,0.3330000000000002,1.092054053180256,0.4990952108902486,0.04644862070812962,3.21114768664919e-05,8.474741912514093e-07,22.63119749288499,37.89080210109407,1179976.936552328,1.0456054324721265
0.3340000000000002,3.0,1.451175926421316e-06,0.3340000000000002,1.091873402583384,0.4990974115523101,0.04653980090202847,3.275116747399556e-05,8.653971787153754e-07,22.56892403518379,37.8452441023814,1155538.779874963,1.0453336016813557
0.3350000000000002,3.0,1.484072465936839e-06,0.3350000000000002,1.091689181964167,0.4990996557822762,0.04663253859229432,3.340061702446722e-05,8.836297215042295e-07,22.50626557293803,37.7993363188467,1131695.749547299,1.0450566433718727
0.3360000000000002,3.0,1.517616039927186e-06,0.3360000000000002,1.091501337951933,0.4991019442349607,0.04672684843277124,3.405988604804029e-05,9.021750902072244e-07,22.44322504900218,37.75307744333413,1108432.288648433,1.0447744895191617
0.3370000000000002,3.0,1.551816230435865e-06,0.3370000000000002,1.091309816887237,0.499104277568883,0.04682274487891078,3.472903291254027e-05,9.21036534212756e-07,22.3798055168927,37.70646616339108,1085733.261226969,1.0444870720083264
0.3380000000000002,3.0,1.586682668712504e-06,0.3380000000000002,1.091114564835082,0.4991066564461087,0.04692024217869713,3.540811375888199e-05,9.402172802465976e-07,22.31601014224082,37.65950116296017,1063583.940658613,1.0441943226563848
0.3390000000000002,3.0,1.622225032788563e-06,0.3390000000000002,1.090915527598493,0.4991090815320912,0.04701935436366352,3.609718243763433e-05,9.597205309211175e-07,22.25184220423942,37.61218112421653,1041969.998328809,1.0438961732348295
0.3400000000000002,3.0,1.658453044990419e-06,0.3400000000000002,1.090712650732443,0.4991115534955061,0.04712009524001139,3.67962904468944e-05,9.795494632982059e-07,22.18730509707826,37.5645047295508,1020877.492631088,1.0435925554924315
0.3410000000000002,3.0,1.695376469390923e-06,0.3410000000000002,1.090505879558125,0.4991140730080825,0.04722247837985047,3.750548687159518e-05,9.99707227468167e-07,22.12240233136187,37.51647066369683,1000292.858272691,1.0432834011782746
0.3420000000000002,3.0,1.733005109201349e-06,0.3420000000000002,1.090295159177555,0.4991166407444334,0.04732651711256818,3.822481832438656e-05,1.020196945147292e-06,22.05713753550455,37.46807761600169,980202.8958787207,1.0429686420649869
0.3430000000000002,3.0,1.771348804105527e-06,0.3430000000000002,1.090080434488505,0.4991192573818762,0.04743222451634233,3.895432888822366e-05,1.041021708296602e-06,21.99151445709534,37.41932428283715,960594.7618866423,1.0426482099721626
0.3440000000000003,3.0,1.810417427538001e-06,0.3440000000000003,1.089861650199742,0.4991219236002539,0.04753961340981603,3.969406006079625e-05,1.062184577764344e-06,21.9255369642271,37.37020937014846,941455.9587230801,1.042322036789926
0.3450000000000003,3.0,1.850220883908202e-06,0.3450000000000003,1.089638750846574,0.4991246400817516,0.04764869634393842,4.04440507009323e-05,1.083688581954739e-06,21.85920904678283,37.3207315961381,922774.3252551553,1.0419900545026355
0.3460000000000003,3.0,1.890769105773097e-06,0.3460000000000003,1.089411680806683,0.4991274075107086,0.04775948559399452,4.120433697711495e-05,1.105536715525737e-06,21.79253481767146,37.27088969407973,904538.027508612,1.0416521952126885
0.3470000000000003,3.0,1.932072050960475e-06,0.3470000000000003,1.089180384316234,0.4991302265734274,0.04787199315182807,4.197495231824292e-05,1.127731938118236e-06,21.72551851400664,37.22068241525859,886735.5496454474,1.0413083911644059
0.3480000000000003,3.0,1.974139699645156e-06,0.3480000000000003,1.088944805486247,0.499133097957983,0.04798623071827538,4.275592736676316e-05,1.150277173119282e-06,21.65816449822116,37.17010853203242,869355.6851938863,1.0409585747679715
0.3490000000000003,3.0,2.01698205138133e-06,0.3490000000000003,1.088704888319221,0.4991360223540218,0.04810220969582221,4.354728993431651e-05,1.173175306462062e-06,21.59047725910818,37.11916684100845,852387.5285235026,1.0406026786233988
0.3500000000000003,3.0,2.060609122093043e-06,0.3500000000000003,1.088460576725982,0.4991390004525658,0.04821994118149257,4.434906496001091e-05,1.19642918546492e-06,21.52246141278315,37.06785616632823,835820.4665589214,1.0402406355444895
0.3510000000000003,3.0,2.105030941026188e-06,0.3510000000000003,1.088211814542752,0.4991420329458083,0.04833943595998402,4.516127447145655e-05,1.220041617712081e-06,21.45412170355748,37.0161753630557,819644.170725323,1.039872378582768
0.3520000000000003,3.0,2.150257547664717e-06,0.3520000000000003,1.087958545548423,0.4991451205269115,0.048460704497061,4.598393754867936e-05,1.244015369978458e-06,21.3854630047168,36.96412332065934,803848.5891193746,1.039497841051362
0.3530000000000003,3.0,2.196298988614457e-06,0.3530000000000003,1.087700713482003,0.4991482638897977,0.04858375693321461,4.681707029103572e-05,1.268353167201053e-06,21.31649031919529,36.91169896658167,788423.938899255,1.0391169565487883
0.3540000000000003,3.0,2.243165314457282e-06,0.3540000000000003,1.087438262060232,0.4991514637289418,0.04870860307760062,4.766068578723311e-05,1.293057691499087e-06,21.24720878013905,36.85890126988721,773360.6988878164,1.0387296589826314
0.3550000000000003,3.0,2.290866576579567e-06,0.3550000000000003,1.08717113499535,0.4991547207391611,0.0488352524022696,4.85147940885766e-05,1.318131581245436e-06,21.17762365134985,36.80572924497978,758649.6023827532,1.0383358825930804
0.3560000000000003,3.0,2.339412823977841e-06,0.3560000000000003,1.086899276012975,0.4991580356154017,0.04896371403669146,4.937940218553475e-05,1.343577430191334e-06,21.10774032760229,36.75218195538073,744281.630168195,1.0379355619762836
0.3570000000000003,3.0,2.388814100045309e-06,0.3570000000000003,1.086622628870107,0.4991614090525274,0.04909399676258903,5.025451398772538e-05,1.36939778664654e-06,21.0375643348267,36.69825851755723,730248.0037220286,1.0375286321075181
0.3580000000000003,3.0,2.439080439342991e-06,0.3580000000000003,1.086341137373204,0.4991648417451054,0.04922610900908921,5.114013030741406e-05,1.39559515271707e-06,20.96710133014997,36.64395810479127,716540.178613483,1.0371150283641146
0.3590000000000003,3.0,2.490221864359259e-06,0.3590000000000003,1.086054745396332,0.4991683343871892,0.04936005884819562,5.203624884661175e-05,1.422171983602476e-06,20.89635710178749,36.58927995107858,703149.8380856296,1.0366946865481363
0.3600000000000003,3.0,2.542248382260972e-06,0.3600000000000003,1.085763396899357,0.4991718876721044,0.04949585399059564,5.294286418783822e-05,1.449130686954224e-06,20.8253375687797,36.53422335504693,690068.8868177895,1.0362675429087613
0.3610000000000003,3.0,2.595169981640978e-06,0.3610000000000003,1.08546703594616,0.4991755022922315,0.04963350178180333,5.385996778863705e-05,1.476473622297344e-06,20.75404878056561,36.47878768388205,677289.4448625728,1.0358335341643568
0.3620000000000003,3.0,2.648996629264732e-06,0.3620000000000003,1.085165606722855,0.4991791789387932,0.04977300919864965,5.478754797988349e-05,1.50420310051641e-06,20.68249691638859,36.42297237725033,664803.8417529447,1.0353925975242053
0.3630000000000003,3.0,2.703738266821303e-06,0.3630000000000003,1.084859053555983,0.4991829183016336,0.04991438284612072,5.57255899679613e-05,1.532321383407932e-06,20.61068828452666,36.36677695120706,652604.6107742542,1.0349446707098622
0.3640000000000003,3.0,2.759404807681459e-06,0.3640000000000003,1.08454732093067,0.4991867210690087,0.05005762895455318,5.667407584082944e-05,1.560830683299904e-06,20.5386293213437,36.31020100207746,640684.4833968809,1.0344896919761168
0.3650000000000003,3.0,2.816006133668101e-06,0.3650000000000003,1.084230353508708,0.4991905879273659,0.05020275337718751,5.7632984578036e-05,1.589733162740284e-06,20.46632659015482,36.25324421029993,629036.3838647372,1.0340276001315203
0.3660000000000003,3.0,2.873552091841765e-06,0.3660000000000003,1.083908096146557,0.4991945195611362,0.05034976158808641,5.860229206468082e-05,1.619030934254851e-06,20.39378677990299,36.19590634421828,617653.4239354999,1.0335583345584707
0.3670000000000003,3.0,2.932052491306723e-06,0.3670000000000003,1.083580493913235,0.4991985166525173,0.05049865868041634,5.958197110936864e-05,1.648726060176022e-06,20.32101670364126,36.13818726381235,606528.8977680363,1.0330818352328186
0.3680000000000003,3.0,2.991517100040297e-06,0.3680000000000003,1.08324749210807,0.4992025798812676,0.0506494493650996,6.05719914661335e-05,1.678820552542731e-06,20.24802329681867,36.08008692435385,595656.2769531301,1.0325980427429704
0.3690000000000003,3.0,3.051955641750784e-06,0.3690000000000003,1.082909036278296,0.4992067099244932,0.05080213796983477,6.157231986035185e-05,1.709316373072538e-06,20.17481361536517,36.02160537997662,585029.2056832496,1.0321068983084614
0.3700000000000003,3.0,3.113377792766724e-06,0.3700000000000003,1.082565072236472,0.4992109074564459,0.05095672843848744,6.258292001860936e-05,1.740215433205863e-06,20.10139483357518,35.9627427871489,574641.4960576334,1.0316083437979844
0.3710000000000003,3.0,3.175793178963008e-06,0.3710000000000003,1.082215546077701,0.499215173148313,0.05111322433085142,6.360375270251881e-05,1.771519594223232e-06,20.02777424178576,35.90349940803647,564487.123518651,1.0311023217468496
0.3720000000000003,3.0,3.239211372726027e-06,0.3720000000000003,1.08186040419662,0.4992195076680235,0.0512716288227788,6.463477574642557e-05,1.803230667434886e-06,19.95395924385074,35.84387561374453,554560.2224159766,1.0305887753738412
0.3730000000000003,3.0,3.303641889963623e-06,0.3730000000000003,1.081499593304145,0.499223911680043,0.05143194470667872,6.56759440989837e-05,1.835350414443462e-06,19.87995735440793,35.78387188742853,544855.0816947033,1.0300676485974662
0.3740000000000003,3.0,3.369094187162264e-06,0.3740000000000003,1.081133060443952,0.4992283858451812,0.05159417439238155,6.672720986852229e-05,1.867880547478899e-06,19.80577619594147,35.7234888272619,535366.1407040787,1.0295388860515704
0.3750000000000003,3.0,3.435577658495856e-06,0.3750000000000003,1.080760753008668,0.4992329308204012,0.05175831990836562,6.778852237214488e-05,1.900822729805438e-06,19.73142349563929,35.66272714925052,526087.9851233454,1.0290024331003025
0.3760000000000003,3.0,3.503101632990102e-06,0.3760000000000003,1.080382618755751,0.4992375472586283,0.05192438290334551,6.885982818848673e-05,1.934178576200174e-06,19.6569070820469,35.60158768988465,517015.3430013523,1.0284582358524055
0.3770000000000003,3.0,3.57167537174541e-06,0.3770000000000003,1.079998605823037,0.4992422358085684,0.05209236464821139,6.994107121403245e-05,1.967949653502221e-06,19.58223488152072,35.54007140861722,508143.0809067552,1.0279062411748257
0.3780000000000003,3.0,3.641308065222392e-06,0.3780000000000003,1.079608662743949,0.4992469971145259,0.05226226603832295,7.103219272290368e-05,2.002137481231728e-06,19.50741491448278,35.47817939016067,499466.2001856104,1.027346396705626
0.3790000000000003,3.0,3.712008830592895e-06,0.3790000000000003,1.079212738462323,0.4992518318162304,0.05243408759614496,7.213313143000099e-05,2.036743532277506e-06,19.43245529148107,35.41591284659245,490979.8333233398,1.026778650866178
0.3800000000000003,3.0,3.783786709160565e-06,0.3800000000000003,1.078810782346862,0.4992567405486626,0.05260782947422264,7.324382355739462e-05,2.071769233652305e-06,19.35736420905912,35.35327311926227,482679.24040802,1.0262029528726393
0.3810000000000003,3.0,3.856650663852795e-06,0.3810000000000003,1.078402744205172,0.4992617239418916,0.05278349145848704,7.43642029038152e-05,2.107215967313795e-06,19.28214994544054,35.29026168049215,474559.8056922305,1.025619252746685
0.3820000000000003,3.0,3.930609576788916e-06,0.3820000000000003,1.077988574297384,0.4992667826209103,0.0529610729718881,7.549420091713829e-05,2.143085071050461e-06,19.20682085603264,35.22688013506335,466617.0342504589,1.025027501325496
0.3830000000000003,3.0,4.005672246925235e-06,0.3830000000000003,1.077568223349346,0.4992719172054818,0.0531405730783379,7.663374676968302e-05,2.179377839429739e-06,19.13138536875721,35.16313022148339,458846.5487295503,1.0244276502710081
0.3840000000000003,3.0,4.08184738778177e-06,0.3840000000000003,1.077141642565343,0.4992771283099876,0.05332199048696731,7.778276743620471e-05,2.216095524807475e-06,19.055851979213,35.09901381302692,451244.0861893243,1.0238196520783758
0.3850000000000003,3.0,4.15914362525149e-06,0.3850000000000003,1.076708783640378,0.4992824165432843,0.05350532355667723,7.894118777439552e-05,2.253239338395904e-06,18.98022924567913,35.03453291854663,443805.4950309481,1.0232034600837008
0.3860000000000003,3.0,4.237569495495715e-06,0.3860000000000003,1.076269598771946,0.4992877825085614,0.05369057030098109,8.010893060774497e-05,2.290810451388632e-06,18.90452578396587,34.96968968304861,436526.7320104223,1.0225790284709648
0.3870000000000003,3.0,4.3171334429266e-06,0.3870000000000003,1.075824040671341,0.4992932268032125,0.05387772839312344,8.128591681056736e-05,2.328809996139799e-06,18.8287502621225,34.90448638802894,429403.859334847,1.0219463122782175
0.3880000000000003,3.0,4.397843818280185e-06,0.3880000000000003,1.075372062574441,0.4992987500187019,0.05406679517146933,8.247206539503813e-05,2.36723906739563e-06,18.75291139500954,34.83892545156903,422433.0418389774,1.0213052674029717
0.3890000000000003,3.0,4.479708876779962e-06,0.3890000000000003,1.074913618251994,0.4993043527404489,0.05425776764515021,8.366729360002688e-05,2.406098723575163e-06,18.67701793874671,34.7730094281866,415610.5442398991,1.020655850606844
0.3900000000000003,3.0,4.562736776394255e-06,0.3900000000000003,1.07444866201938,0.49931003554771,0.05445064249995458,8.487151698156045e-05,2.445389988098211e-06,18.60107868504457,34.70674100844149,408932.7284674555,1.0199980195194254
0.3910000000000003,3.0,4.646935576187801e-06,0.3910000000000003,1.073977148745835,0.4993157990134716,0.05464541610445468,8.608464950470834e-05,2.48511385075746e-06,18.52510245543136,34.64012301829545,402396.0510683248,1.0193317326413802
0.3920000000000003,3.0,4.732313234769136e-06,0.3920000000000003,1.073499033863153,0.4993216437043463,0.05484208451635673,8.730660363669638e-05,2.525271269132068e-06,18.4490980953847,34.57315841822552,395997.060681603,1.0186569493467963
0.3930000000000003,3.0,4.818877608834523e-06,0.3930000000000003,1.073014273373836,0.499327570180478,0.05504064348905784,8.853729044104595e-05,2.565863170039818e-06,18.37307446837974,34.50585030209229,389732.3955838539,1.0179736298847781
0.3940000000000003,3.0,4.906636451809137e-06,0.3940000000000003,1.072522823858701,0.4993335789954536,0.05524108847840426,8.977661967253346e-05,2.606890451024865e-06,18.29704044986479,34.43820189576396,383598.781301632,1.0172817353802968
0.3950000000000003,3.0,4.995597412586788e-06,0.3950000000000003,1.072024642483945,0.4993396706962194,0.05544341464963341,9.102449987277611e-05,2.648353981878346e-06,18.22100492117503,34.37021655549873,377593.0282894999,1.0165812278343116
0.3960000000000003,3.0,5.085768034367362e-06,0.3960000000000003,1.071519687007649,0.4993458458230042,0.05564761688448763,9.22808384662218e-05,2.69025460618836e-06,18.1449767633973,34.30189776608849,371712.0296717315,1.0158720701231614
0.3970000000000003,3.0,5.177155753593342e-06,0.3970000000000003,1.071007915785735,0.4993521049092512,0.0558536897884907,9.354554185635472e-05,2.732593142916756e-06,18.06896485119628,34.23324913876666,365952.7590457923,1.0151542259972444
0.3980000000000003,3.0,5.269767898984023e-06,0.3980000000000003,1.070489287777376,0.4993584484815564,0.05606162769836503,9.481851552189316e-05,2.775370387999036e-06,17.99297804661535,34.16427440888516,360312.2683459097,1.014427660079011
0.3990000000000003,3.0,5.36361169066875e-06,0.3990000000000003,1.069963762549847,0.499364877059609,0.05627142468958835,9.60996641127986e-05,2.818587115964895e-06,17.91702519286261,34.09497743336576,354787.685764918,1.0136923378602587
0.4000000000000003,3.0,5.45869423941722e-06,0.4000000000000003,1.069431300282841,0.4993713911561453,0.05648307458406449,9.738889154587175e-05,2.862244081575732e-06,17.84111510809493,34.02536218792945,349376.2137327844,1.0129482256987765
0.4010000000000003,3.0,5.555022545966879e-06,0.4010000000000003,1.068891861772225,0.4993779912769032,0.05669657095790679,9.868610109975031e-05,2.906342021476178e-06,17.76525657921215,33.9554327641129,344075.1269501598,1.0121952908143181
0.4020000000000003,3.0,5.652603500446841e-06,0.4020000000000003,1.068345408433279,0.4993846779205861,0.05691190714931101,9.999119550911112e-05,2.950881655856732e-06,17.68945835567208,33.88519336607574,338881.770475363,1.0114335012839681
0.4030000000000003,3.0,5.75144388189625e-06,0.4030000000000003,1.067791902303383,0.4993914515788328,0.05712907626651096,0.0001013040770578762,2.995863690123941e-06,17.61372914333973,33.81464830720825,333793.5578633182,1.0106628260368722
0.4040000000000003,3.0,5.851550357876981e-06,0.4040000000000003,1.067231306044191,0.499398312736193,0.05734807119580004,0.0001026246476712462,3.041288816575526e-06,17.53807759838076,33.74380200654569,328807.9693549114,1.0098832348483908
0.4050000000000003,3.0,5.95292948417825e-06,0.4050000000000003,1.066663582943284,0.4994052618701113,0.05756888460961091,0.000103952809006369,3.087157716077036e-06,17.46251232121211,33.67265898499855,323922.5501153652,1.009094698333673
0.4060000000000003,3.0,6.055587704612308e-06,0.4060000000000003,1.066088696915314,0.4994122994509122,0.05779150897463296,0.0001052884625414744,3.133471059737315e-06,17.38704185051959,33.60122386140721,319134.908520212,1.008297187940681
0.4070000000000003,3.0,6.159531350898675e-06,0.4070000000000003,1.065506612502652,0.4994194259417978,0.05801593655996206,0.0001066315096632951,3.180229510579618e-06,17.31167465735473,33.52950134842966,314442.7144875288,1.00749067594269
0.4080000000000003,3.0,6.264766642635896e-06,0.4080000000000003,1.064917294875547,0.4994266417988451,0.05824215944526768,0.0001079818517526217,3.2274337252058e-06,17.23641913932036,33.45749624827266,309843.697855092,1.0066751354302792
0.4090000000000003,3.0,6.371299687357303e-06,0.4090000000000003,1.064320709831812,0.4994339474710138,0.0584701695289619,0.0001093393902678161,3.275084355450282e-06,17.16128361485655,33.3852134482757,305335.6468012296,1.00585054030285
0.4100000000000003,3.0,6.47913648067025e-06,0.4100000000000003,1.063716823796046,0.4994413434001565,0.05869995853636654,0.0001107040268261551,3.323182050021726e-06,17.08627631763563,33.31265791635801,300916.4063080631,1.0050168652596794
0.4110000000000003,3.0,6.588282906474761e-06,0.4110000000000003,1.06310560381841,0.4994488300210356,0.05893151802785727,0.0001120756632828414,3.371727456129111e-06,17.01140539107702,33.23983469633962,296583.8766660112,1.0041740857905526
0.4120000000000003,3.0,6.69874473726047e-06,0.4120000000000003,1.062487017572962,0.499456407761344,0.05916483940698043,0.0001134542018075656,3.420721221090282e-06,16.93667888299028,33.16674890314636,292336.0120183285,1.0033221781659816
0.4130000000000003,3.0,6.810527634477598e-06,0.4130000000000003,1.061861033355581,0.4994640770417355,0.0593999139285292,0.0001148395449584733,3.47016399391984e-06,16.86210474035605,33.09340571791029,288170.818944616,1.0024611194270516
0.4140000000000003,3.0,6.923637148980963e-06,0.4140000000000003,1.061227620081481,0.4994718382758528,0.05963673270656658,0.0001162315957534432,3.5200564268947e-06,16.78769080425234,33.01981038297719,284086.3550821466,1.0015908873749144
0.4150000000000003,3.0,7.038078721542827e-06,0.4150000000000003,1.060586747282337,0.4994796918703648,0.05987528672238861,0.0001176302577385513,3.570399177094655e-06,16.71344480493462,32.94596819683078,280080.7277839817,1.0007114605599483
0.4160000000000003,3.0,7.15385768343189e-06,0.4160000000000003,1.059938385103045,0.4994876382250095,0.06011556683241689,0.0001190354350536251,3.621192907915841e-06,16.6393743570771,32.87188450894635,276152.0928128474,0.9998228182706281
0.4170000000000003,3.0,7.270979257055818e-06,0.4170000000000003,1.059282504298122,0.4994956777326366,0.0603575637760057,0.0001204470324948065,3.672438290555291e-06,16.56548695518185,32.79756471458484,272298.6530697552,0.9989249405221163
0.4180000000000003,3.0,7.38944855666338e-06,0.4180000000000003,1.058619076227775,0.499503810779258,0.06060126818316427,0.0001218649555740299,3.724136005464377e-06,16.49178996916248,32.72301424953842,268518.6573564212,0.9980178080446107
0.4190000000000003,3.0,7.509270589103794e-06,0.4190000000000003,1.057948072853649,0.4995120377440995,0.06084667058217558,0.0001232891105753576,3.776286743769687e-06,16.41829064010803,32.64823858483903,264810.3991705215,0.9971014022714735
0.4200000000000003,3.0,7.630450254639404e-06,0.4200000000000003,1.057269466734277,0.4995203589996589,0.06109376140711116,0.0001247194046081028,3.828891208659457e-06,16.34499607623244,32.57324322144129,261172.2155328912,0.9961757053271658
0.4210000000000003,3.0,7.752992347808367e-06,0.4210000000000003,1.056583231020243,0.4995287749117636,0.0613425310052283,0.0001261557456566868,3.88195011673395e-06,16.27191324901472,32.49803368489108,257602.4858457848,0.9952407000150146
0.4220000000000003,3.0,7.876901558334402e-06,0.4220000000000003,1.055889339449095,0.4995372858396363,0.06159296964424522,0.000127598042627196,3.935464199318677e-06,16.19904898953368,32.42261551999031,254099.6307813254,0.9942963698048497
0.4230000000000003,3.0,8.002182472079956e-06,0.4230000000000003,1.055187766340004,0.4995458921359585,0.06184506751948739,0.0001290462053906002,3.989434203738948e-06,16.12640998500126,32.34699428546946,250662.1111993243,0.9933426988205166
0.4240000000000003,3.0,8.128839572039196e-06,0.4240000000000003,1.054478486588204,0.4995545941469401,0.06209881476089519,0.0001305001448226064,4.043860894554599e-06,16.05400277549761,32.27117554867821,247288.427093668,0.9923796718273088
0.4250000000000003,3.0,8.256877239367673e-06,0.4250000000000003,1.053761475659222,0.4995633922123897,0.06235420143989186,0.0001319597728401377,4.098745054753972e-06,15.9818337509106,32.19516488030472,243977.1165664817,0.9914072742193301
0.4260000000000003,3.0,8.386299754444948e-06,0.4260000000000003,1.053036709582934,0.499572286665789,0.06261121757609964,0.0001334250024344273,4.154087486906104e-06,15.90990914808199,32.11896784913407,240726.754829322,0.9904254920068344
0.4270000000000003,3.0,8.517111297967516e-06,0.4270000000000003,1.05230416494744,0.4995812778343655,0.06286985314390584,0.0001348957477007393,4.209889014270709e-06,15.83823504816154,32.04259001685526,237535.9532306419,0.9894343118035342
0.4280000000000003,3.0,8.649315952066931e-06,0.4280000000000003,1.051563818892804,0.4995903660391723,0.06313009807886716,0.0001363719238647084,4.266150481864553e-06,15.766817374171,31.96603693292741,234403.358308857,0.9884337208139369
0.4290000000000003,3.0,8.782917701451782e-06,0.4290000000000003,1.050815649104656,0.4995995515951658,0.06339194228395217,0.0001378534473053415,4.322872757484574e-06,15.69566188877771,31.88931412951343,231327.6508702716,0.9874237068207039
0.4300000000000003,3.0,8.917920434569387e-06,0.4300000000000003,1.050059633807694,0.4996088348112803,0.06365537563561877,0.0001393402355747006,4.380056732686896e-06,15.62477419227813,31.81242711649169,228307.5450912165,0.9864042581720752
0.4310000000000003,3.0,9.054327944782036e-06,0.4310000000000003,1.049295751759088,0.4996182159905186,0.06392038798971586,0.0001408322074142787,4.437703323720975e-06,15.55415972079214,31.73538137655227,225341.7876437735,0.9853753637693721
0.4320000000000003,3.0,9.192143931559016e-06,0.4320000000000003,1.04852398224181,0.4996276954300233,0.06418696918721717,0.0001423292827681667,4.49581347242008e-06,15.48382374466484,31.65818236038858,222429.1568443794,0.9843370130545928
0.4330000000000003,3.0,9.331372001675304e-06,0.4330000000000003,1.047744305057921,0.4996372734211666,0.06445510905977511,0.0001438313827929903,4.554388147046087e-06,15.4137713670778,31.58083548199057,219568.4618247977,0.9832891959981458
0.4340000000000003,3.0,9.472015670419798e-06,0.4340000000000003,1.046956700521803,0.4996469502496266,0.06472479743509543,0.0001453384298647442,4.613428343090731e-06,15.34400752286481,31.50334611404755,216758.5417247551,0.9822319030867076
0.4350000000000003,3.0,9.61407836280466e-06,0.4350000000000003,1.046161149453388,0.4996567261954751,0.06499602414213242,0.0001468503475825238,4.672935084031524e-06,15.27453697753286,31.42571958346793,213998.2649057604,0.9811651253112555
0.4360000000000003,3.0,9.757563414776376e-06,0.4360000000000003,1.045357633171376,0.4996666015332585,0.06526877901610138,0.0001483670607692675,4.732909422043868e-06,15.20536432648424,31.34796116702281,211286.5281854809,0.9800888541552747
0.4370000000000003,3.0,9.90247407442519e-06,0.4370000000000003,1.044546133486463,0.4996765765320775,0.06554305190330759,0.0001498884954695755,4.793352438669587e-06,15.13649399443673,31.27007608711903,208622.2560921378,0.9790030815831554
0.4380000000000003,3.0,1.004881350318682e-05,0.4380000000000003,1.043726632694606,0.4996866514556758,0.06581883266578777,0.000151414578944652,4.854265245441161e-06,15.06793023504065,31.19206950770801,206004.4001384434,0.9779078000288182
0.4390000000000003,3.0,1.019658477703958e-05,0.4390000000000003,1.042899113570331,0.4996968265625118,0.06609611118577373,0.000152945239664518,4.915648984464111e-06,14.99967713068615,31.11394653033624,203431.938114478,0.9768030023845572
0.4400000000000003,3.0,1.034579088768724e-05,0.4400000000000003,1.042063559360094,0.4997071021058503,0.06637487736996132,0.0001544804072975087,4.977504828955943e-06,14.93173859250026,31.0357121903409,200903.8733991053,0.9756886819901327
0.4410000000000003,3.0,1.049643474373185e-05,0.4410000000000003,1.041219953775725,0.4997174783338334,0.06665512115360342,0.0001560200126972233,5.039833983744403e-06,14.86411836052666,30.95737145319745,198419.2342893482,0.9745648326221216
0.4420000000000003,3.0,1.064851917182872e-05,0.4420000000000003,1.040368280987954,0.4997279554895643,0.06693683250441305,0.0001575639878869623,5.102637685724136e-06,14.7968200040856,30.87892921102074,195977.0733473282,0.9734314484835409
0.4430000000000003,3.0,1.080204691782449e-05,0.4430000000000003,1.039508525620039,0.4997385338111822,0.06722000142628348,0.0001591122660417929,5.16591720427361e-06,14.7298469223086,30.80039027922555,193576.466764262,0.9722885241937554
0.4440000000000003,3.0,1.095702064787457e-05,0.4440000000000003,1.038640672741511,0.4997492135319386,0.06750461796282882,0.0001606647814683276,5.229673841632726e-06,14.66320234484301,30.7217593933482,191216.5137410932,0.9711360547786821
0.4450000000000003,3.0,1.111344294953808e-05,0.4450000000000003,1.03776470786204,0.4997599948802725,0.06779067220074125,0.0001622214695823227,5.293908933242109e-06,14.59688933272162,30.64304120603272,188896.3358853204,0.9699740356612987
0.4460000000000003,3.0,1.127131633284877e-05,0.4460000000000003,1.036880616925435,0.4997708780798819,0.06807815427296753,0.0001637822668842138,5.358623848045297e-06,14.53091077939165,30.56424028418374,186615.0766235956,0.9688024626524675
0.4470000000000003,3.0,1.14306432313592e-05,0.4470000000000003,1.035988386303804,0.4997818633497936,0.06836705436171248,0.0001653471109326856,5.423819988754499e-06,14.46526941189805,30.48536110628833,184371.9006296954,0.9676213319420914
0.4480000000000003,3.0,1.159142600315624e-05,0.4480000000000003,1.035088002791858,0.4997929509044369,0.06865736270126194,0.0001669159403163887,5.489498792081144e-06,14.39996779221551,30.40640805990752,182165.993267463,0.9664306400905962
0.4490000000000003,3.0,1.17536669318486e-05,0.4490000000000003,1.034179453601391,0.4998041409537032,0.06894906958063617,0.0001684886946239382,5.555661728932951e-06,14.3350083187226,30.32738543933974,179996.560048314,0.9652303840207549
0.4500000000000003,3.0,1.191736822752102e-05,0.4500000000000003,1.033262726355928,0.4998154337030138,0.06924216534607301,0.0001700653144122664,5.622310304577539e-06,14.27039322781349,30.24829744345552,177862.826102968,0.964020561009855
0.4510000000000003,3.0,1.208253202765595e-05,0.4510000000000003,1.032337809085566,0.4998268293533851,0.06953664040333976,0.0001716457411734722,5.689446058774567e-06,14.20612459564078,30.16914817370506,175764.0356670131,0.9628011686822262
0.4520000000000003,3.0,1.224916039802263e-05,0.4520000000000003,1.031404690222,0.4998383281014812,0.06983248521988662,0.0001732299173002845,5.757070565877874e-06,14.14220433998253,30.08994163229773,173699.4515799397,0.9615722050021134
0.4530000000000003,3.0,1.241725533352823e-05,0.4530000000000003,1.030463358593747,0.4998499301396784,0.07012969032683107,0.000174817786050218,5.8251854349077e-06,14.07863422222938,30.01068172055334,171668.3547973344,0.960333668266916
0.4540000000000003,3.0,1.258681875903488e-05,0.4540000000000003,1.02951380342158,0.4998616356561151,0.07042824632079156,0.0001764092915085801,5.893792309595763e-06,14.01541584948362,29.93137223742441,169670.0439158479,0.9590855571007885
0.4550000000000003,3.0,1.275785253013775e-05,0.4550000000000003,1.028556014314168,0.4998734448347451,0.07072814386556084,0.0001780043785504027,5.962892868403231e-06,13.95255067676557,29.85201687818843,167703.8347106485,0.9578278704486073
0.4560000000000003,3.0,1.293035843390481e-05,0.4560000000000003,1.027589981263928,0.4998853578553893,0.07102937369363037,0.000179602992801425,6.032488824513417e-06,13.89004000932064,29.77261923330821,165769.0596850232,0.9565606075702976
0.4570000000000004,3.0,1.310433818957914e-05,0.4570000000000004,1.026615694643101,0.4998973748937756,0.07133192660756883,0.0001812050805982518,6.102581925800927e-06,13.82788500502037,29.69318278745921,163865.067631805,0.9552837680355323
0.4580000000000004,3.0,1.32797934492383e-05,0.4580000000000004,1.025633145200052,0.4999094961215917,0.07163579348125272,0.0001828105889477494,6.173173954777192e-06,13.766086676853,29.613710918721,161991.22320636,0.9539973517187993
0.4590000000000004,3.0,1.345672579841647e-05,0.4590000000000004,1.024642324055789,0.4999217217065197,0.07194096526096076,0.000184419465485845,6.24426672851546e-06,13.70464589549565,29.53420689793143,160146.9065107897,0.9527013587948282
0.4600000000000004,3.0,1.363513675668418e-05,0.4600000000000004,1.023643222700718,0.4999340518122758,0.07224743296633204,0.0001860316584357857,6.315862098555205e-06,13.64356339196325,29.45467388819994,158331.5126891001,0.9513957897343859
0.4610000000000004,3.0,1.381502777818704e-05,0.4610000000000004,1.022635832991622,0.4999464865986459,0.07255518769119013,0.0001876471165659814,6.387961950787772e-06,13.58283976032831,29.37511494457798,156544.45153304,0.950080645300432
0.4620000000000004,3.0,1.399640025214397e-05,0.4620000000000004,1.021620147148877,0.4999590262215169,0.07286422060424251,0.0001892657891475317,6.460568205324743e-06,13.5224754605049,29.29553301388266,154785.1470983324,0.9487559265446346
0.4630000000000004,3.0,1.417925550330203e-05,0.4630000000000004,1.020596157753899,0.4999716708329084,0.07317452294965222,0.0001908876259115135,6.533682816349467e-06,13.46247082109245,29.21593093467112,153053.0373310538,0.9474216348042467
0.4640000000000004,3.0,1.436359479235241e-05,0.4640000000000004,1.019563857746818,0.499984420580995,0.07348608604749704,0.0001925125770061618,6.607307771954395e-06,13.40282604227186,29.13631143736141,151347.5737038668,0.946077771699321
0.4650000000000004,3.0,1.454941931630216e-05,0.4650000000000004,1.018523240424393,0.4999972756101328,0.07379890129410535,0.0001941405929539892,6.681445093963877e-06,13.34354119875034,29.05667714449661,149668.2208618935,0.9447243391302875
0.4660000000000004,3.0,1.473673020880652e-05,0.4660000000000004,1.017474299438157,0.5000102360608802,0.07411296016228722,0.0001957716246089728,6.756096837745049e-06,13.28461624274795,28.97703057114774,148014.4562779484,0.9433613392758697
0.4670000000000004,3.0,1.492552854045886e-05,0.4670000000000004,1.016417028792785,0.5000233020700131,0.07442825420145542,0.0001974056231138681,6.83126509200692e-06,13.22605100702169,28.89737412545256,146385.7699169182,0.9419887745913296
0.4680000000000004,3.0,1.511581531904067e-05,0.4680000000000004,1.015351422844702,0.5000364737705408,0.0747447750376472,0.000199042539857748,6.906951978589743e-06,13.16784520792093,28.81771010928447,144781.6639090315,0.9406066478070548
0.4690000000000004,3.0,1.530759148973025e-05,0.4690000000000004,1.014277476300909,0.500049751291718,0.07506251437344374,0.0002006823264338363,6.983159652245066e-06,13.10999844847014,28.73804071904865,143201.6522318092,0.9392149619274652
0.4700000000000004,3.0,1.550085793527159e-05,0.4700000000000004,1.01319518421804,0.5000631347590543,0.0753814639877999,0.0002023249345977152,7.059890300408047e-06,13.05251022147329,28.6583680466,141645.2604004629,0.9378137202302401
0.4710000000000004,3.0,1.569561547610444e-05,0.4710000000000004,1.012104542001632,0.5000766242943181,0.07570161573578045,0.0002039703162259893,7.13714614296327e-06,12.99537991263518,28.57869408027883,140112.0251665199,0.9364029262658514
0.4720000000000004,3.0,1.589186487045446e-05,0.4720000000000004,1.011005545405623,0.5000902200155412,0.07602296154821543,0.0002056184232754571,7.214929432004476e-06,12.93860680369577,28.49902070605997,138601.4942244801,0.9349825838574076
0.4730000000000004,3.0,1.608960681438523e-05,0.4730000000000004,1.009898190532055,0.5001039220370204,0.0763454934312678,0.0002072692077428686,7.293242451589905e-06,12.88219007557223,28.41934970880949,137113.2259262823,0.9335526971007871
0.4740000000000004,3.0,1.628884194181324e-05,0.4740000000000004,1.008782473830996,0.5001177304693152,0.07666920346593024,0.000208922621625334,7.372087517494051e-06,12.82612881150484,28.33968277364561,135646.7890033845,0.9321132703650659
0.4750000000000004,3.0,1.648957082448655e-05,0.4750000000000004,1.007658392100657,0.5001316454192387,0.07699408380744527,0.0002105786168814432,7.451466976956996e-06,12.77042200020223,28.26002148739825,134201.7622962582,0.9306643082932118
0.4760000000000004,3.0,1.669179397192579e-05,0.4760000000000004,1.006525942487723,0.5001456669898564,0.07732012668465633,0.0002122371453931332,7.531383208431563e-06,12.71506853898278,28.18036734016252,132777.7344911193,0.9292058158030667
0.4770000000000004,3.0,1.689551183133138e-05,0.4770000000000004,1.005385122487873,0.5001597952804733,0.07764732439929377,0.0002138981589283824,7.611838621330126e-06,12.66006723690741,28.10072172694129,131374.3038636906,0.9277377980885791
0.4780000000000004,3.0,1.710072478745696e-05,0.4780000000000004,1.004235929946483,0.5001740303866203,0.07797566932520125,0.0002155616091047722,7.69283565577167e-06,12.6054168179004,28.02108594937209,129991.0780298204,0.9262602606212816
0.4790000000000004,3.0,1.730743316244861e-05,0.4790000000000004,1.00307836305954,0.5001883724000422,0.07830515390750195,0.0002172274473539537,7.774376782329573e-06,12.55111592385512,27.94146121753338,128627.6737027855,0.924773209152038
0.4800000000000004,3.0,1.751563721565225e-05,0.4800000000000004,1.001912420374701,0.5002028214086797,0.07863577066171239,0.0002188956248870683,7.856464501781256e-06,12.49716311772093,27.86184865182542,127283.7164571004,0.9232766497129886
0.4810000000000004,3.0,1.772533714339103e-05,0.4810000000000004,1.000738100792562,0.5002173774966465,0.07896751217280716,0.0002205660926611747,7.939101344860794e-06,12.44355688656794,27.78224928492107,125958.8404986578,0.9217705886197548
0.4820000000000004,3.0,1.793653307871076e-05,0.4820000000000004,0.9995554035680602,0.500232040744214,0.07930037109423423,0.0002222388013466876,8.022289872014455e-06,12.39029564462726,27.70266406378081,124652.6884410489,0.9202550324738259
0.4830000000000004,3.0,1.814922509109885e-05,0.4830000000000004,0.9983643283120723,0.5002468112277806,0.07963434014689064,0.0002239137012959029,8.106032673160794e-06,12.33737773630299,27.62309385172907,123364.9110878884,0.9187299881651817
0.4840000000000004,3.0,1.836341318617306e-05,0.4840000000000004,0.9971648749931373,0.5002616890198512,0.07996941211805615,0.0002255907425125948,8.19033236745508e-06,12.2848014391542,27.5435394305849,122095.1672210004,0.9171954628750811
0.4850000000000004,3.0,1.857909730534518e-05,0.4850000000000004,0.9959570439393458,0.5002766741890083,0.08030557986029212,0.000227269874622749,8.27519160305946e-06,12.23256496684361,27.46400150284423,120843.1233943013,0.9156514640790537
0.4860000000000004,3.0,1.879627732545987e-05,0.4860000000000004,0.9947408358403711,0.5002917667998787,0.0806428362903063,0.0002289510468464446,8.360613056919343e-06,12.18066647205069,27.38448069390821,119608.4537332329,0.9140979995500648
0.4870000000000004,3.0,1.901495305840737e-05,0.4870000000000004,0.9935162517496262,0.5003069669131073,0.08098117438778923,0.0002306342079708888,8.446599434546003e-06,12.12910404934758,27.30497755435293,118390.8397396081,0.912535077361837
0.4880000000000004,3.0,1.923512425071548e-05,0.4880000000000004,0.9922832930865574,0.5003222745853192,0.0813205871942234,0.0002323193063246552,8.533153469806917e-06,12.07787573803479,27.22549256223702,117189.9701017129,0.910962705892334
0.4890000000000004,3.0,1.945679058311823e-05,0.4890000000000004,0.9910419616390511,0.500337689869087,0.08166106781166861,0.0002340062897531112,8.620277924723487e-06,12.02697952493552,27.14602612544159,116005.5405095396,0.9093808938273825
0.4900000000000004,3.0,1.967995167010475e-05,0.4900000000000004,0.9897922595659708,0.500353212812895,0.08200260940152451,0.0002356951055950652,8.707975589277117e-06,11.97641334714635,27.06657858403932,114837.2534750082,0.9077896501644463
0.4910000000000004,3.0,1.990460705944915e-05,0.4910000000000004,0.9885341893997805,0.5003688434610991,0.08234520518328152,0.0002373857006606442,8.796249281224183e-06,11.9261750947429,26.98715021268781,113684.818157044,0.9061889842164991
0.4920000000000004,3.0,2.013075623172253e-05,0.4920000000000004,0.9872677540492818,0.500384581853888,0.08268884843324889,0.000239078021210402,8.885101845920092e-06,11.87626261343852,26.90774122304328,112547.9501913853,0.9045789056160329
0.4930000000000004,3.0,2.035839859978727e-05,0.4930000000000004,0.9859929568024451,0.5004004280272442,0.08303353248327337,0.0002407720129356639,8.974536156152665e-06,11.82667370719549,26.82835176619106,111426.3715249986,0.9029594243191718
0.4940000000000004,3.0,2.058753350827767e-05,0.4940000000000004,0.9847098013293183,0.5004163820128994,0.08337925071945042,0.000242467620940125,9.064555111985955e-06,11.77740614078628,26.74898193508834,110319.810254969,0.9013305506098679
0.4950000000000004,3.0,2.081816023306505e-05,0.4950000000000004,0.983418291685022,0.5004324438382933,0.08372599658082382,0.0002441647897226858,9.155161640614008e-06,11.7284576423048,26.66963176701601,109228.0004717572,0.8996922951041982
0.4960000000000004,3.0,2.105027798071091e-05,0.4960000000000004,0.9821184323128134,0.5004486135265275,0.08407376355808106,0.0002458634631615357,9.246358696225479e-06,11.67982590562587,26.59030124603552,108150.6821066997,0.8980446687547323
0.4970000000000004,3.0,2.128388588790722e-05,0.4970000000000004,0.9808102280472135,0.5004648910963237,0.08442254519224633,0.0002475635844994736,9.338149259878997e-06,11.63150859281276,26.51099030544748,107087.6007836437,0.8963876828549672
0.4980000000000004,3.0,2.15189830209091e-05,0.4980000000000004,0.9794936841171993,0.5004812765619717,0.08477233507337342,0.000249265096330481,9.43053633939032e-06,11.58350333647089,26.4316988302487,106038.5076745963,0.8947213490438258
0.4990000000000004,3.0,2.175556837495389e-05,0.4990000000000004,0.9781688061494371,0.5004977699332905,0.08512312683923583,0.0002509679405874948,9.523522969229962e-06,11.53580774204864,26.35242665958385,105003.1593592992,0.8930456793102013
0.5000000000000003,3.0,2.199364087367758e-05,0.5000000000000003,0.9768356001715678,0.5005143712155725,0.08547491417402611,0.0002526720585314398,9.617112210433809e-06,11.48841939008278,26.27317358918934,103981.3176885967,0.8913606859975417
0.5010000000000003,2.0,2.223319936851972e-05,0.5010000000000003,0.9754940726155269,0.5005310804095422,0.08582769080705328,0.0002543773907414391,9.711307150524528e-06,11.44133583838995,26.19393937382565,102972.7496515222,0.8896663818084736
0.5020000000000003,2.0,2.24742426381272e-05,0.5020000000000003,0.9741442303208936,0.5005478975113017,0.08618145051145448,0.0002560838771062535,9.806110903446216e-06,11.39455462420213,26.11472372969558,101977.2272459783,0.8879627798094392
0.5030000000000003,2.0,2.271676938775019e-05,0.5030000000000003,0.9727860805382692,0.5005648225122843,0.08653618710290761,0.0002577914568168857,9.901526609510341e-06,11.34807326624729,26.03552633684577,100994.5273529344,0.8862498934353615
0.5040000000000003,2.0,2.296077824863651e-05,0.5040000000000003,0.9714196309326611,0.5005818553992056,0.08689189443835937,0.000259500068360366,9.99755743535479e-06,11.30188926677399,25.956346841548,100024.4316140318,0.8845277364943018
0.5050000000000003,2.0,2.320626777742459e-05,0.5050000000000003,0.9700448895868993,0.50059899615401,0.08724856641476283,0.0002612096495146998,1.009420657391538e-05,11.25600011352017,25.87718485865906,99066.72631250859,0.8827963231721364
0.5060000000000003,2.0,2.345323645553397e-05,0.5060000000000003,0.9686618650050283,0.5006162447538249,0.08760619696782738,0.0002629201373449424,1.019147724440997e-05,11.21040328162643,25.79803997395512,98121.2022573568,0.8810556680372009
0.5070000000000003,2.0,2.370168268855825e-05,0.5070000000000003,0.9672705661157264,0.5006336011709054,0.08796478007078726,0.0002646314682004124,1.028937269233579e-05,11.16509623549316,25.71891174643985,97187.65467061628,0.8793057860449391
0.5080000000000003,2.0,2.395160480565687e-05,0.5080000000000003,0.9658710022757021,0.5006510653725862,0.08832430973317783,0.0002663435777129873,1.038789618947906e-05,11.12007643058249,25.63979971062304,96265.88307773117,0.8775466925425243
0.5090000000000003,2.0,2.420300105895086e-05,0.5090000000000003,0.964463183273076,0.5006686373212319,0.08868477999963739,0.0002680564007964924,1.048705103393811e-05,11.07534131516458,25.56070337876782,95355.69120087313,0.8757784032734386
0.5100000000000003,2.0,2.445586962292213e-05,0.5100000000000003,0.9630471193307514,0.500686316974184,0.08904618494872153,0.0002697698716471506,1.058684055015948e-05,11.03088833200872,25.48162224310508,94456.88685515679,0.8740009343820299
0.5110000000000003,2.0,2.471020859381591e-05,0.5110000000000003,0.961622821109752,0.5007041042837121,0.08940851869173784,0.0002714839237450618,1.068726808898689e-05,10.9867149200199,25.40255577801242,93569.28184766773,0.8722143024180141
0.5120000000000003,2.0,2.496601598905027e-05,0.5120000000000003,0.960190299712538,0.5007219991969629,0.0897717753716026,0.0002731984898567068,1.078833702772366e-05,10.9428185158206,25.32350344215671,92692.69187922284,0.8704185243409354
0.5130000000000003,2.0,2.522328974663062e-05,0.5130000000000003,0.9587495666862794,0.5007400016559094,0.09013594916171541,0.0002749135020384343,1.089005077020803e-05,10.8991965552789,25.24446468059786,91826.93644879095,0.868613617524564
0.5140000000000003,2.0,2.548202772457226e-05,0.5140000000000003,0.9573006340260901,0.5007581115973032,0.09050103426485841,0.0002766288916409188,1.099241274690184e-05,10.85584647498294,25.16543892685301,90971.83876049824,0.8667995997612317
0.5150000000000003,2.0,2.574222770033094e-05,0.5150000000000003,0.9558435141782166,0.5007763289526229,0.09086702491211461,0.0002783445893145594,1.109542641499233e-05,10.81276571366253,25.0864256049191,90127.22563314762,0.8649764892661019
0.5160000000000003,2.0,2.600388737024253e-05,0.5160000000000003,0.9543782200431784,0.5007946536480267,0.09123391536181422,0.0002800605250157926,1.119909525850706e-05,10.76995171355831,25.00742413125318,89292.92741218353,0.8631443046813642
0.5170000000000003,2.0,2.626700434897318e-05,0.5170000000000003,0.9529047649788452,0.5008130856043018,0.09160169989850192,0.0002817766280143039,1.130342278844236e-05,10.72740192173924,24.92843391670864,88468.77788403086,0.8613030650803433
0.5180000000000003,2.0,2.653157616897883e-05,0.5180000000000003,0.9514231628034648,0.5008316247368187,0.09197037283192756,0.0002834928269010875,1.140841254290428e-05,10.68511379136915,24.84945436842676,87654.61419274956,0.8594527899715373
0.5190000000000003,2.0,2.679760027997794e-05,0.5190000000000003,0.9499334277986121,0.5008502709554835,0.09233992849606583,0.0002852090495973578,1.151406808726345e-05,10.64308478292269,24.77048489168204,86850.27675893046,0.8575934993025462
0.5200000000000004,2.0,2.706507404843489e-05,0.5200000000000004,0.9484355747120862,0.5008690241646909,0.09271036124815554,0.0002869252233642608,1.162039301432233e-05,10.60131236535205,24.69152489168142,86055.6092007803,0.8557252134639306
0.5210000000000004,2.0,2.733399475705863e-05,0.5210000000000004,0.946929618760718,0.5008878842632766,0.09308166546777298,0.0002886412748133783,1.172739094449628e-05,10.55979401720431,24.61257377531522,85270.45825732488,0.853847953292945
0.5220000000000004,2.0,2.760435960431265e-05,0.5220000000000004,0.9454155756331093,0.5009068511444749,0.09345383555592329,0.0002903571299179766,1.183506552600709e-05,10.5185272276913,24.53363095286024,84494.67371368072,0.851961740077186
0.5230000000000004,2.0,2.787616570394141e-05,0.5230000000000004,0.9438934614922944,0.500925924695871,0.09382686593416383,0.0002920727140249913,1.194342043508983e-05,10.47750949771185,24.45469583963402,83728.1083283307,0.8500665955581306
0.5240000000000004,2.0,2.814941008450953e-05,0.5240000000000004,0.9423632929783083,0.500945104799363,0.09420075104375157,0.0002937879518676999,1.205245937621241e-05,10.43673834082801,24.37576785759931,82970.61776235241,0.8481625419345568
0.5250000000000004,2.0,2.842408968895995e-05,0.5250000000000004,0.9408250872106747,0.500964391331112,0.09457548534481933,0.0002955027675790859,1.216218608230857e-05,10.39621128419526,24.29684643691909,82222.06051053815,0.8462496018658554
0.5260000000000004,2.0,2.870020137418467e-05,0.5260000000000004,0.9392788617907923,0.5009837841615069,0.09495106331557743,0.0002972170847058228,1.227260431502309e-05,10.35592586944865,24.21793101746094,81482.297834363,0.8443277984752149
0.5270000000000004,2.0,2.897774191061579e-05,0.5270000000000004,0.9377246348042452,0.501003283155119,0.09532747945154486,0.0002989308262228994,1.238371786497061e-05,10.31587965354479,24.13902105025136,80751.19369673826,0.8423971553527003
0.5280000000000004,2.0,2.925670798183071e-05,0.5280000000000004,0.9361624248229968,0.5010228881706658,0.09570472826480508,0.0003006439145488093,1.249553055200638e-05,10.27607020956125,24.06011599887894,80028.61469851172,0.8404576965581918
0.5290000000000004,2.0,2.95370961841787e-05,0.5290000000000004,0.9345922509074951,0.5010425990609683,0.09608280428329248,0.0003023562715613258,1.260804622551084e-05,10.23649512745381,23.98121534084677,79314.43001665255,0.8385094466242026
0.5300000000000004,2.0,2.981890302642147e-05,0.5300000000000004,0.9330141326086725,0.5010624156729184,0.0964617020501025,0.0003040678186137828,1.272126876468566e-05,10.1971520147732,23.90231856887399,78608.51134408916,0.83655243055857
0.5310000000000004,2.0,3.01021249293964e-05,0.5310000000000004,0.9314280899698375,0.5010823378474396,0.09684141612283236,0.0003057784765518847,1.283520207886358e-05,10.15803849734128,23.8234251921461,77910.73283113741,0.8345866738470051
0.5320000000000004,2.0,3.038675822569703e-05,0.5320000000000004,0.929834143528466,0.5011023654194526,0.09722194107294643,0.0003074881657309843,1.294985010783032e-05,10.11915221988846,23.74453473751461,77220.97102848589,0.8326122024555196
0.5330000000000004,2.0,3.067279915937429e-05,0.5330000000000004,0.9282323143178759,0.5011224982178379,0.09760327148517352,0.0003091968060338189,1.306521682215937e-05,10.08049084665281,23.6656467506458,76539.10483168878,0.8306290428327023
0.5340000000000004,2.0,3.096024388565508e-05,0.5340000000000004,0.9266226238687948,0.5011427360654099,0.09798540195692254,0.0003109043168886557,1.318130622355892e-05,10.04205206194224,23.58676079711865,75865.01542712831,0.8286372219118723
0.5350000000000004,2.0,3.1249088470684e-05,0.5350000000000004,0.925005094210809,0.5011630787788796,0.0983683270977341,0.0003126106172878544,1.329812234523184e-05,10.0038335706602,23.50787646347259,75198.58623939936,0.8266367671130749
0.5360000000000004,2.0,3.153932889128533e-05,0.5360000000000004,0.9233797478737115,0.5011835261688248,0.09875204152875437,0.0003143156258067985,1.341566925224818e-05,9.965833098796056,23.42899335820506,74539.70288007965,0.8246277063449571
0.5370000000000004,2.0,3.183096103474247e-05,0.5370000000000004,0.921746607888704,0.5012040780396653,0.09913653988223302,0.0003160192606231532,1.353395104192958e-05,9.92804839388158,23.35011111271889,73888.25309784975,0.822610068006471
0.5380000000000004,2.0,3.212398069860389e-05,0.5380000000000004,0.9201056977895211,0.501224734189629,0.09952181680105486,0.0003177214395364798,1.365297184424707e-05,9.89047722541344,23.27122938222109,73244.12672991544,0.8205838809884662
0.5390000000000004,2.0,3.24183835905054e-05,0.5390000000000004,0.918457041613402,0.5012454944107307,0.09990786693828882,0.0003194220799881112,1.377273582223066e-05,9.853117385243786,23.19234784657164,72607.21565470629,0.8185491746751132
0.5400000000000004,2.0,3.271416532801674e-05,0.5400000000000004,0.9168006639019539,0.5012663584887445,0.1002946849567676,0.0003211210990813192,1.389324717239173e-05,9.815966687939078,23.11346621108433,71977.41374580681,0.8165059789451863
0.5410000000000004,2.0,3.301132143850873e-05,0.5410000000000004,0.9151365897019016,0.5012873262031806,0.1006822655286913,0.00032281841360172,1.401451012515785e-05,9.779022971108434,23.03458420727953,71354.6168270892,0.8144543241732103
0.5420000000000004,2.0,3.330984735904276e-05,0.5420000000000004,0.9134648445656974,0.5013083973272637,0.1010706033352565,0.0003245139400379064,1.413652894532022e-05,9.742284095702333,22.95570159358913,70738.72262901152,0.8123942412304409
0.5430000000000004,2.0,3.360973843628258e-05,0.5430000000000004,0.9117854545520298,0.5013295716279096,0.1014596930663083,0.0003262075946022793,1.425930793249368e-05,9.705747946282518,22.87681815601493,70129.63074604973,0.8103257614857214
0.5440000000000004,2.0,3.391098992642596e-05,0.5440000000000004,0.9100984462261862,0.5013508488657095,0.1018495294200184,0.0003278992932520451,1.438285142158884e-05,9.6694124312644,22.79793370874041,69527.24259523307,0.8082489168061677
0.5450000000000004,2.0,3.421359699516152e-05,0.5450000000000004,0.9084038466603133,0.5013722287949091,0.102240107102586,0.0003295889517103821,1.450716378329745e-05,9.633275483132158,22.71904809469705,68931.46137574672,0.8061637395577272
0.5460000000000004,2.0,3.451755471764509e-05,0.5460000000000004,0.9067016834335351,0.501393711163393,0.1026314208279612,0.0003312764854877225,1.463224942458986e-05,9.597335058628166,22.64016118608559,68342.19202957783,0.8040702626055739
0.5470000000000004,2.0,3.482285807850068e-05,0.5470000000000004,0.9049919846319608,0.5014152957126687,0.1030234653175941,0.0003329618099031587,1.475811278922574e-05,9.56158913891701,22.56127288485284,67759.34120316905,0.8019685193143667
0.5480000000000004,2.0,3.512950197184057e-05,0.5480000000000004,0.9032747788485567,0.5014369821778544,0.103416235300203,0.0003346448401059175,1.488475835827678e-05,9.52603572972555,22.48238312312513,67182.81721005857,0.7998585435483536
0.5490000000000004,2.0,3.543748120131112e-05,0.5490000000000004,0.9015500951829044,0.5014587702876644,0.1038097255115678,0.0003363254910969248,1.501219065066308e-05,9.490672861459263,22.40349186359883,66612.52999447024,0.7977403696713367
0.5500000000000004,2.0,3.57467904801582e-05,0.5500000000000004,0.8998179632408277,0.5014806597643989,0.1042039306943421,0.0003380036777503978,1.514041422370183e-05,9.455498589296205,22.32459909988881,66048.39109583489,0.7956140325464857
0.5510000000000004,2.0,3.60574244313152e-05,0.5510000000000004,0.8980784131338989,0.5015026503239363,0.1045988455978893,0.0003396793148354697,1.526943367366912e-05,9.420510993259242,22.24570485683557,65490.31361421201,0.7934795675360096
0.5520000000000004,2.0,3.63693775875146e-05,0.5520000000000004,0.8963314754788183,0.5015247416757209,0.1049944649781368,0.0003413523170378297,1.539925363637514e-05,9.385708178267198,22.166809190772,64938.21217658648,0.7913370105006815
0.5530000000000004,2.0,3.668264439141781e-05,0.5530000000000004,0.894577181396676,0.5015469335227631,0.1053907835974513,0.0003430225989813295,1.552987878775177e-05,9.351088274166255,22.08791218975047,64392.00290402061,0.7891863977992246
0.5540000000000004,2.0,3.699721919577248e-05,0.5540000000000004,0.8928155625120886,0.5015692255616265,0.1057877962245352,0.0003446900752495917,1.56613138444547e-05,9.316649435741429,22.0090139737311,63851.60337962812,0.7870277662875534
0.5550000000000004,2.0,3.731309626358628e-05,0.5550000000000004,0.8910466509522141,0.5015916174824283,0.1061854976343409,0.000346354660407542,1.579356356447793e-05,9.28238984271004,21.93011469473203,63316.93261735738,0.7848611533178732
0.5560000000000004,2.0,3.763026976832462e-05,0.5560000000000004,0.8892704793456425,0.501614108968838,0.1065838826080027,0.0003480162690228873,1.592663274778238e-05,9.248307699697172,21.85121453694254,62787.91103155437,0.7826865967376399
0.5570000000000004,2.0,3.794873379412974e-05,0.5570000000000004,0.8874870808211762,0.5016366996980731,0.1069829459327893,0.0003496748156875133,1.606052623693796e-05,9.214401236193995,21.77231371680016,62264.46040728589,0.7805041348883869
0.5580000000000004,2.0,3.826848233606147e-05,0.5580000000000004,0.8856964890064823,0.5016593893409013,0.1073826824020724,0.0003513302150387837,1.619524891778008e-05,9.180668706499825,21.69341248303218,61746.50387140035,0.77831380660441
0.5590000000000004,2.0,3.858950930035735e-05,0.5590000000000004,0.8838987380266339,0.5016821775616419,0.107783086815314,0.0003529823817807173,1.633080572007938e-05,9.147108389648627,21.61451111666287,61233.96586430883,0.7761156512113199
0.5600000000000004,2.0,3.891180850471383e-05,0.5600000000000004,0.8820938625025225,0.5017050640181725,0.1081841539780661,0.0003546312307050358,1.646720161822625e-05,9.11371858932065,21.53560993098684,60726.77211246256,0.7739097085244564
0.5610000000000004,2.0,3.923537367859139e-05,0.5610000000000004,0.8802818975491732,0.5017280483619265,0.1085858787019941,0.0003562766767120848,1.66044416319301e-05,9.080497633739473,21.45670927151021,60224.84960150749,0.7716960188471791
0.5620000000000004,2.0,3.956019846353563e-05,0.5620000000000004,0.8784628787739306,0.5017511302379042,0.1089882558049097,0.0003579186348315723,1.674253082693271e-05,9.047443875555906,21.37780951585945,59728.12655010077,0.7694746229690209
0.5630000000000004,2.0,3.988627641352035e-05,0.5630000000000004,0.8766368422745413,0.5017743092846811,0.1093912801108195,0.0003595570202431425,1.688147431573649e-05,9.014555691718778,21.29891107365975,59236.53238436794,0.7672455621637218
0.5640000000000004,2.0,4.02136009953109e-05,0.5640000000000004,0.8748038246371149,0.5017975851344136,0.1097949464499914,0.0003611917482967679,1.702127725834835e-05,8.981831483333426,21.22001438638312,58749.99771298211,0.7650088781871235
0.5650000000000004,2.0,4.054216558884769e-05,0.5650000000000004,0.8729638629339896,0.5018209574128485,0.1101992496590342,0.0003628227345329423,1.716194486303879e-05,8.949269675508418,21.14111992716768,58268.45430284959,0.7627646132749555
0.5660000000000004,2.0,4.087196348764615e-05,0.5660000000000004,0.871116994721477,0.5018444257393386,0.1106041845809867,0.0003644498947026493,1.730348238711609e-05,8.91686871719154,21.06222820060852,57791.8350553866,0.7605128101404903
0.5670000000000004,2.0,4.120298789921893e-05,0.5670000000000004,0.8692632580375041,0.5018679897268513,0.1110097460654264,0.000366073144787122,1.744589513771708e-05,8.884627080994912,20.98333974252153,57320.07398336668,0.7582535119720777
0.5680000000000004,2.0,4.153523194551562e-05,0.5680000000000004,0.8674026913991565,0.5018916489819837,0.1114159289685863,0.0003676924010173637,1.758918847261402e-05,8.85254326301039,20.90445511968063,56853.10618832574,0.7559867624305702
0.5690000000000004,2.0,4.18686886633796e-05,0.5690000000000004,0.865535333800105,0.5019154031049795,0.1118227281534858,0.0003693075798934128,1.773336780103745e-05,8.82061578261566,20.82557492952959,56390.86783851047,0.7537126056466191
0.5700000000000004,2.0,4.220335100502617e-05,0.5700000000000004,0.8636612247079503,0.5019392516897414,0.1122301384900731,0.0003709185982033719,1.787843858451678e-05,8.78884318227128,20.74669979986942,55933.29614735079,0.7514310862178771
0.5710000000000004,2.0,4.25392118385336e-05,0.5710000000000004,0.8617804040614493,0.5019631943238547,0.1126381548553769,0.0003725253730421416,1.802440633773682e-05,8.757224027309823,20.66783038852178,55480.32935244857,0.7491422492060724
0.5720000000000004,2.0,4.28762639483563e-05,0.5720000000000004,0.8598929122676566,0.5019872305886015,0.1130467721336713,0.0003741278218299048,1.817127662941296e-05,8.725756905716839,20.5889673829698,55031.9066950612,0.7468461401339853
0.5730000000000004,2.0,4.321450003585286e-05,0.5730000000000004,0.8579987901989676,0.5020113600589823,0.1134559852166506,0.0003757258623303143,1.831905508318371e-05,8.694440427904716,20.51011149997679,54587.96840007143,0.7445428049823171
0.5740000000000004,2.0,4.355391271982991e-05,0.5740000000000004,0.8560980791900589,0.5020355823037366,0.1138657890036116,0.0003773194126683807,1.846774737852125e-05,8.663273226479804,20.43126348518383,54148.45565642949,0.7422322901864473
0.5750000000000004,2.0,4.389449453710443e-05,0.5750000000000004,0.854190821034758,0.5020598968853675,0.114276178401649,0.0003789083913480712,1.861735925166114e-05,8.63225395600302,20.35242411268736,53713.31059805246,0.7399146426331089
0.5760000000000004,2.0,4.423623794308046e-05,0.5760000000000004,0.8522770579828043,0.5020843033601617,0.1146871483258551,0.0003804927172695891,1.876789649655057e-05,8.601381292744703,20.27359418459716,53282.47628517102,0.7375899096569491
0.5770000000000004,2.0,4.457913531234014e-05,0.5770000000000004,0.8503568327365314,0.5021088012782193,0.1150986936995309,0.0003820723097463303,1.891936496581599e-05,8.570653934434084,20.19477453057587,52855.8966861111,0.7352581390370005
0.5780000000000004,2.0,4.492317893925519e-05,0.5780000000000004,0.8484301884474659,0.5021333901834721,0.1155108094544061,0.0003836470885215412,1.90717705717517e-05,8.540070600003308,20.1159660073608,52433.51665949452,0.7329193789930598
0.5790000000000004,2.0,4.526836103860437e-05,0.5790000000000004,0.8464971687128355,0.5021580696137203,0.1159234905308614,0.0003852169737846041,1.92251192873269e-05,8.509630029327576,20.03716949826871,52015.28193685616,0.7305736781819742
0.5800000000000004,2.0,4.56146737462155e-05,0.5800000000000004,0.8445578175720125,0.5021828391006491,0.116336731878165,0.0003867818861870326,1.937941714721558e-05,8.47933098296017,19.95838591268495,51601.13910565567,0.7282210856938476
0.5810000000000004,2.0,4.596210911961202e-05,0.5810000000000004,0.8426121795028605,0.5022076981698674,0.1167505284547095,0.0003883417468580812,1.953467024884597e-05,8.449172241864447,19.87961618553673,51191.03559268301,0.725861651048151
0.5820000000000004,2.0,4.631065913867993e-05,0.5820000000000004,0.8406602994180226,0.502232646340932,0.1171648752282593,0.0003898964774200371,1.969088475347303e-05,8.419152607141752,19.80086127675234,50784.91964783973,0.7234954241897633
0.5830000000000004,2.0,4.66603157063441e-05,0.5830000000000004,0.8387022226611143,0.5022576831273793,0.1175797671762012,0.0003914460000031435,1.984806688727259e-05,8.389270899756575,19.72212217070646,50382.74032829071,0.721122455484913
0.5840000000000004,2.0,4.701107064925757e-05,0.5840000000000004,0.8367379950028746,0.5022828080367605,0.1179951992858004,0.0003929902372601635,2.000622294245824e-05,8.35952596025882,19.64339987565265,49984.44748297532,0.7187427957170742
0.5850000000000004,2.0,4.736291571850645e-05,0.5850000000000004,0.8347676626372296,0.5023080205706681,0.1184111665544648,0.0003945291123805995,2.016535927842242e-05,8.329916648503419,19.5646954231437,49589.99173746595,0.7163564960827647
0.5860000000000004,2.0,4.771584259032159e-05,0.5860000000000004,0.8327912721772819,0.5023333202247745,0.1188276639900088,0.0003960625491045224,2.032548232290062e-05,8.300441843368192,19.48600986744018,49199.32447916895,0.7139636081872731
0.5870000000000004,2.0,4.806984286680495e-05,0.5870000000000004,0.8308088706512576,0.5023587064888665,0.119244686610927,0.0003975904717360452,2.048659857316041e-05,8.271100442469614,19.40734428490879,48812.39784285639,0.7115641840403306
0.5880000000000004,2.0,4.842490807666713e-05,0.5880000000000004,0.8288205054983804,0.5023841788468756,0.1196622294466658,0.0003991128051564255,2.064871459721601e-05,8.24189136187702,19.32869977341042,48429.16469651948,0.7091582760517146
0.5890000000000004,2.0,4.87810296759729e-05,0.5890000000000004,0.8268262245646851,0.5024097367769208,0.1200802875379036,0.0004006294748367808,2.081183703506801e-05,8.212813535825793,19.25007745167902,48049.57862753764,0.7067459370267816
0.5900000000000004,2.0,4.913819904890033e-05,0.5900000000000004,0.8248260760987741,0.502435379751339,0.1204988559368316,0.0004021404068504396,2.097597259997038e-05,8.18386591642924,19.1714784586917,47673.59392915168,0.7043272201619425
0.5910000000000004,2.0,4.949640750850551e-05,0.5910000000000004,0.8228201087475335,0.5024611072367288,0.1209179297074369,0.000403645527884896,2.114112807972342e-05,8.15504747339013,19.09290395303148,47301.1655872378,0.7019021790400967
0.5920000000000004,2.0,4.98556462975008e-05,0.5920000000000004,0.820808371551773,0.5024869186939839,0.1213375039257917,0.0004051447652533972,2.130731033799591e-05,8.126357193711323,19.0143551122419,46932.24926736842,0.6994708676259813
0.5930000000000004,2.0,5.021590658903831e-05,0.5930000000000004,0.8187909139418411,0.5025128135783352,0.1217575736803381,0.0004066380469061359,2.147452631567457e-05,8.097794081406564,18.935833132176,46566.8013021589,0.697033340261503
0.5940000000000004,2.0,5.05771794875038e-05,0.5940000000000004,0.816767785733175,0.5025387913393895,0.1221781340721826,0.0004081253014410603,2.16427830322434e-05,8.069357157210966,18.85733922633866,46204.77867888805,0.6945896516609924
0.5950000000000004,2.0,5.09394560293179e-05,0.5950000000000004,0.8147390371218198,0.5025648514211701,0.1225991802153858,0.0004096064581142991,2.18120875871929e-05,8.041045458291856,18.77887462522395,45846.13902738754,0.6921398569064341
0.5960000000000004,2.0,5.130272718374522e-05,0.5960000000000004,0.8127047186798947,0.5025909932621567,0.1230207072372557,0.0004110814468501993,2.198244716146007e-05,8.012858037959946,18.70044057564769,45490.84060819279,0.689684011442639
0.5970000000000004,2.0,5.166698385370879e-05,0.5970000000000004,0.8106648813510291,0.5026172162953294,0.1234427102786439,0.0004125501982509686,2.215386901889948e-05,7.984793965381263,18.62203834007603,45138.84230094976,0.6872221710723851
0.5980000000000004,2.0,5.20322168766135e-05,0.5980000000000004,0.8086195764457532,0.5026435199482098,0.1238651844942371,0.0004140126436059386,2.232636050778753e-05,7.956852325289666,18.54366919595019,44790.10359306863,0.6847543919515161
0.5990000000000004,2.0,5.239841702517453e-05,0.5990000000000004,0.8065688556368629,0.5026699036429034,0.1242881250528552,0.0004154687149004367,2.249992906235935e-05,7.929032217700483,18.46533443500868,44444.58456862085,0.6822807305840076
0.6000000000000004,2.0,5.27655750082515e-05,0.6000000000000004,0.8045127709547474,0.5026963667961417,0.1247115271377467,0.0004169183448242682,2.267458220437975e-05,7.901332757625256,18.38703536260693,44102.24589747208,0.6798012438170007
0.6010000000000004,2.0,5.31336814716866e-05,0.6010000000000004,0.8024513747826817,0.5027229088193312,0.1251353859468798,0.0004183614667798055,2.285032754474925e-05,7.873753074787895,18.30877329703487,43763.04882464535,0.6773159888358019
0.6020000000000004,2.0,5.350272699915121e-05,0.6020000000000004,0.8003847198521125,0.5027495291185905,0.1255596966932423,0.0004197980148897053,2.302717278514602e-05,7.84629231334204,18.2305495688338,43426.95515990844,0.6748250231588702
0.6030000000000004,2.0,5.387270211299353e-05,0.6030000000000004,0.7983128592378839,0.5027762270947999,0.1259844546051321,0.0004212279240042253,2.320512571970484e-05,7.818949631590282,18.15236552011161,43093.92726757955,0.6723284046327518
0.6040000000000004,2.0,5.424359727509055e-05,0.6040000000000004,0.7962358463534893,0.5028030021436444,0.1264096549264511,0.0004226511297081578,2.338419423673257e-05,7.791724201705097,18.07422250385883,42763.92805654903,0.6698261914270383
0.6050000000000004,2.0,5.461540288770573e-05,0.6050000000000004,0.7941537349462507,0.5028298536556608,0.1268352929169978,0.0004240675683273873,2.356438632046431e-05,7.764615209451508,17.99612188326369,42436.9209705053,0.667318442029253
0.6060000000000004,2.0,5.498810929434724e-05,0.6060000000000004,0.7920665790925232,0.5028567810162825,0.1272613638527574,0.0004254771769350556,2.374571005285738e-05,7.737621853911912,17.91806503102891,42112.86997836763,0.6648052152397658
0.6070000000000004,2.0,5.536170678063011e-05,0.6070000000000004,0.7899744331928537,0.5028837836058861,0.1276878630261896,0.0004268798933573513,2.392817361542745e-05,7.710743347212953,17.84005332868886,41791.73956491439,0.662286570166664
0.6080000000000004,2.0,5.573618557514216e-05,0.6080000000000004,0.7878773519671605,0.502910860799836,0.1281147857465179,0.000428275656178926,2.411178529112576e-05,7.683978914254513,17.76208816592901,41473.49472160594,0.6597625662206426
0.6090000000000004,2.0,5.611153585030789e-05,0.6090000000000004,0.785775390449861,0.5029380119685347,0.128542127340014,0.0004296644047479173,2.429655346625934e-05,7.657327792441267,17.68417093990688,41158.10093759601,0.657233263109847
0.6100000000000004,2.0,5.648774772325805e-05,0.6100000000000004,0.7836686039850247,0.5029652364774659,0.1289698831502798,0.0004310460791806159,2.448248663245583e-05,7.630789231416403,17.6063030545757,40845.52419092613,0.6546987208347449
0.6110000000000004,2.0,5.686481125669639e-05,0.6110000000000004,0.7815570482215074,0.5029925336872461,0.1293980485385293,0.0004324206203657425,2.46695933886724e-05,7.604362492798062,17.52848592001108,40535.73093990162,0.6521589996829781
0.6120000000000004,2.0,5.724271645977054e-05,0.6120000000000004,0.779440779108081,0.503019902953668,0.1298266188838669,0.0004337879699683703,2.485788244325229e-05,7.578046849918169,17.45072095174071,40228.68811464074,0.649614160224214
0.6130000000000004,2.0,5.762145328894082e-05,0.6130000000000004,0.7773198528885705,0.5030473436277495,0.1302555895835615,0.000435148070433471,2.504736261602803e-05,7.551841587564058,17.37300957007808,39924.36310879658,0.647064263305009
0.6140000000000004,2.0,5.800101164884918e-05,0.6140000000000004,0.775194326096978,0.5030748550557828,0.1306849560533209,0.000436500864989096,2.5238042840474e-05,7.5257460017228,17.29535319945982,39622.72377144514,0.6445093700436572
0.6150000000000004,2.0,5.838138139318815e-05,0.6150000000000004,0.7730642555526241,0.5031024365793798,0.1311147137275602,0.0004378462976492014,2.542993216590875e-05,7.499759399328312,17.21775326778796,39323.7383991372,0.6419495418250639
0.6160000000000004,2.0,5.876255232556779e-05,0.6160000000000004,0.7709296983552928,0.5031300875355231,0.1315448580596681,0.0004391843132161047,2.562303975974883e-05,7.473881098011331,17.14021120577654,39027.37572810926,0.6393848402956247
0.6170000000000004,2.0,5.914451420038345e-05,0.6170000000000004,0.7687907118803715,0.5031578072566094,0.1319753845222723,0.0004405148572826012,2.581737490981585e-05,7.448110425852239,17.06272844630366,38733.60492664948,0.6368153273580992
0.6180000000000004,2.0,5.95272567236777e-05,0.6180000000000004,0.7666473537740205,0.503185595070503,0.1324062886074964,0.0004418378762337082,2.601294702669666e-05,7.422446721137042,16.9853064237688,38442.39558761707,0.6342410651665241
0.6190000000000004,2.0,5.991076955400375e-05,0.6190000000000004,0.7644996819483373,0.5032134503005805,0.1328375658272169,0.0004431533172480728,2.620976564615991e-05,7.396889332116099,16.90794657345595,38153.71772110881,0.6316621161211204
0.6200000000000004,2.0,6.029504230328632e-05,0.6200000000000004,0.7623477545765477,0.5032413722657778,0.1332692117133181,0.0004444611282990391,2.640784043162985e-05,7.371437616765989,16.8306503309028,37867.54174727046,0.6290785428632296
0.6210000000000004,2.0,6.068006453767497e-05,0.6210000000000004,0.7601916300882068,0.5032693602806425,0.1337012218179376,0.0004457612581553497,2.660718117671718e-05,7.346090942554616,16.75341913127635,37583.83848925183,0.6264904082702691
0.6220000000000004,2.0,6.106582577840112e-05,0.6220000000000004,0.7580313671644282,0.5032974136553768,0.1341335917137134,0.0004470536563815388,2.680779780781171e-05,7.320848686209071,16.67625440875523,37302.57916629776,0.6238977754507148
0.6230000000000004,2.0,6.145231550262375e-05,0.6230000000000004,0.7558670247331102,0.5033255316958893,0.1345663169940239,0.0004483382733379614,2.700970038673507e-05,7.295710233487076,16.59915759591869,37023.73538697665,0.6213007077390863
0.6240000000000004,2.0,6.18395231442788e-05,0.6240000000000004,0.7536986619642212,0.5033537137038396,0.1349993932732253,0.0004496150601805171,2.721289911345792e-05,7.270674978951091,16.5221301231431,36747.27914253936,0.6186992686909959
0.6250000000000004,2.0,6.222743809491676e-05,0.6250000000000004,0.7515263382650686,0.5033819589766878,0.1354328161868841,0.0004508839688600218,2.741740432888086e-05,7.24574232574605,16.44517341800555,36473.18280040912,0.6160935220781846
0.6260000000000004,2.0,6.261604970454014e-05,0.6260000000000004,0.7493501132756408,0.5034102668077431,0.1358665813920047,0.0004521449521212713,2.76232265176821e-05,7.220911685379997,16.36828890469568,36201.41909779738,0.6134835318836361
0.6270000000000004,2.0,6.300534728243622e-05,0.6270000000000004,0.7471700468639316,0.503438636486206,0.1363006845672562,0.0004533979635017871,2.783037631123454e-05,7.196182477507917,16.29147800343468,35931.96113544182,0.6108693622966754
0.6280000000000004,2.0,6.339532009799902e-05,0.6280000000000004,0.7449861991213278,0.503467067297222,0.136735121413188,0.0004546429573302255,2.803886449059077e-05,7.171554129719054,16.21474212990308,35664.78237146794,0.6082510777081398
0.6290000000000004,2.0,6.378595738155283e-05,0.6290000000000004,0.7427986303580221,0.5034955585219222,0.1371698876524502,0.0004558798887245047,2.824870198954202e-05,7.147026077327044,16.1380826946766,35399.8566153663,0.6056287427055719
0.6300000000000004,2.0,6.417724832516134e-05,0.6300000000000004,0.740607401098447,0.5035241094374756,0.1376049790299987,0.0004571087135895875,2.845989989774893e-05,7.122597763163643,16.06150110267054,35137.15802208764,0.6030024220684483
0.6310000000000004,2.0,6.456918208343936e-05,0.6310000000000004,0.7384125720767635,0.5035527193171289,0.1380403913133073,0.0004583293886150014,2.86724694639501e-05,7.098268637375296,15.98499875259293,34876.6610862486,0.6003721807634561
0.6320000000000005,2.0,6.496174777434854e-05,0.6320000000000005,0.7362142042323865,0.5035813874302593,0.1384761202925641,0.000459541871272018,2.888642209924573e-05,7.07403815722326,15.90857703640692,34618.34063645118,0.5977380839398224
0.6330000000000005,2.0,6.5354934479993e-05,0.6330000000000005,0.7340123587055306,0.5036101130424138,0.1389121617808723,0.0004607461198105672,2.91017693804632e-05,7.049905786886667,15.83223733880176,34362.1718297076,0.5951001969246583
0.6340000000000005,2.0,6.57487312474029e-05,0.6340000000000005,0.7318070968328271,0.5036388954153592,0.1393485116144396,0.0004619420932558381,2.931852305360267e-05,7.025870997268902,15.75598103667349,34108.13014597336,0.5924585852183875
0.6350000000000005,2.0,6.61431270893131e-05,0.6350000000000005,0.72959848014296,0.5036677338071237,0.1397851656527683,0.0004631297514046081,2.953669503736761e-05,7.001933265807097,15.6798094986149,33856.1913827825,0.5898133144901917
0.6360000000000005,2.0,6.65381109849308e-05,0.6360000000000005,0.7273865703523651,0.5036966274720444,0.1402221197788356,0.0004643090548212725,2.975629742678041e-05,6.978092076284858,15.6037240844151,33606.33164998575,0.5871644505735295
0.6370000000000005,2.0,6.693367188069822e-05,0.6370000000000005,0.7251714293609688,0.5037255756608081,0.1406593698992733,0.000465479964833611,2.997734249688711e-05,6.954346918648015,15.52772614456892,33358.52736458681,0.5845120594616955
0.6380000000000005,2.0,6.732979869104401e-05,0.6380000000000005,0.722953119247974,0.503754577620495,0.1410969119445412,0.0004666424435282649,3.019984270655214e-05,6.93069728882353,15.45181701979602,33112.75524567685,0.5818562073034328
0.6390000000000005,2.0,6.772648029912355e-05,0.6390000000000005,0.7207317022676984,0.5037836325946271,0.1415347418690917,0.0004677964537459427,3.042381070234554e-05,6.90714268854175,15.37599804057017,32868.99230946452,0.5791969603986067
0.6400000000000005,2.0,6.812370555755646e-05,0.6400000000000005,0.71850724084548,0.5038127398232033,0.1419728556515391,0.000468941959076373,3.064925932252648e-05,6.883682625161233,15.30027052665876,32627.21586439852,0.5765343851939408
0.6410000000000005,2.0,6.852146328914747e-05,0.6410000000000005,0.7162797975736139,0.5038418985427469,0.1424112492948131,0.0004700789238529752,3.087620160112367e-05,6.86031661149711,15.22463578667227,32387.40350638231,0.5738685482788008
0.6420000000000005,2.0,6.891974228760052e-05,0.6420000000000005,0.7140494352073493,0.5038711079863454,0.142849918826315,0.0004712073131472782,3.110465077211658e-05,6.837044165652218,15.14909511762424,32149.5331140782,0.5711995163810343
0.6430000000000005,2.0,6.931853131822363e-05,0.6430000000000005,0.7118162166609661,0.5039003673836908,0.1432888602980664,0.0004723270927630908,3.133462027371941e-05,6.813864810851245,15.07364980450186,31913.58284429914,0.5685273563628996
0.6440000000000005,2.0,6.971781911862053e-05,0.6440000000000005,0.7095802050038826,0.5039296759611209,0.1437280697868523,0.0004734382292304064,3.156612375277051e-05,6.790778075277915,14.99830111984698,31679.53112748699,0.5658521352170304
0.6450000000000005,2.0,7.011759439937283e-05,0.6450000000000005,0.7073414634568393,0.5039590329416592,0.1441675433943607,0.0004745406897990694,3.179917506923026e-05,6.767783491915075,14.92305032334778,31447.35666327479,0.5631739200624787
0.6460000000000005,2.0,7.051784584471107e-05,0.6460000000000005,0.7051000553881429,0.5039884375450551,0.1446072772473169,0.0004756344424321929,3.203378830079001e-05,6.744880598387645,14.84789866144127,31217.03841613195,0.560492778140826
0.6470000000000005,2.0,7.091856211317488e-05,0.6470000000000005,0.7028560443099698,0.5040178889878197,0.1450472674976125,0.0004767194557993427,3.22699777475954e-05,6.722068936808451,14.77284736692654,30988.5556110901,0.5578087768123574
0.6480000000000005,2.0,7.131973183826113e-05,0.6480000000000005,0.7006094938747434,0.5040473864832659,0.1454875103224318,0.0004777956992694784,3.250775793708619e-05,6.699348053626842,14.69789765858904,30761.88772954898,0.5551219835523116
0.6490000000000005,2.0,7.1721343629058e-05,0.6490000000000005,0.6983604678715629,0.5040769292415462,0.1459280019243674,0.0004788631429036613,3.274714362895614e-05,6.676717499480277,14.62305074083574,30537.01450516026,0.5524324659471955
0.6500000000000005,2.0,7.212338607087214e-05,0.6500000000000005,0.6961090302227164,0.504106516469686,0.1463687385315409,0.0004799217574475432,3.298814982023673e-05,6.654176829048324,14.54830780334134,30313.91591978721,0.5497402916911756
0.6510000000000005,2.0,7.252584772583609e-05,0.6510000000000005,0.6938552449802546,0.5041361473716256,0.1468097163977068,0.0004809715143236134,3.323079175050589e-05,6.631725600909801,14.47367002070576,30092.5721995407,0.5470455285825478
0.6520000000000005,2.0,7.292871713351172e-05,0.6520000000000005,0.691599176322634,0.5041658211482467,0.1472509318023641,0.0004820123856232465,3.347508490722822e-05,6.609363377402102,14.39913855212258,29872.96381088705,0.5443482445202699
0.6530000000000005,2.0,7.333198281147202e-05,0.6530000000000005,0.6893408885514449,0.5041955369974164,0.1476923810508515,0.0004830443440985071,3.3721045031226e-05,6.587089724483618,14.32471454105896,29655.07145683032,0.5416485075005935
0.6540000000000005,2.0,7.373563325587632e-05,0.6540000000000005,0.6870804460881913,0.5042252941140134,0.1481340604744477,0.0004840673631537608,3.396868812228857e-05,6.564904211598408,14.25039911494668,29438.87607316367,0.5389463856137436
0.6550000000000005,2.0,7.413965694202938e-05,0.6550000000000005,0.6848179134711685,0.5042550916899634,0.1485759664304604,0.0004850814168370644,3.421803044492062e-05,6.54280641154355,14.17619338488463,29224.3588247915,0.536241947040708
0.6560000000000005,2.0,7.454404232492716e-05,0.6560000000000005,0.682553355352398,0.5042849289142711,0.1490180953023142,0.0004860864798313491,3.446908853423455e-05,6.520795900338968,14.10209844535257,29011.5011021195,0.5335352600500838
0.6570000000000005,2.0,7.494877783978815e-05,0.6570000000000005,0.680286836494657,0.5043148049730526,0.1494604434996321,0.0004870825274453981,3.472187920198958e-05,6.498872257099737,14.02811537393656,28800.2845175125,0.530826392995025
0.6580000000000005,2.0,7.535385190257176e-05,0.6580000000000005,0.6780184217685682,0.5043447190495637,0.1499030074583128,0.0004880695356046272,3.497641954278267e-05,6.477035063910779,13.95424523106567,28590.69090181783,0.5281154143102553
0.6590000000000005,2.0,7.575925291048272e-05,0.6590000000000005,0.6757481761497894,0.5043746703242298,0.1503457836406052,0.0004890474808416658,3.52327269403943e-05,6.455283905703851,13.88048905976032,28382.70230095362,0.5254023925091842
0.6600000000000005,2.0,7.616496924245909e-05,0.6600000000000005,0.6734761647162617,0.5044046579746762,0.1507887685351758,0.0004900163402867387,3.549081907429321e-05,6.433618370136982,13.8068478853921,28176.30097256116,0.5226873961810858
0.6610000000000005,2.0,7.65709892596475e-05,0.6610000000000005,0.6712024526455673,0.5044346811757535,0.1512319586571736,0.000490976091657864,3.57507139263042e-05,6.412038047476083,13.73332271545548,27971.46938272002,0.5199704939883938
0.6620000000000005,2.0,7.697730130586291e-05,0.6620000000000005,0.6689271052123406,0.504464739099565,0.1516753505482897,0.0004919267132508548,3.601242978744407e-05,6.390542530478777,13.65991453935074,27768.19020272426,0.5172517546640508
0.6630000000000005,2.0,7.738389370803244e-05,0.6630000000000005,0.6666501877857874,0.5044948309154937,0.1521189407768131,0.0004928681839291367,3.627598526492843e-05,6.369131414280464,13.58662432817892,27566.44630592015,0.5145312470089743
0.6640000000000005,2.0,7.779075477662469e-05,0.6640000000000005,0.664371765827285,0.5045249557902269,0.1525627259376812,0.0004938004831133855,3.654139928935489e-05,6.347804296282497,13.51345303454862,27366.22076460319,0.5118090398896038
0.6650000000000005,2.0,7.819787280606455e-05,0.6650000000000005,0.6620919048880518,0.504555112887778,0.1530067026525289,0.0004947235907709795,3.68086911220682e-05,6.326560776042307,13.44040159239387,27167.49684697324,0.5090852022355229
0.6660000000000005,2.0,7.860523607513002e-05,0.6660000000000005,0.6598106706069317,0.5045853013695116,0.1534508675697292,0.0004956374874052779,3.707788036270884e-05,6.305400455165781,13.36747091680479,26970.25801414884,0.5063598030372025
0.6670000000000005,2.0,7.901283284733402e-05,0.6670000000000005,0.6575281287082466,0.5046155203941666,0.1538952173644326,0.0004965421540447165,3.734898695695301e-05,6.284322937201461,13.29466190386935,26774.48791723752,0.503632911343814
0.6680000000000005,2.0,7.942065137129233e-05,0.6680000000000005,0.655244344999752,0.5046457691178731,0.1543397487386033,0.0004974375722317447,3.762203120444791e-05,6.263327827536681,13.22197543052738,26580.17039446222,0.5009045962611487
0.6690000000000005,2.0,7.98286798810719e-05,0.6690000000000005,0.6529593853706734,0.5046760466941752,0.1547844584210475,0.0004983237240115762,3.789703376694636e-05,6.242414733295655,13.14941235443636,26387.28946834346,0.49817492694962595
0.6700000000000005,2.0,8.023690659652502e-05,0.6700000000000005,0.6506733157898356,0.50470635227405,0.1552293431674431,0.0004992005919207795,3.817401567664746e-05,6.221583263239321,13.07697351384911,26195.82934293547,0.4954439726223925
0.6710000000000005,2.0,8.064531972360505e-05,0.6710000000000005,0.6483862023038948,0.5047366850059247,0.1556743997603594,0.0005000681589757016,3.845299834474677e-05,6.200833027667104,13.00465972750388,26005.77440111674,0.49271180254353536
0.6720000000000005,2.0,8.105390745466993e-05,0.6720000000000005,0.6460981110356565,0.5047670440356905,0.1561196250092796,0.0005009264086607319,3.87340035702041e-05,6.180163638320104,12.93247179452595,25817.10920193243,0.48997848602637695
0.6730000000000005,2.0,8.146265796875977e-05,0.6730000000000005,0.6438091081824812,0.5047974285067252,0.1565650157506115,0.0005017753249163889,3.901705354873044e-05,6.159574708286482,12.8604104943418,25629.8184779906,0.48724409243186967
0.6740000000000005,2.0,8.187155943186913e-05,0.6740000000000005,0.6415192600148086,0.5048278375599009,0.157010568847705,0.0005026148921272718,3.930217088200437e-05,6.139065851907884,12.78847658660526,25443.88713290845,0.4845086911671036
0.6750000000000005,2.0,8.228059999719218e-05,0.6750000000000005,0.6392286328747504,0.5048582703335995,0.1574562811908551,0.0005034450951098305,3.958937858711964e-05,6.118636684687904,12.71667081113584,25259.30023881074,0.4817723516838953
0.6760000000000005,2.0,8.268976780535538e-05,0.6760000000000005,0.6369372931747924,0.5048887259637274,0.1579021496973083,0.0005042659190999933,3.9878700106273e-05,6.098286823201889,12.64499388786926,25076.04303387758,0.4790351434774841
0.6770000000000005,2.0,8.309905098463225e-05,0.6770000000000005,0.6346453073966056,0.5049192035837224,0.158348171311264,0.0005050773497406382,4.017015931669551e-05,6.078015885008237,12.57344651682071,24894.10091994283,0.47629713608534163
0.6780000000000005,2.0,8.350843765113936e-05,0.6780000000000005,0.6323527420899357,0.5049497023245673,0.15879434300387,0.0005058793730689081,4.046378054083638e-05,6.057823488561174,12.50202937805998,24713.45946014095,0.4735583990860658
0.6790000000000005,2.0,8.391791590901502e-05,0.6790000000000005,0.6300596638716072,0.5049802213147963,0.1592406617732186,0.0005066719755033775,4.075958855680315e-05,6.037709253124908,12.43074313169948,24534.10437660296,0.47081900209838856
0.6800000000000005,2.0,8.432747385058066e-05,0.6800000000000005,0.6277661394246219,0.5050107596805039,0.1596871246443358,0.0005074551438310696,4.105760860906666e-05,6.017672798689094,12.35958841789459,24356.02154820026,0.46807901478028613
0.6810000000000005,2.0,8.473709955648288e-05,0.6810000000000005,0.6254722354973552,0.5050413165453511,0.1601337286691691,0.0005082288651943245,4.135786641943621e-05,5.997713745885654,12.28856585685671,24179.1970083362,0.4653385068281861
0.6820000000000005,2.0,8.514678109581905e-05,0.6820000000000005,0.6231780189028606,0.5050718910305702,0.160580470926571,0.0005089931270775228,4.166038819831249e-05,5.977831715906764,12.21767604887897,24003.61694278467,0.4625975479762896
0.6830000000000005,2.0,8.555650652624417e-05,0.6830000000000005,0.6208835565182719,0.5051024822549681,0.1610273485222829,0.0005097479172936632,4.196520065622491e-05,5.958026330424055,12.14691957437477,23829.26768757544,0.459856207995989
0.6840000000000005,2.0,8.59662638940567e-05,0.6840000000000005,0.6185889152843113,0.5051330893349313,0.1614743585889077,0.0005104932239707895,4.227233101565909e-05,5.93829721150906,12.07629699392933,23656.13572692659,0.4571145566954036
0.6850000000000005,2.0,8.637604123427267e-05,0.6850000000000005,0.6162941622048977,0.5051637113844227,0.1619214982858916,0.0005112290355382932,4.258180702318594e-05,5.918643981554525,12.00580884836398,23484.2076912212,0.4543726639190061
0.6860000000000005,2.0,8.678582657067083e-05,0.6860000000000005,0.61399936434686,0.5051943475149894,0.1623687647994888,0.0005119553407130456,4.289365696189284e-05,5.899066263197162,11.93545565881389,23313.47035503198,0.45163059954737117
0.6870000000000005,2.0,8.719560791583133e-05,0.6870000000000005,0.6117045888397536,0.5052249968357528,0.1628161553427372,0.0005126721284854208,4.32079096641327e-05,5.879563679240923,11.86523792681864,23143.91063518885,0.44888843349701646
0.6880000000000005,2.0,8.760537327114446e-05,0.6880000000000005,0.6094099028757902,0.5052556584534147,0.1632636671554188,0.0005133793881051523,4.352459452459022e-05,5.860135852581693,11.79515613442664,22975.5155888937,0.44614623572037143
0.6890000000000005,2.0,8.801511062681064e-05,0.6890000000000005,0.6071153737098529,0.5052863314722447,0.1637112975040295,0.0005140771090670733,4.384374151368164e-05,5.840782406132496,11.72521074431235,22808.27241187765,0.44340407620582345
0.6900000000000005,2.0,8.842480796181105e-05,0.6900000000000005,0.6048210686596388,0.5053170149940847,0.1641590436817338,0.0005147652810966964,4.416538119128704e-05,5.82150296274998,11.65540219990786,22642.16843660528,0.44066202497790496
0.6910000000000005,2.0,8.883445324386854e-05,0.6910000000000005,0.6025270551058973,0.505347708118337,0.164606903008327,0.0005154438941356763,4.448954472083135e-05,5.802297145161373,11.58573092554777,22477.19113052127,0.4379201520975703
0.6920000000000005,2.0,8.924403442938611e-05,0.6920000000000005,0.6002334004927768,0.505378409941956,0.1650548728301892,0.0005161129383271309,4.481626388371794e-05,5.783164575892362,11.51619732662808,22313.32809434181,0.4351785276625877
0.6930000000000005,2.0,8.965353946336512e-05,0.6930000000000005,0.597940172328272,0.5054091195594419,0.1655029505202406,0.0005167724040008212,4.51455710941239e-05,5.764104877195734,11.44680178977919,22150.56706039009,0.4324372218080314
0.6940000000000005,2.0,9.006295627930362e-05,0.6940000000000005,0.5956474381847818,0.5054398360628323,0.1659511334778874,0.0005174222816581967,4.547749941416582e-05,5.745117670980759,11.37754468305318,21988.89589097568,0.42969630470689446
0.6950000000000005,2.0,9.047227279908165e-05,0.6950000000000005,0.5933552656997874,0.505470558541685,0.1663994191289762,0.0005180625619573229,4.581208256944543e-05,5.726202578743006,11.30842635612569,21828.30257681746,0.42695584657081115
0.6960000000000005,2.0,9.088147693281952e-05,0.6960000000000005,0.5910637225766069,0.5055012860830702,0.1668478049257351,0.0005186932356976539,4.614935496498328e-05,5.707359221495038,11.23944714051198,21668.77523551021,0.4242159176508718
0.6970000000000005,2.0,9.129055657872296e-05,0.6970000000000005,0.5887728765852941,0.5055320177715541,0.1672962883467209,0.0005193142938046915,4.648935170154922e-05,5.688587219697475,11.17060734979847,21510.30211003514,0.4214765882385732
0.6980000000000005,2.0,9.169949962290464e-05,0.6980000000000005,0.5864827955636122,0.5055627526891845,0.1677448668967581,0.0005199257273144993,4.683210859239909e-05,5.669886193190747,11.10190727988882,21352.871567314,0.41873792866685405
0.6990000000000005,2.0,9.210829393919118e-05,0.6990000000000005,0.584193547418136,0.5055934899154715,0.16819353810688,0.0005205275273580993,4.717766218042812e-05,5.651255761127145,11.03334720926554,21196.47209680633,0.416000009311256
0.7000000000000005,2.0,9.251692738890686e-05,0.7000000000000005,0.5819052001254428,0.5056242285273719,0.1686422995342663,0.0005211196851457266,4.752604975574806e-05,5.632695541903517,10.96492739926696,21041.09230915104,0.4132629005911765
0.7010000000000005,2.0,9.292538782064193e-05,0.7010000000000005,0.5796178217334327,0.5056549675992698,0.1690911487621758,0.000521702191950963,4.787730937369815e-05,5.614205153094294,10.89664809438028,20886.72093485185,0.4105266729712569
0.7020000000000005,2.0,9.333366307000198e-05,0.7020000000000005,0.5773314803627058,0.5056857062029539,0.1695400833998824,0.000522275039094736,4.823147987330332e-05,5.595784211384883,10.82850952254984,20733.34682300535,0.40779139696282335
0.7030000000000005,2.0,9.374174095933829e-05,0.7030000000000005,0.5750462442081019,0.5057164434075951,0.1699891010826069,0.0005228382179292013,4.858860089618293e-05,5.577432332505355,10.76051189550253,20580.95894007434,0.405057143125495
0.7040000000000005,2.0,9.414960929745309e-05,0.7040000000000005,0.5727621815403267,0.5057471782797258,0.1704381994714451,0.0005233917198214884,4.894871290592243e-05,5.559149131164591,10.69265540908966,20429.54636870559,0.40232398206888154
0.7050000000000005,2.0,9.455725587929156e-05,0.7050000000000005,0.570479360707686,0.5057779098832114,0.1708873762532958,0.0005239355361373344,4.931185720791975e-05,5.540934220984585,10.62494024364565,20279.09830659135,0.3995919844543902
0.7060000000000005,2.0,9.496466848561366e-05,0.7060000000000005,0.5681978501379177,0.505808637279227,0.1713366291407864,0.0005244696582245808,4.967807596971413e-05,5.522787214434987,10.55736656436372,20129.60406537569,0.3968612209971313
0.7070000000000005,2.0,9.53718348826494e-05,0.7070000000000005,0.5659177183401352,0.5058393595262268,0.1717859558721996,0.0005249940773965621,5.004741224180803e-05,5.50470772276791,10.48993452168939,19981.0530696057,0.3941317624679356
0.7080000000000005,2.0,9.577874282173429e-05,0.7080000000000005,0.5636390339068645,0.5058700756799174,0.1722353542113957,0.0005255087849153618,5.041990997899224e-05,5.486695355952877,10.42264425173147,19833.43485572775,0.39140367969546885
0.7090000000000005,2.0,9.61853800389251e-05,0.7090000000000005,0.5613618655161774,0.5059007847932271,0.1726848219477292,0.000526013771974949,5.07956140621838e-05,5.468749722611992,10.35549587669134,19686.73907112932,0.38867704356844823
0.7100000000000005,2.0,9.659173425460267e-05,0.7100000000000005,0.5590862819339526,0.5059314859162733,0.1731343568959765,0.0005265090296842121,5.11745703207866e-05,5.450870429955101,10.28848950531099,19540.95547322671,0.3859519250379761
0.7110000000000005,2.0,9.699779317304956e-05,0.7110000000000005,0.5568123520161952,0.5059621780963313,0.1735839568962466,0.0005269945490498552,5.155682555558535e-05,5.433057083715243,10.22162523333952,19396.0739285987,0.38322839511994855
0.7120000000000005,2.0,9.740354448201677e-05,0.7120000000000005,0.5545401447115068,0.5059928603777993,0.1740336198139029,0.0005274703209592023,5.194242756218047e-05,5.415309288084019,10.15490314401971,19252.08441216761,0.38050652489760395
0.7130000000000005,2.0,9.780897585226944e-05,0.7130000000000005,0.5522697290636017,0.5060235318021621,0.1744833435394765,0.0005279363361628787,5.233142515497849e-05,5.397626645647105,10.08832330859337,19108.97700642624,0.37778638552412525
0.7140000000000005,2.0,9.821407493711483e-05,0.7140000000000005,0.5500011742139478,0.5060541914079565,0.1749331259885784,0.0005283925852573788,5.272386819174184e-05,5.380008757319787,10.0218857868274,18966.74190071339,0.3750680482253694
0.7150000000000005,2.0,9.861882937191809e-05,0.7150000000000005,0.5477345494045132,0.5060848382307316,0.1753829651018169,0.0005288390586675514,5.311980759871134e-05,5.36245522228249,9.955590627560571,18825.36939053709,0.37235158430269627
0.7160000000000005,2.0,9.902322677359486e-05,0.7160000000000005,0.5454699239805624,0.5061154713030108,0.1758328588447051,0.0005292757466289509,5.351929539631068e-05,5.344965637916372,9.889437869270532,18684.84987694614,0.36963706513585726
0.7170000000000005,2.0,9.94272547400933e-05,0.7170000000000005,0.5432073673935853,0.5061460896542506,0.1762828052075715,0.0005297026391701139,5.39223847254403e-05,5.327539599738852,9.82342754066296,18545.17386595117,0.3669245621860138
0.7180000000000005,2.0,9.983090084985773e-05,0.7180000000000005,0.5409469492042938,0.5061766923108006,0.1767328022054711,0.0005301197260947321,5.432912987437115e-05,5.310176701339164,9.75755966128232,18406.33196799519,0.36421414699882265
0.7190000000000005,2.0,0.0001002341526612766,0.7190000000000005,0.5386887390857112,0.5062072782958602,0.1771828478780914,0.0005305269969637306,5.473958630624575e-05,5.292876534313897,9.691834242145118,18268.31489747486,0.36150589120761983
0.7200000000000005,2.0,0.0001006369977121187,0.7200000000000005,0.5364328068263345,0.5062378466294328,0.1776329402896604,0.0005309244410772672,5.515381068719841e-05,5.275638688202387,9.626251286395673,18131.11347231184,0.3587998665366742
0.7210000000000005,2.0,0.0001010394235189485,0.7210000000000005,0.5341792223333965,0.5062683963282866,0.1780830775288494,0.000531312047456639,5.557186091509547e-05,5.258462750422336,9.560810789985874,17994.71861357735,0.35609614480454715
0.7220000000000005,2.0,0.0001014414175765364,0.7220000000000005,0.5319280556361865,0.5062989264059021,0.1785332577086827,0.0005316898048261299,5.599379614891305e-05,5.241348306205057,9.495512742378176,17859.12134516731,0.35339479792750383
0.7230000000000005,2.0,0.0001018429673572461,0.7230000000000005,0.5296793768894607,0.5063294358724316,0.1789834789664349,0.0005320577015947662,5.641967683874924e-05,5.224294938531044,9.430357127273494,17724.31279353228,0.35069589792302575
0.7240000000000005,2.0,0.0001022440603104197,0.7240000000000005,0.5274332563769129,0.5063599237346447,0.1794337394635409,0.0005324157258380332,5.684956475648733e-05,5.207302228065164,9.365343923363584,17590.28418745961,0.34799951691337194
0.7250000000000005,2.0,0.000102644683861737,0.7250000000000005,0.5251897645147271,0.506390388995889,0.1798840373854879,0.0005327638652795071,5.728352302710462e-05,5.190369753092304,9.300473105109498,17457.02685791225,0.34530572712923924
0.7260000000000005,2.0,0.0001030448254125791,0.7260000000000005,0.5229489718551701,0.5064208306560308,0.1803343709417262,0.0005331021072724655,5.772161616064708e-05,5.173497089452462,9.23574464354515,17324.53223792044,0.34261460091344387
0.7270000000000005,2.0,0.0001034444723393683,0.7270000000000005,0.5207109490902806,0.5064512477114114,0.18078473836556,0.0005334304387814383,5.816391008485771e-05,5.15668381047637,9.171158507108528,17192.79186253226,0.3399262107247206
0.7280000000000005,2.0,0.0001038436119929041,0.7280000000000005,0.5184757670555742,0.5064816391547954,0.181235137914052,0.000533748846363733,5.861047217847732e-05,5.139929486920901,9.106714662499067,17061.79736881928,0.3372406291415222
0.7290000000000005,2.0,0.0001042422316976908,0.7290000000000005,0.5162434967338262,0.5065120039753158,0.1816855678679191,0.0005340573161509437,5.906137130521158e-05,5.12323368690457,9.04241307556329,16931.54049594104,0.3345579288659071
0.7300000000000005,2.0,0.000104640318751253,0.7300000000000005,0.5140142092588998,0.5065423411584247,0.1821360265314292,0.0005343558338304395,5.951667784836821e-05,5.106595975843256,8.978253712208671,16802.01308526862,0.3318781827274706
0.7310000000000005,2.0,0.0001050378604234479,0.7310000000000005,0.5117879759196012,0.5065726496858403,0.1825865122322962,0.0005346443846268643,5.997646374616905e-05,5.090015916385975,8.914236539346058,16673.20708056707,0.3292014636873051
0.7320000000000005,2.0,0.0001054348439557667,0.7320000000000005,0.5095648681635687,0.5066029285354927,0.1830370233215783,0.0005349229532836343,6.044080252773203e-05,5.073493068350919,8.850361525861537,16545.11452823894,0.3265278448419904
0.7330000000000005,2.0,0.0001058312565606353,0.7330000000000005,0.5073449576012196,0.5066331766814722,0.1834875581735672,0.0005351915240444812,6.090976934972269e-05,5.05702698866171,8.786628643618691,16417.72757762959,0.32385739942765235
0.7340000000000005,2.0,0.0001062270854207089,0.7340000000000005,0.5051283160096814,0.5066633930939729,0.1839381151856861,0.000535450080635022,6.13834410336761e-05,5.040617231283906,8.723037868490692,16291.03848139405,0.32119020082399535
0.7350000000000005,2.0,0.000106622317688163,0.7350000000000005,0.50291501533677,0.5066935767392408,0.1843886927783799,0.0005356986062443912,6.186189610397847e-05,5.024263347161971,8.659589181424062,16165.03959592806,0.3185263225583901
0.7360000000000005,2.0,0.0001070169404839863,0.7360000000000005,0.5007051277049613,0.5067237265795159,0.1848392893950075,0.000535937083506951,6.234521482650894e-05,5.007964884156532,8.59628256953367,16039.72338186256,0.31586583830995385
0.7370000000000005,2.0,0.0001074109408972638,0.7370000000000005,0.4984987254153572,0.5067538415729871,0.1852899035017293,0.0005361654944840713,6.283347924792722e-05,4.991721386982415,8.533118027230024,15915.0824046241,0.3132088219136279
0.7380000000000005,2.0,0.0001078043059844779,0.7380000000000005,0.4962958809516716,0.5067839206737252,0.1857405335874026,0.0005363838206460602,6.332677323560541e-05,4.97553239714682,8.470095557379182,15791.10933506006,0.310555347364269
0.7390000000000005,2.0,0.0001081970227687921,0.7390000000000005,0.4940966669841778,0.5068139628316425,0.1861911781634633,0.0005365920428541823,6.382518251818136e-05,4.95939745288871,8.407215172496024,15667.79695013231,0.3079054888207145
0.7400000000000005,2.0,0.0001085890782393581,0.7400000000000005,0.4919011563736359,0.5068439669924277,0.1866418357638217,0.0005367901413428681,6.432879472673342e-05,4.943316089118484,8.344476895970688,15545.13813367663,0.3052593206098142
0.7410000000000005,2.0,0.0001089804593506126,0.7410000000000005,0.4897094221751925,0.5068739320975016,0.1870925049447401,0.0005369780957020703,6.483769943654562e-05,4.92728783735892,8.28188076332955,15423.12587723235,0.30261691723045236
0.7420000000000005,2.0,0.0001093711530215938,0.7420000000000005,0.4875215376422311,0.5069038570839608,0.1875431842847262,0.0005371558848598472,6.535198820945635e-05,4.911312225686872,8.219426823530387,15301.75328093999,0.2999783533575049
0.7430000000000005,2.0,0.0001097611461352614,0.7430000000000005,0.4853375762301806,0.5069337408845268,0.1879938723844131,0.0005373234870651641,6.587175463675987e-05,4.895388778676238,8.157115140292765,15181.01355450987,0.29734370384576747
0.7440000000000005,2.0,0.0001101504255378298,0.7440000000000005,0.483157611600238,0.5069635824274961,0.1884445678664439,0.0005374808798709565,6.639709438264297e-05,4.879517017342119,8.094945793463225,15060.90001826063,0.29471304373379414
0.7450000000000006,2.0,0.0001105389780381157,0.7450000000000006,0.4809817176230284,0.5069933806366897,0.1888952693753565,0.0005376280401174839,6.692810522812438e-05,4.863696459086405,8.03291888041622,14941.40610422932,0.2920864482476719
0.7460000000000006,2.0,0.0001109267904069,0.7460000000000006,0.4788099683821773,0.5070231344314076,0.1893459755774592,0.0005377649439160063,6.746488711546555e-05,4.847926617644994,7.971034517490949,14822.5253573538,0.28946399280471813
0.7470000000000006,2.0,0.0001113138493763104,0.7470000000000006,0.4766424381777667,0.5070528427263787,0.1897966851607157,0.0005378915666328205,6.800754219302254e-05,4.832207003036641,7.909292841463801,14704.25143672665,0.28684575301705095
0.7480000000000006,2.0,0.0001117001416392235,0.7480000000000006,0.4744792015296956,0.5070825044317187,0.1902473968346232,0.000538007882873692,6.855617486049338e-05,4.816537121513806,7.847694011057316,14586.57811692272,0.28423180469507237
0.7490000000000006,2.0,0.0001120856538486883,0.7490000000000006,0.4723203331808782,0.5071121184528846,0.1906981093300854,0.0005381138664687137,6.91108918145253e-05,4.800916475515621,7.786238208484763,14469.49928939893,0.2816222238507928
0.7500000000000006,2.0,0.0001124703726173796,0.7500000000000006,0.4701659081003399,0.5071416836906364,0.191148821399293,0.0005382094904576558,6.967180209462632e-05,4.785344563623125,7.724925641031569,14353.00896396834,0.2790170867010469
0.7510000000000006,2.0,0.0001128542845170769,0.7510000000000006,0.4680160014861131,0.5071711990409971,0.1915995318155939,0.0005382947270758233,7.023901712933772e-05,4.769820880517095,7.663756542672152,14237.10127034673,0.27641646967051925
0.7520000000000006,2.0,0.0001132373760781775,0.7520000000000006,0.4658706887679711,0.5072006633952149,0.1920502393733702,0.0005383695477404897,7.081265078260552e-05,4.75434491693858,7.602731175722845,14121.77045977272,0.27382044939460093
0.7530000000000006,2.0,0.0001136196337892434,0.7530000000000006,0.4637300456099691,0.507230075639732,0.1925009428879064,0.000538433923037948,7.139281940028838e-05,4.738916159652548,7.54184983253054,14007.01090670136,0.2712291027220627
0.7540000000000006,2.0,0.0001140010440965844,0.7540000000000006,0.4615941479127698,0.5072594346561554,0.1929516411952571,0.0005384878227112248,7.197964185673569e-05,4.723534091414794,7.481112837196402,13892.81711057058,0.2686425067175127
0.7550000000000006,2.0,0.0001143815934038877,0.7550000000000006,0.4594630718157239,0.5072887393212259,0.1934023331521182,0.0005385312156485299,7.25732396013658e-05,4.708198190942331,7.42052054733402,13779.18369763916,0.2660607386636057
0.7560000000000006,2.0,0.0001147612680718868,0.7560000000000006,0.4573368936987192,0.5073179885067993,0.1938530176356891,0.0005385640698724836,7.31737367051558e-05,4.692907932887796,7.360073355862071,13666.10542289745,0.26348387606303014
0.7570000000000006,2.0,0.0001151400544180846,0.7570000000000006,0.4552156901837424,0.5073471810798237,0.1943036935435381,0.0005385863525301951,7.378125990696618e-05,4.677662787817881,7.29977169282987,13553.57717204804,0.2609119966402043
0.7580000000000006,2.0,0.0001155179387165246,0.7580000000000006,0.453099538136144,0.5073763159023266,0.1947543597934602,0.0005385980298842437,7.439593865960197e-05,4.662462222196365,7.239616027275289,13441.59396355616,0.2583451783426838
0.7590000000000006,2.0,0.0001158949071976234,0.7590000000000006,0.4509885146655974,0.5074053918314011,0.195205015323342,0.0005385990673046504,7.501790517551067e-05,4.647305698371932,7.179606869114151,13330.15095076857,0.2557834993422554
0.7600000000000006,2.0,0.0001162709460480579,0.7600000000000006,0.4488826971267038,0.5074344077192047,0.1956556590910093,0.000538589429261886,7.564729447200941e-05,4.632192674571321,7.119744771059484,13219.24342409912,0.2532270380356945
0.7610000000000006,2.0,0.0001166460414107247,0.7610000000000006,0.4467821631192436,0.5074633624129553,0.1961062900740892,0.0005385690793210157,7.628424441592754e-05,4.617122604897891,7.060030330569373,13108.86681327879,0.25067587304515443
0.7620000000000006,2.0,0.0001170201793847664,0.7620000000000006,0.4446869904880228,0.5074922547549351,0.1965569072698567,0.0005385379801370448,7.69288957675392e-05,4.602094939336305,7.000464191821735,12999.01668966836,0.2481300832181661
0.7630000000000006,2.0,0.0001173933460256679,0.7630000000000006,0.4425972573223208,0.5075210835825085,0.1970075096950826,0.0005384960934515437,7.758139222364843e-05,4.587109123763709,6.941047047714604,12889.68876863206,0.2455897476272382
0.7640000000000006,2.0,0.0001177655273454401,0.7640000000000006,0.4405130419548646,0.5075498477281323,0.1974580963858799,0.0005384433800906514,7.82418804596988e-05,4.572164599967578,6.881779641888789,12780.87891196691,0.24305494556898471
0.7650000000000006,2.0,0.0001181367093128862,0.7650000000000006,0.4384344229603727,0.5075785460193811,0.1979086663975479,0.0005383797999645481,7.891051017073854e-05,4.557260805670954,6.822662770772317,12672.58313038785,0.24052575656282482
0.7660000000000006,2.0,0.0001185068778539499,0.7660000000000006,0.4363614791535509,0.5076071772789836,0.1983592188044052,0.0005383053120684596,7.958743411109461e-05,4.542397174565656,6.76369728564247,12564.79758606263,0.23800226034914568
0.7670000000000006,2.0,0.0001188760188521694,0.7670000000000006,0.4342942895865854,0.5076357403248567,0.1988097526996306,0.0005382198744853389,8.027280813258019e-05,4.52757313635352,6.704884094703703,12457.51859519328,0.23548453688695478
0.7680000000000006,2.0,0.0001192441181492252,0.7680000000000006,0.432232933546058,0.5076642339701551,0.19926026719509,0.000538123444390282,8.096679122105227e-05,4.512788116796628,6.64622416517803,12350.74263064026,0.23297266635096803
0.7690000000000006,2.0,0.0001196111615455992,0.7690000000000006,0.4301774905492789,0.5076926570233266,0.1997107614211685,0.0005380159780568178,8.166954553113096e-05,4.498041537776814,6.587718525404745,12244.46632458384,0.2304667291281104
0.7700000000000006,2.0,0.0001199771348013403,0.7700000000000006,0.4281280403399681,0.5077210082881763,0.2001612345265893,0.0005378974308651472,8.23812364188768e-05,4.483332817365143,6.529368266945477,12138.68647121762,0.2279668058133788
0.7710000000000006,2.0,0.0001203420236369536,0.7710000000000006,0.426084662883294,0.5077492865639432,0.2006116856782359,0.0005377677573124743,8.31020324722106e-05,4.468661369901833,6.471174546691194,12033.40002946861,0.2254729772050581
0.7720000000000006,2.0,0.0001207058137344136,0.7720000000000006,0.4240474383602051,0.5077774906453815,0.2010621140609666,0.0005376269110255272,8.383210553885189e-05,4.454026606087237,6.413138588966547,11928.60412573738,0.22298532429923848
0.7730000000000006,2.0,0.0001210684907383043,0.7730000000000006,0.4220164471610212,0.5078056193228591,0.2015125188774228,0.0005374748447753853,8.457163075153854e-05,4.439427933084589,6.355261687626941,11824.29605665145,0.2205039282835984
0.7740000000000006,2.0,0.0001214300402571029,0.7740000000000006,0.4199917698782702,0.5078336713824633,0.201962899347835,0.0005373115104947588,8.532078655027565e-05,4.424864754635021,6.297545208143922,11720.47329182491,0.21802887053043518
0.7750000000000006,2.0,0.0001217904478646054,0.7750000000000006,0.4179734872986995,0.5078616456061151,0.2024132547098247,0.0005371368592978158,8.607975470135843e-05,4.410336471185476,6.239990589672756,11617.13347661548,0.21556023258887477
0.7760000000000006,2.0,0.0001221496991015011,0.7760000000000006,0.4159616803944418,0.5078895407717048,0.2028635842181978,0.0005369508415027057,8.684872031288916e-05,4.395842480030399,6.182599347097314,11514.27443487144,0.213098096176244
0.7770000000000006,2.0,0.0001225077794771089,0.7770000000000006,0.4139564303133127,0.5079173556532298,0.2033138871447311,0.0005367534066569077,8.762787184650404e-05,4.381382175467571,6.125373073046071,11411.89417165899,0.2106425431685816
0.7780000000000006,2.0,0.0001228646744712769,0.7780000000000006,0.4119578183681628,0.5079450890209559,0.203764162777962,0.0005365445035655325,8.841740112501643e-05,4.366954948968985,6.068313439872471,11309.99087595965,0.2081936555902008
0.7790000000000006,2.0,0.000123220369536453,0.7790000000000006,0.4099659260252757,0.5079727396415854,0.2042144104229591,0.0005363240803227176,8.921750333566085e-05,4.3525601893674,6.011422201593319,11208.56292332822,0.2057515156023166
0.7800000000000006,2.0,0.00012357485009994,0.7800000000000006,0.4079808348917594,0.5080003062784393,0.2046646294010986,0.0005360920843462578,9.002837702862132e-05,4.338197283059136,5.954701195777709,11107.60887849934,0.2033162054906608
0.7810000000000006,2.0,0.0001239281015663314,0.7810000000000006,0.4060026267018955,0.5080277876916615,0.2051148190498267,0.0005358484624156006,9.085022411050439e-05,4.323865614224077,5.898152345379235,11007.12749793181,0.20088780765206882
0.7820000000000006,2.0,0.0001242801093201413,0.7820000000000006,0.4040313833023887,0.5080551826384354,0.2055649787224163,0.0005355931607133506,9.168324983241899e-05,4.309564565063424,5.841777660503109,10907.11773227744,0.1984664045799724
0.7830000000000006,2.0,0.0001246308587286438,0.7830000000000006,0.4020671866365126,0.5080824898732095,0.2060151077877216,0.0005353261248704376,9.252766277230448e-05,4.295293516055728,5.785579240100208,10807.57872876177,0.19605207884879097
0.7840000000000006,2.0,0.0001249803351449094,0.7840000000000006,0.4001101187270684,0.5081097081479548,0.2064652056299184,0.0005350473000150605,9.33836748111389e-05,4.281051846232369,5.72955927357915,10708.50983346309,0.19364491309715
0.7850000000000006,2.0,0.000125328523911066,0.7850000000000006,0.3981602616581431,0.5081368362124242,0.2069152716482442,0.0005347566308255686,9.425150110265955e-05,4.266838933472625,5.67372004232704,10609.9105934747,0.19124499000989892
0.7860000000000006,2.0,0.0001256754103617757,0.7860000000000006,0.3962176975556205,0.5081638728144438,0.2073653052567228,0.0005344540615874102,9.513136003620333e-05,4.252654154819501,5.618063921129872,10511.78075893626,0.18885239229889766
0.7870000000000006,2.0,0.0001260209798279478,0.7870000000000006,0.394282508566413,0.5081908167002117,0.2078153058838895,0.0005341395362542886,9.602347319228162e-05,4.238496886816563,5.56259337948237,10414.12028491779,0.1864672026825235
0.7880000000000006,2.0,0.0001263652176406827,0.7880000000000006,0.3923547768363486,0.5082176666146235,0.2082652729724998,0.0005338129985136408,9.692806529049213e-05,4.224366505866698,5.50731098277687,10316.92933314013,0.1840895038638488
0.7890000000000006,2.0,0.0001267081091354632,0.7890000000000006,0.3904345844867305,0.5082444213016141,0.2087152059792378,0.0005334743918565971,9.784536412935446e-05,4.210262388613316,5.452219393361633,10220.20827351586,0.18171937850749273
0.7900000000000006,2.0,0.000127049639656593,0.7900000000000006,0.3885220135894519,0.5082710795045191,0.2091651043744122,0.0005331236596525023,9.877560051768335e-05,4.196183912344452,5.397321371456097,10123.95768549111,0.1793569092150397
0.7910000000000006,2.0,0.0001273897945618911,0.7910000000000006,0.3866171461407322,0.5082976399664634,0.2096149676416414,0.0005327607452281625,9.971900819705866e-05,4.182130455420655,5.342619775914267,10028.17835917361,0.17700217849909083
0.7920000000000006,2.0,0.0001277285592276466,0.7920000000000006,0.384720064033338,0.5083241014307627,0.2100647952775319,0.0005323855919518737,0.0001006758237550168,4.168101397726687,5.28811756482245,9932.871296224865,0.17465526875580611
0.7930000000000006,2.0,0.0001280659190538462,0.7930000000000006,0.3828308490273549,0.5083504626413522,0.2105145867913529,0.000531998143322389,0.0001016462865285263,4.154096121147832,5.233817795922016,9838.037710500694,0.17231626223600202
0.7940000000000006,2.0,0.0001284018594696647,0.7940000000000006,0.3809495827193948,0.5083767223432354,0.210964341704692,0.0005315983430628563,0.0001026306384973626,4.140114010071116,5.179723626843823,9743.679028418965,0.16998524101470278
0.7950000000000006,2.0,0.0001287363659392397,0.7950000000000006,0.3790763465102889,0.5084028792829584,0.21141405955111,0.0005311861352198534,0.0001036291241669702,4.126154451911643,5.125838315143834,9649.796889036445,0.16766228695917887
0.7960000000000006,2.0,0.0001290694239677215,0.7960000000000006,0.3772112215711922,0.5084289322091048,0.2118637398757788,0.0005307614642675555,0.0001046419904404278,4.112216837664485,5.072165218127378,9556.393143814437,0.16534748169541338
0.7970000000000006,2.0,0.0001294010191076123,0.7970000000000006,0.3753542888080929,0.5084548798728112,0.212313382235121,0.0005303242752171023,0.0001056694864791454,4.098300562482021,5.018707792450241,9463.469856053072,0.1630409065729719
0.7980000000000006,2.0,0.0001297311369653853,0.7980000000000006,0.3735056288247406,0.5084807210283153,0.2127629861964257,0.0005298745137311946,0.0001067118635519047,4.084405026277203,4.965469593485857,9371.02929997656,0.1607426426283149
0.7990000000000006,2.0,0.0001300597632083984,0.7990000000000006,0.3716653218839243,0.5085064544335174,0.2132125513374673,0.000529412126243936,0.0001077693748719306,4.070529634352263,4.912454274445512,9279.073959446883,0.158452770546457
0.8000000000000006,2.0,0.0001303868835720962,0.8000000000000006,0.3698334478671604,0.5085320788505716,0.213662077246109,0.0005289370600859369,0.0001088422754216343,4.056673798053084,4.859665585241904,9187.60652628944,0.15617137062105138
0.8010000000000006,2.0,0.0001307124838674991,0.8010000000000006,0.368010086232723,0.5085575930465029,0.2141115635198947,0.0005284492636146311,0.0001099308217647509,4.042836935448909,4.807107371083776,9096.629898209745,0.15389852271282833
0.8020000000000006,2.0,0.0001310365499889886,0.8020000000000006,0.3661953159720808,0.5085829957938418,0.2145610097656396,0.0005279486863497946,0.0001110352718455815,4.029018472036861,4.754783570792004,9006.147176283912,0.15163430620644122
0.8030000000000006,2.0,0.000131359067922377,0.8030000000000006,0.364389215564689,0.5086082858712864,0.215010415599003,0.0005274352791141764,0.0001121558847751127,4.015217841470995,4.702698214826209,8916.16166200402,0.149378799965686
0.8040000000000006,2.0,0.0001316800237532612,0.8040000000000006,0.3625918629311963,0.5086334620643922,0.2154597806440549,0.0005269089941791556,0.0001132929206037931,4.001434486315201,4.650855423013206,8826.676853862655,0.14713208228714136
0.8050000000000006,2.0,0.0001319994036756649,0.8050000000000006,0.3608033353850675,0.5086585231662779,0.2159091045328371,0.0005263697854153209,0.0001144466400808125,3.987667858819024,4.599259401967966,8737.696443459454,0.14489423085223038
0.8060000000000006,2.0,0.0001323171940009542,0.8060000000000006,0.3590237095826526,0.5086834679783603,0.2163583869049098,0.0005258176084478068,0.0001156173043997538,3.973917421715677,4.54791444219942,8649.224311115573,0.14266532267774282
0.8070000000000006,2.0,0.0001326333811670283,0.8070000000000006,0.3572530614717209,0.5087082953111058,0.2168076274068964,0.0005252524208162184,0.0001168051749305564,3.960182649040938,4.496824914893488,8561.26452098141,0.14044543406482451
0.8080000000000006,2.0,0.0001329479517477694,0.8080000000000006,0.3554914662385237,0.508733003984814,0.2172568256920124,0.000524674182138933,0.0001180105129377543,3.946463026971927,4.445995268367972,8473.821315626845,0.13823464054651127
0.8090000000000006,2.0,0.0001332608924627547,0.8090000000000006,0.353738998253423,0.508757592830413,0.2177059814195921,0.0005240828542815488,0.0001192335792850372,3.932758054684037,4.395430024193836,8386.89911010238,0.13603301683383087
0.8100000000000006,2.0,0.0001335721901872156,0.8100000000000006,0.3519957310151403,0.5087820606902762,0.2181550942546095,0.0005234784015291991,0.0001204746341262315,3.919067245224489,4.345133772979183,8300.502485462748,0.13384063676053082
0.8110000000000006,2.0,0.0001338818319622202,0.8110000000000006,0.350261737093673,0.5088064064190714,0.2186041638671838,0.0005228607907624054,0.0001217339365828586,3.905390126400971,4.295111169813508,8214.636181746628,0.1316575732264892
0.8120000000000006,2.0,0.0001341898050050964,0.8120000000000006,0.3485370880719983,0.5088306288846094,0.2190531899320911,0.0005222299916361714,0.0001230117444085059,3.891726241682782,4.245366929371508,8129.305090407716,0.12948389813990718
0.8130000000000006,2.0,0.0001344960967200449,0.8130000000000006,0.3468218544865802,0.5088547269687282,0.2195021721282556,0.0005215859767618829,0.0001243083136403149,3.878075151112989,4.195905820676544,8044.514246195082,0.1273196823583246
0.8140000000000006,2.0,0.0001348006947089588,0.8140000000000006,0.3451161057668233,0.5088786995681794,0.2199511101382504,0.0005209287218916399,0.0001256238982379704,3.864436432228573,4.146732661526237,7960.268818483024,0.1251649956285729
0.8150000000000006,2.0,0.000135103586782408,0.8150000000000006,0.3434199101735356,0.5089025455955433,0.2204000036477837,0.0005202582061045413,0.0001269587497106428,3.850809680986551,4.097852312584082,7876.57410205396,0.12301990652575193
0.8160000000000006,2.0,0.000135404760970785,0.8160000000000006,0.3417333347365152,0.5089262639801445,0.2208488523451839,0.0005195744119944396,0.000128313116732443,3.837194512692889,4.049269671142429,7793.435507339348,0.12088448239133129
0.8170000000000006,2.0,0.0001357042055355846,0.8170000000000006,0.3400564451913912,0.5089498536689918,0.2212976559208858,0.0005188773258586484,0.0001296872447469951,3.823590562931561,4.000989664565072,7710.858550128694,0.11875878927050543
0.8180000000000006,2.0,0.000136001908980799,0.8180000000000006,0.3383893059158092,0.5089733136277164,0.2217464140669078,0.0005181669378870246,0.0001310813755618689,3.809997488490434,3.953017243418046,7628.848840757028,0.11664289184890139
0.8190000000000006,2.0,0.0001362978600644007,0.8190000000000006,0.3367319798651203,0.50899664284153,0.2221951264763342,0.0005174432423508392,0.0001324957469336505,3.796414968280882,3.905357374300912,7547.412072787268,0.11453685338878614
0.8200000000000006,2.0,0.0001365920478098934,0.8200000000000006,0.3350845285077045,0.5090198403161807,0.2226437928427936,0.0005167062377908116,0.0001339305921445554,3.782842704247541,3.858015032391663,7466.554011205066,0.11244073566491089
0.8210000000000006,2.0,0.0001368844615179011,0.8210000000000006,0.3334470117600684,0.5090429050789185,0.2230924128599391,0.0005159559272036333,0.000135386139571564,3.769280422264655,3.810995193720722,7386.280480147735,0.1103545989001293
0.8220000000000006,2.0,0.0001371750907777696,0.8220000000000006,0.331819487921876,0.5090658361794609,0.2235409862209318,0.0005151923182263075,0.0001368626122491457,3.755727873015322,3.764302827191751,7306.59735019227,0.10827850170094419
0.8230000000000006,2.0,0.0001374639254791492,0.8230000000000006,0.3302020136110779,0.5090886326909568,0.2239895126179237,0.0005144154233175758,0.000138360227426726,3.742184832849754,3.717942886368875,7227.510525230874,0.10621250099315424
0.8240000000000006,2.0,0.0001377509558235338,0.8240000000000006,0.3285946436993177,0.5091112937109536,0.2244379917415491,0.000513625259935713,0.0001398791961221324,3.728651104618611,3.671920301052149,7149.025928965679,0.10415665195776858
0.8250000000000006,2.0,0.0001380361723357178,0.8250000000000006,0.3269974312477463,0.509133818362349,0.2248864232804181,0.0005128218507118993,0.0001414197226723607,3.715126518477364,3.626239968664045,7071.149491056396,0.10211100796732817
0.8260000000000006,2.0,0.0001383195658751427,0.8260000000000006,0.3254104274434845,0.5091562057943482,0.2253348069206166,0.0005120052236184248,0.0001429820042830279,3.701610932657675,3.580906745473565,6993.887132960695,0.10007562052286786
0.8270000000000006,2.0,0.0001386011276471043,0.8270000000000006,0.323833681536885,0.5091784551833985,0.2257831423452165,0.0005111754121309371,0.0001445662305780077,3.688104234201568,3.53592543768448,6917.244753506953,0.09805053919166853
0.8280000000000006,2.0,0.000138880849213776,0.8280000000000006,0.3222672407797704,0.5092005657341202,0.2262314292337914,0.0005103324553839041,0.0001461725831507827,3.674606339654331,3.491300792416567,6841.228214243579,0.09603581154597904
0.8290000000000006,2.0,0.000139158722505027,0.8290000000000006,0.3207111503648759,0.5092225366802123,0.2266796672619448,0.0005094763983185364,0.0001478012351191049,3.661117195711952,3.447037488610817,6765.843324611968,0.09403148310293111
0.8300000000000006,2.0,0.0001394347398289897,0.8300000000000006,0.3191654533666634,0.5092443672853498,0.2271278561008505,0.0005086072918223485,0.0001494523506846179,3.647636779819172,3.403140127890246,6691.095826992053,0.0920375972658129
0.8310000000000006,2.0,0.0001397088938823458,0.8310000000000006,0.3176301906837147,0.509266056844053,0.2275759954168007,0.0005077251928595706,0.0001511260846991368,3.634165100714015,3.359613225409463,6616.991381671863,0.09005419526691397
0.8320000000000006,2.0,0.000139981177760299,0.8320000000000006,0.3161054009828879,0.509287604682531,0.2280240848707742,0.0005068301645916393,0.0001528225822393278,3.620702198914901,3.316461200726982,6543.535551793973,0.08808131611211373
0.8330000000000006,2.0,0.0001402515849661948,0.8330000000000006,0.314591120645457,0.509309010159503,0.2284721241180177,0.0005059222764870161,0.0001545419781915183,3.607248147146735,3.273688368735936,6470.733788335076,0.08611899652743932
0.8340000000000006,2.0,0.0001405201094207509,0.8340000000000006,0.3130873837153947,0.509330272666988,0.2289201128076398,0.0005050016044195778,0.0001562843968484335,3.593803050702277,3.2312989306881,6398.591415173789,0.08416727090775489
0.8350000000000006,2.0,0.0001407867454708758,0.8350000000000006,0.3115942218500237,0.5093513916310567,0.2293680505822289,0.0005040682307549054,0.0001580499515196177,3.580367047735373,3.189296965347937,6327.113614304883,0.08222617126779483
0.8360000000000006,2.0,0.0001410514878980246,0.8360000000000006,0.3101116642731931,0.5093723665125574,0.2298159370774842,0.0005031222444237738,0.0001598387441573114,3.566940309483064,3.147686420312505,6256.305411257562,0.08029572719570888
0.8370000000000006,2.0,0.0001413143319260772,0.8370000000000006,0.3086397377311762,0.50939319680779,0.2302637719218729,0.0005021637409822338,0.0001616508649995336,3.553523040413437,3.106471103533424,6186.171660775741,0.07837596580930331
0.8380000000000006,2.0,0.0001415752732286935,0.8380000000000006,0.3071784664514797,0.509413882049156,0.2307115547362997,0.0005011928226577132,0.0001634863922320548,3.540115478296954,3.065654675077259,6116.717032819384,0.07646691171518002
0.8390000000000006,2.0,0.000141834307936127,0.8390000000000006,0.3057278721046862,0.5094344218057479,0.2311592851338079,0.0005002095983805862,0.0001653453916709758,3.526717894198579,3.025240639158323,6047.945998942144,0.07456858697087831
0.8400000000000006,2.0,0.0001420914326414586,0.8400000000000006,0.3042879737695414,0.5094548156839053,0.2316069627192967,0.0004992141838007696,0.000167227916467463,3.51333059238915,2.985232336479538,5979.862819103932,0.07268101105024471
0.8410000000000006,2.0,0.0001423466444062338,0.8410000000000006,0.3028587879014072,0.5094750633277163,0.2320545870892676,0.0004982067012889333,0.0001691340068362097,3.499953910174172,2.945632936913742,5912.471528971731,0.07080420081213959
0.8420000000000006,2.0,0.0001425999407654642,0.8420000000000006,0.3014403283042001,0.5094951644194744,0.2325021578315869,0.0004971872799219637,0.0001710636898090786,3.486588217639013,2.906445432557116,5845.775927761664,0.06893817047261319
0.8430000000000006,2.0,0.0001428513197319943,0.8430000000000006,0.30003260610601,0.5095151186800757,0.2329496745252864,0.000496156055452474,0.000173016979015242,3.473233917309626,2.867672631185895,5779.77956667423,0.06708293158072362
0.8440000000000006,2.0,0.0001431007798001839,0.8440000000000006,0.2986356297384133,0.50953492586937,0.2333971367403796,0.0004951131702620898,0.0001749938744891301,3.459891443728558,2.829317150143128,5714.485737968592,0.06523849299803369
0.8450000000000006,2.0,0.0001433483199489148,0.8450000000000006,0.2972494049196835,0.5095545857864519,0.2338445440377098,0.0004940587732984768,0.0001769943625072497,3.446561262946293,2.791381410683293,5649.89746472315,0.0634048608819737
0.8460000000000006,2.0,0.0001435939396438862,0.8460000000000006,0.2958739346418979,0.5095740982698969,0.2342918959688223,0.0004929930199960111,0.0001790184154549393,3.433243871928472,2.753867632797266,5586.01749132178,0.06158203867307557
0.8470000000000006,2.0,0.0001438376388392029,0.8470000000000006,0.2945092191620837,0.5095934631979386,0.2347391920758687,0.0004919160721802008,0.0001810659917238707,3.419939797880002,2.716777830540275,5522.84827470539,0.05977002708621501
0.8480000000000006,2.0,0.0001440794179782289,0.8480000000000006,0.2931552559973967,0.509612680488593,0.2351864318915333,0.0004908280979559343,0.0001831370356410616,3.406649597487527,2.680113807880619,5460.391976421112,0.05796882410586343
0.8490000000000006,2.0,0.0001443192779937175,0.8490000000000006,0.2918120399244226,0.5096317500997126,0.2356336149389937,0.0004897292715798189,0.000185231477429939,3.393373856082031,2.643877155085866,5398.650455499578,0.05617842498542891
0.8500000000000006,2.0,0.0001445572203071994,0.8500000000000006,0.2904795629825939,0.5096506720289892,0.2360807407319016,0.0004886197733168833,0.0001873492332038758,3.380113186724069,2.608069245659315,5337.625262185021,0.054398822250692314
0.8510000000000006,2.0,0.0001447932468276329,0.8510000000000006,0.2891578144817402,0.5096694463138974,0.2365278087743997,0.0004874997892820203,0.0001894902049924446,3.366868229214271,2.572691233836905,5277.317632538698,0.05263000570734053
0.8520000000000006,2.0,0.0001450273599493229,0.8520000000000006,0.2878467810137706,0.50968807303157,0.2369748185611617,0.0004863695112666565,0.000191654280800471,3.353639649032308,2.537744052651816,5217.728483931378,0.05087196245260889
0.8530000000000006,2.0,0.000145259562549098,0.8530000000000006,0.2865464464684295,0.5097065522986257,0.237421769577459,0.0004852291365511366,0.0001938413346998225,3.340428136207906,2.503228412570258,5158.858411435173,0.049124676890970526
0.8540000000000006,2.0,0.0001454898579827788,0.8540000000000006,0.2852567920531437,0.509724884270923,0.2378686612992594,0.0004840788677034999,0.0001960512269536414,3.327234404127764,2.469144800700309,5100.707685121816,0.04738813075388429
0.8550000000000006,2.0,0.000145718250080914,0.8550000000000006,0.283977796316824,0.509743069143272,0.2383154931933447,0.00048291891236525,0.0001982838041726673,3.31405918828281,2.435493480570506,5043.276248266809,0.045662303123479325
0.8560000000000006,2.0,0.0001459447431438343,0.8560000000000006,0.2827094351776347,0.5097611071490742,0.2387622647174629,0.0004817494830249462,0.0002005388995030058,3.300903244960159,2.402274492474341,4986.563716457472,0.0439471704601718
0.8570000000000007,2.0,0.0001461693419360071,0.8570000000000007,0.2814516819545529,0.5097789985599165,0.2392089753204974,0.0004805707967803392,0.0002028163328446839,3.287767349884835,2.369487654371302,4930.569377594441,0.042242706634055494
0.8580000000000007,2.0,0.0001463920516797354,0.8580000000000007,0.2802045074026873,0.5097967436851015,0.2396556244426714,0.0004793830750899737,0.0002051159111000495,3.274652296816174,2.337132563334616,4875.29219277499,0.04054888296001591
0.8590000000000007,2.0,0.0001466128780482039,0.8590000000000007,0.2789678797522061,0.5098143428711363,0.2401022115157596,0.0004781865435151415,0.0002074374284509949,3.261558896104562,2.305208597531899,4820.730798040338,0.03886566823644649
0.8600000000000007,2.0,0.0001468318271579093,0.8600000000000007,0.2777417647507288,0.5098317965011561,0.2405487359633409,0.0004769814314531162,0.000209780666663888,3.248487973213512,2.273714918721938,4766.883506963998,0.03719302878738792
0.8610000000000007,2.0,0.0001470489055604898,0.8610000000000007,0.2765261257090815,0.509849104994311,0.2409951972010595,0.0004757679718626912,0.0002121453954208413,3.235440367213206,2.242650475250199,4713.748314057254,0.03553092850802203
0.8620000000000007,2.0,0.0001472641202339898,0.8620000000000007,0.2753209235502218,0.5098662688050944,0.2414415946369125,0.0004745464009830025,0.0002145313726759749,3.222416929250838,2.212014005521469,4661.322898960729,0.0338793289133093
0.8630000000000007,2.0,0.0001474774785735803,0.8630000000000007,0.2741261168611891,0.5098832884226364,0.2418879276715561,0.0004733169580466841,0.0002169383450351222,3.209418521003808,2.181804041927462,4609.604631390086,0.032238189189633004
0.8640000000000007,2.0,0.0001476889883817755,0.8640000000000007,0.2729416619479112,0.5099001643699463,0.2423341956986258,0.0004720798849884029,0.0002193660481573728,3.196446013121338,2.152018915204843,4558.590576799751,0.030607466249285398
0.8650000000000007,2.0,0.000147898657858168,0.8650000000000007,0.2717675128926658,0.509916897203123,0.242780398105082,0.0004708354261498194,0.0002218142071767807,3.183500283660428,2.122656759197461,4508.277502725619,0.028987114787583812
0.8660000000000007,2.0,0.0001481064955887258,0.8660000000000007,0.2706036216140357,0.5099334875105189,0.2432265342715624,0.0004695838279820396,0.0002242825371424489,3.170582216521736,2.093715515995756,4458.661885766294,0.027377087342473322
0.8670000000000007,2.0,0.000148312510534677,0.8670000000000007,0.2694499379291438,0.5099499359118796,0.2436726035727536,0.000468325338746598,0.0002267707434751955,3.157692699891064,2.065192941424669,4409.739919159288,0.02577733435639018
0.8680000000000007,2.0,0.0001485167120210247,0.8680000000000007,0.2683064096179744,0.5099662430574399,0.244118605377776,0.0004670602082159985,0.0002292785224389492,3.144832624691748,2.037086610850627,4361.507520907342,0.024187804240198424
0.8690000000000007,2.0,0.0001487191097247207,0.8690000000000007,0.2671729824895996,0.5099824096270051,0.244564539050574,0.0004657886873748561,0.0002318055616249366,3.132002883053575,2.00939392527823,4313.960342409767,0.0226084434390256
0.8700000000000007,2.0,0.0001489197136625425,0.8700000000000007,0.2660496004500641,0.5099984363289909,0.2450104039503268,0.0004645110281225709,0.0002343515404468521,3.119204366802765,1.982112117705136,4267.093777549916,0.02103919649973729
0.8710000000000007,2.0,0.0001491185341787025,0.8710000000000007,0.2649362055717794,0.5100143238994547,0.2454561994318566,0.0004632274829785626,0.0002369161306449878,3.10643796597852,1.955238259705904,4220.902972193447,0.01948000613992279
0.8720000000000007,2.0,0.0001493155819322308,0.8720000000000007,0.2638327381641762,0.5100300731010949,0.2459019248460533,0.0004619383047909178,0.0002394989967975237,3.093704567380179,1.928769268213043,4175.382834047594,0.01793081331812288
0.8730000000000007,2.0,0.0001495108678841669,0.8730000000000007,0.2627391368454404,0.5100456847222394,0.2463475795403005,0.0004606437464493755,0.0002420997968370425,3.081005053149672,1.902701912465606,4130.528042834751,0.016391557305139914
0.8740000000000007,2.0,0.0001497044032845904,0.8740000000000007,0.261655338615118,0.510061159575821,0.2467931628589058,0.0004593440606034492,0.0002447181825704401,3.068340299393178,1.87703282109506,4086.333060732658,0.014862175756212237
0.8750000000000007,2.0,0.0001498961996595391,0.8750000000000007,0.2605812789274037,0.5100764984983349,0.2472386741435368,0.0004580394993865038,0.0002473538002004308,3.055711174845678,1.851758489319163,4042.79214303439,0.013342604783866868
0.8760000000000007,2.0,0.0001500862687978328,0.8760000000000007,0.2595168917649011,0.5100917023487925,0.2476841127336598,0.0004567303141464795,0.0002500062908468976,3.043118539581886,1.826875286215012,3999.899348982359,0.011832779031241303
0.8770000000000007,2.0,0.0001502746227378509,0.8770000000000007,0.2584621097126912,0.5101067720076682,0.2481294779669746,0.0004554167551839797,0.0002526752910663796,3.030563243776608,1.802379462043792,3957.648552732023,0.01033263174571658
0.8780000000000007,2.0,0.0001504612737542849,0.8780000000000007,0.2574168640325016,0.5101217083758438,0.2485747691798549,0.0004540990714983089,0.0002553604333680934,3.01804612651725,1.778267155600181,3916.033454401818,0.00884209485264667
0.8790000000000007,2.0,0.0001506462343449055,0.8790000000000007,0.2563810847368108,0.5101365123735495,0.2490199857077814,0.0004527775105420386,0.000258061346724944,3.005568014670845,1.754534401560858,3875.047591167751,0.007361099029029428
0.8800000000000007,2.0,0.000150829517217372,0.8800000000000007,0.2553547006627225,0.5101511849393088,0.2494651268857776,0.000451452317984612,0.0002607776570780413,2.993129721807716,1.731177137807894,3834.684348363235,0.005889573776944879
0.8810000000000007,2.0,0.0001510111352761144,0.8810000000000007,0.2543376395454441,0.5101657270288845,0.2499101920488405,0.0004501237374854229,0.0002635089878333582,2.98073204718344,1.70819121270383,3794.936970546125,0.004427447496603593
0.8820000000000007,1.0,0.0001511911016093056,0.8820000000000007,0.2533298280911948,0.5101801396142375,0.2503551805323602,0.0004487920104767305,0.0002662549603492625,2.968375774780521,1.685572392296554,3755.79857249698,0.0029746475588345866
0.8830000000000007,1.0,0.0001513694294759705,0.8830000000000007,0.2523311920494393,0.5101944236824885,0.2508000916725445,0.0004474573759567922,0.0002690151944136872,2.9560616724108,1.663316367434248,3717.26215011564,0.0015311003768948006
0.8840000000000007,1.0,0.0001515461322932358,0.8840000000000007,0.2513416562842651,0.5102085802348917,0.2512449248068299,0.0004461200702934229,0.0002717893087098998,2.943790490879342,1.641418760771046,3679.320591184003,9.673147743516353e-05
0.8850000000000007,1.0,0.0001517212236237561,0.8850000000000007,0.2503611448448015,0.5102226102858203,0.2516896792742868,0.0004447803270382278,0.0002745769212698378,2.931562963210221,1.619875133646517,3641.966685966516,-0.0013285344294853285
0.8860000000000007,1.0,0.0001518947171633352,0.8860000000000007,0.2493895810345534,0.5102365148617662,0.2521343544160197,0.000443438376751656,0.00027737764991413,2.919379803934341,1.598680992823087,3605.193137621498,-0.0027447733814663366
0.8870000000000007,1.0,0.0001520666267287556,0.8870000000000007,0.2484268874795366,0.5102502950003622,0.2525789495755481,0.0004420944468389833,0.0002801911126779903,2.907241708439286,1.577831797067241,3568.992572399147,-0.004152062096011516
0.8880000000000007,1.0,0.0001522369662458467,0.8880000000000007,0.2474729861951045,0.510263951749409,0.2530234640991967,0.0004407487613972494,0.000283016928222342,2.895149352380385,1.557322963561357,3533.357549603486,-0.005550477904092188
0.8890000000000007,1.0,0.0001524057497377977,0.8890000000000007,0.2465277986513983,0.5102774861659319,0.2534678973364546,0.0004394015410732081,0.0002858547162294792,2.8831033911529,1.537149874135588,3498.280571299783,-0.006940098685056295
0.8900000000000007,1.0,0.0001525729913137351,0.8900000000000007,0.2455912458373047,0.5102908993152533,0.2539122486403396,0.0004380530029321941,0.000288704097782853,2.871104459423983,1.517307881309232,3463.754091748791,-0.00832100280303491
0.8910000000000007,1.0,0.0001527387051575796,0.8910000000000007,0.2446632483228739,0.510304192270085,0.2543565173677457,0.0004367033603378627,0.0002915646957305007,2.859153170723537,1.497792314133658,3429.770526553464,-0.009693269044871833
0.8920000000000007,1.0,0.0001529029055171871,0.8920000000000007,0.2437437263201073,0.510317366109647,0.2548007028797777,0.0004353528228426499,0.0002944361350318366,2.847250117092658,1.478598483829359,3396.322261504597,-0.01105697655967039
0.8930000000000007,1.0,0.0001530656066937939,0.8930000000000007,0.242832599742079,0.5103304219188058,0.2552448045420755,0.0004340015960888218,0.0002973180430875289,2.83539586878817,1.459721689211623,3363.401661114813,-0.012412204799996496
0.8940000000000007,1.0,0.0001532268230317689,0.8940000000000007,0.2419297882603267,0.5103433607872383,0.2556888217251305,0.0004326498817198965,0.0003002100500523339,2.823590974041629,1.44115722190005,3331.001076831624,-0.01375903346480381
0.8950000000000007,1.0,0.0001533865689086793,0.8950000000000007,0.24103521136047,0.5103561838086182,0.2561327538045812,0.0004312978773022213,0.0003031117891307951,2.81183595887107,1.422900371308597,3299.112854922619,-0.01509754244411124
0.8960000000000007,1.0,0.0001535448587256815,0.8960000000000007,0.2401487883960342,0.5103688920798315,0.2565766001615054,0.00042994577625646,0.0003060228968557869,2.800131326943596,1.404946429413978,3267.729344027644,-0.0164278117654712
0.8970000000000007,1.0,0.0001537017068982363,0.8970000000000007,0.239270438640437,0.510381486700214,0.2570203601826941,0.000428593767798707,0.0003089430133499857,2.788477559486864,1.387290695301062,3236.842902374203,-0.017749921542257074
0.8980000000000007,1.0,0.0001538571278471558,0.8980000000000007,0.2384000813371315,0.510393968770816,0.2574640332609154,0.0004272420368909307,0.000311871782570366,2.776875115247344,1.369928479485105,3206.445904654344,-0.01906395192378388
0.8990000000000007,1.0,0.0001540111359899809,0.8990000000000007,0.2375376357478814,0.5104063393936932,0.2579076187951635,0.0004258907642004353,0.0003148088525359262,2.765324430493318,1.3528551080114,3176.53074856235,-0.020369983047282103
0.9000000000000007,1.0,0.0001541637457326972,0.9000000000000007,0.2366830211991755,0.510418599671223,0.2583511161908995,0.0004245401260680101,0.0003177538755388503,2.753825919060324,1.336065926333929,3147.089860994424,-0.021668094991724007
0.9010000000000007,1.0,0.0001543149714617783,0.9010000000000007,0.2358361571267558,0.5104307507054487,0.2587945248602733,0.0004231902944844041,0.0003207065083394327,2.742379972436927,1.319556302975004,3118.115703912094,-0.022958367733517532
0.9020000000000007,1.0,0.0001544648275365683,0.9020000000000007,0.2349969631182978,0.5104427935974517,0.2592378442223388,0.0004218414370748035,0.0003236664123450304,2.730986959888518,1.303321632969188,3089.600779873303,-0.024240881104041018
0.9030000000000007,1.0,0.0001546133282819927,0.9030000000000007,0.2341653589542143,0.5104547294467421,0.2596810737032541,0.000420493717090909,0.0003266332537734895,2.719647228616838,1.287357341094575,3061.537637234788,-0.025515714749039797
0.9040000000000007,1.0,0.0001547604879816006,0.9040000000000007,0.2333412646466355,0.5104665593506853,0.2601242127364679,0.0004191472934102893,0.000329606703801355,2.708361103953136,1.271658884896037,3033.918875031962,-0.02678294808983242
0.9050000000000007,1.0,0.0001549063208709285,0.9050000000000007,0.2325246004765443,0.5104782844039505,0.2605672607628977,0.0004178023205425886,0.0003325864386973892,2.697128889582523,1.256221757504475,3006.737147541578,-0.02804266028635341
0.9060000000000007,1.0,0.0001550508411311946,0.9060000000000007,0.2317152870291346,0.5104899056979794,0.261010217231093,0.0004164589486422723,0.0003355721399417644,2.685950867797428,1.241041490257639,2979.985168534972,-0.02929493020195842
0.9070000000000007,1.0,0.0001551940628832969,0.9070000000000007,0.2309132452273633,0.5105014243204925,0.2614530815973872,0.0004151173235274698,0.0003385634943315034,2.674827299777946,1.226113655127298,2953.655715228568,-0.030539836370023915
0.9080000000000007,1.0,0.0001553360001821382,0.9080000000000007,0.2301183963637843,0.5105128413550062,0.2618958533260401,0.0004137775867046164,0.0003415601940725792,2.663758425896877,1.211433866959015,2927.741631940597,-0.031777456962255785
0.9090000000000007,1.0,0.0001554766670112437,0.9090000000000007,0.2293306621306473,0.5105241578803855,0.2623385318893654,0.0004124398753984624,0.0003445619368592437,2.652744466047439,1.196997785530058,2902.235833462093,-0.03300786975871811
0.9100000000000007,1.0,0.0001556160772776887,0.9100000000000007,0.228549964648334,0.5105353749704162,0.2627811167678518,0.0004111043225871426,0.00034756842594107,2.641785619991567,1.182801117431896,2877.131308151533,-0.03423115211951783
0.9110000000000007,1.0,0.0001557542448073143,0.9110000000000007,0.2277762264921381,0.5105464936933981,0.2632236074502709,0.0004097710570419007,0.0003505793701782833,2.630882067726744,1.168839617783317,2852.421120762072,-0.035447380958132796
0.9120000000000007,1.0,0.0001558911833402284,0.9120000000000007,0.2270093707174501,0.5105575151117666,0.2636660034337706,0.0004084402033711593,0.0003535944840858603,2.620033969869602,1.155109091780915,2828.098415011414,-0.036656632716320525
0.9130000000000007,1.0,0.0001560269065265901,0.9130000000000007,0.226249320883379,0.510568440281733,0.2641083042239699,0.0004071118820685766,0.000356613487866981,2.609241468054254,1.14160539609324,2804.156415903725,-0.0378589833405909
0.9140000000000007,1.0,0.0001561614279226624,0.9140000000000007,0.225496001074856,0.5105792702529475,0.2645505093350333,0.0004057862095647703,0.0003596361074363321,2.598504685343742,1.128324440105359,2780.588431813772,-0.03905450826017731
0.9150000000000007,1.0,0.0001562947609871276,0.9150000000000007,0.2247493359232572,0.510590006068184,0.2649926182897346,0.000404463298282371,0.0003626620744338301,2.587823726652743,1.115262187020241,2757.387856342988,-0.040243282366477395
0.9160000000000007,1.0,0.0001564269190776609,0.9160000000000007,0.2240092506255985,0.5106006487630462,0.2654346306195268,0.0004031432566941174,0.0003656911262292664,2.577198679180001,1.102414654823674,2734.54816995767,-0.04142537999392831
0.9170000000000007,1.0,0.0001565579154477512,0.9170000000000007,0.2232756709623463,0.5106111993656908,0.2658765458645811,0.0004018261893836881,0.0003687230059183923,2.566629612848912,1.089777917119233,2712.062941419297,-0.0426008749022348
0.9180000000000007,1.0,0.0001566877632437591,0.9180000000000007,0.2225485233138797,0.5106216588965709,0.2663183635738374,0.0004005121971089662,0.0003717574623109977,2.556116580754698,1.077348103839577,2689.925829016552,-0.043769840259957726
0.9190000000000007,1.0,0.0001568164755022084,0.9190000000000007,0.2218277346756675,0.5106320283682038,0.2667600833050342,0.0003992013768674951,0.0003747942499114122,2.545659619616949,1.065121401840748,2668.130581609414,-0.04493234862936671
0.9200000000000007,1.0,0.0001569440651472983,0.9200000000000007,0.221113232672188,0.5106423087849488,0.267201704624734,0.0003978938219638288,0.0003778331288920026,2.535258750235995,1.053094055385388,2646.671039494352,-0.046088471952546034
0.9210000000000007,1.0,0.0001570705449886354,0.9210000000000007,0.2204049455696529,0.5106525011428037,0.2676432271083451,0.0003965896220785517,0.0003808738650600855,2.524913977952006,1.041262366521229,2625.541135100575,-0.047238281538692195
0.9220000000000007,1.0,0.0001571959277191638,0.9220000000000007,0.2197028022875707,0.5106626064292266,0.2680846503401284,0.0003952888633387186,0.0003839162298187306,2.514625293105684,1.029622695360802,2604.734893526535,-0.04838184805255771
0.9230000000000007,1.0,0.0001573202259133013,0.9230000000000007,0.2190067324091986,0.5106726256229623,0.2685259739132049,0.00039399162838948,0.0003869600001219395,2.50439267149925,1.01817146026805,2584.246432925569,-0.04951924150400627
0.9240000000000007,1.0,0.0001574434520252638,0.9240000000000007,0.2183166661909364,0.5106825596938908,0.2689671974295542,0.0003926979964667104,0.0003900049584245754,2.494216074856977,1.006905137957767,2564.069964749933,-0.05065053123861782
0.9250000000000007,1.0,0.0001575656183875676,0.9250000000000007,0.2176325345706834,0.5106924096028902,0.2694083205000019,0.0003914080434703883,0.0003930508926275356,2.484095451284108,0.9958202635130406,2544.199793861361,-0.0517757859293185
0.9260000000000007,1.0,0.0001576867372097147,0.9260000000000007,0.2169542691752383,0.5107021763017108,0.2698493427442096,0.0003901218420385954,0.0003960975960184918,2.474030735723403,0.9849134303263547,2524.630318517043,-0.052895073568971274
0.9270000000000007,1.0,0.0001578068205770346,0.9270000000000007,0.2162818023267471,0.5107118607328707,0.2702902637906526,0.0003888394616219038,0.0003991448672086555,2.464021850408487,0.9741812899691767,2505.356030238624,-0.05400846146390548
0.9280000000000007,1.0,0.0001579258804496963,0.9280000000000007,0.2156150670482714,0.5107214638295489,0.2707310832765948,0.0003875609685580205,0.0004021925100659051,2.454068705313147,0.9636205519951452,2486.371513572283,-0.05511601622832338
0.9290000000000007,1.0,0.0001580439286618618,0.9290000000000007,0.2149539970685013,0.5107309865155123,0.2711718008480577,0.0003862864261465173,0.0004052403336446208,2.444171198596138,0.9532279836815915,2467.671445747449,-0.0562178037795564
0.9300000000000007,1.0,0.0001581609769209912,0.9300000000000007,0.2142985268256582,0.5107404297050333,0.2716124161597864,0.0003850158947234999,0.000408288152112608,2.434329217040584,0.9430004097138495,2449.250596241144,-0.057313889334128176
0.9310000000000007,1.0,0.0001582770368072832,0.9310000000000007,0.2136485914706346,0.5107497943028328,0.2720529288752086,0.0003837494317360942,0.0004113357846753743,2.424542636487666,0.9329347118168888,2431.10382625523,-0.058404337404573986
0.9320000000000007,1.0,0.0001583921197732435,0.9320000000000007,0.2130041268693957,0.5107590812040333,0.2724933386663895,0.0003824870918166095,0.0004143830554981089,2.414811322263976,0.9230278283383019,2413.226088112968,-0.05948921179699376
0.9330000000000007,1.0,0.0001585062371433813,0.9330000000000007,0.2123650696046884,0.5107682912941098,0.2729336452139875,0.0003812289268562644,0.0004174297936256601,2.405135129602,0.9132767537866268,2395.612424581206,-0.0605685756092991
0.9340000000000007,1.0,0.0001586194001140211,0.9340000000000007,0.2117313569771004,0.5107774254488665,0.2733738482071971,0.0003799749860783944,0.0004204758329007308,2.395513904053578,0.9036785383289837,2378.257968124622,-0.06164249123009671
0.9350000000000007,1.0,0.0001587316197532242,0.9350000000000007,0.2111029270054869,0.5107864845344124,0.273813947343699,0.0003787253161110006,0.0004235210118806215,2.385947481895702,0.8942302872513735,2361.157940097365,-0.0627110203382121
0.9360000000000007,1.0,0.0001588429070008175,0.9360000000000007,0.2104797184268195,0.5107954694071484,0.274253942329595,0.0003774799610585953,0.0004265651737527103,2.376435690528561,0.8849291603852996,2344.307649877961,-0.06377422390277548
0.9370000000000007,1.0,0.000158953272668519,0.9370000000000007,0.2098616706954753,0.510804380913765,0.2746938328793517,0.0003762389625732305,0.000429608166248929,2.366978348865434,0.8757723715038168,2327.702493952518,-0.06483216218387639
0.9380000000000007,1.0,0.0001590627274401596,0.9380000000000007,0.209248723982005,0.5108132198912425,0.2751336187157338,0.0003750023599246592,0.0004326498415594513,2.357575267714249,0.8667571876901506,2311.33795495124,-0.06588489473372877
0.9390000000000007,1.0,0.0001591712818719883,0.9390000000000007,0.2086408191714122,0.5108219871668656,0.2755732995697351,0.0003737701900695507,0.0004356900562457618,2.348226250150672,0.857880928681825,2295.209600643089,-0.06693248039832289
0.9400000000000007,1.0,0.0001592789463930643,0.9400000000000007,0.2080378978609667,0.5108306835582368,0.2760128751805117,0.0003725424877197055,0.000438728671153351,2.338931091882436,0.8491409661929501,2279.313082892786,-0.06797497731954502
0.9410000000000007,1.0,0.000159385731305723,0.9410000000000007,0.2074399023575888,0.5108393098733035,0.2764523452953058,0.0003713192854092205,0.000441765551324156,2.329689581604935,0.8405347232173749,2263.644136584625,-0.06901244293771702
0.9420000000000007,1.0,0.0001594916467861174,0.9420000000000007,0.2068467756748265,0.5108478669103861,0.2768917096693773,0.0003701006135605556,0.0004448005659089465,2.320501501347888,0.8320596733150685,2248.198578516886,-0.0700449339945508
0.9430000000000007,1.0,0.0001595967028848231,0.9430000000000007,0.206258461529454,0.5108563554582176,0.2773309680659217,0.0003688865005494642,0.0004478335880797877,2.31136662681309,0.8237133398840597,2232.972306270686,-0.07107250653646771
0.9440000000000007,1.0,0.0001597009095275109,0.9440000000000007,0.2056749043377147,0.5108647762959799,0.277770120255996,0.0003676769727687473,0.0004508644949427484,2.302284727703104,0.8154932954200255,2217.961297056629,-0.0720952159182813
0.9450000000000007,1.0,0.0001598042765156757,0.9450000000000007,0.2050960492112396,0.510873130193353,0.2782091660184386,0.0003664720546908142,0.0004538931674509389,2.293255568041006,0.8073971607656464,2203.161606542777,-0.07311311680719898
0.9460000000000007,1.0,0.0001599068135274205,0.9460000000000007,0.2045218419526538,0.5108814179105653,0.2786481051397879,0.0003652717689290082,0.0004569194903180486,2.284278906481087,0.7994226043514865,2188.569367666782,-0.07412626318713408
0.9470000000000007,1.0,0.0001600085301182908,0.9470000000000007,0.2039522290509051,0.5108896401984501,0.2790869374141988,0.0003640761362976999,0.0004599433519324424,2.275354496610646,0.7915673414302905,2174.18078943531,-0.07513470836329372
0.9480000000000007,1.0,0.0001601094357221549,0.9480000000000007,0.2033871576763213,0.5108977977985039,0.2795256626433621,0.0003628851758710979,0.0004629646442719794,2.266482087242772,0.783829133306155,2159.992155713141,-0.0761385049670408
0.9490000000000007,1.0,0.0001602095396521332,0.9490000000000007,0.2028265756754412,0.5109058914429485,0.2799642806364186,0.000361698905040818,0.0004659832628195591,2.257661422700353,0.7762057865603582,2145.999824004894,-0.07713770496097738
0.9500000000000007,1.0,0.0001603088511015572,0.9500000000000007,0.2022704315656006,0.5109139218547996,0.2804027912098729,0.0003605173395721343,0.0004689991064795832,2.248892243091246,0.7686951522749407,2132.200224231201,-0.07813235964427229
0.9510000000000007,1.0,0.0001604073791449747,0.9510000000000007,0.2017186745293343,0.510921889747934,0.2808411941875107,0.0003593404936589717,0.0004720120774953047,2.240174284574786,0.7612951252556587,2118.589857501999,-0.07912251965817638
0.9520000000000007,1.0,0.0001605051327391831,0.9520000000000007,0.2011712544085812,0.5109297958271661,0.2812794894003081,0.0003581683799776006,0.0004750220813672003,2.23150727961974,0.7540036432553336,2105.165294888645,-0.08010823499172692
0.9530000000000007,1.0,0.0001606021207242933,0.9530000000000007,0.2006281216987179,0.5109376407883185,0.2817176766863467,0.0003570010097390356,0.000478029026772412,2.222890957253737,0.7468186861987411,2091.923176196781,-0.08108955498762876
0.9540000000000007,1.0,0.0001606983518248235,0.9540000000000007,0.2000892275424447,0.5109454253183051,0.2821557558907248,0.0003558383927401666,0.0004810328254852888,2.214325043304441,0.7397382754101656,2078.860208741789,-0.08206652834828007
0.9550000000000007,1.0,0.000160793834650815,0.9550000000000007,0.1995545237235251,0.5109531500952065,0.2825937268654724,0.0003546805374135923,0.0004840333922991129,2.205809260632431,0.7327604728444318,2065.973166128259,-0.0830392031419473
0.9560000000000007,1.0,0.0001608885776989748,0.9560000000000007,0.1990239626604093,0.5109608157883531,0.2830315894694566,0.0003535274508762039,0.000487030644949004,2.197343329356112,0.7258833803224457,2053.258887035143,-0.0840076268090473
0.9570000000000007,1.0,0.0001609825893538305,0.9570000000000007,0.1984974973997357,0.5109684230584122,0.2834693435682989,0.0003523791389764885,0.000490024504036097,2.188926967068682,0.7191051387718582,2040.714274007686,-0.08497184616856318
0.9580000000000007,1.0,0.000161075877888912,0.9580000000000007,0.1979750816097448,0.5109759725574703,0.2839069890342861,0.0003512356063405997,0.0004930148929529674,2.180559889047322,0.7124239274737423,2028.336292257601,-0.08593190742454127
0.9590000000000007,1.0,0.0001611684514679402,0.9590000000000007,0.1974566695735967,0.5109834649291202,0.2843445257462767,0.0003500968564171799,0.0004960017378103759,2.172241808454845,0.7058379633158136,2016.121968472428,-0.08688785617268002
0.9600000000000007,1.0,0.0001612603181460342,0.9600000000000007,0.1969422161826214,0.510990900808552,0.2847819535896187,0.0003489628915209699,0.0004989849673653196,2.163972436533876,0.6993455000528809,2004.068389635222,-0.08783973740699733
0.9610000000000007,1.0,0.00016135148587093,0.9610000000000007,0.1964316769295031,0.5109982808226405,0.285219272456056,0.0003478337128752156,0.0005019645129504271,2.155751482793804,0.6929448275750261,1992.172701855435,-0.08878759552655288
0.9620000000000007,1.0,0.0001614419624842051,0.9620000000000007,0.1959250079014083,0.5110056055900349,0.2856564822436433,0.0003467093206528768,0.000504940308404709,2.147578655190611,0.6866342711839707,1980.43210921181,-0.08973147434223502
0.9630000000000007,1.0,0.0001615317557225142,0.9630000000000007,0.1954221657730709,0.5110128757212519,0.2860935828566579,0.0003455897140166731,0.0005079122900056739,2.139453660299796,0.6804121908780993,1968.843872608062,-0.09067141708358703
0.9640000000000007,1.0,0.0001616208732188293,0.9640000000000007,0.1949231077998438,0.5110200918187668,0.2865305742055089,0.0003444748911579829,0.0005108803964028002,2.131376203482586,0.6742769806465306,1957.405308642058,-0.09160746640566514
0.9650000000000007,1.0,0.0001617093225036871,0.9650000000000007,0.1944277918107254,0.5110272544771073,0.2869674562066533,0.0003433648493346069,0.0005138445685523887,2.123345989045519,0.6682270677725366,1946.11378848903,-0.09253966439592792
0.9660000000000007,1.0,0.000161797111006437,0.9660000000000007,0.1939361762013616,0.5110343642829434,0.2874042287825074,0.0003422595849074202,0.0005168047496538007,2.115362720393657,0.6622609121465979,1934.966736799312,-0.09346805258114577
0.9670000000000007,1.0,0.0001618842460564913,0.9670000000000007,0.1934482199270427,0.5110414218151847,0.2878408918613602,0.0003411590933759386,0.0005197608850870444,2.107426100177591,0.6563770055894156,1923.961630611218,-0.0943926719343175
0.9680000000000007,1.0,0.0001619707348845776,0.9680000000000007,0.1929638824956929,0.5110484276450717,0.2882774453772881,0.0003400633694128134,0.000522712922351757,2.099535830434347,0.6505738711850125,1913.095998279253,-0.0953135628815952
0.9690000000000007,1.0,0.0001620565846239899,0.9690000000000007,0.1924831239608667,0.5110553823362707,0.2887138892700657,0.0003389724068972903,0.0005256608110075154,2.09169161272249,0.6448500626242117,1902.36741841823,-0.096230765309199
0.9700000000000008,1.0,0.0001621418023118391,0.9700000000000008,0.1920059049147474,0.5110622864449635,0.2891502234850887,0.0003378861989476238,0.0005286045026155465,2.083893148251395,0.6392041635584932,1891.773518863306,-0.09714431857034128
0.9710000000000008,1.0,0.0001622263948902972,0.9710000000000008,0.1915321864811691,0.5110691405199506,0.2895864479732803,0.0003368047379525161,0.0005315439506817218,2.076140138005146,0.633634786964565,1881.311975646546,-0.09805426149211122
0.9720000000000008,1.0,0.0001623103692078433,0.9720000000000008,0.1910619303086494,0.5110759451027337,0.2900225626910111,0.0003357280156015547,0.0005344791106009438,2.068432282860903,0.6281405745195121,1870.980511989787,-0.09896063238236172
0.9730000000000008,1.0,0.0001623937320205014,0.9730000000000008,0.1905950985634551,0.511082700727617,0.2904585676000201,0.0003346560229147035,0.00053740993960281,2.060769283702146,0.6227201959867763,1860.776897314333,-0.09986346903656498
0.9740000000000008,1.0,0.0001624764899930743,0.9740000000000008,0.1901316539226937,0.5110894079217966,0.2908944626673252,0.0003335887502708634,0.0005403363966985947,2.053150841526879,0.6173723486129377,1850.698946267376,-0.1007628087446315
0.9750000000000008,1.0,0.0001625586497003697,0.9750000000000008,0.1896715595674372,0.5110960672054558,0.2913302478651444,0.0003325261874355066,0.0005432584426295269,2.045576657550896,0.6120957565352954,1840.74451776527,-0.10165868829770719
0.9760000000000008,1.0,0.000162640217628423,0.9760000000000008,0.1892147791758911,0.511102679091855,0.2917659231708158,0.0003314683235874417,0.0005461760398163206,2.038046433306375,0.6068891702003528,1830.911514053785,-0.10255114399492468
0.9770000000000008,1.0,0.0001627212001757094,0.9770000000000008,0.1887612769165958,0.5111092440874248,0.2922014885667161,0.0003304151473446917,0.0005490891523099837,2.030559870735848,0.6017513657930699,1821.197879785209,-0.10344021165012032
0.9780000000000008,1.0,0.000162801603654348,0.9780000000000008,0.188311017441681,0.5111157626918595,0.2926369440401799,0.0003293666467895455,0.0005519977457438366,2.023116672281823,0.596681144676981,1811.601601112455,-0.10432592659849893
0.9790000000000008,1.0,0.000162881434291301,0.9790000000000008,0.1878639658801655,0.5111222353982043,0.2930722895834229,0.0003283228094927716,0.0005549017872867666,2.015716540972024,0.5916773328450253,1802.120704799986,-0.10520832370325742
0.9800000000000008,1.0,0.0001629606982295573,0.9800000000000008,0.1874200878313053,0.5111286626929488,0.2935075251934611,0.000327283622537038,0.0005578012455976736,2.008359180500614,0.586738780381101,1792.753257351583,-0.10608743736215584
0.9810000000000008,1.0,0.0001630394015293139,0.9810000000000008,0.1869793493580006,0.5111350450561144,0.2939426508720377,0.0003262490725395523,0.0005606960907810912,2.001044295305349,0.5818643609322534,1783.497364154842,-0.1069633015140371
0.9820000000000008,1.0,0.0001631175501691412,0.9820000000000008,0.1865417169802583,0.5111413829613451,0.2943776666255429,0.0003252191456739439,0.0005635862943439508,1.993771590640943,0.5770529711914286,1774.351168642349,-0.10783594964528459
0.9830000000000008,1.0,0.0001631951500471407,0.9830000000000008,0.1861071576687106,0.5111476768759964,0.2948125724649377,0.0003241938276914071,0.0005664718291534976,1.986540772648707,0.5723035303906698,1765.312851469316,-0.10870541479622708
0.9840000000000008,1.0,0.0001632722069820916,0.9840000000000008,0.1856756388381927,0.5111539272612189,0.2952473684056833,0.0003231731039411222,0.0005693526693963258,1.979351548422547,0.5676149798046555,1756.380629707562,-0.10957172956749056
0.9850000000000008,1.0,0.000163348726714586,0.9850000000000008,0.1852471283413911,0.5111601345720505,0.2956820544676637,0.0003221569593899944,0.000572228790538465,1.972203626071635,0.5629862822645572,1747.55275605585,-0.11043492612627262
0.9860000000000008,1.0,0.0001634247149081525,0.9860000000000008,0.1848215944625453,0.5111662992574978,0.2961166306751121,0.0003211453786416986,0.0005751001692865843,1.965096714779627,0.5584164216819509,1738.827518066126,-0.11129503621256681
0.9870000000000008,1.0,0.0001635001771503682,0.9870000000000008,0.1843990059112225,0.511172421760625,0.2965510970565407,0.00032013834595508,0.000577966783550211,1.958030524860769,0.5539044025827964,1730.203237385743,-0.11215209114531821
0.9880000000000008,1.0,0.0001635751189539597,0.9880000000000008,0.1839793318161564,0.5111785025186355,0.2969854536446691,0.0003191358452619115,0.0005808286124049847,1.951004767812877,0.5494492496512774,1721.678269015347,-0.11300612182851272
0.9890000000000008,1.0,0.00016364954575789,0.9890000000000008,0.1835625417191534,0.5111845419629559,0.297419700476351,0.0003181378601840314,0.0005836856360569167,1.944019156367359,0.545050007283388,1713.251000582251,-0.11385715875719762
0.9900000000000008,1.0,0.0001637234629284357,0.9900000000000008,0.1831486055690678,0.5111905405193192,0.2978538375925082,0.0003171443740498807,0.000586537835807633,1.93707340453636,0.5407057391501248,1704.919851629095,-0.1147052320234404
0.9910000000000008,1.0,0.0001637968757602481,0.9910000000000008,0.1827374937158476,0.5111964986078481,0.2982878650380583,0.0003161553699104604,0.000589385194020557,1.930167227657228,0.5364155277701688,1696.683272917645,-0.11555037132221072
0.9920000000000008,1.0,0.0001638697894774069,0.9920000000000008,0.1823291769046519,0.5112024166431325,0.2987217828618474,0.0003151708305547228,0.0005922276940880552,1.923300342434246,0.5321784740918613,1688.539745747377,-0.11639260595719553
0.9930000000000008,1.0,0.0001639422092344561,0.9930000000000008,0.1819236262700337,0.5112082950343092,0.2991555911165859,0.0003141907385244071,0.0005950653203994938,1.916472466977867,0.5279936970843417,1680.487781288709,-0.11723196484655221
0.9940000000000008,1.0,0.0001640141401174292,0.9940000000000008,0.181520813330202,0.5112141341851466,0.2995892898587773,0.0003132150761283585,0.0005978980583101654,1.909683320841556,0.523860333337753,1672.525919930719,-0.1180684765285753
0.9950000000000008,1.0,0.0001640855871448639,0.9950000000000008,0.181120709981351,0.5112199344941141,0.300022879148657,0.0003122438254563201,0.0006007258941111217,1.902932625056188,0.5197775366722607,1664.652730642939,-0.118902169167306
0.9960000000000008,1.0,0.0001641565552687991,0.9960000000000008,0.180723288492062,0.5112256963544669,0.3004563590501234,0.0003112769683922336,0.0006035488149998368,1.896220102162296,0.515744477755818,1656.866810351157,-0.1197330705580614
0.9970000000000008,1.0,0.0001642270493757625,0.9970000000000008,0.1803285214977791,0.5112314201543178,0.3008897296306778,0.0003103144866270526,0.000606366809051706,1.889545476240098,0.5117603437304754,1649.166783326903,-0.1205612081328987
0.9980000000000008,1.0,0.0001642970742877442,0.9980000000000008,0.1799363819953554,0.5112371062767131,0.3013229909613591,0.0003093563616710891,0.0006091798651923683,1.882908472937463,0.5078243378470819,1641.551300590372,-0.12138660896600373
0.9990000000000008,1.0,0.0001643666347631592,0.9990000000000008,0.1795468433376763,0.5112427550997056,0.3017561431166846,0.0003084025748659118,0.0006119879731707981,1.876308819495891,0.5039356791082569,1634.019039326632,-0.1222092997790083
1.000000000000001,1.0,0.0001644357354977901,1.000000000000001,0.1791598792283487,0.5112483669964333,0.3021891861745825,0.0003074531073957989,0.0006147911235331739,1.869746244774633,0.5000936019194311,1626.56870231478,-0.12302930694623382
1.001000000000001,1.0,0.000164504381125729,1.001000000000001,0.1787754637164685,0.5112539423351816,0.3026221202163385,0.0003065079402987714,0.0006175893075975215,1.863220479272869,0.496297355747811,1619.199017369797,-0.12384665649987
1.002,1.0,0.0001645725762202918,1.002,0.1783935711914566,0.5112594814794662,0.3030549453265323,0.0003055670544772129,0.0006203825174290489,1.856731255150279,0.4925462047891437,1611.908736796998,-0.12466137413507572
1.003,1.0,0.0001646403252949336,1.003,0.1780141763779702,0.5112649847880949,0.303487661592978,0.0003046304307080972,0.0006231707458162213,1.850278306245827,0.4888394276420919,1604.696636858671,-0.1254734852150078
1.004,1.0,0.0001647076328041415,1.004,0.1776372543308826,0.5112704526152383,0.3039202691066701,0.0003036980496528227,0.000625953986247531,1.843861368094974,0.4851763169900584,1597.56151725273,-0.1262830147757875
1.005,1.0,0.0001647745031443184,1.005,0.1772627804303367,0.511275885310503,0.3043527679617206,0.000302769891866686,0.0006287322328889191,1.837480177945389,0.481556179290362,1590.502200603217,-0.12708998753138392
1.006,1.0,0.0001648409406546534,1.006,0.176890730376869,0.5112812832189959,0.3047851582553068,0.0003018459378079863,0.000631505480561881,1.831134474771143,0.4779783344705408,1583.517531962275,-0.12789442787843777
1.007,1.0,0.0001649069496179827,1.007,0.1765210801866043,0.5112866466813869,0.3052174400876146,0.0003009261678467882,0.0006342737247222027,1.824823999285486,0.4744421156316809,1576.606378323455,-0.12869635990101028
1.008,1.0,0.0001649725342616318,1.008,0.1761538061865194,0.5112919760339799,0.3056496135617829,0.0003000105622733446,0.0006370369614393178,1.818548493952335,0.4709468687586076,1569.767628146106,-0.12949580737526348
1.009,1.0,0.0001650376987582492,1.009,0.1757888850097776,0.5112972716087772,0.3060816787838507,0.0002990991013061979,0.000639795187376267,1.812307702996445,0.4674919524367977,1563.000190890612,-0.13029279377407307
1.01,1.0,0.0001651024472266299,1.01,0.1754262935911353,0.5113025337335406,0.3065136358627017,0.0002981917650999697,0.0006425483997702521,1.806101372412342,0.4640767375758625,1556.302996564239,-0.1310873422715664
1.010999999999999,1.0,0.0001651667837325199,1.010999999999999,0.1750660091624075,0.5113077627318541,0.3069454849100133,0.0002972885337528323,0.0006452965964137773,1.799929249972079,0.460700607139426,1549.674995277334,-0.13187947574760578
1.011999999999999,1.0,0.0001652307122894161,1.011999999999999,0.1747080092480148,0.5113129589231887,0.3073772260402052,0.0002963893873137112,0.0006480397756363142,1.793791085231919,0.4573629558813495,1543.115156809771,-0.13266921679219038
1.012999999999999,1.0,0.0001652942368593492,1.012999999999999,0.1743522716605871,0.5113181226229608,0.3078088593703868,0.0002954943057891822,0.0006507779362865378,1.787686629537889,0.4540631900880485,1536.62247018728,-0.13345658770979973
1.013999999999999,1.0,0.0001653573613536561,1.013999999999999,0.1739987744966373,0.5113232541425923,0.3082403850203081,0.0002946032691501054,0.0006535110777150879,1.781615636030342,0.4508007273268349,1530.195943267501,-0.13424161052367078
1.014999999999999,1.0,0.0001654200896337411,1.014999999999999,0.1736474961323034,0.5113283537895712,0.3086718031123099,0.000293716257337995,0.0006562391997578212,1.775577859647562,0.4475749962001481,1523.834602335613,-0.1350243069800065
1.015999999999999,1.0,0.0001654824255118237,1.015999999999999,0.1732984152191515,0.5113334218675093,0.3091031137712734,0.0002928332502711292,0.0006589623027195864,1.76957305712842,0.4443854361055019,1517.5374917092,-0.1358046985521219
1.016999999999999,1.0,0.0001655443727516784,1.016999999999999,0.1729515106800488,0.5113384586761991,0.3095343171245733,0.000291954227850419,0.0006616803873584627,1.76360098701415,0.4412314970010648,1511.303673352274,-0.1365828064445245
1.017999999999999,1.0,0.0001656059350693587,1.017999999999999,0.1726067617050946,0.5113434645116699,0.3099654133020337,0.0002910791699650318,0.0006643934548704912,1.75766140964928,0.4381126391766927,1505.132226498119,-0.1373586515969391
1.018999999999999,1.0,0.000165667116133913,1.018999999999999,0.17226414774762,0.5113484396662455,0.3103964024358725,0.0002902080564977947,0.0006671015068748336,1.751754087181804,0.435028333030352,1499.022247280918,-0.13813225468825252
1.019999999999998,1.0,0.0001657279195680872,1.019999999999998,0.1719236485202451,0.5113533844285971,0.3108272846606642,0.0002893408673303652,0.0006698045453994042,1.74587878356253,0.4319780588497369,1492.972848375791,-0.13890363614041912
1.020999999999998,1.0,0.0001657883489490188,1.020999999999998,0.1715852439910016,0.5113582990837976,0.3112580601132908,0.000288477582348195,0.0006725025728669165,1.740035264543748,0.4289613065990198,1486.983158647176,-0.1396728161222892
1.021999999999998,1.0,0.0001658484078089175,1.021999999999998,0.1712489143795161,0.5113631839133745,0.3116887289328961,0.0002876181814452869,0.0006751955920813453,1.73422329767721,0.4259775757105885,1481.052322805335,-0.14043981455338003
1.022999999999998,1.0,0.0001659080996357369,1.022999999999998,0.17091464015325,0.511368039195363,0.312119291260845,0.0002867626445287458,0.0006778836062148121,1.728442652311426,0.4230263748816411,1475.179501070739,-0.14120465110759498
1.023999999999998,1.0,0.0001659674278738335,1.023999999999998,0.1705824020238025,0.5113728652043579,0.312549747240676,0.0002859109515231439,0.0006805666187948484,1.722693099588387,0.4201072218755554,1469.363868846236,-0.14196734521687351
1.024999999999998,1.0,0.0001660263959246191,1.024999999999998,0.1702521809432731,0.5113776622115636,0.3129800970180594,0.0002850630823747012,0.0006832446336920427,1.716974412439682,0.417219643327908,1463.604616396779,-0.1427279160747863
1.025999999999998,1.0,0.0001660850071471978,1.025999999999998,0.1699239581006748,0.5113824304848431,0.3134103407407594,0.0002842190170552729,0.0006859176551080911,1.711286365582006,0.4143631745569867,1457.900948536474,-0.14348638264008462
1.026999999999998,1.0,0.0001661432648589976,1.026999999999998,0.169597714918415,0.5113871702887678,0.313840478558587,0.0002833787355661846,0.0006885856875641558,1.705628735512247,0.4115373593787949,1452.252084322954,-0.144242763640172
1.027999999999998,1.0,0.0001662011723363876,1.027999999999998,0.1692734330488228,0.5113918818846672,0.314270510623362,0.0002825422179418841,0.0006912487358896212,1.700001300501994,0.4087417499263254,1446.657256758702,-0.14499707757453917
1.028999999999997,1.0,0.0001662587328152901,1.028999999999997,0.1689510943707392,0.5113965655306751,0.3147004370888732,0.0002817094442534396,0.0006939068052111675,1.694403840591584,0.4059759064730756,1441.115712499293,-0.14574934271813397
1.029999999999997,1.0,0.0001663159494917773,1.029999999999997,0.1686306809861561,0.5114012214817762,0.3151302581108372,0.0002808803946118808,0.0006965599009421824,1.68883613758374,0.4032393972606745,1435.626711568349,-0.14649957712468112
1.030999999999997,1.0,0.0001663728255226631,1.030999999999997,0.1683121752169138,0.5114058499898541,0.3155599738468584,0.0002800550491713902,0.0006992080287724909,1.683297975036751,0.4005317983305292,1430.189527079045,-0.1472477986299446
1.031999999999997,1.0,0.0001664293640260847,1.031999999999997,0.1679955596014498,0.5114104513037325,0.315989584456396,0.0002792333881323522,0.0007018511946584009,1.677789138257268,0.3978526933593927,1424.803444962022,-0.14799402485494623
1.032999999999997,1.0,0.0001664855680820713,1.032999999999997,0.1676808168915985,0.511415025669225,0.3164190901007189,0.0002784153917442584,0.0007044894048130466,1.672309414292735,0.3952016734987557,1419.467763699547,-0.1487382732091204
1.033999999999997,1.0,0.0001665414407331077,1.033999999999997,0.1673679300494459,0.5114195733291774,0.3168484909428731,0.0002776010403084852,0.0007071226656970242,1.666858591923472,0.3925783372179826,1414.181794065788,-0.1494805608934272
1.034999999999997,1.0,0.0001665969849846861,1.034999999999997,0.1670568822442312,0.5114240945235082,0.3172777871476435,0.0002767903141809332,0.0007097509840093213,1.661436461654396,0.3899822901510738,1408.94485887302,-0.15022090490341228
1.035999999999997,1.0,0.0001666522038058524,1.035999999999997,0.166747656849303,0.5114285894892553,0.3177069788815174,0.0002759831937745535,0.0007123743666785111,1.656042815706469,0.3874131449470058,1403.756292723671,-0.15095932203221438
1.036999999999997,1.0,0.000166707100129739,1.036999999999997,0.1664402374391187,0.5114330584606133,0.3181360663126514,0.0002751796595617398,0.0007149928208542331,1.650677448007825,0.3848705211235137,1398.615441768012,-0.1516958288735327
1.037999999999996,1.0,0.000166761676854092,1.037999999999996,0.1661346077862999,0.511437501668979,0.3185650496108322,0.0002743796920766192,0.0007176063538989023,1.645340154184667,0.3823540449242933,1393.521663467436,-0.1524304418245323
1.038999999999996,1.0,0.0001668159368417898,1.038999999999996,0.1658307518587287,0.5114419193429915,0.3189939289474442,0.00027358327191722,0.0007202149733797057,1.640030731551857,0.379863349179473,1388.474326363093,-0.15316317708871552
1.039999999999996,1.0,0.0001668698829213516,1.039999999999996,0.1655286538166944,0.5114463117085686,0.3194227044954372,0.0002727903797475356,0.0007228186870608291,1.634748979103297,0.3773980731693213,1383.472809849816,-0.1538940506787428
1.040999999999996,1.0,0.0001669235178874408,1.040999999999996,0.1652282980100878,0.5114506789889479,0.3198513764292901,0.0002720009962994883,0.0007254175028959126,1.629494697502091,0.3749578624911077,1378.516503955221,-0.15462307841920234
1.041999999999996,1.0,0.0001669768445013551,1.041999999999996,0.1649296689756374,0.511455021404728,0.320279944924979,0.0002712151023747883,0.0007280114290207498,1.624267689070501,0.3725423689290159,1373.604809123811,-0.15535027594934162
1.042999999999996,1.0,0.0001670298654915145,1.042999999999996,0.1646327514341932,0.5114593391739037,0.3207084101599459,0.0002704326788466982,0.0007306004737462094,1.619067757779691,0.3701512503270551,1368.737136005981,-0.1560756587257527
1.043999999999996,1.0,0.0001670825835539373,1.043999999999996,0.1643375302880543,0.5114636325119029,0.3211367723130643,0.0002696537066617069,0.0007331846455513678,1.613894709239325,0.3677841704648936,1363.912905251831,-0.15679924202501
1.044999999999996,1.0,0.0001671350013527093,1.044999999999996,0.1640439906183386,0.5114679016316268,0.321565031564608,0.0002688781668411108,0.0007357639530768549,1.608748350686985,0.3654407989365373,1359.131547309636,-0.15752104094626937
1.045999999999996,1.0,0.0001671871215204468,1.045999999999996,0.1637521176823958,0.5114721467434815,0.3219931880962247,0.0002681060404825088,0.0007383384051184146,1.603628490977419,0.3631208110317789,1354.392502228867,-0.15824107041382887
1.046999999999995,1.0,0.0001672389466587493,1.046999999999995,0.1634618969112639,0.5114763680554196,0.3224212420908977,0.0002673373087612212,0.0007409080106206382,1.598534940571714,0.3608238876203809,1349.695219467701,-0.15895934517963378
1.047999999999995,1.0,0.0001672904793386503,1.047999999999995,0.1631733139071653,0.5114805657729667,0.3228491937329256,0.0002665719529316192,0.0007434727786709259,1.593467511526245,0.3585497150388725,1345.039157704814,-0.1596758798257603
1.048999999999995,1.0,0.0001673417221010515,1.048999999999995,0.1628863544410432,0.5114847400992653,0.3232770432078812,0.000265809954328385,0.0007460327184935987,1.588426017481626,0.356297984979952,1340.423784655472,-0.16039068876683799
1.049999999999995,1.0,0.0001673926774571601,1.049999999999995,0.1626010044501402,0.5114888912351029,0.3237047907025916,0.0002650512943676964,0.0007485878394442155,1.583410273651464,0.3540683943843947,1335.848576891716,-0.16110378625245142
1.050999999999995,1.0,0.0001674433478889125,1.050999999999995,0.1623172500356144,0.5114930193789463,0.3241324364051071,0.0002642959545483374,0.000751138151004059,1.578420096811053,0.3518606453354134,1331.3130196666,-0.1618151863694927
1.051999999999995,1.0,0.0001674937358493919,1.051999999999995,0.1620350774601933,0.5114971247269777,0.3245599805046698,0.0002635439164527423,0.0007536836627747919,1.573455305286,0.3496744449554188,1326.816606742357,-0.16252490304447648
1.052999999999995,1.0,0.0001675438437632436,1.052999999999995,0.1617544731458705,0.5115012074731209,0.3249874231916894,0.0002627951617479777,0.0007562243844732714,1.568515718940746,0.347509505305123,1322.358840222435,-0.1632329500458189
1.053999999999995,1.0,0.0001675936740270767,1.053999999999995,0.1614754236716325,0.5115052678090788,0.3254147646577156,0.0002620496721866532,0.0007587603259265401,1.563601159167045,0.3453655432849077,1317.939230387246,-0.16393934098608312
1.054999999999995,1.0,0.0001676432290098644,1.054999999999995,0.161197915771229,0.5115093059243634,0.325842005095409,0.0002613074296077781,0.0007612914970669538,1.55871144887238,0.3432422805384319,1313.557295533609,-0.16464408932418
1.055999999999994,1.0,0.0001676925110533366,1.055999999999994,0.1609219363309756,0.5115133220063234,0.3262691446985156,0.0002605684159375572,0.0007638179079274768,1.55384641246832,0.3411394433584001,1309.212561817742,-0.16534720836754
1.056999999999994,1.0,0.0001677415224723643,1.056999999999994,0.1606474723875924,0.5115173162401794,0.326696183661842,0.0002598326131901288,0.0007663395686371081,1.549005875858861,0.3390567625944547,1304.904563101764,-0.1660487112742496
1.057999999999994,1.0,0.0001677902655553405,1.057999999999994,0.1603745111260791,0.5115212888090497,0.3271231221812285,0.0002591000034682497,0.0007688564894164669,1.544189666428693,0.3369939735631247,1300.632840803571,-0.16674861105514943
1.058999999999994,1.0,0.0001678387425645532,1.058999999999994,0.1601030398776232,0.5115252398939827,0.3275499604535234,0.0002583705689639289,0.0007713686805734972,1.539397613031486,0.3349508159598021,1296.396943750063,-0.16744692057590022
1.059999999999994,1.0,0.0001678869557365525,1.059999999999994,0.1598330461175421,0.5115291696739832,0.3279766986765576,0.0002576442919590109,0.0007738761524993169,1.534629545978132,0.3329270337726789,1292.196428033596,-0.1681436525590155
1.060999999999994,1.0,0.0001679349072825133,1.060999999999994,0.1595645174632594,0.5115330783260434,0.3284033370491226,0.0002569211548257095,0.0007763789156641966,1.529885297024967,0.3309223751986,1288.030856871602,-0.16883881958586322
1.061999999999994,1.0,0.0001679825993885896,1.061999999999994,0.1592974416723115,0.5115369660251678,0.3288298757709451,0.0002562011400270947,0.0007788769806136654,1.525164699361993,0.3289365925607888,1283.89980046928,-0.16953243409863358
1.062999999999994,1.0,0.0001680300342162658,1.062999999999994,0.15903180664039,0.5115408329444037,0.329256315042662,0.0002554842301175407,0.0007813703579647247,1.52046758760112,0.3269694422284121,1279.802835885343,-0.17022450840227202
1.063999999999994,1.0,0.0001680772139026987,1.063999999999994,0.1587676003994102,0.511544679254866,0.329682655065798,0.0002547704077431197,0.0007838590584022044,1.515793797764365,0.3250206845379019,1275.739546900652,-0.17091505466638782
1.064999999999994,1.0,0.0001681241405610597,1.064999999999994,0.1585048111156179,0.511548505125766,0.3301088960427438,0.0002540596556419711,0.0007863430926752057,1.511143167272109,0.3230900837160515,1271.709523889776,-0.1716040849271259
1.065999999999993,1.0,0.0001681708162808648,1.065999999999993,0.1582434270877195,0.5115523107244372,0.3305350381767306,0.000253351956644615,0.0007888224715936751,1.506515534931342,0.3211774078047784,1267.712363695317,-0.1722916110890111
1.066999999999993,1.0,0.0001682172431283055,1.066999999999993,0.1579834367450464,0.5115560962163577,0.3309610816718101,0.0002526472936742379,0.0007912972060250892,1.501910740923908,0.3192824285875557,1263.747669504969,-0.1729776449267637
1.067999999999993,1.0,0.0001682634231465688,1.067999999999993,0.1577248286457475,0.5115598617651821,0.3313870267328318,0.0002519456497469391,0.0007937673068912179,1.49732862679483,0.3174049215174682,1259.815050731291,-0.17366219808708433
1.068999999999993,1.0,0.0001683093583561579,1.068999999999993,0.1574675914750108,0.5115636075327584,0.3318128735654232,0.0002512470079719407,0.0007962327851650256,1.492769035440588,0.315544665646828,1255.914122894025,-0.17434528209041242
1.069999999999993,1.0,0.0001683550507552012,1.069999999999993,0.1572117140433127,0.5115673336791617,0.3322386223759634,0.0002505513515517678,0.0007986936518676353,1.488231811097509,0.3137014435583505,1252.044507505021,-0.17502690833265072
1.070999999999993,1.0,0.0001684005023197623,1.070999999999993,0.1569571852846966,0.5115710403627112,0.332664273371567,0.0002498586637823921,0.0008011499180654175,1.48371679933011,0.3118750412978136,1248.205831955593,-0.1757070880868704
1.071999999999993,1.0,0.0001684457150041427,1.071999999999993,0.1567039942550784,0.5115747277399971,0.3330898267600633,0.0002491689280533488,0.0008036015948671498,1.479223847019538,0.3100652483082006,1244.397729406347,-0.17638583250498494
1.072999999999993,1.0,0.0001684906907411777,1.072999999999993,0.1564521301305777,0.511578395965903,0.333515282749973,0.0002484821278478203,0.0008060486934212832,1.474752802352031,0.3082718573652604,1240.619838679333,-0.1770631526193953
1.073999999999993,1.0,0.0001685354314425313,1.073999999999993,0.1562015822058774,0.5115820451936298,0.3339406415504906,0.0002477982467426953,0.0008084912249132851,1.470303514807416,0.3064946645144763,1236.87180415255,-0.17773905934461318
1.074999999999992,1.0,0.0001685799389989838,1.074999999999992,0.1559523398926089,0.5115856755747191,0.3343659033714639,0.0002471172684085965,0.0008109292005630676,1.465875835147671,0.304733469009392,1233.15327565668,-0.17841356347885498
1.075999999999992,1.0,0.0001686242152807149,1.075999999999992,0.1557043927177617,0.5115892872590754,0.3347910684233754,0.0002464391766098875,0.0008133626316225004,1.461469615405531,0.3029880732512744,1229.463908374048,-0.1790866757056137
1.076999999999992,1.0,0.0001686682621375855,1.076999999999992,0.1554577303221198,0.5115928803949841,0.3352161369173214,0.0002457639552046479,0.000815791529373009,1.457084708873126,0.3012582827300672,1225.803362739704,-0.1797584065952016
1.077999999999992,1.0,0.0001687120813994093,1.077999999999992,0.1552123424587218,0.511596455129141,0.3356411090649954,0.0002450915881446327,0.0008182159051232332,1.452720970090724,0.2995439059666274,1222.17130434465,-0.18042876660627358
1.078999999999992,1.0,0.0001687556748762271,1.078999999999992,0.154968218991346,0.5116000116066644,0.336065985078669,0.0002444220594752011,0.0008206357702067825,1.448378254835464,0.2978447544561846,1218.567403841075,-0.18109776608732303
1.079999999999992,1.0,0.0001687990443585692,1.079999999999992,0.1547253498930176,0.5116035499711244,0.3364907651711728,0.000243755353335228,0.0008230511359800457,1.444056420110221,0.2961606426130219,1214.991336849627,-0.18176541527815523
1.080999999999992,1.0,0.0001688421916177204,1.080999999999992,0.1544837252445426,0.5116070703645594,0.33691544955588,0.0002430914539569933,0.0008254620138200793,1.439755324132473,0.2944913877163322,1211.442783868627,-0.1824317243113374
1.081999999999992,1.0,0.0001688851184059774,1.081999999999992,0.154243335233062,0.5116105729274963,0.3373400384466879,0.0002424303456660525,0.0008278684151225642,1.435474826323269,0.2928368098572298,1207.921430185197,-0.18309670321362592
1.082999999999992,1.0,0.0001689278264569015,1.082999999999992,0.1540041701506291,0.5116140577989716,0.3377645320579992,0.0002417720128810837,0.0008302703512998267,1.431214787296242,0.2911967318868829,1204.426965788256,-0.18376036190737013
1.083999999999991,1.0,0.0001689703174855702,1.083999999999991,0.153766220392811,0.5116175251165517,0.3381889306047088,0.0002411164401137231,0.0008326678337789236,1.426975068846705,0.2895709793657533,1200.959085283345,-0.1844227102118978
1.084999999999991,1.0,0.000169012593188823,1.084999999999991,0.1535294764573095,0.5116209750163503,0.3386132343021831,0.0002404636119683776,0.0008350608739997915,1.4227555339408,0.2879593805139021,1197.517487809218,-0.1850837578448736
1.085999999999991,1.0,0.0001690546552455026,1.085999999999991,0.1532939289426039,0.5116244076330491,0.339037443366247,0.0002398135131420199,0.0008374494834134614,1.418556046704719,0.2863617661623422,1194.101876956183,-0.18574351442364312
1.086999999999991,1.0,0.0001690965053166932,1.086999999999991,0.1530595685466174,0.5116278230999182,0.3394615580131624,0.0002391661284239755,0.0008398336734803098,1.414376472414032,0.2847779697054298,1190.71196068616,-0.18640198946654501
1.087999999999991,1.0,0.0001691381450459591,1.087999999999991,0.1528263860654019,0.5116312215488291,0.3398855784596194,0.0002385214426956852,0.0008422134556684056,1.410216677483008,0.2832078270542323,1187.34745125435,-0.18705919239421753
1.088999999999991,1.0,0.000169179576059569,1.088999999999991,0.1525943723918422,0.5116346031102803,0.3403095049227153,0.0002378794409304569,0.00084458884145187,1.406076529454108,0.2816511765908912,1184.008065132585,-0.18771513253087307
1.089999999999991,1.0,0.00016922079996673,1.089999999999991,0.1523635185143846,0.5116379679134091,0.3407333376199383,0.0002372401081932066,0.0008469598423093223,1.401955896987475,0.2801078591239312,1180.693522934214,-0.1883698191055537
1.090999999999991,1.0,0.0001692618183598073,1.090999999999991,0.15213381551578,0.5116413160860126,0.3411570767691581,0.0002366034296401788,0.0008493264697223609,1.397854649850529,0.2785777178444973,1177.403549340565,-0.18902326125337807
1.091999999999991,1.0,0.0001693026328145478,1.091999999999991,0.1519052545718508,0.5116446477545636,0.3415807225886063,0.0002359693905186632,0.0008516887351740994,1.393772658907651,0.2770605982835116,1174.13787302891,-0.18967546801675547
1.09299999999999,1.0,0.000169343244890294,1.09299999999999,0.1516778269502737,0.511647963044231,0.3420042752968614,0.0002353379761666923,0.0008540466501477461,1.389709796109929,0.275556348269711,1170.896226601913,-0.19032644834658768
1.09399999999999,1.0,0.0001693836561302008,1.09399999999999,0.151451524009383,0.5116512620788911,0.342427735112836,0.0002347091720127307,0.0008564002261252463,1.385665934484972,0.2740648178885524,1167.678346518503,-0.19097621110345298
1.09499999999999,1.0,0.0001694238680614447,1.09499999999999,0.1512263371969921,0.5116545449811492,0.3428511022557635,0.0002340829635753545,0.0008587494745859528,1.381640948126825,0.2725858594419728,1164.483973026186,-0.19162476505877138
1.09599999999999,1.0,0.0001694638821954311,1.09599999999999,0.1510022580492318,0.5116578118723517,0.3432743769451816,0.0002334593364629161,0.0008610944070053548,1.377634712185941,0.2711193274089682,1161.312850094707,-0.19227211889594978
1.09699999999999,1.0,0.0001695037000279977,1.09699999999999,0.1507792781894078,0.5116610628726079,0.3436975594009197,0.0002328382763732061,0.0008634350348538334,1.373647102859267,0.2696650784069957,1158.164725351091,-0.19291828121151192
1.09799999999999,1.0,0.0001695433230396167,1.09799999999999,0.1505573893268758,0.5116642981008014,0.3441206498430851,0.0002322197690930993,0.0008657713695954778,1.369677997380365,0.2682229711541529,1155.039350015974,-0.1935632605162093
1.09899999999999,1.0,0.0001695827526955931,1.09899999999999,0.1503365832559325,0.5116675176746049,0.3445436484920496,0.0002316038004981959,0.0008681034226869373,1.365727274009637,0.2667928664321357,1151.936478841218,-0.1942070652361171
1.1,1.0,0.0001696219904462576,1.1,0.1501168518547217,0.5116707217105007,0.3449665555684405,0.0002309903565524475,0.0008704312055763224,1.361794812024609,0.2653746270499415,1148.855870048787,-0.19484970371371882
