time,I0.NM0:region,I0.NM0:id,I0.NM0:vgs,I0.NM0:vds,I0.NM0:vth,I0.NM0:vdsat,I0.NM0:gm,I0.NM0:gds,I0.NM0:gmoverid,I0.NM0:self_gain,I0.NM0:rout,I0.NM0:sat_margin_abs
0.0,2.0,9.821407493476304e-05,0.714,0.5500011741707667,0.5060541914085409,0.1749331259882883,0.0005283925852465249,5.272386819453852e-05,5.380008757338101,10.02188578608994,18966.74189970733,0.37506804818247835
5e-09,2.0,9.834423320857297e-05,0.7143141075907813,0.5493460593059167,0.5060630797895733,0.1750747030727298,0.0005285479435710123,5.284411643926277e-05,5.374468072996078,10.00202064459735,18923.5825552948,0.37427135623318697
1e-08,2.0,9.847149229697188e-05,0.7146279051952931,0.5486393094482773,0.5060726379737662,0.1752158838734224,0.0005286892797443976,5.296801290213413e-05,5.368957709057041,9.981293440651164,18879.31876635888,0.3734234255748549
1.5e-08,2.0,9.859825015376652e-05,0.7149410831331852,0.547930034615971,0.5060822293311934,0.1753567705210103,0.00052882836226381,5.309228035892716e-05,5.363465977935414,9.960550925458422,18835.12995184159,0.3725732640949607
2e-08,2.0,9.872454007692325e-05,0.715253332335643,0.547221969604487,0.5060918050191975,0.1754972392367859,0.0005289658075647803,5.321659741962294e-05,5.357997161058279,9.939865252823003,18791.12999493017,0.3717247303677011
2.5e-08,2.0,9.88503295617585e-05,0.7155643446504023,0.5465175650236458,0.5061013328606763,0.1756371600949143,0.0005291019231942681,5.334072346666017e-05,5.352555964240727,9.919286593946845,18747.40226620727,0.3708804049287315
3e-08,2.0,9.897542960434538e-05,0.7158738131458572,0.5458162841122648,0.5061108194092171,0.1757763886816206,0.0005292362817517257,5.346461493596145e-05,5.347148092317406,9.898814054597258,18703.95964130247,0.3700398954306442
3.5e-08,2.0,9.909976273387147e-05,0.7161814324139654,0.5451196841747925,0.5061202440612178,0.1759147918155836,0.000529368980946495,5.358808765183125e-05,5.341778468093661,9.878482404258833,18660.86370719421,0.36920489235920895
3.999999999999999e-08,2.0,9.922317426277807e-05,0.7164868988716485,0.5444278415939698,0.5061296054173149,0.1760522296839367,0.000529499755873277,5.371105563409733e-05,5.336452472935377,9.858301044769174,18618.14086865891,0.36837561191003315
4.499999999999999e-08,2.0,9.934556559964934e-05,0.7167899110603922,0.5437418656691282,0.5061388886786317,0.1761885686503225,0.0005296286047596522,5.383336255452703e-05,5.331175068884987,9.838296915285554,18575.84131006334,0.3675532970188057
4.999999999999999e-08,2.0,9.946680042241639e-05,0.7170901699437494,0.5430621286490475,0.5061480886069541,0.1763236724637115,0.0005297553479136143,5.395490111239982e-05,5.325951406995181,9.818484270965827,18533.99745681643,0.36673845618533596
5.499999999999999e-08,2.0,9.958677107630081e-05,0.7173873792024529,0.5423895102424835,0.5061571933791712,0.1764574086839578,0.0005298799387338977,5.407552888938071e-05,5.320786392900779,9.798885921538439,18492.6531563962,0.36593210155852574
6e-08,2.0,9.970535191694371e-05,0.7176812455268468,0.5417245204901452,0.5061661959695538,0.1765896443756012,0.0005300022443865941,5.419512810027426e-05,5.315684984760125,9.779518251270854,18451.84309094639,0.365134876114544
6.5e-08,2.0,9.982243244088756e-05,0.7179714789063478,0.5410679161932205,0.5061750861498174,0.1767202493746417,0.0005301222004981415,5.431356360485488e-05,5.310651976826046,9.760401736017851,18411.60722347841,0.3643476668185788
7e-08,2.0,9.993789408441003e-05,0.7182577929156507,0.5404202657650671,0.5061838561387297,0.176849094200125,0.0005302397019743332,5.443071287251008e-05,5.305692144960031,9.74155350888538,18371.98058276845,0.36357117156494206
7.500000000000001e-08,2.0,0.0001000516268016686,0.7185399049973954,0.5397822546450963,0.506192496636657,0.1769760517553586,0.000530354679994006,5.454644506730697e-05,5.300810137514786,9.722992567885603,18333.00041397861,0.36280620288973775
8.000000000000001e-08,2.0,0.0001001635175339923,0.7188175367410171,0.539154469116924,0.5062009996344468,0.1771009963359113,0.0005304670475750403,5.466063612420051e-05,5.29601054600088,9.704736080452982,18294.70110314466,0.3620534727810127
8.500000000000002e-08,2.0,0.0001002734585453028,0.7190904141575036,0.5385375476037242,0.5062093564476424,0.1772238045531538,0.0005305767379140267,5.477315837601951e-05,5.291297848898946,9.686801960033055,18257.11771329613,0.3613137430505704
9.000000000000003e-08,2.0,0.0001003813417006378,0.71935826794979,0.5379320730575515,0.5062175591165365,0.1773443548834759,0.0005306836771794332,5.48838881840661e-05,5.286676445606783,9.669207024831403,18220.28345816651,0.36058771817407564
9.500000000000003e-08,2.0,0.0001004870626927114,0.7196208337785213,0.5373386478339174,0.5062255994321486,0.1774625282039594,0.0005307878036039973,5.499270084260921e-05,5.282150626441456,9.651968269809627,18184.23144667927,0.35987611962995797
1e-07,2.0,0.0001005905182125355,0.7198778525229247,0.5367578399626587,0.5062334696369521,0.1775782076076134,0.0005308890538242364,5.50994744843647e-05,5.277724588618232,9.635101945933878,18148.99342250106,0.3591796323550453
1.05e-07,2.0,0.0001006916081250244,0.7201290705365297,0.536190220109257,0.5062411619429821,0.1776912787440597,0.000530987372379224,5.520408762872042e-05,5.273402419283006,9.618624185049896,18114.60062025807,0.3584989413651973
1.1e-07,2.0,0.0001007902340788282,0.7203742398974868,0.5356363346140457,0.5062486688850607,0.1778016297641649,0.0005310827047914386,5.530642122253808e-05,5.269188102750623,9.602550536663825,18081.08313456534,0.3578347048498808
1.150000000000001e-07,2.0,0.0001008863006560505,0.7206131186532365,0.5350967236388582,0.5062559830831734,0.1779091515611411,0.000531175002278087,5.540635751319929e-05,5.265085510084541,9.586896271814055,18048.47033594968,0.3571875720777171
1.2e-07,2.0,0.0001009797146971834,0.7208454710592869,0.534571907523123,0.5062630974227766,0.1780137377765878,0.0005312642181870158,5.55037811550542e-05,5.261098402137328,9.571676147664377,18016.79055353762,0.3565581697465352
1.25e-07,2.0,0.0001010703859358455,0.7210710678118655,0.5340623955955373,0.506270004938378,0.1781152849891399,0.0005313503103159279,5.559857874592196e-05,5.257230422478986,9.556904552257127,17986.07127297023,0.3559471106063974
1.300000000000001e-07,2.0,0.0001011582266776744,0.7212896862742141,0.5335686791687896,0.5062766989076247,0.1782136927479612,0.0005314332390180968,5.569063946409947e-05,5.253485098476207,9.542595382850307,17956.33897586402,0.3553549864208284
1.350000000000001e-07,2.0,0.0001012431521748546,0.7215011106963045,0.5330912357250364,0.5062831727949475,0.1783088637321404,0.0005315129683249325,5.57798549359647e-05,5.24986583598817,9.528762111968733,17927.61923006075,0.354782371992896
1.400000000000001e-07,2.0,0.0001013250804787214,0.7217051324277579,0.5326305252311003,0.5062894203025013,0.1784007037945757,0.0005315894648831073,5.586611963545547e-05,5.246375919584639,9.515417722796943,17899.93660782821,0.3542298214365246
1.450000000000001e-07,2.0,0.0001014039326811975,0.7219015501237569,0.5321869920387923,0.5062954353434785,0.1784891221034614,0.0005316626984784419,5.594933091510127e-05,5.243018508225085,9.502574736509331,17873.31472323452,0.35369786993533087
1.500000000000001e-07,2.0,0.0001014796328510945,0.7220901699437494,0.5317610628708334,0.5063012120713134,0.1785740311879067,0.0005317326413879999,5.602938928313977e-05,5.2397966351553,9.490245176525736,17847.77619021662,0.35318703168292664
1.550000000000001e-07,2.0,0.0001015521082059066,0.7222708057427456,0.5313531476004764,0.5063067448675338,0.1786553470669743,0.000531799268605385,5.610619851281448e-05,5.236713204178611,9.478440577005474,17823.34263426532,0.3526978005335021
1.600000000000001e-07,2.0,0.000101621289086822,0.7224432792550202,0.53096363808735,0.5063120283598961,0.1787329892925611,0.0005318625574016652,5.617966585377894e-05,5.233770989494682,9.46717196193308,17800.03467095621,0.35223064879478894
1.650000000000001e-07,2.0,0.0001016871090925755,0.7226074202700394,0.5305929084161567,0.5063170574172323,0.1788068810685541,0.0005319224874036554,5.624970217583741e-05,5.230972632365524,9.456449844673982,17777.8719054189,0.35178602734760256
1.700000000000001e-07,2.0,0.0001017495050707019,0.7227630668004386,0.5302413141739585,0.5063218271618182,0.1788769492885949,0.0005319790402624593,5.631622214195316e-05,5.228320641023347,9.446284214902224,17756.87292161317,0.3513643648853636
1.750000000000001e-07,2.0,0.0001018084172292737,0.7229100652418836,0.5299091924363576,0.5063263329674621,0.1789431246464883,0.0005320321996619961,5.637914436339279e-05,5.225817387630504,9.4366845341386,17737.05527622913,0.3509660677898693
1.800000000000001e-07,2.0,0.0001018637891331669,0.7230482705246601,0.5295968612826358,0.5063305704687491,0.1790053416675285,0.0005320819510461484,5.643839154699176e-05,5.223465108316193,9.427659727033966,17718.43549381416,0.35059151961510737
1.850000000000001e-07,2.0,0.0001019155678016294,0.7231775462568398,0.5293046196734738,0.5063345355605031,0.179063538810598,0.0005321282815977771,5.649389064908132e-05,5.22126590037707,9.419218175344954,17701.02905837415,0.35024108086287575
1.900000000000001e-07,2.0,0.0001019637037039535,0.7232977648588825,0.5290327471021,0.5063382244052138,0.1791176584922809,0.00053217118000139,5.654557300239059e-05,5.219221722469427,9.411367711825845,17684.85041185669,0.3499150886098191
1.950000000000001e-07,2.0,0.0001020081508468616,0.7234088076895422,0.5287815034351984,0.5063416334329384,0.1791676471807595,0.0005322106364141387,5.659337446146728e-05,5.217334392021208,9.404115613860503,17669.91294503687,0.34961385625443886
2.000000000000001e-07,2.0,0.0001020488667668111,0.7235105651629515,0.5285511286495133,0.5063447593475803,0.1792134554122236,0.000532246642253845,5.663723551097355e-05,5.215605585590544,9.397468599093639,17656.2289980811,0.34933767323728965
2.050000000000001e-07,2.0,0.000102085812609197,0.7236029368567694,0.5283418426711225,0.5063475991267556,0.1792550378765168,0.0005322791901738864,5.667710139811352e-05,5.214036836472012,9.391432819314982,17643.8098514559,0.3490868047946057
2.100000000000001e-07,2.0,0.000102118953115941,0.7236858316112863,0.5281538451723187,0.5063501500272432,0.1792923534255238,0.0005323082738726949,5.671292222238714e-05,5.212629535224448,9.386013857395078,17632.66572790451,0.34886149174679487
2.150000000000001e-07,2.0,0.0001021482566975415,0.7237591676193874,0.5279873154270387,0.5063524095845972,0.1793253651504584,0.000532333888079619,5.674465305198933e-05,5.21138492746099,9.381216721721708,17622.80578372384,0.3486619502765803
2.200000000000001e-07,2.0,0.0001021736954152567,0.7238228725072868,0.5278424121546339,0.5063543756179337,0.1793540403819818,0.0005323560283847285,5.677225399442345e-05,5.21030411454611,9.377045844207982,17614.23811177599,0.34848837177265213
2.250000000000001e-07,2.0,0.0001021952450465743,0.7238768834059514,0.5277192734007071,0.5063560462291614,0.1793783507590417,0.0005323746912402168,5.679569029469807e-05,5.209388051562028,9.37350507543553,17606.96973328892,0.3483409226416654
2.300000000000002e-07,2.0,0.0001022128850616596,0.7239211470131447,0.5276180164210161,0.506357419807196,0.1793982722205386,0.0005323898738106691,5.681493238595371e-05,5.20863754817372,9.370597683616907,17601.00660169453,0.3482197442004775
2.350000000000002e-07,2.0,0.0001022265986825325,0.7239556196460307,0.5275387375919658,0.5063584950267516,0.1794137850656085,0.0005324015739928684,5.6829955967917e-05,5.208053266766775,9.368326350515428,17596.35359500443,0.3481249525263573
2.400000000000001e-07,2.0,0.0001022363728536379,0.7239802672842827,0.5274815123312477,0.5063592708520216,0.1794248739367213,0.0005324097902871547,5.684074203672729e-05,5.207635723478791,9.366693171302046,17593.01452035683,0.34805663839452644
2.450000000000001e-07,2.0,0.0001022421982948863,0.7239950656036573,0.5274463950400896,0.5063597465350058,0.1794315278713259,0.0005324145218375035,5.684727694256325e-05,5.207385286505318,9.365699651285652,17590.99210698112,0.34801486716876373
2.500000000000001e-07,2.0,0.0001022440694662947,0.724,0.5274334190590684,0.5063599216186792,0.1794337402762983,0.0005324157683246335,5.68495523980262e-05,5.207302177296412,9.365346706636846,17590.28801139197,0.34799967878277005
2.550000000000002e-07,2.0,0.0001022419846149545,0.7239950656036572,0.5274425966427647,0.5063597959348397,0.179431508970891,0.0005324135300273958,5.68475655142845e-05,5.207386469028648,9.36563466193838,17590.90281093432,0.3480110876718737
2.600000000000002e-07,2.0,0.000102235945733731,0.7239802672842827,0.5274739189500247,0.506359369606772,0.1794248361524921,0.0005324078077380343,5.684131878763935e-05,5.207638087965934,9.366563251762749,17592.83600959411,0.3480490827975326
2.650000000000002e-07,2.0,0.0001022259586022101,0.7239556196460307,0.5275273560518589,0.5063586430466148,0.1794137284308561,0.0005323986028454923,5.683082011385009e-05,5.208056812096791,9.368131619056872,17596.08603213334,0.34811362762100273
2.700000000000002e-07,2.0,0.0001022120327394056,0.7239211470131447,0.5276028569551284,0.5063576169575296,0.1793981967851548,0.0005323859172726651,5.681608275287016e-05,5.208642272659745,9.370338317556234,17600.65023049276,0.34820466016997365
2.750000000000002e-07,2.0,0.0001021941814387213,0.7238768834059514,0.5277003496441464,0.506356292330567,0.1793782565895109,0.0005323697535816707,5.679712532139731e-05,5.209393952945288,9.373181311010997,17606.52487852705,0.34832209305463546
2.800000000000002e-07,2.0,0.0001021724217146602,0.7238228725072868,0.527819741138077,0.5063546704463544,0.179353927561362,0.000532350114932775,5.677397173600582e-05,5.210311189987186,9.376657976443116,17613.70517901963,0.3484658135767149
2.850000000000002e-07,2.0,0.0001021467743317634,0.7237591676193874,0.5279609175659379,0.5063527528714697,0.179325233778328,0.0005323270052109711,5.674665118435813e-05,5.211393173530265,9.380765104209422,17622.18525902448,0.3486356837876099
2.900000000000002e-07,2.0,0.0001021172637453253,0.7236858316112863,0.5281237442579004,0.5063505414596243,0.1792922036179611,0.0005323004290058005,5.671519804731595e-05,5.212638947888852,9.385498902105864,17631.95817751932,0.3488315406399393
2.950000000000002e-07,2.0,0.0001020839181242724,0.7236029368567694,0.5283080658538514,0.5063480383475595,0.1792548697660162,0.0005322703917582134,5.667965184954104e-05,5.214047411082577,9.390854996271884,17643.0159213848,0.34905319608783514
3.000000000000002e-07,2.0,0.0001020467692858565,0.7235105651629515,0.5285137064287019,0.5063452459557249,0.1792132691476723,0.00053223689976001,5.664005716148889e-05,5.215617316864686,9.396828436145936,17655.34941373483,0.34930043728102955
3.050000000000002e-07,2.0,0.0001020058527124618,0.7234088076895422,0.5287404696349566,0.5063421669836843,0.1791674429273212,0.0005321999603196177,5.659646353042231e-05,5.217347274028206,9.40341369622051,17668.94851058087,0.34957302670763535
3.100000000000002e-07,2.0,0.0001019612074802078,0.7232977648588825,0.528988138861753,0.5063388044103053,0.1791174364313829,0.0005321595817793189,5.654892536351416e-05,5.219235748607987,9.410604681847284,17683.80200988237,0.3498707024303701
3.150000000000002e-07,2.0,0.0001019128762696702,0.7231775462568397,0.5292564774119646,0.5063351614886628,0.1790632991397504,0.0005321157736981857,5.649750184057307e-05,5.221281063360506,9.418394731854365,17699.89764895871,0.3501931782722142
3.200000000000002e-07,2.0,0.0001018609052883587,0.7230482705246601,0.529545228695217,0.5063312417457406,0.1790050846003541,0.0005320685468850193,5.644225677971078e-05,5.223481400143942,9.426776625208957,17717.22211432674,0.3505401440948629
3.250000000000002e-07,2.0,0.0001018053442752957,0.7229100652418836,0.5298541164394356,0.5063270489768366,0.1789428504124446,0.0005320179135961382,5.638325853337135e-05,5.225834799575966,9.435742584498813,17735.76103992169,0.35091126602699096
3.300000000000002e-07,2.0,0.0001017462464173545,0.7227630668004386,0.5301828449184292,0.5063225872447733,0.1788766581330885,0.0005319638875816829,5.632057983821907e-05,5.228339163596818,9.445284283467071,17755.49901781021,0.35130618678534065
3.350000000000002e-07,2.0,0.0001016836683476444,0.7226074202700394,0.5305310991977247,0.5063178608738067,0.178806573252493,0.0005319064842956108,5.625429769627641e-05,5.230992255310024,9.455392851359317,17776.41959729225,0.3517245259452317
3.400000000000002e-07,2.0,0.0001016176700556924,0.7224432792550202,0.5308985453971009,0.5063128744483452,0.1787326650926586,0.0005318457209526777,5.618449321088949e-05,5.233791701734169,9.466058881342676,17798.5052965857,0.3521658803044423
3.450000000000002e-07,2.0,0.0001015483148796079,0.7222708057427456,0.5312848309708398,0.5063076328063666,0.1786550067749765,0.0005317816167477823,5.611125145491875e-05,5.236734993832139,9.47727243572583,17821.73760290173,0.3526298241958633
3.500000000000002e-07,2.0,0.0001014756694100773,0.7220901699437494,0.5316895850049914,0.506302141037647,0.1785736751112961,0.0005317141929205369,5.603466129482455e-05,5.239819489457772,9.489023055264669,17846.09698519516,0.35311590989369535
3.550000000000003e-07,2.0,0.0001013998034763274,0.7219015501237569,0.5321124185326807,0.5062964044766872,0.1784887505640659,0.0005316434729810269,5.595481524793007e-05,5.243042413579693,9.50129976527255,17871.56289533085,0.3536236679686148
3.600000000000003e-07,2.0,0.0001013207900439143,0.7217051324277578,0.5325529248656514,0.5062904287004546,0.1784003171300876,0.0005315694827786417,5.587180929677803e-05,5.246400861429482,9.514091085811602,17898.1137820011,0.3541526077355638
3.650000000000003e-07,2.0,0.0001012387051944942,0.7215011106963045,0.5330106799446114,0.5062842195208298,0.1783084622935027,0.0005314922507309893,5.578574273760098e-05,5.249891798926662,9.527385038700046,17925.72709309784,0.35470221765110865
3.700000000000003e-07,2.0,0.000101153628017445,0.7212896862742141,0.5334852427051304,0.5062777829818653,0.1782132769025548,0.0005314118078936775,5.569671798710055e-05,5.253512066035296,9.541169158598418,17954.37929092342,0.3552719658025756
3.750000000000003e-07,2.0,0.0001010656405834695,0.7210710678118655,0.5339761554625155,0.506271125351755,0.1781148551157396,0.0005313281881889268,5.560484042431885e-05,5.257258377396715,9.555430500912825,17984.04585588288,0.35586130034677593
3.800000000000003e-07,2.0,0.0001009748278301206,0.7208454710592869,0.5344829443121438,0.5062642531196211,0.1780132942719212,0.0005312414284729313,5.551021819198403e-05,5.261127325901685,9.570155653786376,18014.70130312702,0.35646965004022263
3.850000000000003e-07,2.0,0.0001008812775292969,0.7206131186532365,0.5350051195483252,0.5062571729870217,0.1779086948300021,0.0005311515687606831,5.541296203394872e-05,5.265115383537712,9.585330746897691,18046.31918769025,0.3570964247183231
3.900000000000003e-07,2.0,0.0001007850801667564,0.7203742398974868,0.5355421760984368,0.5062498918642704,0.1778011602327586,0.0005310586522873932,5.531318509325168e-05,5.26921890518372,9.600941464355909,18078.8721226976,0.3577410158656782
3.950000000000003e-07,2.0,0.0001006863289036072,0.7201290705365297,0.5360935939751149,0.5062424168614952,0.177690796840419,0.0005309627257260574,5.521100274722656e-05,5.27343412967856,9.616973054392307,18112.33178608106,0.3584027971346959
4.000000000000003e-07,2.0,0.0001005851194499619,0.7198778525229247,0.5366588387439984,0.5062347552845098,0.1775777137886192,0.0005308638392396074,5.510653240430371e-05,5.27775718384494,9.63341034316556,18146.668940503,0.35908112495537925
4.050000000000003e-07,2.0,0.0001004815500205505,0.7196208337785213,0.5372373620080184,0.5062269146254379,0.17746202291629,0.0005307620466877268,5.499989333882585e-05,5.282184083785459,9.650237745334827,18181.85344177884,0.35977533909172843
4.100000000000003e-07,2.0,0.0001003757212026868,0.71935826794979,0.5378286019078018,0.5062189025581516,0.1773438386181554,0.0005306574056663611,5.489120648854246e-05,5.286710739142071,9.667439278769107,18217.85426065889,0.3604847632896464
4.150000000000003e-07,2.0,0.0001002677359062101,0.7190904141575036,0.5384319836372101,0.5062107269284786,0.1772232777673729,0.0005305499777005726,5.47805942909986e-05,5.291332954625107,9.684998575996667,18254.63949310089,0.3612087058698372
4.200000000000003e-07,2.0,0.0001001576992259619,0.7188175367410171,0.5390469199749335,0.5062023957492365,0.1771004595630112,0.0005304398282681151,5.466818048355234e-05,5.296046434514085,9.702898899803426,18292.17638404599,0.36194646041192224
4.250000000000003e-07,2.0,0.0001000457183863125,0.7185399049973954,0.5396728118302999,0.5061939171900446,0.1769755054479036,0.0005303270269753138,5.455408994303865e-05,5.300846784424501,9.72112315555153,18330.43133968738,0.3626973063823963
4.300000000000003e-07,2.0,9.993190259840004e-05,0.7182577929156507,0.5403090488041744,0.5061852995719691,0.1768485389515768,0.0005302116475616016,5.443844848999251e-05,5.305729516054302,9.739653907643438,18369.36995336727,0.3634605098525976
4.350000000000003e-07,2.0,9.981636299954502e-05,0.7179714789063477,0.5409550097638045,0.5061765513569705,0.1767196856037936,0.0005300937680556354,5.432138273311529e-05,5.310690049192233,9.758473392697361,18408.95701998363,0.3642353241600109
4.400000000000003e-07,2.0,9.969921250555334e-05,0.7176812455268468,0.5416100634311176,0.5061676811421992,0.1765890727734214,0.0005299734707579867,5.420301987917905e-05,5.315723716713455,9.777563536853135,18449.15656413692,0.3650209906576962
4.450000000000003e-07,2.0,9.958056574536342e-05,0.7173873792024529,0.5422735689847331,0.5061586976490917,0.1764568295781637,0.0005298508423749191,5.408348758366548e-05,5.320825766831452,9.79690596977971,18489.93185679883,0.36581673940656945
4.500000000000004e-07,2.0,9.94605389087707e-05,0.7170901699437494,0.542944876673572,0.5061496097173547,0.1763230867198743,0.0005297259739767517,5.396291376762612e-05,5.325991368344648,9.816482042794162,18531.24544582929,0.36662178995369776
4.550000000000004e-07,2.0,9.933924967669553e-05,0.7167899110603922,0.543623328443969,0.5061404262937492,0.1761879763909936,0.0005295989611070421,5.384142647565561e-05,5.331215613132567,9.836272843671779,18573.05917502297,0.3674353520529754
4.600000000000004e-07,2.0,9.921681706475638e-05,0.7164868988716485,0.5443082585765175,0.5061311564257861,0.1760516321068368,0.0005294699037145785,5.371915370076471e-05,5.33649352165309,9.856259215547569,18615.33421710932,0.3682566264696807
4.650000000000004e-07,2.0,9.90933613495599e-05,0.7161814324139654,0.5449989943353236,0.5061218092502457,0.1759141886092548,0.0005293389062359173,5.359622325069047e-05,5.341820045681829,9.87642177248185,18658.03109526224,0.36908480572606883
4.700000000000004e-07,2.0,9.896900390860274e-05,0.7158738131458572,0.5456948566259757,0.5061123939866177,0.1757757816964434,0.0005292060774993804,5.34727625816181e-05,5.347190074057655,9.896740919110496,18701.10971868437,0.36991907492953235
4.750000000000004e-07,2.0,9.88438671430699e-05,0.7155643446504023,0.5463951606644007,0.5061029199253901,0.1756365481243727,0.000529071530779476,5.334889867358398e-05,5.352598435661653,9.917196866923307,18744.52940666151,0.37075861254002807
4.800000000000004e-07,2.0,9.871807431453106e-05,0.715253332335643,0.5470992166526207,0.5060933964212878,0.1754966254346528,0.0005289353836714386,5.322475787374827e-05,5.358039905406637,9.937769654605084,18788.24892678796,0.3716025912179679
4.850000000000003e-07,2.0,9.859174946479002e-05,0.714941083133185,0.5478063304647547,0.5060838328813636,0.1753561518542982,0.0005287977581165571,5.310046578142849e-05,5.363509207449479,9.95843916498187,18832.22652163143,0.3724501786104565
4.900000000000003e-07,2.0,9.846501724992282e-05,0.7146279051952931,0.5485158043376567,0.5060742387580701,0.1752152661222073,0.0005286587802464188,5.297614710138987e-05,5.369001021417247,9.979185145998454,18876.41994964493,0.3733005382154494
4.950000000000002e-07,2.0,9.833800285769617e-05,0.7143141075907813,0.5492269375704282,0.5060646235372149,0.1750741073878116,0.000528518580378353,5.285192553892141e-05,5.374509985844646,9.999987228263603,18920.78651445871,0.3741528301826166
5.000000000000002e-07,2.0,9.821083183954607e-05,0.714,0.5499390272273033,0.5060549967309026,0.1749328150367388,0.0005283772928290962,5.272792366339493e-05,5.380030704626629,10.02082494661001,18965.28310850642,0.37500621219056446
5.050000000000001e-07,2.0,9.80836300261515e-05,0.7136858924092186,0.5506513688473075,0.5060453678653924,0.1747915285889132,0.0005282350558801617,5.260426281359437e-05,5.385557750669191,10.04167775816927,19009.8662449381,0.37585984025839425
5.100000000000001e-07,2.0,9.795652335793061e-05,0.7133720948047069,0.5513632571557725,0.5060357464739685,0.1746503875239631,0.0005280920115608935,5.248106297167773e-05,5.391085672555762,10.06252506443871,19054.49210393598,0.3767128696318094
5.15e-07,2.0,9.782963779938475e-05,0.7130589168668148,0.5520739867808198,0.5060261420847406,0.1745095311793443,0.0005279483055840756,5.23584426787933e-05,5.396608998396702,10.08334622981272,19099.11656721275,0.37756445560147545
5.2e-07,2.0,9.770309916874625e-05,0.7127466676643569,0.5527828529703396,0.5060165642134884,0.174369098576054,0.0005278040870989694,5.223651891938867e-05,5.4021222426933,10.10412060408306,19143.69526696828,0.3784137543942856
5.25e-07,2.0,9.757703305171041e-05,0.7124356553495976,0.5534891523116922,0.5060070223514596,0.1742292283173395,0.0005276595085978871,5.21154070470115e-05,5.40761991036845,10.12482754134308,19188.18362289552,0.37925992399435265
5.299999999999999e-07,2.0,9.745156463085559e-05,0.7121261868541428,0.554192183450217,0.5059975259582277,0.1740900584152927,0.0005275147256401209,5.199522067881813e-05,5.41309650380881,10.14544642282902,19232.53689367225,0.38010212503492435
5.349999999999999e-07,2.0,9.732681859941171e-05,0.7118185675860346,0.5548912478089277,0.5059880844495416,0.1739517261906944,0.0005273698967307686,5.187607163129716e-05,5.418546527055913,10.16595667611429,19276.71021636677,0.3809395216182333
5.399999999999998e-07,2.0,9.72029189911078e-05,0.7115131011283514,0.5555856503052371,0.5059787071902418,0.1738143681010467,0.0005272251830170729,5.175806982466383e-05,5.423964493003919,10.18633779820435,19320.65866033278,0.38177128220419043
5.449999999999998e-07,2.0,9.707998909459628e-05,0.7112100889396077,0.5562747000664876,0.5059694034822059,0.1736781196421146,0.0005270807481410398,5.164132322819616e-05,5.429344927727073,10.20656937491589,19364.33726884055,0.382596580424373
5.499999999999997e-07,2.0,9.695815128436109e-05,0.7109098300562505,0.5569577111412672,0.5059601825573812,0.1735431151779366,0.0005269367579100528,5.152593777411459e-05,5.434682377807601,10.22663110412662,19407.70111519205,0.3834145959633306
5.549999999999997e-07,2.0,9.68375269364797e-05,0.7106126207975471,0.5576340032079653,0.5059510535658597,0.1734094878446123,0.0005267933801255739,5.141201731204007e-05,5.439971414771983,10.24650281525143,19450.70534639014,0.384224515363353
5.599999999999996e-07,2.0,9.671823626119559e-05,0.7103187544731532,0.5583029022764499,0.5059420255690759,0.1732773693828236,0.0005266507842301808,5.129966353191702e-05,5.445206642520375,10.26616449253152,19493.30524122896,0.3850255328936263
5.649999999999996e-07,2.0,9.660039822064646e-05,0.7100285210936522,0.5589637413861178,0.5059331075280629,0.1731468900444035,0.000526509141114835,5.118897592707309e-05,5.450382701841583,10.28559629450161,19535.45625575047,0.3858168513417143
5.699999999999995e-07,2.0,9.648413036374247e-05,0.7097422070843493,0.5596158612948002,0.5059243082968576,0.173018178427892,0.0005263686227451214,5.10800517256083e-05,5.455494277912124,10.30477857721576,19577.11408304357,0.3865976828669082
5.749999999999995e-07,2.0,9.636954874645329e-05,0.7094600950026045,0.5602586111624075,0.5059156366109819,0.1728913613883914,0.000526229401949837,5.097298586150566e-05,5.460536104857141,10.32369191358752,19618.2347001805,0.3873672497740161
5.799999999999994e-07,2.0,9.625676776962859e-05,0.7091824632589828,0.5608913492241394,0.5059071010810862,0.1727665638766781,0.000526091652029601,5.086787091385353e-05,5.465502973284191,10.34231711644773,19658.77442941408,0.3881247853474613
5.849999999999994e-07,2.0,9.614590010241981e-05,0.7089095858424963,0.5615134434561694,0.5058987101817104,0.1726439088528305,0.0005259555465298757,5.076479708539482e-05,5.470389734854823,10.36063525763988,19698.68998624842,0.38886953460333884
5.899999999999993e-07,2.0,9.603705652361195e-05,0.7086417320502101,0.5621242722296959,0.5058904722452126,0.1725235171293846,0.0005258212588352421,5.066385214894994e-05,5.475191309816339,10.37862769079118,19737.93854166547,0.3896007551003112
5.949999999999993e-07,2.0,9.593034584877254e-05,0.7083791662214787,0.5627232249556681,0.505882395450828,0.172405507289223,0.0005256889619303963,5.056512143274472e-05,5.47990269154567,10.3962760700496,19776.47777094875,0.3903177176664451
5.999999999999992e-07,2.0,9.58258747756523e-05,0.7081221474770752,0.5633097027168422,0.5058744878189305,0.1722899955332303,0.000525558827983747,5.046868777334725e-05,5.484518954040313,10.41356237245576,19814.26591654132,0.3910197071836119
6.049999999999992e-07,2.0,9.57237478155665e-05,0.7078709294634702,0.5638831188878658,0.5058667572004372,0.1721770956028979,0.0005254310280999185,5.037463150714425e-05,5.489035256394959,10.43046891619248,19851.26183718441,0.3917060232849679
6.099999999999991e-07,2.0,9.562406714341453e-05,0.7076257601025131,0.5644428997427686,0.505859211271418,0.1720669186329309,0.0005253057318965989,5.028303042909694e-05,5.493446850210338,10.44697838244498,19887.4250709706,0.39237598110983773
6.149999999999991e-07,2.0,9.552693253381576e-05,0.7073868813467635,0.5649884850480914,0.5058518575228886,0.1719595730789974,0.000525183107252537,5.019395978965617e-05,5.497749083961552,10.46307383305441,19922.71588435382,0.393028911969094
6.19999999999999e-07,2.0,9.543244121617958e-05,0.7071545289407132,0.5655193286418844,0.505844703255808,0.1718551645757015,0.000525063319881332,5.010749225873398e-05,5.501937410282938,10.47873873172751,19957.09533489366,0.3936641640661829
6.24999999999999e-07,2.0,9.534068781611657e-05,0.7069289321881346,0.566034898998189,0.5058377555712755,0.17175379586989,0.000524946533079162,5.002369792733487e-05,5.506007390185347,10.4939569609929,19990.52531967177,0.394281103128299
6.299999999999989e-07,2.0,9.525176421599252e-05,0.7067103137257859,0.566534679774829,0.5058310213659564,0.1716555666843825,0.0005248329072995304,4.994264427608516e-05,5.509954700174456,10.50871284264066,20022.96863722224,0.39487911309044643
6.349999999999989e-07,2.0,9.516575950203124e-05,0.7064988893036954,0.5670181703463697,0.5058245073227061,0.1715605736572154,0.0005247225999047022,4.98643961809578e-05,5.51377513627409,10.52299115385825,20054.38903483363,0.3954575966891543
6.399999999999988e-07,2.0,9.508275983079951e-05,0.7062948675722421,0.5674848863191473,0.5058182199064449,0.1714689102114977,0.0005246157647456925,4.978901588566705e-05,5.517464620934494,10.53677714679867,20084.75126916244,0.3960159761076496
6.449999999999988e-07,2.0,9.500284838235603e-05,0.7060984498762432,0.5679343600297719,0.5058121653552476,0.1713806665009456,0.0005245125519213091,4.971656301089998e-05,5.52101920681924,10.55005656377159,20114.02115187966,0.3965536935288263
6.499999999999988e-07,2.0,9.492610523305413e-05,0.7059098300562505,0.5683661410255544,0.50580634967668,0.171295929286199,0.0005244131073675427,4.964709452994294e-05,5.524435083460353,10.56281565583382,20142.16560844028,0.3970702117393554
6.549999999999987e-07,2.0,9.485260731511032e-05,0.7057291942572544,0.5687797965268978,0.505800778639372,0.1712147818869739,0.0005243175726283294,4.95806647808028e-05,5.52770858076627,10.5750411969333,20169.15272155026,0.3975650146399239
6.599999999999987e-07,2.0,9.478242829602587e-05,0.7055567207449799,0.5691749118706773,0.5057954577698485,0.1711373040651579,0.0005242260844582087,4.951732544451028e-05,5.53083617538195,10.58672050140638,20194.95178754378,0.39803760780551933
6.649999999999986e-07,2.0,9.47156385449044e-05,0.7053925797299606,0.5695510909350375,0.5057903923445966,0.1710635719838663,0.000524138774608795,4.945712555955234e-05,5.533814493876668,10.59784143697694,20219.53335714749,0.39848751895117124
6.699999999999986e-07,2.0,9.465230501879718e-05,0.7052369331995614,0.5699079565441704,0.5057855873874041,0.1709936580976033,0.0005240557694486186,4.940011150229977e-05,5.536640318768088,10.60839244106204,20242.86928893766,0.39891429844656706
6.749999999999985e-07,2.0,9.459249123602884e-05,0.7050899347581163,0.5702451508537003,0.5057810476619486,0.1709276311184953,0.0005239771897689786,4.934632700324239e-05,5.539310591350667,10.61836253252546,20264.9327868778,0.399317519735205
6.799999999999985e-07,2.0,9.453625716973438e-05,0.7049517294753398,0.5705623357155881,0.5057767776696512,0.1708655559137627,0.0005239031504247073,4.929581312902658e-05,5.541822417344774,10.62774132670144,20285.69845034518,0.3996967798018254
6.849999999999984e-07,2.0,9.448365922843516e-05,0.7048224537431602,0.5708591930226923,0.5057727816427987,0.1708074934793762,0.0005238337601629284,4.924860830002102e-05,5.544173069328351,10.6365190458124,20305.14230794159,0.4000516995433161
6.899999999999984e-07,2.0,9.443475015697904e-05,0.7047022351411175,0.5711354250324033,0.5057690635429313,0.1707535008450664,0.0005237691212881436,4.920474827351269e-05,5.546359991974877,10.64468653262256,20323.24186359689,0.4003819241873369
6.949999999999983e-07,2.0,9.438957902458717e-05,0.7045911923104577,0.5713907546694571,0.5057656270545041,0.1707036310556061,0.0005237093295172197,4.916426616216272e-05,5.548380804053693,10.65223525944279,20339.97612618918,0.400687123613851
6.999999999999983e-07,2.0,9.43481911333833e-05,0.7044894348370485,0.5716249258072352,0.5057624755838221,0.1706579330835601,0.0005236544736719423,4.912719241795051e-05,5.550233303223579,10.65915734033694,20355.3256512703,0.40096699272367514
7.049999999999982e-07,2.0,9.431062801406981e-05,0.7043970631432306,0.5718377035274254,0.5057596122532512,0.1706164518183809,0.0005236046355630869,4.909355485116902e-05,5.55191546757059,10.66544553863405,20369.27256605432,0.40122125170904444
7.099999999999982e-07,2.0,9.427692734222284e-05,0.7043141683887136,0.5720288743585237,0.5057570399007012,0.1705792279870613,0.0005235598897133428,4.906337861473536e-05,5.553425459927267,10.67109327762643,20381.80060636238,0.4014496463714624
7.149999999999981e-07,2.0,9.424712294174181e-05,0.7042408323806125,0.5721982464916326,0.505754761074402,0.1705462981511975,0.0005235203032730681,4.903668622339391e-05,5.554761628920741,10.67609464652839,20392.89513659939,0.40165194834043516
7.199999999999981e-07,2.0,9.422124470901816e-05,0.7041771274927131,0.5723456499749413,0.5057527780329427,0.1705176946356886,0.0005234859357759093,4.901349753812025e-05,5.55592251279176,10.68044440959897,20402.54318154402,0.4018279553392527
7.24999999999998e-07,2.0,9.419931862428816e-05,0.7041231165940486,0.5724709368852668,0.5057510927406109,0.1704934455338955,0.0005234568390884885,4.899382978524854e-05,5.556906839929699,10.68413801049893,20410.73344099114,0.40197749135137134
7.29999999999998e-07,2.0,9.418136668377372e-05,0.7040788529868552,0.5725739814779524,0.5057497068679975,0.170473574644498,0.0005234330572007377,4.897769754071942e-05,5.557713532169983,10.68717157979022,20417.45631608373,0.4021004068334544
7.349999999999979e-07,2.0,9.41674069190469e-05,0.7040443803539692,0.5726546803139758,0.5057486217878973,0.1704581014848561,0.000523414626211354,4.896511274890048e-05,5.558341704797042,10.68954193765453,20422.70391836186,0.40219657882911974
7.399999999999979e-07,2.0,9.415745333718032e-05,0.7040197327157173,0.5727129523641448,0.5057478385764944,0.1704470412361033,0.0005234015741542604,4.895608470652406e-05,5.558790669303741,10.69124659972063,20426.47009038156,0.40226591112804144
7.449999999999978e-07,2.0,9.415151594819792e-05,0.7040049343963427,0.5727487390916206,0.5057473580098273,0.170440404764781,0.000523393921021183,4.895062008103226e-05,5.559059932848358,10.69228377811687,20428.75040897566,0.4023083343268396
7.499999999999978e-07,2.0,9.41496007133225e-05,0.704,0.5727620045107391,0.5057471805655395,0.1704381985762403,0.000523391678625508,4.894872289403664e-05,5.559149200463619,10.6926523856105,20429.54220000352,0.4023238059344988
7.549999999999977e-07,2.0,9.415170958051174e-05,0.7040049343963426,0.5727527352238739,0.5057473064199253,0.1704404248445898,0.0005233948506626158,4.895039453913555e-05,5.559058373959283,10.6923520349599,20428.84453567593,0.40231231037928417
7.599999999999977e-07,2.0,9.415784044084241e-05,0.7040197327157173,0.5727209404351241,0.5057477354502526,0.1704470813744331,0.0005234034326118471,4.895563376479284e-05,5.558787553574125,10.69138304135816,20426.6582433494,0.402273859060691
7.649999999999977e-07,2.0,9.41679871721608e-05,0.7040443803539691,0.5726666519414654,0.5057484672323767,0.1704581616391554,0.0005234174118349658,4.896443669158542e-05,5.558337036320152,10.68974642007707,20422.98589686116,0.40220849030231
7.699999999999976e-07,2.0,9.418213960360202e-05,0.7040788529868551,0.5725899241010947,0.5057495010436381,0.1704736547510056,0.0005234367675163511,4.897679679449181e-05,5.557707317076045,10.68744388720864,20417.83181934155,0.40211626935008904
7.749999999999976e-07,2.0,9.42002835673438e-05,0.7041231165940486,0.5724908337788726,0.505750835861057,0.1704935455077105,0.0005234614707994257,4.899270491958463e-05,5.556899086374834,10.68447785560365,20411.20206858091,0.40199728827116205
7.799999999999975e-07,2.0,9.422240087124934e-05,0.7041771274927131,0.5723694802694496,0.5057524703647922,0.1705178143708807,0.0005234914847647461,4.901214926576628e-05,5.55591323094231,10.6808514339197,20403.10443391378,0.40185166589856885
7.849999999999975e-07,2.0,9.424846935872137e-05,0.7042408323806124,0.5722259851975249,0.5057544029369101,0.1705464375209256,0.0005235267646038685,4.903511540096055e-05,5.554750830934736,10.67656842087524,20393.54841572191,0.4016795476765993
7.899999999999974e-07,2.0,9.427846288938544e-05,0.7043141683887136,0.5720604923952084,0.5057566316654227,0.1705793868437308,0.0005235672576343141,4.90615862434322e-05,5.553413159931573,10.67163330261062,20382.54521650059,0.4014811055514776
7.949999999999974e-07,2.0,9.431235140701745e-05,0.7043970631432305,0.5718731677578058,0.5057591543436177,0.1706166299938136,0.0005236129035098683,4.909154207758471e-05,5.551901681634952,10.6660512452908,20370.10771467703,0.4012565377639922
7.999999999999973e-07,2.0,9.435010092822249e-05,0.7044894348370484,0.5716641990760664,0.5057619684746664,0.1706581303892042,0.0005236636342712025,4.912496053500146e-05,5.550218049330416,10.65982809081532,20356.25045006401,0.40100606868686217
8.049999999999973e-07,2.0,9.439167361832797e-05,0.7045911923104576,0.5714337958471998,0.5057650712715215,0.1707038472827508,0.0005237193745908624,4.916181661007778e-05,5.548364102065277,10.65297034779435,20340.98959221552,0.400729948564449
8.099999999999972e-07,2.0,9.443702778799135e-05,0.7047022351411174,0.5711821890630062,0.5057684596620886,0.1707537357651047,0.0005237800418579111,4.92020826409633e-05,5.546341863596066,10.64548518565832,20324.34292054637,0.40042845329790155
8.149999999999972e-07,2.0,9.448611797695675e-05,0.7048224537431601,0.570909630976554,0.5057721302896848,0.1708077468440612,0.0005238455464555651,4.924572832528151e-05,5.544153538067248,10.63738042405266,20306.32978752444,0.4001018841324928
8.199999999999971e-07,2.0,9.453889495847008e-05,0.7049517294753397,0.5706163948466619,0.5057760795187692,0.1708658274555217,0.0005239157918776365,4.929272070124882e-05,5.54180150846866,10.62866452539641,20286.97109377988,0.39975056739114023
8.249999999999971e-07,2.0,9.459530583078517e-05,0.7050899347581162,0.5703027746611862,0.5057803034359527,0.1709279205507326,0.0005239906750364519,4.934302416376778e-05,5.539288331840395,10.61934658275798,20266.28924650088,0.3993748541104536
8.29999999999997e-07,2.0,9.465529402922638e-05,0.7052369331995613,0.5699690848384183,0.5057847978562889,0.1709939651150602,0.0005240700864084451,4.939660044605448e-05,5.536616737267948,10.60943631092137,20244.30812991047,0.39897511972335814
8.34999999999997e-07,2.0,9.47187994253084e-05,0.7053925797299604,0.5696156599081338,0.50578955832482,0.1710638962629659,0.0005241539103696274,4.945340863644543e-05,5.53378962064276,10.59894403281525,20221.05305928366,0.39855176364516787
8.399999999999969e-07,2.0,9.478575834625645e-05,0.7055567207449797,0.5692428541704861,0.5057945801234167,0.1711376452644119,0.0005242420253673099,4.95134051609298e-05,5.530810042226384,10.58788066915221,20196.55074721226,0.39810520890607426
8.449999999999969e-07,2.0,9.485610368154982e-05,0.7057291942572542,0.568851041336004,0.5057998582728627,0.1712151396473684,0.0005243343042799917,4.957654380106404e-05,5.527681221000341,10.57625772349097,20170.82925370319,0.39763590168863555
8.499999999999968e-07,2.0,9.492976490972167e-05,0.7059098300562504,0.5684406141435462,0.5058053875402179,0.1712963032316453,0.0005244306146120639,4.964277567781226e-05,5.524406531833301,10.56408727053627,20143.91794870866,0.3971443109119009
8.549999999999968e-07,2.0,9.500666821206922e-05,0.7060984498762429,0.5680119839597289,0.5058111624414351,0.1713810562387024,0.0005245308188745002,4.971204927106796e-05,5.520989499456912,10.55138193990673,20115.84745877681,0.3966309277210265
8.599999999999967e-07,2.0,9.508673650650611e-05,0.7062948675722419,0.5675655803576881,0.5058171772492408,0.1714693153326681,0.0005246347747990956,4.978431040524976e-05,5.517433795273343,10.53815490319161,20086.64962635597,0.39609626502502004
8.649999999999967e-07,2.0,9.516988956819875e-05,0.7064988893036952,0.5671018506775988,0.5058234259962566,0.1715609937371998,0.0005247423357363393,4.985950227092118e-05,5.513743230995676,10.52441985652105,20056.35745351624,0.395540856940399
8.699999999999966e-07,2.0,9.52560440701739e-05,0.7067103137257857,0.5666212595673839,0.5058299024833868,0.1716560012834194,0.0005248533508853432,4.993756541268327e-05,5.509921755135523,10.51019100646904,20025.0050585369,0.39496525828396445
8.749999999999966e-07,2.0,9.534511371057996e-05,0.7069289321881344,0.5661242885059191,0.5058366002834375,0.1717542445335391,0.0005249676657049931,5.001843775343892e-05,5.505973446348932,10.49548305152533,19992.62761722795,0.39437004397238
8.799999999999966e-07,2.0,9.543700925975766e-05,0.707154528940713,0.5656114353078152,0.5058435127499769,0.1718556268354217,0.000525085122155746,5.010205458512201e-05,5.501902509644919,10.48031116695306,19959.26131733835,0.39375580847239355
8.849999999999965e-07,2.0,9.553163869378549e-05,0.7073868813467633,0.5650832136109988,0.5058506330214375,0.1719600484526601,0.0005252055591200138,5.01883485962009e-05,5.497713269479213,10.46469098526526,19924.94329800875,0.39312316515833867
8.899999999999965e-07,2.0,9.562890724764638e-05,0.7076257601025129,0.5645401523473635,0.5058579540304347,0.1720674066254302,0.0005253288126517463,5.027724986584822e-05,5.493410165726189,10.44863858014211,19889.71160252878,0.39247274572193336
8.949999999999964e-07,2.0,9.572871755470347e-05,0.70787092946347,0.5639827951971106,0.5058654685083193,0.172177595706693,0.000525454716402032,5.03686858952847e-05,5.488997746563178,10.43217044602751,19853.60511646018,0.3918051994904176
8.999999999999964e-07,2.0,9.583096970554889e-05,0.708122147477075,0.5634117000271042,0.5058731689949393,0.1722905072289833,0.0005255831018723025,5.046258160603683e-05,5.484480664248921,10.41530348121205,19816.66351925939,0.39112119279812085
9.049999999999963e-07,2.0,9.59355613930151e-05,0.7083791662214785,0.5628274383146121,0.5058810478436115,0.1724060300463649,0.0005257137988411133,5.055885937574521e-05,5.47986366784151,10.39805496666952,19778.92722160053,0.3904214082682472
9.099999999999963e-07,2.0,9.604238797626862e-05,0.7086417320502097,0.5622305945556236,0.5058890972312984,0.1725240504067812,0.0005258466356168677,5.065743904117131e-05,5.475151598826148,10.38044254841804,19740.43731636849,0.3897065441488424
9.149999999999962e-07,2.0,9.615134263089727e-05,0.7089095858424961,0.5616217656603537,0.5058973091639716,0.1726444520993655,0.0005259814394616694,5.075823793914357e-05,5.470349383709801,10.36248421571082,19701.23551568017,0.3889773135609882
9.199999999999962e-07,2.0,9.626231641778844e-05,0.7091824632589826,0.5610015603344706,0.5059056754871765,0.1727671165319431,0.000526118036839619,5.086117091495841e-05,5.46546202954058,10.34419828279821,19661.36410174342,0.3882344438025275
9.249999999999961e-07,2.0,9.637519843780368e-05,0.7094600950026043,0.560370598448983,0.5059141878917529,0.172891922883284,0.0005262562538337469,5.096615036914762e-05,5.460494616421107,10.3256033665889,19620.86586404906,0.3874786755656989
9.299999999999961e-07,2.0,9.648987590491888e-05,0.709742207084349,0.5597295103968658,0.5059228379247519,0.1730187481853223,0.0005263959163859253,5.107308627196877e-05,5.455452292960862,10.30671836792513,19579.78405054495,0.3867107622115435
9.34999999999996e-07,2.0,9.660623430497336e-05,0.7100285210936519,0.5590789364405515,0.5059316169954843,0.1731474674799055,0.000526536850703117,5.118188621665105e-05,5.450340268749068,10.28756244883797,19538.16230544995,0.385931468960646
9.39999999999996e-07,2.0,9.672415747254941e-05,0.710318754473153,0.5584195260473425,0.5059405163867482,0.1732779539052789,0.0005266788834852886,5.129245544062144e-05,5.445163809779659,10.26815501345996,19496.04462117527,0.38514157214206357
9.449999999999959e-07,2.0,9.68435277532087e-05,0.7106126207975468,0.5577519372169446,0.5059495272611718,0.1734100788568627,0.0005268218423172074,5.140469688593768e-05,5.43992823092293,10.24851568498063,19453.47527715042,0.38434185836008194
9.499999999999959e-07,2.0,9.696422608354863e-05,0.7109098300562502,0.5570768357989783,0.505958640672708,0.1735437120775239,0.0005269655558809151,5.151851122789687e-05,5.43463889136081,10.22866428631516,19410.4987928787,0.38353312372145437
9.54999999999996e-07,2.0,9.708613215634823e-05,0.7112100889396075,0.556394894804086,0.5059678475732391,0.1736787218218901,0.0005271098543297674,5.163379694328126e-05,5.429301187094365,10.20862081688061,19367.15986814762,0.3827161729821959
9.599999999999959e-07,2.0,9.720912450321745e-05,0.7115131011283512,0.5557067937070576,0.5059771388242892,0.173814974949921,0.0005272545694823351,5.175045034696366e-05,5.423920546424792,10.18840543313785,19323.50333756415,0.38189181875713657
9.649999999999958e-07,2.0,9.733308066201294e-05,0.7118185675860342,0.5550132177442093,0.5059865052038492,0.1739523370942463,0.0005273995351754714,5.186836566861893e-05,5.418502422531316,10.16803842528926,19279.57411245393,0.381060880649963
9.699999999999958e-07,2.0,9.745787726147997e-05,0.7121261868541424,0.5543148572060288,0.5059959374182694,0.1740906727565174,0.0005275445874368728,5.198743509787711e-05,5.413052289030889,10.14754019781243,19235.41713718503,0.3802241844495114
9.749999999999957e-07,2.0,9.758339019033034e-05,0.7124356553495974,0.5536124067246841,0.5060054261092541,0.1742298454772547,0.0005276895648145682,5.210754887003496e-05,5.407575632658134,10.12693124619458,19191.07733303996,0.3793825612474294
9.799999999999957e-07,2.0,9.770949468319523e-05,0.7127466676643567,0.5529065645587159,0.5060149618658962,0.1743697179344438,0.000527834308525395,5.222859532034353e-05,5.402077948934132,10.10623213754705,19146.59955655538,0.3785368466242721
9.849999999999957e-07,2.0,9.783606549077249e-05,0.7130589168668146,0.5521980318751706,0.5060245352317856,0.1745101521153551,0.000527978662758819,5.235046097914972e-05,5.396564734976888,10.08546348749639,19102.0285456184,0.3776878797598155
9.899999999999956e-07,2.0,9.796297696644138e-05,0.7133720948047065,0.5514875120298214,0.506034136717143,0.1746510094168433,0.0005281224747991974,5.24730306357713e-05,5.391041485306441,10.06464594097929,19057.40888002554,0.3768365026129781
9.949999999999956e-07,2.0,9.809010323681123e-05,0.7136858924092184,0.5507757098470032,0.5060437568060002,0.1747921508185936,0.0005282655953019077,5.259618744350724e-05,5.385513684811585,10.04380014937983,19012.78492997396,0.37598355902840963
9.999999999999955e-07,2.0,9.821731828837073e-05,0.7139999999999996,0.5500633308994132,0.5060533859683823,0.1749334369845613,0.0005284078783878242,5.271981299342374e-05,5.379986804715354,10.02294675160812,18968.20081901162,0.37512989391485185
1.004999999999995e-06,2.0,9.834449613779258e-05,0.714314107590781,0.5493510807891391,0.5060630146675086,0.1750747284370958,0.0005285491818902791,5.28437874295436e-05,5.374466295720342,10.00210635157428,18923.70037505915,0.37427635235204326
1.009999999999995e-06,2.0,9.847151091797306e-05,0.7146279051952928,0.5486396644305571,0.5060726333719782,0.1752158856589587,0.0005286893674205057,5.296798953278981e-05,5.368957584155437,9.981299499638755,18879.32709586703,0.3734237787715984
1.014999999999995e-06,2.0,9.859823704746465e-05,0.7149410831331848,0.5479297853363051,0.5060822325629447,0.1753567692677584,0.0005288283005844784,5.309229684652321e-05,5.36346606531898,9.96054667051213,18835.12410266888,0.3725730160685467
1.019999999999995e-06,2.0,9.872454931528082e-05,0.7152533323356427,0.5472221449068048,0.5060918027462511,0.1754972401179918,0.0005289658510185691,5.321658577075883e-05,5.357997099824272,9.939868245159435,18791.13410822148,0.3717249047888129
1.024999999999995e-06,2.0,9.885032304880307e-05,0.715564344650402,0.5465174417241757,0.5061013344595438,0.1756371594752071,0.0005291018925755989,5.334073169812536e-05,5.352556007156982,9.919284489196347,18747.39937313505,0.37088028224896863
1.029999999999995e-06,2.0,9.897543419677496e-05,0.715873813145857,0.5458163708523897,0.5061108182842988,0.1757763891175161,0.0005292363033305658,5.34646091182864e-05,5.347148062233592,9.898815535332366,18703.96167654711,0.3700399817348735
1.034999999999995e-06,2.0,9.909975949508123e-05,0.7161814324139651,0.545119623142418,0.5061202448528266,0.1759147915089209,0.0005293689657358382,5.358809176421744e-05,5.341778489185957,9.87848136233348,18660.86227514698,0.36920483163349715
1.039999999999995e-06,2.0,9.922317654732503e-05,0.7164868988716482,0.5444278845460205,0.5061296048601518,0.176052229899722,0.000529499766597043,5.371105272665578e-05,5.336452458144387,9.858301778067036,18618.14187648046,0.3683756546462985
1.044999999999995e-06,2.0,9.934556398791937e-05,0.7167899110603919,0.5437418354355652,0.5061388890708586,0.1761885684984527,0.0005296285971978748,5.383336461040122e-05,5.331175079259244,9.838296399098645,18575.84060065955,0.3675532669371125
1.049999999999995e-06,2.0,9.946680155967531e-05,0.7170901699437492,0.5430621499342763,0.5061480883307864,0.1763236725706175,0.0005297553532466978,5.395489965844532e-05,5.325951399717358,9.818484634393672,18533.99795626299,0.3667384773636587
1.054999999999995e-06,2.0,9.958677027370232e-05,0.7173873792024525,0.5423894952543588,0.5061571935736585,0.1764574086086869,0.000529879934971999,5.407552991779366e-05,5.320786398007441,9.79888566561492,18492.65280470137,0.3659320866456719
1.059999999999995e-06,2.0,9.970535248345775e-05,0.7176812455268464,0.5417245310461608,0.506166195832563,0.1765896444286087,0.0005300022470406635,5.41951273727474e-05,5.315684981176161,9.779518431525652,18451.84333864784,0.3651348866175521
1.064999999999995e-06,2.0,9.982243204095041e-05,0.7179714789063475,0.5410679087573467,0.506175086246326,0.1767202493373057,0.000530122198625351,5.431356411959541e-05,5.310651979341877,9.760401609035485,18411.60704898792,0.364347659420041
1.069999999999995e-06,2.0,9.99378943667942e-05,0.7182577929156504,0.5404202710039869,0.5061838560707268,0.176849094226429,0.0005302397032960426,5.443071250827488e-05,5.305692143193594,9.741553598355567,18371.98070570864,0.3635711767775579
1.074999999999995e-06,2.0,0.000100051626602253,0.7185399049973952,0.5397822509533344,0.5061924966845813,0.176976051736823,0.0005303546790610611,5.45464453250768e-05,5.300810138755335,9.722992504834034,18333.00032734245,0.36280619921651147
1.079999999999995e-06,2.0,0.0001001635176748385,0.7188175367410168,0.5391544717188927,0.5062009996006649,0.1771009963489765,0.0005304670482336744,5.466063594175623e-05,5.296010545129419,9.70473612489461,18294.70116420805,0.3620534753699163
1.084999999999995e-06,2.0,0.0001002734584458091,0.7190904141575034,0.5385375457695194,0.5062093564714584,0.1772238045439422,0.0005305767374489764,5.4773158505164e-05,5.291297849511279,9.686801928702975,18257.11767024938,0.3613137412255772
1.089999999999995e-06,2.0,0.0001003813417709328,0.7193582679497896,0.5379320743507999,0.5062175590997425,0.1773443548899726,0.0005306836775078565,5.488388809263847e-05,5.286676445176384,9.669207046922693,18220.28348851854,0.36058771946082735
1.094999999999995e-06,2.0,0.0001004870626430381,0.719620833778521,0.5373386469219232,0.5062255994439928,0.1774625281993758,0.0005307878033720251,5.499270090734115e-05,5.282150626744076,9.651968254230054,18184.2314252746,0.35987611872254743
1.099999999999995e-06,2.0,0.0001005905182476413,0.7198778525229245,0.536757840605891,0.506233469628597,0.1775782076108481,0.0005308890539881046,5.509947443853072e-05,5.277724588405383,9.635101956922789,18148.99343759813,0.35917963299504296
1.104999999999995e-06,2.0,0.0001006916081002088,0.7201290705365294,0.5361902196554945,0.5062411619488767,0.1776912787417748,0.0005309873722634443,5.520408766117661e-05,5.273402419432795,9.618624177297505,18114.60060960794,0.3584989409137197
1.109999999999994e-06,2.0,0.0001007902340963718,0.7203742398974866,0.5356363349341893,0.506248668880901,0.1778016297657792,0.0005310827048732506,5.530642119955439e-05,5.269188102645169,9.602550542133606,18081.0831420793,0.3578347051684101
1.114999999999994e-06,2.0,0.0001008863006436445,0.7206131186532362,0.5350967234129463,0.5062559830861098,0.1779091515599988,0.0005311750022202653,5.540635752947578e-05,5.265085510158851,9.58689626795416,18048.47033064765,0.3571875718529475
1.119999999999994e-06,2.0,0.0001009797147059571,0.7208454710592866,0.534571907682557,0.5062630974207042,0.1780137377773968,0.0005312642182278848,5.550378114352756e-05,5.261098402084938,9.571676150388484,18016.79055727922,0.3565581699051602
1.124999999999994e-06,2.0,0.0001010703859296387,0.7210710678118651,0.5340623954830006,0.506270004939841,0.1781152849885663,0.0005313503102870348,5.559857875408478e-05,5.257230422515967,9.556904550334336,17986.07127032956,0.3559471104944343
1.129999999999994e-06,2.0,0.0001011582266820678,0.7212896862742139,0.5335686792482582,0.5062766989065913,0.1782136927483688,0.0005314332390385327,5.569063945831717e-05,5.253485098450063,9.54259538420806,17956.3389777284,0.35535498649988945
1.134999999999994e-06,2.0,0.0001012431521717428,0.7215011106963043,0.5330912356689016,0.5062831727956776,0.178308863731849,0.000531512968310472,5.577985494006089e-05,5.2498658360067,9.528762111009746,17927.61922874424,0.3547823719370526
1.139999999999994e-06,2.0,0.0001013250804809238,0.7217051324277576,0.5326305252707119,0.5062894203019858,0.1784007037947835,0.0005315894648933297,5.586611963255729e-05,5.246375919571493,9.515417723473558,17899.93660875682,0.35422982147592835
1.144999999999994e-06,2.0,0.0001014039326796351,0.7219015501237567,0.5321869920108,0.5062954353438435,0.1784891221033115,0.0005316626984712028,5.594933091715387e-05,5.24301850823448,9.502574736031326,17873.31472257881,0.3536978699074885
1.149999999999994e-06,2.0,0.0001014796328522025,0.7220901699437492,0.5317610628906098,0.5063012120710563,0.1785740311880149,0.000531732641393125,5.602938928168661e-05,5.239796635148594,9.490245176863342,17847.77619067951,0.35318703170259486
1.154999999999994e-06,2.0,0.0001015521082051194,0.7222708057427454,0.5313531475865116,0.506306744867716,0.1786553470668943,0.0005317992686017553,5.610619851384177e-05,5.236713204183462,9.478440576767234,17823.34263393898,0.35269780051961735
1.159999999999994e-06,2.0,0.0001016212890873813,0.7224432792550199,0.5309636380972025,0.5063120283597675,0.17873298929262,0.0005318625574042346,5.617966585305369e-05,5.233770989491163,9.46717196210103,17800.034671186,0.3522306488045825
1.164999999999994e-06,2.0,0.0001016871090921756,0.7226074202700392,0.5305929084091858,0.5063170574173238,0.1788068810685093,0.0005319224874018289,5.624970217635014e-05,5.230972632368133,9.456449844555312,17777.87190525684,0.35178602734067654
1.169999999999994e-06,2.0,0.0001017495050709869,0.7227630668004384,0.5302413141788657,0.5063218271617538,0.1788769492886293,0.0005319790402637523,5.631622214159282e-05,5.22832064102141,9.446284214985626,17756.87292172679,0.35136436489023637
1.174999999999994e-06,2.0,0.0001018084172290693,0.7229100652418835,0.5299091924329026,0.506326332967508,0.1789431246464611,0.0005320321996610787,5.637914436364547e-05,5.225817387631986,9.436684534080033,17737.05527614964,0.35096606778644146
1.179999999999994e-06,2.0,0.0001018637891333139,0.72304827052466,0.5295968612850649,0.5063305704687171,0.1790053416675507,0.0005320819510467997,5.643839154681524e-05,5.223465108315047,9.427659727074992,17718.43549386958,0.3505915196175142
1.184999999999994e-06,2.0,0.0001019155678015213,0.7231775462568396,0.5293046196717486,0.5063345355605262,0.1790635388105794,0.0005321282815973076,5.64938906492053e-05,5.221265900377999,9.419218175315974,17701.0290583353,0.3502410808611692
1.189999999999994e-06,2.0,0.0001019637037040326,0.7232977648588823,0.5290327471033025,0.5063382244051968,0.1791176584922975,0.0005321711800017245,5.654557300230569e-05,5.219221722468656,9.411367711845891,17684.85041188325,0.349915088611005
1.194999999999994e-06,2.0,0.0001020081508468029,0.7234088076895421,0.5287815034343597,0.5063416334329506,0.1791676471807457,0.0005322106364138989,5.659337446152493e-05,5.217334392021861,9.404115613846686,17669.91294501887,0.34961385625361396
1.199999999999994e-06,2.0,0.0001020488667668534,0.7235105651629514,0.5285511286500651,0.5063447593475725,0.1792134554122362,0.0005322466422540093,5.663723551093725e-05,5.215605585589993,9.397468599102561,17656.22899809242,0.34933767323782894
1.204999999999994e-06,2.0,0.0001020858126091652,0.7236029368567692,0.528341842670761,0.5063475991267611,0.1792550378765053,0.0005322791901737715,5.667710139813544e-05,5.214036836472509,9.391432819309323,17643.80985144907,0.3490868047942557
1.209999999999993e-06,2.0,0.0001021189531159679,0.7236858316112862,0.5281538451725977,0.5063501500272389,0.1792923534255348,0.0005323082738727883,5.671292222237134e-05,5.212629535223987,9.386013857399337,17632.66572790943,0.3488614917470629
1.214999999999993e-06,2.0,0.0001021482566975197,0.7237591676193873,0.5279873154268588,0.5063524095846006,0.1793253651504469,0.0005323338880795507,5.674465305199747e-05,5.211384927461433,9.381216721719158,17622.80578372131,0.34866195027641195
1.219999999999993e-06,2.0,0.0001021736954152746,0.7238228725072868,0.527842412154743,0.5063543756179312,0.1793540403819921,0.000532356028384778,5.677225399442065e-05,5.210304114545686,9.377045844209318,17614.23811177686,0.34848837177275094
1.224999999999993e-06,2.0,0.0001021952450465573,0.7238768834059512,0.527719273400613,0.5063560462291637,0.1793783507590312,0.0005323746912401709,5.679569029469977e-05,5.209388051562446,9.37350507543444,17606.96973328839,0.3483409226415818
1.229999999999993e-06,2.0,0.0001022128850616741,0.7239211470131447,0.5276180164210784,0.5063574198071951,0.1793982722205485,0.0005323898738107054,5.681493238595419e-05,5.208637548173335,9.370597683617468,17601.00660169439,0.3482197442005299
1.234999999999993e-06,2.0,0.0001022265986825172,0.7239556196460307,0.5275387375919011,0.5063584950267535,0.1794137850655981,0.0005324015739928304,5.682995596791652e-05,5.208053266767181,9.36832635051484,17596.35359500458,0.34812495252630293
1.239999999999993e-06,2.0,0.0001022363728536506,0.7239802672842827,0.527481512331267,0.5063592708520201,0.179424873936731,0.0005324097902871805,5.684074203673125e-05,5.207635723478397,9.366693171301849,17593.01452035561,0.34805663839453604
1.244999999999993e-06,2.0,0.0001022421982948742,0.7239950656036572,0.5274463950400844,0.506359746535007,0.1794315278713156,0.0005324145218374809,5.684727694255817e-05,5.207385286505712,9.365699651286091,17590.99210698269,0.3480148671687688
1.249999999999993e-06,2.0,0.0001022440694663065,0.724,0.5274334190590708,0.506359921618678,0.1794337402763082,0.0005324157683246554,5.684955239803146e-05,5.207302177296028,9.365346706636364,17590.28801139034,0.3479996787827626
1.254999999999993e-06,2.0,0.0001022419846149419,0.7239950656036573,0.5274425966427357,0.50635979593484,0.1794315089708807,0.0005324135300273682,5.684756551428157e-05,5.20738646902902,9.365634661938376,17590.90281093523,0.34801108767185507
1.259999999999993e-06,2.0,0.0001022359457337455,0.7239802672842827,0.5274739189500794,0.5063593696067705,0.1794248361525023,0.0005324078077380691,5.684131878764051e-05,5.207638087965539,9.36656325176317,17592.83600959375,0.3480490827975772
1.264999999999993e-06,2.0,0.0001022259586021975,0.7239556196460308,0.5275273560518442,0.5063586430466163,0.179413728430846,0.0005323986028454671,5.683082011384571e-05,5.208056812097186,9.36813161905715,17596.0860321347,0.3481136276209982
1.269999999999993e-06,2.0,0.0001022120327394175,0.7239211470131448,0.527602856955131,0.5063576169575283,0.1793981967851651,0.0005323859172726871,5.681608275287543e-05,5.208642272659354,9.37033831755575,17600.65023049113,0.3482046601699659
1.274999999999993e-06,2.0,0.0001021941814387097,0.7238768834059515,0.5277003496441453,0.506356292330568,0.1793782565895012,0.0005323697535816492,5.679712532139204e-05,5.209393952945667,9.37318131101149,17606.52487852868,0.348322093054644
1.279999999999993e-06,2.0,0.0001021724217146713,0.7238228725072869,0.5278197411380756,0.5063546704463544,0.1793539275613714,0.0005323501149327951,5.677397173601117e-05,5.21031118998682,9.376657976442585,17613.70517901797,0.34846581357670425
1.284999999999993e-06,2.0,0.000102146774331752,0.7237591676193875,0.5279609175659404,0.5063527528714707,0.1793252337783183,0.0005323270052109507,5.674665118435258e-05,5.211393173530646,9.380765104209981,17622.18525902621,0.3486356837876221
1.289999999999993e-06,2.0,0.0001021172637453363,0.7236858316112864,0.5281237442579003,0.5063505414596243,0.1792922036179709,0.0005323004290058203,5.671519804732115e-05,5.212638947888482,9.385498902105352,17631.9581775177,0.3488315406399294
1.294999999999993e-06,2.0,0.0001020839181242611,0.7236029368567696,0.5283080658538545,0.5063480383475606,0.1792548697660064,0.000532270391758193,5.667965184953545e-05,5.214047411082957,9.39085499627245,17643.01592138654,0.34905319608784807
1.299999999999993e-06,2.0,0.0001020467692858682,0.7235105651629516,0.5285137064287007,0.5063452459557238,0.1792132691476821,0.0005322368997600315,5.66400571614945e-05,5.215617316864297,9.396828436145384,17655.34941373308,0.34930043728101856
1.304999999999993e-06,2.0,0.0001020058527124506,0.7234088076895424,0.5287404696349556,0.5063421669836848,0.1791674429273121,0.0005321999603195974,5.65964635304172e-05,5.217347274028578,9.403413696221,17668.94851058247,0.34957302670764345
1.309999999999993e-06,2.0,0.0001019612074802213,0.7232977648588826,0.5289881388617815,0.5063388044103034,0.1791174364313932,0.0005321595817793482,5.654892536351748e-05,5.219235748607584,9.410604681847248,17683.80200988134,0.3498707024303883
1.314999999999992e-06,2.0,0.0001019128762696574,0.7231775462568399,0.5292564774119358,0.5063351614886638,0.1790632991397405,0.0005321157736981575,5.649750184057005e-05,5.221281063360884,9.41839473185437,17699.89764895966,0.3501931782721953
1.319999999999992e-06,2.0,0.0001018609052883732,0.7230482705246604,0.529545228695266,0.5063312417457388,0.1790050846003643,0.0005320685468850538,5.644225677971259e-05,5.223481400143535,9.426776625209264,17717.22211432617,0.3505401440949017
1.324999999999992e-06,2.0,0.0001018053442752834,0.7229100652418838,0.5298541164394226,0.5063270489768379,0.1789428504124349,0.0005320179135961136,5.638325853336696e-05,5.225834799576355,9.435742584499112,17735.76103992308,0.3509112660269877
1.329999999999992e-06,2.0,0.0001017462464173661,0.7227630668004389,0.5301828449184265,0.5063225872447723,0.1788766581330987,0.0005319638875817037,5.632057983822469e-05,5.228339163596424,9.445284283466496,17755.49901780843,0.35130618678532777
1.334999999999992e-06,2.0,0.0001016836683476328,0.7226074202700397,0.5305310991977251,0.5063178608738079,0.1788065732524833,0.0005319064842955895,5.625429769627099e-05,5.230992255310411,9.455392851359848,17776.41959729396,0.35172452594524184
1.339999999999992e-06,2.0,0.0001016176700557057,0.7224432792550204,0.5308985453971283,0.5063128744483436,0.1787326650926683,0.0005318457209527063,5.618449321089287e-05,5.233791701733766,9.466058881342615,17798.50529658463,0.35216588030446005
1.344999999999992e-06,2.0,0.0001015483148795934,0.7222708057427458,0.5312848309707827,0.5063076328063683,0.1786550067749663,0.0005317816167477468,5.611125145491775e-05,5.236734993832538,9.477272435725364,17821.73760290205,0.35262982419581645
1.349999999999992e-06,2.0,0.0001014756694100918,0.7220901699437497,0.5316895850050358,0.5063021410376453,0.178573675111307,0.0005317141929205707,5.603466129482678e-05,5.239819489457359,9.489023055264893,17846.09698519444,0.3531159098937288
1.354999999999992e-06,2.0,0.0001013998034763147,0.7219015501237571,0.5321124185326502,0.5062964044766877,0.178488750564056,0.0005316434729809986,5.595481524792724e-05,5.243042413580068,9.501299765272526,17871.56289533176,0.35362366796859424
1.359999999999992e-06,2.0,0.0001013207900439284,0.7217051324277581,0.532552924865698,0.5062904287004533,0.1784003171300974,0.0005315694827786752,5.587180929677996e-05,5.24640086142908,9.514091085811874,17898.11378200048,0.35415260773560064
1.364999999999992e-06,2.0,0.0001012387051944805,0.7215011106963048,0.5330106799445744,0.5062842195208315,0.1783084622934923,0.000531492250730958,5.578574273759838e-05,5.249891798927062,9.527385038699927,17925.72709309867,0.3547022176510821
1.369999999999992e-06,2.0,0.0001011536280174582,0.7212896862742144,0.5334852427051556,0.506277782981864,0.1782132769025651,0.000531411807893706,5.56967179871041e-05,5.253512066034892,9.54116915859832,17954.37929092228,0.3552719658025905
1.374999999999992e-06,2.0,0.0001010656405834561,0.7210710678118658,0.5339761554624678,0.5062711253517557,0.1781148551157303,0.0005313281881888944,5.560484042431737e-05,5.257258377397096,9.555430500912498,17984.04585588335,0.35586130034673746
1.379999999999992e-06,2.0,0.0001009748278301337,0.7208454710592872,0.5344829443121769,0.5062642531196206,0.1780132942719317,0.0005312414284729612,5.551021819198682e-05,5.261127325901297,9.570155653786435,18014.70130312612,0.3564696500402452
1.384999999999992e-06,2.0,0.0001008812775292845,0.7206131186532369,0.5350051195483014,0.5062571729870226,0.1779086948299922,0.0005311515687606563,5.541296203394541e-05,5.265115383538093,9.58533074689778,18046.31918769133,0.35709642471830927
1.389999999999992e-06,2.0,0.0001007850801667689,0.7203742398974873,0.5355421760984505,0.5062498918642692,0.1778011602327689,0.0005310586522874187,5.531318509325602e-05,5.269218905183318,9.600941464355616,18078.87212269618,0.3577410158656815
1.394999999999992e-06,2.0,0.0001006863289035959,0.7201290705365302,0.5360935939751046,0.5062424168614953,0.1776907968404097,0.0005309627257260344,5.521100274722238e-05,5.273434129678925,9.616973054392618,18112.33178608242,0.3584027971346949
1.399999999999992e-06,2.0,0.0001005851194499717,0.7198778525229251,0.5366588387439684,0.5062347552845097,0.1775777137886291,0.0005308638392396214,5.510653240431109e-05,5.277757183844564,9.633410343164522,18146.66894050056,0.3590811249553393
1.404999999999992e-06,2.0,0.0001004815500205404,0.7196208337785217,0.5372373620080416,0.5062269146254387,0.1774620229162808,0.0005307620466877109,5.499989333881905e-05,5.282184083785832,9.650237745335733,18181.85344178109,0.35977533909176085
1.409999999999992e-06,2.0,0.0001003757212026977,0.7193582679497904,0.5378286019077848,0.5062189025581507,0.1773438386181658,0.0005306574056663796,5.489120648854906e-05,5.286710739141678,9.667439278768283,18217.8542606567,0.360484763289619
1.414999999999992e-06,2.0,0.0001002677359062012,0.7190904141575041,0.5384319836372478,0.5062107269284786,0.1772232777673638,0.0005305499777005611,5.478059429099101e-05,5.291332954625462,9.684998575997799,18254.63949310342,0.36120870586988396
1.419999999999991e-06,2.0,0.0001001576992259732,0.7188175367410176,0.5390469199749265,0.5062023957492359,0.1771004595630215,0.0005304398282681357,5.466818048355811e-05,5.296046434513692,9.702898899802777,18292.17638404406,0.361946460411905
1.424999999999991e-06,2.0,0.0001000457183863011,0.718539904997396,0.5396728118302937,0.5061939171900451,0.1769755054478938,0.0005303270269752916,5.455408994303413e-05,5.300846784424879,9.721123155551927,18330.4313396889,0.3626973063823999
1.429999999999991e-06,2.0,9.993190259841211e-05,0.7182577929156512,0.5403090488041766,0.5061852995719679,0.1768485389515876,0.0005302116475616252,5.443844848999773e-05,5.305729516053898,9.73965390764294,18369.3699533655,0.36346050985258904
1.434999999999991e-06,2.0,9.98163629995333e-05,0.7179714789063483,0.5409550097637975,0.5061765513569716,0.1767196856037833,0.000530093768055612,5.43213827331107e-05,5.310690049192622,9.758473392697754,18408.95701998518,0.36423532416001425
1.439999999999991e-06,2.0,9.96992125055672e-05,0.7176812455268473,0.5416100634311513,0.5061676811421976,0.1765890727734322,0.0005299734707580184,5.420301987918211e-05,5.315723716713033,9.777563536853167,18449.15656413588,0.3650209906577191
1.444999999999991e-06,2.0,9.958056574535066e-05,0.7173873792024534,0.5422735689847022,0.5061586976490928,0.1764568295781534,0.0005298508423748903,5.408348758366266e-05,5.320825766831844,9.796905969779688,18489.93185679979,0.36581673940654885
1.449999999999991e-06,2.0,9.946053890878483e-05,0.71709016994375,0.5429448766736192,0.5061496097173535,0.1763230867198847,0.0005297259739767857,5.396291376762811e-05,5.325991368344234,9.816482042794432,18531.2454458286,0.3666217899537345
1.454999999999991e-06,2.0,9.933924967668378e-05,0.7167899110603928,0.543623328443959,0.5061404262937504,0.176187976390984,0.0005295989611070178,5.384142647565131e-05,5.331215613132954,9.836272843672115,18573.05917502445,0.367435352052975
1.459999999999991e-06,2.0,9.921681706476805e-05,0.7164868988716491,0.5443082585765128,0.506131156425785,0.1760516321068465,0.0005294699037146003,5.371915370077034e-05,5.336493521652682,9.856259215546944,18615.33421710737,0.3682566264696663
1.464999999999991e-06,2.0,9.909336134954758e-05,0.7161814324139659,0.5449989943352921,0.5061218092502462,0.1759141886092455,0.0005293389062358889,5.359622325068783e-05,5.341820045682207,9.876421772481807,18658.03109526316,0.3690848057260466
1.469999999999991e-06,2.0,9.896900390861568e-05,0.7158738131458577,0.545694856625996,0.5061123939866163,0.1757757816964537,0.000529206077499409,5.347276258162199e-05,5.347190074057244,9.896740919110309,18701.10971868301,0.36991907492954235
1.474999999999991e-06,2.0,9.884386714305584e-05,0.7155643446504029,0.5463951606643511,0.506102919925392,0.1756365481243624,0.0005290715307794413,5.334889867358225e-05,5.352598435662064,9.917196866922978,18744.52940666211,0.3707586125399887
1.479999999999991e-06,2.0,9.871807431454411e-05,0.7152533323356436,0.5470992166526579,0.5060933964212873,0.1754966254346626,0.0005289353836714696,5.322475787375073e-05,5.358039905406242,9.937769654605207,18788.24892678709,0.3716025912179953
1.484999999999991e-06,2.0,9.859174946477605e-05,0.7149410831331857,0.5478063304646986,0.5060838328813649,0.1753561518542883,0.0005287977581165213,5.310046578142732e-05,5.363509207449876,9.958439164981415,18832.22652163185,0.3724501786104103
1.489999999999991e-06,2.0,9.846501724993474e-05,0.7146279051952936,0.5485158043376653,0.5060742387580696,0.1752152661222175,0.0005286587802464433,5.297614710139437e-05,5.369001021416845,9.979185145998068,18876.41994964332,0.37330053821544784
1.494999999999991e-06,2.0,9.833800285768305e-05,0.7143141075907818,0.5492269375703945,0.5060646235372166,0.1750741073878019,0.0005285185803783222,5.285192553891863e-05,5.37450998584505,9.999987228263546,18920.7865144597,0.3741528301825926
1.499999999999991e-06,2.0,9.821083183955942e-05,0.7140000000000005,0.5499390272273302,0.5060549967309012,0.1749328150367492,0.0005283772928291265,5.272792366339841e-05,5.380030704626206,10.02082494660992,18965.28310850517,0.37500621219058106
1.504999999999991e-06,2.0,9.808363002613917e-05,0.7136858924092193,0.5506513688472876,0.5060453678653939,0.1747915285889033,0.0005282350558801347,5.260426281359074e-05,5.385557750669593,10.04167775816945,19009.86624493941,0.3758598402583843
1.509999999999991e-06,2.0,9.795652335794302e-05,0.7133720948047074,0.5513632571557832,0.5060357464739673,0.1746503875239734,0.0005280920115609195,5.248106297168222e-05,5.391085672555343,10.06252506443835,19054.49210393435,0.3767128696318097
1.514999999999991e-06,2.0,9.782963779937289e-05,0.7130589168668154,0.5520739867808101,0.506026142084742,0.1745095311793345,0.0005279483055840506,5.235844267878899e-05,5.3966089983971,10.08334622981307,19099.11656721432,0.3775644556014756
1.519999999999991e-06,2.0,9.770309916875937e-05,0.7127466676643576,0.5527828529703713,0.5060165642134875,0.1743690985760638,0.000527804087099,5.223651891939167e-05,5.402122242692888,10.10412060408306,19143.69526696718,0.3784137543943075
1.52499999999999e-06,2.0,9.75770330516978e-05,0.7124356553495983,0.553489152311661,0.5060070223514606,0.1742292283173302,0.0005276595085978574,5.211540704700868e-05,5.407619910368844,10.12482754134305,19188.18362289656,0.3792599239943307
1.52999999999999e-06,2.0,9.74515646308661e-05,0.7121261868541433,0.5541921834502025,0.5059975259582279,0.174090058415302,0.0005275147256401398,5.199522067882399e-05,5.41309650380842,10.14544642282824,19232.53689367008,0.3801021250349005
1.53499999999999e-06,2.0,9.732681859940111e-05,0.7118185675860351,0.5548912478089435,0.5059880844495426,0.1739517261906846,0.0005273698967307493,5.187607163129122e-05,5.418546527056304,10.16595667611508,19276.71021636897,0.3809395216182589
1.53999999999999e-06,2.0,9.720291899112038e-05,0.711513101128352,0.5555856503052565,0.505978707190241,0.173814368101057,0.000527225183017101,5.175806982466767e-05,5.423964493003506,10.18633779820413,19320.65866033135,0.38177128220419954
1.54499999999999e-06,2.0,9.707998909458343e-05,0.7112100889396082,0.5562747000664652,0.5059694034822079,0.1736781196421049,0.0005270807481410106,5.164132322819255e-05,5.429344927727491,10.20656937491604,19364.3372688419,0.3825965804243603
1.54999999999999e-06,2.0,9.695815128437323e-05,0.7109098300562511,0.5569577111412788,0.5059601825573805,0.1735431151779469,0.0005269367579100789,5.152593777411886e-05,5.434682377807189,10.22663110412627,19407.70111519044,0.3834145959633319
1.55499999999999e-06,2.0,9.683752693646786e-05,0.7106126207975476,0.5576340032079569,0.505951053565861,0.1734094878446021,0.0005267933801255491,5.141201731203572e-05,5.439971414772391,10.24650281525182,19450.70534639178,0.3842245153633548
1.55999999999999e-06,2.0,9.671823626120941e-05,0.7103187544731537,0.5583029022764846,0.5059420255690742,0.1732773693828343,0.0005266507842302138,5.129966353192004e-05,5.445206642519938,10.26616449253156,19493.30524122781,0.38502553289365027
1.56499999999999e-06,2.0,9.660039822063526e-05,0.7100285210936528,0.5589637413861152,0.5059331075280636,0.1731468900443937,0.0005265091411148114,5.118897592706849e-05,5.450382701841971,10.28559629450207,19535.45625575222,0.38581685134172145
1.56999999999999e-06,2.0,9.648413036375322e-05,0.7097422070843498,0.5596158612947915,0.5059243082968577,0.1730181784279019,0.0005263686227451421,5.108005172561367e-05,5.455494277911732,10.30477857721508,19577.11408304151,0.38659768286688956
1.57499999999999e-06,2.0,9.636954874644298e-05,0.7094600950026051,0.5602586111624127,0.5059156366109818,0.172891361388382,0.0005262294019498164,5.097298586150078e-05,5.460536104857512,10.32369191358811,19618.23470018237,0.3873672497740307
1.57999999999999e-06,2.0,9.625676776963976e-05,0.7091824632589834,0.560891349224132,0.5059071010810856,0.1727665638766878,0.0005260916520296229,5.086787091385895e-05,5.465502973283785,10.34231711644706,19658.77442941199,0.3881247853474442
1.58499999999999e-06,2.0,9.614590010240885e-05,0.7089095858424969,0.5615134434561716,0.5058987101817114,0.1726439088528209,0.0005259555465298534,5.076479708538997e-05,5.470389734855216,10.36063525764043,19698.6899862503,0.3888695346033507
1.58999999999999e-06,2.0,9.60370565236235e-05,0.7086417320502105,0.5621242722296926,0.5058904722452114,0.1725235171293943,0.0005258212588352654,5.066385214895516e-05,5.475191309815924,10.37862769079057,19737.93854166344,0.38960075510029835
1.59499999999999e-06,2.0,9.593034584876275e-05,0.7083791662214792,0.5627232249556969,0.5058823954508288,0.1724055072892133,0.0005256889619303803,5.056512143273822e-05,5.479902691546061,10.39627607005063,19776.47777095129,0.3903177176664836
1.59999999999999e-06,2.0,9.582587477566233e-05,0.7081221474770758,0.5633097027168125,0.5058744878189303,0.17228999553324,0.0005255588279837633,5.046868777335398e-05,5.48451895403991,10.4135623724547,19814.26591653868,0.3910197071835725
1.60499999999999e-06,2.0,9.572374781555623e-05,0.7078709294634707,0.5638831188878846,0.5058667572004382,0.1721770956028883,0.0005254310280998998,5.037463150713837e-05,5.489035256395353,10.43046891619333,19851.26183718672,0.39170602328499626
1.60999999999999e-06,2.0,9.562406714342539e-05,0.7076257601025135,0.5644428997427552,0.5058592112714175,0.1720669186329411,0.0005253057318966196,5.028303042910265e-05,5.493446850209931,10.44697838244421,19887.42507096834,0.3923759811098141
1.61499999999999e-06,2.0,9.552693253380336e-05,0.707386881346764,0.564988485048064,0.5058518575228896,0.1719595730789877,0.0005251831072525075,5.019395978965311e-05,5.497749083961956,10.46307383305447,19922.71588435504,0.3930289119690763
1.61999999999999e-06,2.0,9.543244121619236e-05,0.7071545289407135,0.5655193286419071,0.5058447032558067,0.1718551645757117,0.0005250633198813615,5.010749225873756e-05,5.50193741028251,10.47873873172735,19957.09533489223,0.3936641640661954
1.62499999999999e-06,2.0,9.534068781610415e-05,0.7069289321881349,0.566034898998169,0.5058377555712769,0.1717537958698805,0.0005249465330791334,5.002369792733119e-05,5.506007390185764,10.4939569609931,19990.52531967324,0.39428110312828846
1.629999999999989e-06,2.0,9.525176421600282e-05,0.7067103137257863,0.5665346797748066,0.505831021365956,0.1716555666843921,0.000524832907299549,4.994264427609134e-05,5.509954700174056,10.50871284263974,20022.96863721976,0.39487911309041457
1.634999999999989e-06,2.0,9.516575950201988e-05,0.7064988893036959,0.5670181703463597,0.5058245073227068,0.1715605736572056,0.0005247225999046774,4.986439618095379e-05,5.513775136274487,10.5229911538586,20054.38903483524,0.39545759668915414
1.639999999999989e-06,2.0,9.508275983081172e-05,0.7062948675722425,0.5674848863191562,0.5058182199064437,0.171468910211508,0.0005246157647457193,4.97890158856715e-05,5.517464620934066,10.53677714679827,20084.75126916064,0.39601597610764816
1.644999999999989e-06,2.0,9.500284838234427e-05,0.7060984498762435,0.5679343600297591,0.5058121653552484,0.1713806665009353,0.0005245125519212823,4.971656301089605e-05,5.521019206819641,10.55005656377188,20114.02115188125,0.39655369352882375
1.649999999999989e-06,2.0,9.492610523306589e-05,0.7059098300562509,0.5683661410255605,0.5058063496766794,0.1712959292862087,0.0005244131073675683,4.964709452994745e-05,5.524435083459938,10.56281565583337,20142.16560843844,0.39707021173935175
1.654999999999989e-06,2.0,9.48526073150987e-05,0.7057291942572548,0.5687797965268943,0.5058007786393733,0.1712147818869641,0.0005243175726283042,4.958066478079821e-05,5.527708580766681,10.57504119693377,20169.15272155213,0.39756501463993016
1.659999999999989e-06,2.0,9.478242829603716e-05,0.7055567207449802,0.5691749118706769,0.5057954577698478,0.1711373040651672,0.0005242260844582326,4.951732544451512e-05,5.530836175381543,10.58672050140583,20194.95178754181,0.39803760780550973
1.664999999999989e-06,2.0,9.47156385448933e-05,0.7053925797299608,0.5695510909350373,0.5057903923445971,0.1710635719838567,0.0005241387746087714,4.945712555954765e-05,5.533814493877067,10.59784143697746,20219.5333571494,0.3984875189511806
1.669999999999989e-06,2.0,9.465230501880875e-05,0.7052369331995617,0.5699079565441687,0.505785587387403,0.1709936580976135,0.0005240557694486427,4.940011150230476e-05,5.536640318767665,10.60839244106145,20242.86928893561,0.39891429844655524
1.674999999999989e-06,2.0,9.459249123601781e-05,0.7050899347581167,0.570245150853698,0.5057810476619492,0.1709276311184855,0.000523977189768955,4.934632700323792e-05,5.539310591351063,10.61836253252595,20264.93278687964,0.39931751973521246
1.679999999999989e-06,2.0,9.453625716974555e-05,0.70495172947534,0.5705623357155873,0.5057767776696507,0.1708655559137726,0.0005239031504247309,4.929581312903135e-05,5.541822417344368,10.62774132670089,20285.69845034321,0.39969677980181473
1.684999999999989e-06,2.0,9.44836592284242e-05,0.7048224537431604,0.570859193022692,0.5057727816427993,0.170807493479367,0.0005238337601629051,4.924860830001642e-05,5.544173069328747,10.63651904581292,20305.14230794349,0.400051699543325
1.689999999999989e-06,2.0,9.443475015699003e-05,0.7047022351411177,0.571135425032401,0.5057690635429308,0.1707535008450757,0.0005237691212881665,4.920474827351751e-05,5.546359991974474,10.64468653262198,20323.2418635949,0.4003819241873253
1.694999999999989e-06,2.0,9.438957902457565e-05,0.704591192310458,0.5713907546694563,0.5057656270545053,0.1707036310555959,0.0005237093295171952,4.916426616215795e-05,5.54838080405411,10.65223525944332,20339.97612619115,0.4006871236138604
1.699999999999989e-06,2.0,9.434819113339306e-05,0.7044894348370486,0.5716249258072045,0.5057624755838219,0.1706579330835692,0.000523654473671959,4.912719241795702e-05,5.550233303223182,10.65915734033586,20355.32565126761,0.4009669927236353
1.704999999999989e-06,2.0,9.431062801406031e-05,0.7043970631432307,0.5718377035274512,0.505759612253251,0.1706164518183715,0.0005236046355630703,4.909355485116299e-05,5.551915467570974,10.66544553863503,20369.27256605682,0.40122125170907974
1.709999999999989e-06,2.0,9.427692734223346e-05,0.7043141683887139,0.5720288743585029,0.5057570399007003,0.1705792279870711,0.0005235598897133626,4.906337861474143e-05,5.553425459926852,10.67109327762551,20381.80060635985,0.4014496463714318
1.714999999999989e-06,2.0,9.424712294173263e-05,0.7042408323806126,0.572198246491673,0.5057547610744021,0.1705462981511882,0.0005235203032730538,4.903668622338693e-05,5.55476162892113,10.67609464652962,20392.8951366023,0.40165194834048473
1.719999999999989e-06,2.0,9.422124470902772e-05,0.7041771274927132,0.5723456499749088,0.5057527780329426,0.1705176946356981,0.0005234859357759254,4.901349753812679e-05,5.555922512791367,10.68044440959787,20402.5431815413,0.4018279553392107
1.724999999999989e-06,2.0,9.419931862427637e-05,0.7041231165940487,0.5724709368852584,0.5057510927406121,0.1704934455338857,0.0005234568390884626,4.899382978524427e-05,5.556906839930119,10.68413801049933,20410.73344099292,0.40197749135137273
1.729999999999989e-06,2.0,9.41813666837877e-05,0.7040788529868552,0.572573981477997,0.5057497068679951,0.1704735746445085,0.0005234330572007729,4.89776975407218e-05,5.557713532169532,10.68717157979041,20417.45631608273,0.40210040683348847
1.734999999999988e-06,2.0,9.41674069190356e-05,0.7040443803539692,0.5726546803139655,0.5057486217878975,0.1704581014848471,0.0005234146262113286,4.896511274889647e-05,5.558341704797439,10.68954193765488,20422.70391836353,0.4021965788291184
1.739999999999988e-06,2.0,9.415745333719081e-05,0.7040197327157173,0.5727129523641392,0.5057478385764944,0.1704470412361127,0.0005234015741542819,4.895608470652892e-05,5.55879066930335,10.69124659972,20426.47009037953,0.4022659111280265
1.744999999999988e-06,2.0,9.415151594818709e-05,0.7040049343963427,0.572748739091626,0.5057473580098278,0.1704404047647715,0.0005233939210211606,4.895062008102729e-05,5.55905993284876,10.6922837781175,20428.75040897774,0.40230833432685453
1.749999999999988e-06,2.0,9.414960071333363e-05,0.704,0.5727620045107366,0.5057471805655388,0.1704381985762502,0.0005233916786255317,4.894872289404154e-05,5.559149200463214,10.69265238560991,20429.54220000147,0.40232380593448636
1.754999999999988e-06,2.0,9.415170958050018e-05,0.7040049343963426,0.5727527352238733,0.5057473064199264,0.1704404248445797,0.0005233948506625915,4.895039453913076e-05,5.559058373959708,10.69235203496045,20428.84453567793,0.4023123103792936
1.759999999999988e-06,2.0,9.415784044085386e-05,0.7040197327157172,0.5727209404351254,0.5057477354502515,0.1704470813744428,0.0005234034326118715,4.895563376479754e-05,5.558787553573708,10.69138304135763,20426.65824334744,0.40227385906068264
1.764999999999988e-06,2.0,9.416798717215154e-05,0.7040443803539691,0.5726666519414978,0.5057484672323762,0.1704581616391461,0.0005234174118349506,4.896443669157899e-05,5.558337036320537,10.68974642007817,20422.98589686384,0.40220849030235173
1.769999999999988e-06,2.0,9.418213960361144e-05,0.7040788529868551,0.5725899241010658,0.5057495010436385,0.1704736547510151,0.0005234367675163671,4.897679679449803e-05,5.55770731707566,10.68744388720761,20417.83181933895,0.4021162693500507
1.774999999999988e-06,2.0,9.42002835673332e-05,0.7041231165940485,0.5724908337788921,0.5057508358610578,0.1704935455077009,0.0005234614707994055,4.899270491957868e-05,5.556899086375244,10.68447785560453,20411.20206858339,0.4019972882711912
1.779999999999988e-06,2.0,9.422240087126115e-05,0.7041771274927129,0.5723694802694711,0.5057524703647919,0.1705178143708906,0.0005234914847647737,4.901214926576961e-05,5.555913230941908,10.68085143391954,20403.10443391239,0.40185166589858046
1.784999999999988e-06,2.0,9.424846935871088e-05,0.7042408323806123,0.5722259851975371,0.5057544029369103,0.170546437520916,0.0005235267646038475,4.903511540095518e-05,5.554750830935133,10.67656842087598,20393.54841572414,0.40167954767662106
1.789999999999988e-06,2.0,9.427846288939582e-05,0.7043141683887135,0.5720604923951953,0.5057566316654224,0.1705793868437403,0.0005235672576343346,4.906158624343759e-05,5.553413159931178,10.67163330260987,20382.54521649835,0.401481105551455
1.794999999999988e-06,2.0,9.431235140700682e-05,0.7043970631432304,0.571873167757817,0.5057591543436182,0.1706166299938036,0.0005236129035098475,4.909154207757936e-05,5.551901681635357,10.66605124529154,20370.10771467924,0.4012565377640135
1.799999999999988e-06,2.0,9.435010092823357e-05,0.7044894348370482,0.5716641990760609,0.5057619684746654,0.170658130389214,0.0005236636342712254,4.912496053500654e-05,5.550218049330008,10.65982809081468,20356.2504500619,0.4010060686868469
1.804999999999988e-06,2.0,9.439167361831709e-05,0.7045911923104574,0.5714337958472011,0.5057650712715215,0.170703847282741,0.0005237193745908394,4.916181661007304e-05,5.548364102065673,10.65297034779491,20340.98959221748,0.4007299485644601
1.809999999999988e-06,2.0,9.443702778800393e-05,0.7047022351411172,0.5711821890630351,0.5057684596620876,0.1707537357651145,0.0005237800418579414,4.920208264096637e-05,5.546341863595649,10.64548518565827,20324.3429205451,0.4004284532979206
1.814999999999988e-06,2.0,9.448611797694577e-05,0.7048224537431599,0.5709096309765596,0.5057721302896853,0.1708077468440515,0.0005238455464555426,4.924572832527643e-05,5.544153538067654,10.6373804240533,20306.32978752654,0.400101884132508
1.819999999999988e-06,2.0,9.45388949584811e-05,0.7049517294753395,0.5706163948466539,0.5057760795187682,0.1708658274555315,0.0005239157918776591,4.929272070125413e-05,5.541801508468253,10.62866452539572,20286.9710937777,0.39975056739112247
1.824999999999988e-06,2.0,9.459530583077388e-05,0.7050899347581159,0.5703027746611953,0.5057803034359538,0.1709279205507223,0.0005239906750364295,4.93430241637623e-05,5.53928833184082,10.61934658275871,20266.28924650313,0.39937485411047297
1.829999999999988e-06,2.0,9.465529402923762e-05,0.7052369331995609,0.5699690848384176,0.5057847978562878,0.1709939651150698,0.0005240700864084686,4.939660044605927e-05,5.536616737267537,10.60943631092081,20244.30812990851,0.39897511972334776
1.834999999999988e-06,2.0,9.47187994252957e-05,0.7053925797299602,0.5696156599081055,0.505789558324821,0.1710638962629557,0.0005241539103695968,4.945340863644227e-05,5.533789620643179,10.59894403281531,20221.05305928495,0.39855176364514977
1.839999999999987e-06,2.0,9.478575834626871e-05,0.7055567207449794,0.5692428541705128,0.5057945801234158,0.1711376452644212,0.0005242420253673393,4.951340516093291e-05,5.530810042225978,10.58788066915214,20196.55074721099,0.3981052089060916
1.844999999999987e-06,2.0,9.485610368153719e-05,0.7057291942572539,0.5688510413359892,0.5057998582728641,0.1712151396473575,0.0005243343042799633,4.957654380105988e-05,5.527681221000778,10.57625772349128,20170.82925370488,0.3976359016886317
1.849999999999987e-06,2.0,9.49297649097335e-05,0.7059098300562501,0.5684406141435576,0.5058053875402166,0.1712963032316545,0.0005244306146120904,4.964277567781637e-05,5.524406531832891,10.56408727053593,20143.91794870699,0.3971443109119031
1.854999999999987e-06,2.0,9.500666821205575e-05,0.7060984498762426,0.5680119839596928,0.5058111624414368,0.1713810562386921,0.0005245308188744669,4.971204927106511e-05,5.520989499457345,10.55138193990667,20115.84745877796,0.39663092772100067
1.859999999999987e-06,2.0,9.508673650651919e-05,0.7062948675722416,0.5675655803577208,0.505817177249239,0.1714693153326783,0.0005246347747991268,4.978431040525267e-05,5.517433795272913,10.53815490319162,20086.6496263548,0.39609626502504247
1.864999999999987e-06,2.0,9.51698895681865e-05,0.7064988893036949,0.5671018506775791,0.5058234259962575,0.17156099373719,0.0005247423357363112,4.985950227091754e-05,5.513743230996091,10.52441985652125,20056.3574535177,0.3955408569403891
1.869999999999987e-06,2.0,9.525604407018545e-05,0.7067103137257853,0.5666212595673964,0.5058299024833861,0.1716560012834292,0.0005248533508853691,4.993756541268715e-05,5.509921755135127,10.51019100646874,20025.00505853535,0.3949652582839672
1.874999999999987e-06,2.0,9.534511371056835e-05,0.7069289321881339,0.5661242885059151,0.5058366002834381,0.1717542445335294,0.0005249676657049684,5.001843775343429e-05,5.505973446349343,10.49548305152581,19992.6276172298,0.39437004397238573
1.879999999999987e-06,2.0,9.543700925976882e-05,0.7071545289407125,0.5656114353078211,0.5058435127499763,0.1718556268354312,0.0005250851221557699,5.010205458512627e-05,5.501902509644526,10.48031116695265,19959.26131733665,0.3937558084723899
1.884999999999987e-06,2.0,9.553163869377398e-05,0.7073868813467629,0.5650832136109979,0.5058506330214381,0.1719600484526501,0.0005252055591199896,5.018834859619606e-05,5.497713269479623,10.46469098526578,19924.94329801067,0.3931231651583478
1.889999999999987e-06,2.0,9.562890724765912e-05,0.7076257601025124,0.5645401523473977,0.5058579540304335,0.1720674066254399,0.0005253288126517771,5.027724986585089e-05,5.49341016572578,10.44863858014216,19889.71160252772,0.39247274572195784
1.894999999999987e-06,2.0,9.57287175546905e-05,0.7078709294634695,0.5639827951970836,0.5058654685083203,0.1721775957066821,0.0005254547164020018,5.036868589528136e-05,5.488997746563606,10.43217044602761,19853.60511646149,0.3918051994904015
1.899999999999987e-06,2.0,9.58309697055609e-05,0.7081221474770746,0.5634117000271266,0.5058731689949381,0.1722905072289924,0.0005255831018723302,5.046258160604009e-05,5.484480664248522,10.41530348121193,19816.66351925811,0.3911211927981342
1.904999999999987e-06,2.0,9.593556139300127e-05,0.708379166221478,0.5628274383145714,0.5058810478436132,0.1724060300463548,0.000525713798841079,5.055885937574263e-05,5.479863667841943,10.39805496666937,19778.92722160154,0.3904214082682166
1.909999999999987e-06,2.0,9.604238797628025e-05,0.7086417320502093,0.5622305945556298,0.505889097231297,0.1725240504067908,0.0005258466356168927,5.065743904117574e-05,5.475151598825746,10.38044254841762,19740.43731636676,0.38970654414883904
1.914999999999987e-06,2.0,9.615134263088458e-05,0.7089095858424955,0.5616217656603295,0.5058973091639725,0.1726444520993553,0.0005259814394616403,5.075823793914014e-05,5.470349383710219,10.36248421571095,19701.2355156815,0.3889773135609742
1.919999999999987e-06,2.0,9.626231641780249e-05,0.709182463258982,0.5610015603345232,0.5059056754871746,0.1727671165319533,0.000526118036839655,5.086117091496003e-05,5.465462029540156,10.34419828279859,19661.3641017428,0.3882344438025699
1.924999999999987e-06,2.0,9.637519843778995e-05,0.7094600950026038,0.5603705984489405,0.5059141878917541,0.1728919228832736,0.000526256253833713,5.096615036914526e-05,5.460494616421533,10.32560336658871,19620.86586404997,0.38747867556566695
1.929999999999987e-06,2.0,9.648987590493162e-05,0.7097422070843484,0.5597295103968952,0.5059228379247503,0.173018748185332,0.0005263959163859554,5.107308627197172e-05,5.455452292960454,10.30671836792512,19579.78405054381,0.3867107622115632
1.934999999999987e-06,2.0,9.660623430496053e-05,0.7100285210936513,0.5590789364405346,0.5059316169954857,0.1731474674798953,0.0005265368507030886,5.118188621664698e-05,5.450340268749498,10.28756244883823,19538.16230545151,0.38593146896063935
1.939999999999987e-06,2.0,9.672415747256265e-05,0.7103187544731524,0.5584195260473854,0.505940516386747,0.1732779539052888,0.0005266788834853218,5.129245544062351e-05,5.445163809779259,10.26815501346019,19496.04462117449,0.38514157214209666
1.944999999999986e-06,2.0,9.684352775319594e-05,0.7106126207975463,0.5577519372169161,0.5059495272611723,0.173410078856853,0.0005268218423171776,5.140469688593456e-05,5.439928230923338,10.24851568498067,19453.4752771516,0.38434185836006307
1.949999999999986e-06,2.0,9.696422608356038e-05,0.7109098300562496,0.5570768357990008,0.5059586406727077,0.1735437120775332,0.0005269655558809421,5.151851122790004e-05,5.43463889136043,10.22866428631505,19410.49879287751,0.38353312372146764
1.954999999999986e-06,2.0,9.708613215633587e-05,0.7112100889396068,0.556394894804076,0.5059678475732403,0.1736787218218799,0.0005271098543297412,5.16337969432768e-05,5.429301187094786,10.20862081688098,19367.15986814929,0.38271617298219607
1.959999999999986e-06,2.0,9.720912450322904e-05,0.7115131011283505,0.5557067937070682,0.5059771388242884,0.1738149749499308,0.0005272545694823599,5.175045034696772e-05,5.423920546424402,10.18840543313753,19323.50333756263,0.3818918187571374
1.964999999999986e-06,2.0,9.73330806620015e-05,0.7118185675860337,0.5550132177442061,0.5059865052038494,0.1739523370942366,0.0005273995351754478,5.186836566861426e-05,5.41850242253171,10.16803842528972,19279.57411245567,0.38106088064996946
1.969999999999986e-06,2.0,9.745787726149264e-05,0.7121261868541419,0.5543148572060623,0.5059959374182685,0.174090672756527,0.0005275445874369031,5.198743509787971e-05,5.413052289030495,10.14754019781251,19235.41713718407,0.3802241844495353
1.974999999999986e-06,2.0,9.758339019031734e-05,0.7124356553495967,0.5536124067246571,0.5060054261092551,0.1742298454772447,0.0005276895648145382,5.210754887003167e-05,5.407575632658546,10.12693124619464,19191.07733304117,0.3793825612474123
1.979999999999986e-06,2.0,9.770949468320733e-05,0.712746667664356,0.5529065645587394,0.5060149618658952,0.1743697179344531,0.0005278343085254228,5.222859532034673e-05,5.402077948933746,10.10623213754696,19146.59955655421,0.3785368466242863
1.984999999999986e-06,2.0,9.78360654907603e-05,0.713058916866814,0.5521980318751614,0.5060245352317864,0.1745101521153447,0.0005279786627587932,5.235046097914526e-05,5.396564734977296,10.08546348749675,19102.02854562003,0.37768787975981666
1.989999999999986e-06,2.0,9.796297696645315e-05,0.713372094804706,0.5514875120298323,0.5060341367171418,0.174651009416853,0.0005281224747992223,5.247303063577542e-05,5.391041485306046,10.06464594097897,19057.40888002404,0.3768365026129793
1.994999999999986e-06,2.0,9.809010323680085e-05,0.7136858924092178,0.5507757098470314,0.5060437568060011,0.1747921508185832,0.0005282655953018909,5.259618744350029e-05,5.385513684811984,10.04380014938084,19012.78492997647,0.37598355902844816
1.999999999999986e-06,2.0,9.82173182883821e-05,0.7139999999999991,0.5500633308994197,0.5060533859683817,0.1749334369845711,0.0005284078783878481,5.271981299342809e-05,5.379986804714973,10.02294675160775,18968.20081901006,0.37512989391484863
2.004999999999986e-06,2.0,9.834449613778005e-05,0.7143141075907803,0.5493510807891308,0.5060630146675099,0.175074728437085,0.0005285491818902532,5.284378742953888e-05,5.374466295720764,10.00210635157468,18923.70037506083,0.37427635235204576
2.009999999999986e-06,2.0,9.847151091798446e-05,0.7146279051952922,0.5486396644305687,0.5060726333719779,0.1752158856589685,0.0005286893674205299,5.296798953279376e-05,5.368957584155061,9.981299499638467,18879.32709586562,0.37342377877160016
2.014999999999986e-06,2.0,9.859823704745453e-05,0.7149410831331842,0.5479297853363329,0.5060822325629448,0.1753567692677486,0.0005288283005844624,5.309229684651629e-05,5.363466065319369,9.960546670513127,18835.12410267133,0.3725730160685843
2.019999999999986e-06,2.0,9.872454931529067e-05,0.7152533323356421,0.5472221449067827,0.5060918027462508,0.1754972401180011,0.0005289658510185852,5.32165857707651e-05,5.357997099823899,9.939868245158564,18791.13410821926,0.37172490478878156
2.024999999999986e-06,2.0,9.885032304879079e-05,0.7155643446504014,0.5465174417241647,0.5061013344595445,0.1756371594751969,0.0005291018925755733,5.334073169812098e-05,5.352556007157388,9.919284489196682,18747.39937313658,0.37088028224896785
2.029999999999986e-06,2.0,9.897543419678524e-05,0.7158738131458563,0.545816370852377,0.5061108182842984,0.1757763891175255,0.0005292363033305839,5.346460911829203e-05,5.34714806223322,9.89881553533166,18703.96167654514,0.37003998173485153
2.034999999999986e-06,2.0,9.909975949507251e-05,0.7161814324139645,0.5451196231424676,0.506120244852826,0.1759147915089117,0.0005293689657358282,5.358809176420907e-05,5.341778489186326,9.878481362334837,18660.8622751499,0.36920483163355594
2.039999999999986e-06,2.0,9.922317654733443e-05,0.7164868988716476,0.5444278845459836,0.5061296048601511,0.1760522298997318,0.0005294997665970561,5.371105272666326e-05,5.336452458144013,9.858301778065908,18618.14187647787,0.36837565464625177
2.044999999999986e-06,2.0,9.934556398790906e-05,0.7167899110603914,0.5437418354355906,0.5061388890708589,0.1761885684984429,0.0005296285971978584,5.383336461039432e-05,5.331175079259633,9.838296399099601,18575.84060066193,0.36755326693714774
2.049999999999985e-06,2.0,9.946680155968482e-05,0.7170901699437485,0.543062149934233,0.5061480883307852,0.1763236725706277,0.0005297553532467101,5.395489965845344e-05,5.325951399716973,9.818484634392423,18533.99795626019,0.36673847736360526
2.054999999999985e-06,2.0,9.958677027369303e-05,0.717387379202452,0.5423894952543938,0.5061571935736581,0.1764574086086776,0.0005298799349719865,5.407552991778626e-05,5.320786398007811,9.798885665616028,18492.65280470391,0.36593208664571625
2.059999999999985e-06,2.0,9.97053524834675e-05,0.7176812455268459,0.5417245310461376,0.5061661958325627,0.1765896444286179,0.0005300022470406787,5.419512737275387e-05,5.315684981175793,9.779518431524764,18451.84333864563,0.3651348866175197
2.064999999999985e-06,2.0,9.982243204093929e-05,0.7179714789063469,0.5410679087573651,0.506175086246327,0.1767202493372954,0.0005301221986253323,5.431356411958878e-05,5.310651979342281,9.76040160903633,18411.60704899016,0.3643476594200697
2.069999999999985e-06,2.0,9.993789436680613e-05,0.7182577929156498,0.5404202710040118,0.5061838560707265,0.1768490942264382,0.0005302397032960696,5.443071250827787e-05,5.30569214319323,9.741553598355528,18371.98070570763,0.36357117677757356
2.074999999999985e-06,2.0,0.0001000516266022382,0.7185399049973946,0.5397822509532878,0.5061924966845837,0.1769760517368123,0.0005303546790610259,5.454644532507467e-05,5.300810138755765,9.722992504833767,18333.00032734316,0.3628061992164755
2.079999999999985e-06,2.0,0.0001001635176748523,0.7188175367410162,0.5391544717189393,0.5062009996006632,0.1771009963489868,0.000530467048233708,5.466063594175796e-05,5.296010545129023,9.704736124894918,18294.70116420747,0.36205347536995247
2.084999999999985e-06,2.0,0.0001002734584457955,0.7190904141575029,0.5385375457694919,0.5062093564714598,0.1772238045439315,0.0005305767374489467,5.477315850516063e-05,5.291297849511696,9.686801928703028,18257.11767025051,0.36131374122556037
2.089999999999985e-06,2.0,0.0001003813417709451,0.7193582679497892,0.5379320743508195,0.5062175590997416,0.1773443548899825,0.0005306836775078829,5.488388809264209e-05,5.286676445176,9.669207046922539,18220.28348851734,0.360587719460837
2.094999999999985e-06,2.0,0.0001004870626430259,0.7196208337785205,0.537338646921914,0.5062255994439936,0.1774625281993654,0.0005307878033720003,5.499270090733656e-05,5.282150626744473,9.651968254230411,18184.23142527612,0.35987611872254865
2.099999999999985e-06,2.0,0.0001005905182476526,0.7198778525229239,0.5367578406058992,0.5062334696285969,0.1775782076108575,0.0005308890539881268,5.509947443853496e-05,5.277724588405015,9.635101956922451,18148.99343759674,0.35917963299504163
2.104999999999985e-06,2.0,0.0001006916081001976,0.720129070536529,0.5361902196554942,0.5062411619488767,0.177691278741765,0.0005309873722634233,5.52040876611716e-05,5.273402419433174,9.618624177298,18114.60060960958,0.3584989409137292
2.109999999999985e-06,2.0,0.0001007902340963847,0.7203742398974862,0.5356363349342206,0.5062486688809,0.1778016297657895,0.00053108270487328,5.530642119955711e-05,5.269188102644786,9.602550542133665,18081.08314207841,0.3578347051684311
2.114999999999985e-06,2.0,0.0001008863006436317,0.7206131186532357,0.5350967234129191,0.5062559830861101,0.1779091515599889,0.0005311750022202372,5.540635752947264e-05,5.26508551015924,9.586896267954197,18048.47033064868,0.35718757185293026
2.119999999999985e-06,2.0,0.0001009797147059712,0.7208454710592862,0.5345719076826101,0.5062630974207029,0.1780137377774065,0.0005312642182279196,5.550378114352869e-05,5.261098402084551,9.571676150388917,18016.79055727886,0.3565581699052036
2.124999999999985e-06,2.0,0.0001010703859296244,0.7210710678118648,0.5340623954829612,0.5062700049398431,0.1781152849885561,0.0005313503102870021,5.559857875408226e-05,5.257230422516388,9.556904550334181,17986.07127033038,0.3559471104944051
2.129999999999985e-06,2.0,0.0001011582266820807,0.7212896862742134,0.5335686792482884,0.5062766989065902,0.1782136927483785,0.0005314332390385614,5.569063945831999e-05,5.253485098449678,9.542595384208093,17956.3389777275,0.35535498649990993
2.134999999999985e-06,2.0,0.0001012431521717301,0.721501110696304,0.5330912356688886,0.5062831727956788,0.1783088637318387,0.0005315129683104464,5.577985494005654e-05,5.249865836007102,9.52876211101003,17927.61922874564,0.35478237193704987
2.139999999999985e-06,2.0,0.0001013250804809372,0.7217051324277572,0.5326305252707525,0.5062894203019848,0.1784007037947933,0.0005315894648933612,5.586611963255929e-05,5.246375919571109,9.51541772347378,17899.93660875617,0.35422982147595916
2.144999999999985e-06,2.0,0.0001014039326796217,0.7219015501237562,0.5321869920107694,0.5062954353438446,0.1784891221033011,0.000531662698471173,5.594933091715087e-05,5.243018508234877,9.502574736031303,17873.31472257977,0.35369786990746827
2.149999999999984e-06,2.0,0.0001014796328522155,0.7220901699437489,0.5317610628906336,0.5063012120710547,0.1785740311880251,0.0005317326413931533,5.602938928169003e-05,5.239796635148202,9.490245176863267,17847.77619067842,0.35318703170260857
2.154999999999984e-06,2.0,0.0001015521082051051,0.722270805742745,0.5313531475864683,0.5063067448677177,0.1786553470668846,0.0005317992686017219,5.610619851383962e-05,5.236713204183873,9.478440576767001,17823.34263393966,0.35269780051958377
2.159999999999984e-06,2.0,0.0001016212890873949,0.7224432792550196,0.5309636380972392,0.5063120283597657,0.1787329892926302,0.0005318625574042658,5.61796658530561e-05,5.233770989490767,9.46717196210118,17800.03467118524,0.352230648804609
2.164999999999984e-06,2.0,0.0001016871090921624,0.7226074202700389,0.530592908409163,0.5063170574173252,0.178806881068499,0.0005319224874018008,5.624970217634655e-05,5.230972632368536,9.456449844555415,17777.87190525798,0.35178602734066394
2.169999999999984e-06,2.0,0.0001017495050710007,0.7227630668004381,0.5302413141789118,0.5063218271617526,0.178876949288639,0.0005319790402637852,5.631622214159438e-05,5.228320641021024,9.44628421498595,17756.8729217263,0.35136436489027284
2.174999999999984e-06,2.0,0.0001018084172290542,0.7229100652418832,0.5299091924328394,0.5063263329675093,0.1789431246464513,0.0005320321996610406,5.637914436364498e-05,5.225817387632388,9.43668453407944,17737.05527614979,0.3509660677863881
2.179999999999984e-06,2.0,0.0001018637891333284,0.7230482705246597,0.5295968612851168,0.5063305704687152,0.1790053416675609,0.000532081951046835,5.643839154681651e-05,5.223465108314649,9.427659727075406,17718.43549386918,0.35059151961755597
2.184999999999984e-06,2.0,0.0001019155678015078,0.7231775462568394,0.5293046196717149,0.5063345355605273,0.179063538810569,0.0005321282815972777,5.649389064920265e-05,5.221265900378397,9.419218175315883,17701.02905833613,0.3502410808611459
2.189999999999984e-06,2.0,0.0001019637037040469,0.7232977648588821,0.5290327471033531,0.506338224405195,0.1791176584923071,0.0005321711800017585,5.654557300230697e-05,5.21922172246826,9.411367711846278,17684.85041188285,0.34991508861104603
2.194999999999984e-06,2.0,0.0001020081508467894,0.7234088076895419,0.528781503434322,0.5063416334329512,0.1791676471807359,0.000532210636413868,5.659337446152268e-05,5.217334392022246,9.404115613846514,17669.91294501958,0.34961385625358604
2.199999999999984e-06,2.0,0.0001020488667668678,0.7235105651629512,0.5285511286501204,0.5063447593475711,0.1792134554122455,0.0005322466422540449,5.663723551093814e-05,5.215605585589604,9.39746859910304,17656.22899809214,0.3493376732378749
2.204999999999984e-06,2.0,0.0001020858126091514,0.7236029368567691,0.5283418426707193,0.5063475991267622,0.1792550378764956,0.0005322791901737389,5.667710139813345e-05,5.214036836472895,9.39143281930908,17643.80985144969,0.34908680479422366
2.209999999999984e-06,2.0,0.0001021189531159796,0.7236858316112861,0.528153845172596,0.5063501500272377,0.179292353425545,0.0005323082738728098,5.671292222237671e-05,5.2126295352236,9.386013857398831,17632.66572790776,0.348861491747051
2.214999999999984e-06,2.0,0.0001021482566975074,0.7237591676193872,0.5279873154268396,0.5063524095846009,0.1793253651504371,0.0005323338880795246,5.674465305199385e-05,5.211384927461808,9.381216721719296,17622.80578372243,0.34866195027640257
2.219999999999984e-06,2.0,0.000102173695415287,0.7238228725072866,0.5278424121547614,0.5063543756179303,0.1793540403820019,0.0005323560283848043,5.677225399442435e-05,5.21030411454531,9.377045844209169,17614.23811177571,0.3484883717727595
2.224999999999984e-06,2.0,0.0001021952450465448,0.7238768834059511,0.5277192734006014,0.5063560462291651,0.1793783507590209,0.0005323746912401457,5.679569029469535e-05,5.209388051562836,9.373505075434727,17606.96973328976,0.34834092264158056
2.229999999999984e-06,2.0,0.0001022128850616864,0.7239211470131446,0.5276180164210879,0.5063574198071938,0.1793982722205588,0.0005323898738107298,5.681493238595869e-05,5.208637548172949,9.370597683617156,17601.006601693,0.34821974420052904
2.234999999999984e-06,2.0,0.0001022265986825073,0.7239556196460307,0.5275387375919237,0.5063584950267532,0.1794137850655882,0.0005324015739928157,5.682995596790977e-05,5.208053266767541,9.368326350515694,17596.35359500667,0.3481249525263355
2.239999999999984e-06,2.0,0.0001022363728536606,0.7239802672842827,0.527481512331241,0.5063592708520198,0.1794248739367407,0.0005324097902871951,5.684074203673838e-05,5.20763572347803,9.36669317130093,17593.0145203534,0.3480566383945003
2.244999999999984e-06,2.0,0.0001022421982948637,0.7239950656036572,0.5274463950401032,0.5063597465350078,0.1794315278713058,0.0005324145218374642,5.684727694255155e-05,5.207385286506085,9.365699651286889,17590.99210698474,0.34801486716879737
2.249999999999984e-06,2.0,0.0001022440694663175,0.724,0.5274334190590587,0.506359921618677,0.1794337402763178,0.0005324157683246735,5.684955239803759e-05,5.207302177295645,9.365346706635673,17590.28801138845,0.3479996787827409
2.254999999999983e-06,2.0,0.0001022419846149305,0.7239950656036573,0.527442596642741,0.5063597959348412,0.1794315089708714,0.0005324135300273476,5.684756551427588e-05,5.207386469029403,9.365634661938952,17590.90281093699,0.34801108767186956
2.259999999999983e-06,2.0,0.0001022359457337551,0.7239802672842828,0.5274739189500468,0.5063593696067705,0.1794248361525117,0.0005324078077380816,5.684131878764811e-05,5.207638087965173,9.366563251762138,17592.8360095914,0.3480490827975351
2.264999999999983e-06,2.0,0.0001022259586021858,0.7239556196460308,0.5275273560518455,0.5063586430466174,0.1794137284308356,0.0005323986028454456,5.683082011384035e-05,5.208056812097571,9.368131619057655,17596.08603213635,0.34811362762100995
2.269999999999983e-06,2.0,0.0001022120327394298,0.7239211470131449,0.5276028569551399,0.5063576169575271,0.1793981967851748,0.0005323859172727115,5.681608275288002e-05,5.208642272658966,9.370338317555424,17600.65023048971,0.3482046601699651
2.274999999999983e-06,2.0,0.0001021941814386977,0.7238768834059515,0.5277003496441381,0.5063562923305692,0.1793782565894915,0.0005323697535816261,5.679712532138739e-05,5.209393952946053,9.37318131101185,17606.52487853012,0.3483220930546467
2.279999999999983e-06,2.0,0.0001021724217146834,0.723822872507287,0.5278197411380797,0.5063546704463531,0.1793539275613817,0.0005323501149328184,5.677397173601619e-05,5.210311189986427,9.376657976442168,17613.70517901642,0.34846581357669804
2.284999999999983e-06,2.0,0.0001021467743317426,0.7237591676193876,0.527960917565967,0.5063527528714704,0.1793252337783089,0.0005323270052109371,5.674665118434562e-05,5.211393173530998,9.380765104210893,17622.18525902837,0.3486356837876581
2.289999999999983e-06,2.0,0.0001021172637453465,0.7236858316112865,0.5281237442578715,0.5063505414596237,0.1792922036179806,0.0005323004290058346,5.671519804732859e-05,5.212638947888103,9.385498902104374,17631.95817751539,0.34883154063989086
2.294999999999983e-06,2.0,0.0001020839181242492,0.7236029368567697,0.5283080658538414,0.5063480383475608,0.1792548697659965,0.000532270391758169,5.667965184953146e-05,5.214047411083327,9.390854996272688,17643.01592138779,0.3490531960878449
2.299999999999983e-06,2.0,0.0001020467692858806,0.7235105651629519,0.5285137064287153,0.5063452459557231,0.1792132691476918,0.0005322368997600563,5.664005716149854e-05,5.215617316863912,9.396828436145153,17655.34941373182,0.3493004372810235
2.304999999999983e-06,2.0,0.0001020058527124384,0.7234088076895426,0.5287404696349418,0.5063421669836857,0.1791674429273022,0.0005321999603195725,5.659646353041312e-05,5.217347274028959,9.403413696221238,17668.94851058374,0.3495730267076396
2.309999999999983e-06,2.0,0.0001019612074802329,0.7232977648588829,0.5289881388617883,0.5063388044103032,0.1791174364314025,0.0005321595817793708,5.654892536352202e-05,5.219235748607212,9.410604681846893,17683.80200987991,0.3498707024303858
2.314999999999983e-06,2.0,0.0001019128762696459,0.7231775462568402,0.5292564774119326,0.5063351614886644,0.1790632991397308,0.0005321157736981355,5.649750184056521e-05,5.221281063361259,9.418394731854788,17699.89764896118,0.3501931782722018
2.319999999999983e-06,2.0,0.0001018609052883831,0.7230482705246606,0.5295452286952378,0.5063312417457387,0.1790050846003736,0.0005320685468850676,5.644225677971978e-05,5.223481400143166,9.426776625208309,17717.22211432391,0.3505401440948642
2.324999999999983e-06,2.0,0.0001018053442752717,0.7229100652418842,0.529854116439418,0.506327048976839,0.1789428504124251,0.0005320179135960909,5.638325853336225e-05,5.225834799576732,9.435742584499499,17735.76103992456,0.35091126602699296
2.329999999999983e-06,2.0,0.0001017462464173785,0.7227630668004391,0.5301828449184378,0.5063225872447714,0.1788766581331091,0.0005319638875817287,5.63205798382291e-05,5.228339163596035,9.4452842834662,17755.49901780704,0.3513061867853287
2.334999999999983e-06,2.0,0.0001016836683476208,0.72260742027004,0.5305310991977167,0.5063178608738091,0.1788065732524736,0.000531906484295566,5.625429769626652e-05,5.230992255310798,9.455392851360182,17776.41959729537,0.35172452594524306
2.339999999999983e-06,2.0,0.0001016176700557177,0.7224432792550207,0.5308985453971334,0.5063128744483429,0.1787326650926786,0.0005318457209527295,5.618449321089768e-05,5.233791701733379,9.466058881342217,17798.50529658311,0.35216588030445484
2.344999999999983e-06,2.0,0.0001015483148795818,0.7222708057427462,0.531284830970778,0.506307632806369,0.1786550067749571,0.0005317816167477243,5.611125145491309e-05,5.236734993832911,9.477272435725752,17821.73760290353,0.35262982419582095
2.349999999999983e-06,2.0,0.0001014756694101054,0.7220901699437501,0.5316895850050665,0.5063021410376437,0.1785736751113173,0.0005317141929206009,5.603466129482979e-05,5.239819489456953,9.489023055264923,17846.09698519348,0.3531159098937492
2.354999999999983e-06,2.0,0.0001013998034763016,0.7219015501237576,0.5321124185326185,0.5062964044766891,0.1784887505640463,0.0005316434729809692,5.595481524792457e-05,5.243042413580458,9.501299765272453,17871.5628953326,0.35362366796857214
2.359999999999982e-06,2.0,0.0001013207900439414,0.7217051324277586,0.5325529248657155,0.5062904287004519,0.1784003171301082,0.0005315694827787021,5.587180929678395e-05,5.246400861428675,9.514091085811677,17898.1137819992,0.3541526077356073
2.364999999999982e-06,2.0,0.0001012387051944688,0.7215011106963053,0.5330106799445601,0.5062842195208318,0.178308462293483,0.0005314922507309339,5.578574273759459e-05,5.249891798927431,9.527385038700144,17925.72709309989,0.3547022176510771
2.369999999999982e-06,2.0,0.00010115362801747,0.7212896862742149,0.5334852427051592,0.5062777829818632,0.1782132769025749,0.0005314118078937288,5.569671798710902e-05,5.253512066034502,9.541169158597887,17954.37929092069,0.35527196580258424
2.374999999999982e-06,2.0,0.000101065640583446,0.7210710678118663,0.5339761554624936,0.5062711253517566,0.1781148551157206,0.0005313281881888792,5.56048404243104e-05,5.25725837739747,9.55543050091342,17984.04585588561,0.355861300346773
2.379999999999982e-06,2.0,0.0001009748278301443,0.7208454710592876,0.5344829443121509,0.5062642531196198,0.178013294271942,0.0005312414284729772,5.5510218191994e-05,5.261127325900903,9.570155653785484,18014.70130312379,0.3564696500402089
2.384999999999982e-06,2.0,0.0001008812775292758,0.7206131186532373,0.5350051195483471,0.5062571729870227,0.1779086948299831,0.0005311515687606466,5.541296203393711e-05,5.265115383538453,9.585330746899041,18046.31918769403,0.357096424718364
2.389999999999982e-06,2.0,0.0001007850801667786,0.7203742398974877,0.535542176098409,0.5062498918642689,0.1778011602327786,0.000531058652287431,5.531318509326427e-05,5.269218905182938,9.600941464354406,18078.87212269348,0.35774101586563045
2.394999999999982e-06,2.0,0.0001006863289035856,0.7201290705365306,0.5360935939751282,0.5062424168614962,0.1776907968403996,0.0005309627257260184,5.521100274721561e-05,5.273434129679303,9.616973054393506,18112.33178608464,0.35840279713472867
2.399999999999982e-06,2.0,0.0001005851194499825,0.7198778525229256,0.5366588387439529,0.5062347552845091,0.1775777137886387,0.0005308638392396397,5.510653240431735e-05,5.277757183844177,9.633410343163762,18146.6689404985,0.3590811249553142
2.404999999999982e-06,2.0,0.0001004815500205297,0.7196208337785222,0.5372373620080496,0.5062269146254391,0.1774620229162711,0.0005307620466876919,5.499989333881359e-05,5.282184083786204,9.650237745336343,18181.85344178289,0.3597753390917785
2.409999999999982e-06,2.0,0.0001003757212027093,0.7193582679497909,0.5378286019077768,0.5062189025581496,0.177343838618176,0.0005306574056664002,5.489120648855489e-05,5.286710739141275,9.667439278767631,18217.85426065476,0.36048476328960083
2.414999999999982e-06,2.0,0.0001002677359061897,0.7190904141575046,0.5384319836372479,0.5062107269284798,0.1772232777673535,0.0005305499777005389,5.478059429098595e-05,5.291332954625851,9.684998575998288,18254.6394931051,0.3612087058698944
2.419999999999982e-06,2.0,0.0001001576992259847,0.7188175367410181,0.5390469199749247,0.5062023957492354,0.1771004595630313,0.0005304398282681572,5.466818048356331e-05,5.296046434513304,9.702898899802248,18292.17638404232,0.3619464604118934
2.424999999999982e-06,2.0,0.0001000457183862915,0.7185399049973964,0.5396728118303243,0.5061939171900455,0.1769755054478846,0.0005303270269752776,5.455408994302703e-05,5.300846784425249,9.721123155552936,18330.43133969129,0.36269730638243974
2.429999999999982e-06,2.0,9.993190259842413e-05,0.7182577929156517,0.540309048804178,0.5061852995719668,0.1768485389515973,0.0005302116475616485,5.443844849000287e-05,5.305729516053491,9.739653907642445,18369.36995336377,0.36346050985258066
2.434999999999982e-06,2.0,9.981636299952168e-05,0.7179714789063488,0.5409550097637863,0.5061765513569723,0.1767196856037741,0.0005300937680555881,5.432138273310667e-05,5.310690049193001,9.75847339269804,18408.95701998655,0.3642353241600122
2.439999999999982e-06,2.0,9.96992125055778e-05,0.7176812455268479,0.5416100634311238,0.5061676811421967,0.1765890727734424,0.000529973470758035,5.420301987918927e-05,5.315723716712634,9.777563536852181,18449.15656413344,0.36502099065768145
2.444999999999982e-06,2.0,9.958056574533889e-05,0.717387379202454,0.5422735689846903,0.506158697649094,0.1764568295781442,0.0005298508423748656,5.408348758365865e-05,5.320825766832225,9.796905969779957,18489.93185680116,0.365816739406546
2.449999999999982e-06,2.0,9.946053890879522e-05,0.7170901699437505,0.542944876673596,0.5061496097173531,0.1763230867198944,0.0005297259739768022,5.396291376763481e-05,5.325991368343844,9.816482042793517,18531.2454458263,0.36662178995370165
2.454999999999982e-06,2.0,9.933924967667389e-05,0.7167899110603934,0.5436233284439762,0.5061404262937503,0.1761879763909747,0.0005295989611070011,5.38414264756454e-05,5.331215613133316,9.836272843672885,18573.05917502649,0.3674353520530015
2.459999999999982e-06,2.0,9.921681706478023e-05,0.7164868988716496,0.5443082585765278,0.5061311564257848,0.1760516321068569,0.0005294699037146265,5.37191537007743e-05,5.336493521652291,9.856259215546704,18615.334217106,0.36825662646967083
2.464999999999981e-06,2.0,9.909336134953675e-05,0.7161814324139665,0.5449989943353034,0.5061218092502472,0.1759141886092358,0.0005293389062358693,5.359622325068213e-05,5.341820045682592,9.876421772482491,18658.03109526515,0.3690848057260676
2.469999999999981e-06,2.0,9.896900390862865e-05,0.7158738131458584,0.5456948566260137,0.5061123939866149,0.1757757816964639,0.0005292060774994365,5.347276258162601e-05,5.347190074056821,9.89674091911008,18701.1097186816,0.3699190749295498
2.474999999999981e-06,2.0,9.884386714304483e-05,0.7155643446504034,0.5463951606643592,0.5061029199253931,0.1756365481243527,0.0005290715307794208,5.334889867357679e-05,5.352598435662452,9.917196866923609,18744.52940666403,0.3707586125400065
2.479999999999981e-06,2.0,9.871807431455681e-05,0.7152533323356441,0.5470992166526735,0.506093396421286,0.175496625434673,0.0005289353836714968,5.322475787375481e-05,5.358039905405829,9.937769654604956,18788.24892678565,0.37160259121800043
2.484999999999981e-06,2.0,9.859174946476365e-05,0.7149410831331863,0.5478063304646811,0.5060838328813665,0.1753561518542782,0.0005287977581164943,5.310046578142358e-05,5.363509207450277,9.958439164981609,18832.22652163318,0.37245017861040286
2.489999999999981e-06,2.0,9.846501724994877e-05,0.7146279051952943,0.5485158043377072,0.5060742387580683,0.1752152661222278,0.0005286587802464771,5.297614710139671e-05,5.369001021416424,9.979185145998267,18876.41994964249,0.37330053821547937
2.494999999999981e-06,2.0,9.833800285767046e-05,0.7143141075907824,0.5492269375703582,0.506064623537217,0.1750741073877926,0.000528518580378292,5.285192553891642e-05,5.374509985845431,9.999987228263393,18920.78651446049,0.3741528301825656
2.499999999999981e-06,2.0,9.821083183957323e-05,0.7140000000000012,0.5499390272273781,0.5060549967309005,0.174932815036759,0.0005283772928291608,5.272792366340019e-05,5.380030704625798,10.02082494661024,18965.28310850453,0.3750062121906191
2.504999999999981e-06,2.0,9.808363002612552e-05,0.7136858924092199,0.5506513688472455,0.5060453678653957,0.1747915285888937,0.0005282350558801015,5.260426281358861e-05,5.385557750670004,10.04167775816923,19009.86624494018,0.37585984025835184
2.509999999999981e-06,2.0,9.795652335795627e-05,0.713372094804708,0.5513632571558081,0.5060357464739659,0.1746503875239837,0.0005280920115609495,5.248106297168569e-05,5.391085672554921,10.06252506443825,19054.49210393308,0.37671286963182443
2.514999999999981e-06,2.0,9.782963779936084e-05,0.713058916866816,0.5520739867807919,0.5060261420847428,0.1745095311793247,0.0005279483055840238,5.235844267878546e-05,5.396608998397491,10.08334622981324,19099.11656721561,0.37756445560146723
2.519999999999981e-06,2.0,9.770309916876989e-05,0.7127466676643581,0.5527828529703489,0.5060165642134872,0.1743690985760736,0.0005278040870990183,5.223651891939807e-05,5.402122242692494,10.10412060408217,19143.69526696484,0.37841375439427527
2.524999999999981e-06,2.0,9.757703305168585e-05,0.7124356553495989,0.5534891523116516,0.506007022351462,0.17422922831732,0.0005276595085978318,5.211540704700445e-05,5.407619910369244,10.12482754134339,19188.18362289812,0.3792599239943316
2.529999999999981e-06,2.0,9.745156463087873e-05,0.712126186854144,0.554192183450214,0.5059975259582266,0.1740900584153128,0.0005275147256401669,5.199522067882837e-05,5.413096503807997,10.14544642282791,19232.53689366846,0.38010212503490126
2.534999999999981e-06,2.0,9.732681859939137e-05,0.7118185675860358,0.5548912478089615,0.5059880844495424,0.1739517261906754,0.0005273698967307324,5.187607163128554e-05,5.418546527056673,10.16595667611587,19276.71021637108,0.3809395216182861
2.539999999999981e-06,2.0,9.720291899113068e-05,0.7115131011283526,0.5555856503052291,0.5059787071902406,0.1738143681010668,0.0005272251830171179,5.175806982467436e-05,5.423964493003105,10.18633779820314,19320.65866032885,0.38177128220416234
2.544999999999981e-06,2.0,9.707998909457172e-05,0.7112100889396088,0.5562747000664483,0.5059694034822082,0.1736781196420951,0.0005270807481409844,5.164132322818899e-05,5.429344927727875,10.20656937491624,19364.33726884324,0.3825965804243532
2.549999999999981e-06,2.0,9.695815128438576e-05,0.7109098300562516,0.5569577111412934,0.5059601825573796,0.1735431151779571,0.0005269367579101064,5.152593777412293e-05,5.434682377806769,10.226631104126,19407.70111518891,0.3834145959633364
2.554999999999981e-06,2.0,9.683752693645475e-05,0.7106126207975482,0.5576340032079085,0.5059510535658617,0.1734094878445928,0.0005267933801255156,5.141201731203422e-05,5.439971414772782,10.24650281525146,19450.70534639235,0.38422451536331564
2.559999999999981e-06,2.0,9.671823626122267e-05,0.7103187544731543,0.5583029022765175,0.5059420255690732,0.1732773693828446,0.0005266507842302458,5.12996635319229e-05,5.445206642519523,10.26616449253161,19493.30524122672,0.38502553289367286
2.564999999999981e-06,2.0,9.66003982206226e-05,0.7100285210936533,0.5589637413860894,0.5059331075280651,0.173146890044384,0.0005265091411147822,5.118897592706535e-05,5.450382701842383,10.28559629450213,19535.45625575342,0.3858168513417054
2.56999999999998e-06,2.0,9.648413036376585e-05,0.7097422070843503,0.5596158612948051,0.5059243082968564,0.1730181784279123,0.0005263686227451697,5.108005172561783e-05,5.455494277911304,10.30477857721479,19577.11408303991,0.3865976828668928
2.57499999999998e-06,2.0,9.63695487464294e-05,0.7094600950026055,0.5602586111623701,0.5059156366109836,0.1728913613883723,0.0005262294019497827,5.097298586149862e-05,5.460536104857932,10.32369191358788,19618.2347001832,0.3873672497739978
2.57999999999998e-06,2.0,9.625676776965315e-05,0.7091824632589839,0.560891349224162,0.505907101081084,0.172766563876698,0.0005260916520296549,5.086787091386209e-05,5.465502973283357,10.34231711644705,19658.77442941077,0.388124785347464
2.58499999999998e-06,2.0,9.614590010239622e-05,0.7089095858424973,0.5615134434561473,0.5058987101817128,0.1726439088528106,0.000525955546529824,5.076479708538673e-05,5.470389734855629,10.36063525764051,19698.68998625156,0.3888695346033367
2.58999999999998e-06,2.0,9.603705652363534e-05,0.7086417320502111,0.5621242722297024,0.5058904722452112,0.1725235171294045,0.0005258212588352915,5.066385214895933e-05,5.47519130981552,10.37862769079023,19737.93854166181,0.3896007551002979
2.59499999999998e-06,2.0,9.593034584874935e-05,0.7083791662214797,0.5627232249556576,0.5058823954508306,0.1724055072892035,0.0005256889619303467,5.056512143273584e-05,5.479902691546478,10.39627607005045,19776.47777095222,0.3903177176664541
2.59999999999998e-06,2.0,9.582587477567571e-05,0.7081221474770762,0.5633097027168446,0.5058744878189286,0.1722899955332502,0.0005255588279837954,5.046868777335692e-05,5.484518954039479,10.41356237245472,19814.26591653752,0.39101970718359436
2.60499999999998e-06,2.0,9.572374781554398e-05,0.7078709294634712,0.5638831188878595,0.505866757200439,0.1721770956028785,0.0005254310280998711,5.037463150713531e-05,5.489035256395756,10.43046891619339,19851.26183718793,0.39170602328498094
2.60999999999998e-06,2.0,9.56240671434371e-05,0.707625760102514,0.5644428997427646,0.5058592112714169,0.172066918632951,0.000525305731896645,5.028303042910675e-05,5.493446850209524,10.44697838244386,19887.42507096672,0.39237598110981364
2.61499999999998e-06,2.0,9.552693253379355e-05,0.7073868813467644,0.5649884850480879,0.50585185752289,0.1719595730789786,0.0005251831072524903,5.019395978964712e-05,5.497749083962342,10.46307383305537,19922.71588435741,0.3930289119691093
2.61999999999998e-06,2.0,9.543244121620381e-05,0.707154528940714,0.5655193286419125,0.5058447032558064,0.1718551645757216,0.0005250633198813862,5.010749225874191e-05,5.501937410282109,10.47873873172693,19957.0953348905,0.39366416406619087
2.62499999999998e-06,2.0,9.534068781609262e-05,0.7069289321881354,0.5660348989981591,0.5058377555712781,0.1717537958698707,0.000524946533079108,5.002369792732728e-05,5.506007390186163,10.49395696099342,19990.52531967481,0.39428110312828835
2.62999999999998e-06,2.0,9.52517642160166e-05,0.7067103137257867,0.566534679774846,0.5058310213659543,0.1716555666844026,0.0005248329072995833,4.994264427609392e-05,5.509954700173618,10.50871284263988,20022.96863721873,0.3948791130904433
2.63499999999998e-06,2.0,9.51657595020081e-05,0.7064988893036962,0.5670181703463532,0.505824507322708,0.1715605736571954,0.0005247225999046517,4.986439618094948e-05,5.5137751362749,10.522991153859,20054.38903483698,0.39545759668915775
2.63999999999998e-06,2.0,9.508275983082308e-05,0.7062948675722429,0.5674848863191518,0.505818219906443,0.1714689102115183,0.0005246157647457424,4.978901588567652e-05,5.517464620933651,10.53677714679767,20084.75126915862,0.3960159761076335
2.64499999999998e-06,2.0,9.50028483823316e-05,0.7060984498762438,0.5679343600297317,0.5058121653552499,0.171380666500926,0.0005245125519212522,4.9716563010893e-05,5.521019206820061,10.55005656377192,20114.02115188248,0.39655369352880576
2.64999999999998e-06,2.0,9.49261052330786e-05,0.7059098300562512,0.5683661410255829,0.5058063496766779,0.1712959292862189,0.0005244131073675982,4.96470945299509e-05,5.524435083459512,10.56281565583324,20142.16560843704,0.397070211739364
2.65499999999998e-06,2.0,9.485260731508688e-05,0.7057291942572551,0.5687797965268773,0.5058007786393741,0.1712147818869544,0.0005243175726282771,4.95806647807947e-05,5.527708580767085,10.57504119693397,20169.15272155356,0.3975650146399229
2.65999999999998e-06,2.0,9.478242829604896e-05,0.7055567207449805,0.5691749118706861,0.505795457769847,0.1711373040651774,0.0005242260844582588,4.951732544451923e-05,5.53083617538113,10.58672050140548,20194.95178754013,0.39803760780550873
2.66499999999998e-06,2.0,9.471563854488205e-05,0.7053925797299612,0.5695510909350325,0.5057903923445978,0.171063571983847,0.0005241387746087471,4.945712555954342e-05,5.533814493877468,10.59784143697788,20219.53335715113,0.3984875189511855
2.66999999999998e-06,2.0,9.465230501881984e-05,0.7052369331995619,0.5699079565441703,0.5057855873874029,0.1709936580976232,0.0005240557694486665,4.940011150230921e-05,5.536640318767268,10.60839244106098,20242.86928893379,0.398914298446547
2.674999999999979e-06,2.0,9.459249123600658e-05,0.7050899347581169,0.5702451508536962,0.50578104766195,0.1709276311184764,0.0005239771897689309,4.934632700323346e-05,5.539310591351466,10.61836253252642,20264.93278688147,0.3993175197352198
2.679999999999979e-06,2.0,9.453625716975728e-05,0.7049517294753403,0.5705623357155868,0.5057767776696495,0.1708655559137822,0.0005239031504247558,4.92958131290362e-05,5.541822417343944,10.62774132670035,20285.69845034122,0.3996967798018046
2.684999999999979e-06,2.0,9.448365922841289e-05,0.7048224537431607,0.5708591930226885,0.5057727816427999,0.1708074934793573,0.0005238337601628806,4.924860830001206e-05,5.544173069329151,10.63651904581337,20305.14230794528,0.4000516995433312
2.689999999999979e-06,2.0,9.443475015700178e-05,0.704702235141118,0.5711354250324021,0.5057690635429295,0.1707535008450859,0.0005237691212881911,4.92047482735222e-05,5.546359991974045,10.64468653262147,20323.24186359296,0.4003819241873162
2.694999999999979e-06,2.0,9.438957902456447e-05,0.7045911923104582,0.5713907546694543,0.5057656270545061,0.1707036310555867,0.0005237093295171712,4.916426616215354e-05,5.548380804054513,10.65223525944379,20339.97612619297,0.4006871236138676
2.699999999999979e-06,2.0,9.434819113340581e-05,0.7044894348370488,0.5716249258072332,0.5057624755838209,0.1706579330835795,0.0005236544736719897,4.912719241796e-05,5.550233303222757,10.65915734033584,20355.32565126637,0.40096699272365377
2.704999999999979e-06,2.0,9.431062801404755e-05,0.7043970631432309,0.5718377035274232,0.5057596122532525,0.1706164518183615,0.0005236046355630393,4.909355485115995e-05,5.551915467571396,10.66544553863505,20369.27256605808,0.40122125170906175
2.709999999999979e-06,2.0,9.427692734224552e-05,0.704314168388714,0.5720288743585206,0.5057570399006995,0.1705792279870809,0.0005235598897133906,4.906337861474501e-05,5.553425459926439,10.6710932776253,20381.80060635837,0.40144964637143965
2.714999999999979e-06,2.0,9.424712294172064e-05,0.7042408323806127,0.5721982464916607,0.5057547610744033,0.1705462981511782,0.0005235203032730264,4.903668622338302e-05,5.554761628921546,10.67609464652991,20392.89513660392,0.40165194834048257
2.719999999999979e-06,2.0,9.42212447090394e-05,0.7041771274927133,0.572345649974915,0.5057527780329418,0.1705176946357079,0.0005234859357759509,4.901349753813107e-05,5.55592251279095,10.68044440959746,20402.54318153952,0.4018279553392071
2.724999999999979e-06,2.0,9.419931862426525e-05,0.7041231165940488,0.5724709368852537,0.5057510927406123,0.1704934455338762,0.0005234568390884379,4.899382978524006e-05,5.556906839930513,10.68413801049974,20410.73344099467,0.40197749135137756
2.729999999999979e-06,2.0,9.418136668379722e-05,0.7040788529868554,0.5725739814779678,0.5057497068679955,0.1704735746445179,0.0005234330572007898,4.897769754072795e-05,5.55771353216915,10.68717157978942,20417.45631608017,0.4021004068334499
2.734999999999979e-06,2.0,9.41674069190241e-05,0.7040443803539693,0.5726546803139629,0.5057486217878986,0.1704581014848369,0.000523414626211304,4.896511274889201e-05,5.558341704797857,10.68954193765535,20422.70391836539,0.4021965788291261
2.739999999999979e-06,2.0,9.415745333720295e-05,0.7040197327157174,0.5727129523641494,0.5057478385764931,0.1704470412361228,0.0005234015741543092,4.895608470653307e-05,5.558790669302923,10.69124659971966,20426.4700903778,0.4022659111280266
2.744999999999979e-06,2.0,9.415151594817687e-05,0.7040049343963427,0.5727487390916481,0.5057473580098283,0.1704404047647618,0.0005233939210211414,4.895062008102143e-05,5.55905993284916,10.69228377811839,20428.75040898018,0.40230833432688634
2.749999999999979e-06,2.0,9.414960071334397e-05,0.704,0.5727620045107134,0.505747180565538,0.1704381985762601,0.0005233916786255506,4.894872289404749e-05,5.559149200462803,10.692652385609,20429.542199999,0.40232380593445327
2.754999999999979e-06,2.0,9.415170958048957e-05,0.7040049343963426,0.5727527352238893,0.5057473064199273,0.17044042484457,0.0005233948506625709,4.895039453912522e-05,5.559058373960116,10.69235203496124,20428.84453568024,0.40231231037931925
2.759999999999979e-06,2.0,9.41578404408643e-05,0.7040197327157172,0.5727209404351166,0.5057477354502515,0.1704470813744523,0.0005234034326118932,4.895563376480251e-05,5.558787553573322,10.69138304135699,20426.65824334537,0.40227385906066426
2.764999999999979e-06,2.0,9.416798717214022e-05,0.704044380353969,0.5726666519415047,0.5057484672323773,0.1704581616391361,0.0005234174118349271,4.896443669157387e-05,5.558337036320956,10.68974642007881,20422.98589686598,0.4022084903023686
2.769999999999979e-06,2.0,9.418213960362277e-05,0.704078852986855,0.5725899241010637,0.5057495010436374,0.1704736547510251,0.0005234367675163912,4.897679679450278e-05,5.557707317075247,10.68744388720706,20417.83181933697,0.4021162693500386
2.774999999999979e-06,2.0,9.420028356732202e-05,0.7041231165940484,0.5724908337788948,0.5057508358610585,0.1704935455076909,0.0005234614707993818,4.899270491957391e-05,5.556899086375653,10.68447785560509,20411.20206858538,0.40199728827120385
2.779999999999978e-06,2.0,9.422240087127108e-05,0.7041771274927129,0.5723694802694393,0.5057524703647911,0.1705178143709002,0.000523491484764791,4.901214926577607e-05,5.555913230941505,10.68085143391848,20403.1044339097,0.40185166589853916
2.784999999999978e-06,2.0,9.424846935869894e-05,0.7042408323806122,0.5722259851975328,0.5057544029369118,0.1705464375209059,0.0005235267646038215,4.903511540095064e-05,5.554750830935561,10.67656842087644,20393.54841572603,0.40167954767662684
2.789999999999978e-06,2.0,9.427846288940744e-05,0.7043141683887133,0.5720604923952066,0.5057566316654216,0.1705793868437501,0.0005235672576343611,4.906158624344146e-05,5.553413159930775,10.67163330260956,20382.54521649674,0.40148110555145655
2.794999999999978e-06,2.0,9.431235140699526e-05,0.7043970631432301,0.5718731677578117,0.5057591543436188,0.1706166299937938,0.0005236129035098221,4.909154207757506e-05,5.551901681635768,10.66605124529196,20370.10771468103,0.40125653776401793
2.799999999999978e-06,2.0,9.435010092824447e-05,0.704489434837048,0.5716641990760657,0.5057619684746653,0.1706581303892233,0.000523663634271249,4.912496053501066e-05,5.550218049329616,10.65982809081427,20356.25045006019,0.4010060686868424
2.804999999999978e-06,2.0,9.439167361830707e-05,0.7045911923104572,0.5714337958472337,0.5057650712715223,0.1707038472827314,0.0005237193745908224,4.916181661006644e-05,5.548364102066081,10.65297034779599,20340.98959222021,0.40072994856450234
2.809999999999978e-06,2.0,9.443702778801217e-05,0.704702235141117,0.5711821890629788,0.5057684596620877,0.1707537357651232,0.0005237800418579516,4.92020826409741e-05,5.546341863595273,10.64548518565681,20324.34292054191,0.4004284532978556
2.814999999999978e-06,2.0,9.448611797693512e-05,0.7048224537431597,0.570909630976574,0.5057721302896862,0.1708077468440417,0.0005238455464555217,4.924572832527096e-05,5.544153538068057,10.63738042405406,20306.32978752879,0.4001018841325323
2.819999999999978e-06,2.0,9.453889495849243e-05,0.7049517294753391,0.5706163948466546,0.505776079518767,0.1708658274555412,0.000523915791877683,4.929272070125866e-05,5.541801508467842,10.62866452539523,20286.97109377584,0.39975056739111337
2.824999999999978e-06,2.0,9.459530583076094e-05,0.7050899347581157,0.5703027746611619,0.5057803034359549,0.1709279205507126,0.0005239906750363977,4.934302416375959e-05,5.539288331841241,10.61934658275865,20266.28924650424,0.39937485411044926
2.829999999999978e-06,2.0,9.465529402925203e-05,0.7052369331995607,0.569969084838477,0.5057847978562858,0.1709939651150801,0.0005240700864085069,4.939660044606053e-05,5.5366167372671,10.60943631092132,20244.30812990799,0.39897511972339683
2.834999999999978e-06,2.0,9.47187994252835e-05,0.7053925797299598,0.5696156599080895,0.5057895583248218,0.1710638962629458,0.0005241539103695689,4.945340863643851e-05,5.533789620643597,10.59894403281555,20221.0530592865,0.39855176364514366
2.839999999999978e-06,2.0,9.478575834628e-05,0.7055567207449791,0.5692428541705169,0.5057945801234152,0.171137645264431,0.0005242420253673636,4.951340516093723e-05,5.530810042225576,10.5878806691517,20196.55074720923,0.3981052089060859
2.844999999999978e-06,2.0,9.485610368152636e-05,0.7057291942572536,0.5688510413359917,0.5057998582728641,0.1712151396473483,0.0005243343042799408,4.95765438010552e-05,5.527681221001171,10.57625772349182,20170.82925370679,0.39763590168864343
2.849999999999978e-06,2.0,9.49297649097443e-05,0.7059098300562496,0.5684406141435573,0.5058053875402165,0.1712963032316643,0.0005244306146121134,4.964277567782083e-05,5.524406531832505,10.56408727053544,20143.91794870518,0.39714431091189295
2.854999999999978e-06,2.0,9.500666821204439e-05,0.7060984498762423,0.5680119839596957,0.5058111624414374,0.1713810562386823,0.0005245308188744433,4.97120492710602e-05,5.520989499457757,10.55138193990724,20115.84745877995,0.3966309277210134
2.859999999999978e-06,2.0,9.50867365065304e-05,0.7062948675722411,0.5675655803577221,0.505817177249238,0.1714693153326876,0.0005246347747991508,4.978431040525716e-05,5.517433795272514,10.53815490319115,20086.64962635299,0.3960962650250345
2.864999999999978e-06,2.0,9.516988956817473e-05,0.7064988893036944,0.567101850677579,0.5058234259962586,0.1715609937371798,0.0005247423357362859,4.985950227091271e-05,5.513743230996506,10.52441985652177,20056.35745351965,0.3955408569403992
2.869999999999978e-06,2.0,9.525604407019657e-05,0.7067103137257849,0.5666212595673975,0.5058299024833853,0.1716560012834384,0.0005248533508853928,4.993756541269166e-05,5.509921755134733,10.51019100646827,20025.00505853354,0.3949652582839591
2.874999999999978e-06,2.0,9.534511371055657e-05,0.7069289321881335,0.5661242885059178,0.5058366002834394,0.1717542445335191,0.0005249676657049437,5.001843775342923e-05,5.505973446349765,10.49548305152638,19992.62761723182,0.3943700439723987
2.879999999999978e-06,2.0,9.543700925978038e-05,0.7071545289407121,0.5656114353078231,0.5058435127499751,0.1718556268354416,0.0005250851221557947,5.010205458513085e-05,5.50190250964412,10.48031116695218,19959.26131733482,0.3937558084723815
2.884999999999977e-06,2.0,9.553163869376216e-05,0.7073868813467624,0.5650832136109989,0.5058506330214393,0.17196004845264,0.0005252055591199649,5.018834859619111e-05,5.497713269480044,10.46469098526632,19924.94329801264,0.3931231651583589
2.889999999999977e-06,2.0,9.562890724767058e-05,0.707625760102512,0.5645401523474006,0.5058579540304323,0.1720674066254495,0.0005253288126518017,5.027724986585536e-05,5.493410165725378,10.44863858014172,19889.71160252596,0.3924727457219511
2.894999999999977e-06,2.0,9.57287175546791e-05,0.7078709294634691,0.5639827951970845,0.5058654685083209,0.172177595706673,0.0005254547164019778,5.036868589527656e-05,5.488997746564009,10.43217044602813,19853.60511646339,0.3918051994904115
2.899999999999977e-06,2.0,9.583096970557317e-05,0.708122147477074,0.5634117000271568,0.5058731689949375,0.1722905072290022,0.0005255831018723599,5.046258160604274e-05,5.48448066424813,10.41530348121196,19816.66351925707,0.3911211927981546
2.904999999999977e-06,2.0,9.593556139299006e-05,0.7083791662214775,0.562827438314578,0.5058810478436138,0.1724060300463448,0.0005257137988410567,5.055885937573743e-05,5.479863667842351,10.39805496667,19778.92722160357,0.39042140826823324
2.909999999999977e-06,2.0,9.604238797629092e-05,0.7086417320502088,0.5622305945556221,0.5058890972312964,0.1725240504068001,0.0005258466356169139,5.06574390411808e-05,5.475151598825358,10.380442548417,19740.43731636479,0.389706544148822
2.914999999999977e-06,2.0,9.615134263087323e-05,0.7089095858424951,0.5616217656603374,0.5058973091639736,0.1726444520993455,0.0005259814394616176,5.075823793913478e-05,5.470349383710629,10.3624842157116,19701.23551568358,0.38897731356099186
2.919999999999977e-06,2.0,9.626231641781187e-05,0.7091824632589816,0.561001560334492,0.5059056754871745,0.1727671165319624,0.0005261180368396706,5.086117091496648e-05,5.465462029539785,10.34419828279758,19661.36410174031,0.3882344438025296
2.924999999999977e-06,2.0,9.63751984377785e-05,0.7094600950026032,0.5603705984489423,0.5059141878917547,0.1728919228832639,0.0005262562538336894,5.09661503691403e-05,5.460494616421937,10.32560336658926,19620.86586405188,0.3874786755656784
2.929999999999977e-06,2.0,9.648987590494199e-05,0.709742207084348,0.5597295103968737,0.5059228379247495,0.1730187481853416,0.0005263959163859739,5.107308627197781e-05,5.455452292960059,10.30671836792425,19579.78405054148,0.3867107622115321
2.934999999999977e-06,2.0,9.660623430495024e-05,0.7100285210936508,0.559078936440558,0.5059316169954859,0.1731474674798854,0.0005265368507030707,5.118188621664072e-05,5.450340268749893,10.28756244883914,19538.16230545389,0.38593146896067254
2.939999999999977e-06,2.0,9.672415747257338e-05,0.7103187544731518,0.5584195260473731,0.505940516386746,0.173277953905299,0.0005266788834853422,5.129245544062899e-05,5.445163809778865,10.26815501345949,19496.0446211724,0.3851415721420741
2.944999999999977e-06,2.0,9.684352775318463e-05,0.7106126207975457,0.557751937216925,0.5059495272611733,0.1734100788568431,0.0005268218423171559,5.140469688592907e-05,5.43992823092375,10.24851568498135,19453.47527715368,0.38434185836008183
2.949999999999977e-06,2.0,9.696422608356997e-05,0.7109098300562491,0.5570768357989664,0.505958640672707,0.1735437120775424,0.0005269655558809567,5.151851122790691e-05,5.434638891360042,10.22866428631397,19410.49879287492,0.383533123721424
2.954999999999977e-06,2.0,9.708613215632585e-05,0.7112100889396062,0.5563948948041091,0.5059678475732406,0.17367872182187,0.0005271098543297252,5.16337969432698e-05,5.429301187095181,10.20862081688206,19367.15986815192,0.3827161729822391
2.959999999999977e-06,2.0,9.720912450323907e-05,0.71151310112835,0.5557067937070495,0.505977138824288,0.1738149749499401,0.0005272545694823778,5.175045034697354e-05,5.423920546424026,10.18840543313673,19323.50333756046,0.3818918187571093
2.964999999999977e-06,2.0,9.733308066199057e-05,0.7118185675860331,0.5550132177442221,0.5059865052038502,0.1739523370942267,0.0005273995351754281,5.18683656686083e-05,5.418502422532116,10.16803842529051,19279.57411245789,0.3810608806499954
2.969999999999977e-06,2.0,9.745787726150339e-05,0.7121261868541413,0.5543148572060586,0.5059959374182679,0.1740906727565363,0.000527544587436924,5.198743509788455e-05,5.413052289030112,10.14754019781196,19235.41713718228,0.3802241844495222
2.974999999999977e-06,2.0,9.758339019030432e-05,0.7124356553495962,0.5536124067246333,0.5060054261092565,0.1742298454772344,0.0005276895648145088,5.210754887002821e-05,5.407575632658967,10.12693124619475,19191.07733304245,0.3793825612473989
2.979999999999977e-06,2.0,9.7709494683218e-05,0.7127466676643555,0.552906564558734,0.5060149618658948,0.1743697179344622,0.0005278343085254434,5.222859532035169e-05,5.402077948933368,10.10623213754639,19146.59955655239,0.3785368466242718
2.984999999999977e-06,2.0,9.783606549074778e-05,0.7130589168668133,0.5521980318751427,0.5060245352317871,0.1745101521153349,0.0005279786627587655,5.235046097914155e-05,5.396564734977704,10.08546348749694,19102.02854562138,0.3776878797598078
2.989999999999976e-06,2.0,9.79629769664652e-05,0.7133720948047054,0.5514875120298524,0.506034136717141,0.1746510094168627,0.0005281224747992494,5.247303063577877e-05,5.39104148530566,10.06464594097885,19057.40888002282,0.3768365026129896
2.994999999999976e-06,2.0,9.809010323678905e-05,0.7136858924092172,0.5507757098470198,0.5060437568060013,0.1747921508185739,0.0005282655953018657,5.259618744349624e-05,5.385513684812375,10.04380014938114,19012.78492997793,0.37598355902844594
2.999999999999976e-06,2.0,9.821731828839352e-05,0.7139999999999984,0.550063330899428,0.506053385968381,0.1749334369845803,0.0005284078783878718,5.27198129934322e-05,5.37998680471459,10.02294675160742,18968.20081900858,0.37512989391484775
3.004999999999976e-06,2.0,9.834449613776833e-05,0.7143141075907797,0.5493510807891284,0.5060630146675107,0.1750747284370753,0.0005285491818902292,5.284378742953409e-05,5.374466295721161,10.00210635157514,18923.70037506255,0.37427635235205314
3.009999999999976e-06,2.0,9.847151091799613e-05,0.7146279051952916,0.548639664430575,0.5060726333719767,0.1752158856589784,0.0005286893674205539,5.296798953279812e-05,5.368957584154668,9.981299499638098,18879.32709586407,0.3734237787715966
3.014999999999976e-06,2.0,9.859823704744292e-05,0.7149410831331836,0.5479297853363323,0.5060822325629455,0.1753567692677388,0.0005288283005844395,5.309229684651139e-05,5.363466065319767,9.960546670513613,18835.12410267307,0.3725730160685935
3.019999999999976e-06,2.0,9.872454931530137e-05,0.7152533323356415,0.547222144906785,0.5060918027462507,0.1754972401180098,0.0005289658510186068,5.321658577076949e-05,5.357997099823536,9.939868245158152,18791.13410821771,0.3717249047887752
3.024999999999976e-06,2.0,9.885032304877967e-05,0.7155643446504008,0.5465174417241676,0.5061013344595445,0.1756371594751869,0.0005291018925755518,5.334073169811593e-05,5.352556007157774,9.919284489197219,18747.39937313836,0.37088028224898073
3.029999999999976e-06,2.0,9.897543419679643e-05,0.7158738131458557,0.5458163708523801,0.5061108182842977,0.1757763891175347,0.0005292363033306065,5.346460911829653e-05,5.347148062232844,9.898815535331249,18703.96167654356,0.3700399817348454
3.034999999999976e-06,2.0,9.909975949505907e-05,0.7161814324139639,0.5451196231424376,0.5061202448528276,0.1759147915089014,0.0005293689657357979,5.3588091764206e-05,5.341778489186744,9.878481362334835,18660.86227515096,0.3692048316335361
3.039999999999976e-06,2.0,9.922317654734717e-05,0.7164868988716471,0.5444278845460148,0.5061296048601501,0.1760522298997415,0.0005294997665970858,5.371105272666588e-05,5.336452458143627,9.858301778065979,18618.14187647696,0.36837565464627325
3.044999999999976e-06,2.0,9.934556398789482e-05,0.7167899110603908,0.5437418354355437,0.5061388890708602,0.1761885684984321,0.0005296285971978237,5.383336461039246e-05,5.331175079260047,9.838296399099297,18575.84060066257,0.36755326693711154
3.049999999999976e-06,2.0,9.946680155969779e-05,0.717090169943748,0.5430621499342746,0.5061480883307845,0.176323672570637,0.0005297553532467413,5.39548996584552e-05,5.325951399716592,9.818484634392682,18533.99795625959,0.3667384773636376
3.054999999999976e-06,2.0,9.958677027367823e-05,0.7173873792024514,0.5423894952543412,0.50615719357366,0.1764574086086674,0.0005298799349719501,5.407552991778472e-05,5.320786398008237,9.798885665615636,18492.65280470443,0.3659320866456738
3.059999999999976e-06,2.0,9.970535248347932e-05,0.7176812455268453,0.5417245310461526,0.506166195832562,0.1765896444286271,0.0005300022470407043,5.419512737275754e-05,5.31568498117542,9.779518431524574,18451.84333864438,0.36513488661752547
3.064999999999976e-06,2.0,9.982243204092648e-05,0.7179714789063464,0.5410679087573372,0.5061750862463275,0.1767202493372854,0.0005301221986253034,5.431356411958583e-05,5.310651979342673,9.76040160903633,18411.60704899117,0.3643476594200519
3.069999999999976e-06,2.0,9.993789436681901e-05,0.7182577929156493,0.5404202710040374,0.5061838560707249,0.176849094226448,0.0005302397032960983,5.443071250828101e-05,5.305692143192834,9.741553598355495,18371.98070570657,0.36357117677758943
3.074999999999976e-06,2.0,0.0001000516266022254,0.7185399049973941,0.5397822509532685,0.5061924966845847,0.1769760517368019,0.000530354679060998,5.45464453250709e-05,5.300810138756169,9.722992504833927,18333.00032734443,0.3628061992164666
3.079999999999976e-06,2.0,0.000100163517674864,0.7188175367410158,0.5391544717189541,0.5062009996006629,0.1771009963489961,0.0005304670482337327,5.466063594176162e-05,5.296010545128651,9.704736124894719,18294.70116420624,0.362053475369958
3.084999999999976e-06,2.0,0.0001002734584457841,0.7190904141575023,0.5385375457694886,0.5062093564714598,0.1772238045439222,0.0005305767374489241,5.477315850515595e-05,5.291297849512072,9.686801928703444,18257.11767025207,0.3613137412255665
3.089999999999975e-06,2.0,0.0001003813417709565,0.7193582679497886,0.5379320743508237,0.5062175590997409,0.1773443548899921,0.0005306836775079054,5.48838880926466e-05,5.286676445175625,9.669207046922153,18220.28348851584,0.36058771946083157
3.094999999999975e-06,2.0,0.0001004870626430141,0.71962083377852,0.5373386469219161,0.5062255994439948,0.1774625281993552,0.0005307878033719781,5.499270090733126e-05,5.282150626744873,9.651968254230937,18184.23142527787,0.3598761187225609
3.099999999999975e-06,2.0,0.0001005905182476643,0.7198778525229235,0.5367578406059025,0.5062334696285957,0.1775782076108678,0.0005308890539881499,5.509947443853968e-05,5.27772458840463,9.635101956922046,18148.99343759518,0.3591796329950347
3.104999999999975e-06,2.0,0.0001006916081001857,0.7201290705365285,0.5361902196554938,0.5062411619488778,0.1776912787417553,0.0005309873722634001,5.520408766116643e-05,5.27340241943357,9.61862417729848,18114.60060961128,0.3584989409137386
3.109999999999975e-06,2.0,0.0001007902340963943,0.7203742398974857,0.5356363349341919,0.5062486688808997,0.1778016297657982,0.000531082704873294,5.530642119956404e-05,5.269188102644423,9.602550542132715,18081.08314207614,0.3578347051683938
3.114999999999975e-06,2.0,0.0001008863006436216,0.7206131186532353,0.535096723412948,0.5062559830861104,0.1779091515599791,0.0005311750022202222,5.540635752946546e-05,5.265085510159619,9.58689626795517,18048.47033065102,0.3571875718529689
3.119999999999975e-06,2.0,0.0001009797147059797,0.7208454710592858,0.5345719076825611,0.506263097420703,0.1780137377774158,0.0005312642182279282,5.550378114353711e-05,5.261098402084194,9.571676150387619,18016.79055727612,0.35655816990514533
3.124999999999975e-06,2.0,0.0001010703859296154,0.7210710678118644,0.5340623954830027,0.5062700049398425,0.1781152849885463,0.0005313503102869912,5.559857875407427e-05,5.257230422516749,9.556904550335359,17986.07127033296,0.3559471104944564
3.129999999999975e-06,2.0,0.0001011582266820907,0.721289686274213,0.5335686792482626,0.5062766989065894,0.1782136927483884,0.0005314332390385767,5.569063945832684e-05,5.25348509844931,9.542595384207193,17956.33897772529,0.3553549864998742
3.134999999999975e-06,2.0,0.000101243152171721,0.7215011106963035,0.5330912356689337,0.5062831727956789,0.1783088637318295,0.0005315129683104361,5.577985494004812e-05,5.249865836007472,9.528762111011284,17927.61922874834,0.35478237193710416
3.139999999999975e-06,2.0,0.0001013250804809462,0.7217051324277568,0.5326305252707173,0.5062894203019845,0.1784007037948026,0.0005315894648933728,5.586611963256668e-05,5.246375919570756,9.515417723472728,17899.9366087538,0.3542298214759147
3.144999999999975e-06,2.0,0.0001014039326796115,0.7219015501237559,0.5321869920107954,0.5062954353438448,0.1784891221032912,0.0005316626984711577,5.594933091714384e-05,5.243018508235251,9.502574736032223,17873.31472258201,0.35369786990750424
3.149999999999975e-06,2.0,0.0001014796328522263,0.7220901699437485,0.5317610628906208,0.5063012120710537,0.1785740311880346,0.0005317326413931716,5.602938928169604e-05,5.239796635147822,9.490245176862576,17847.77619067651,0.35318703170258614
3.154999999999975e-06,2.0,0.000101552108205096,0.7222708057427447,0.5313531475865058,0.5063067448677172,0.1786553470668748,0.0005317992686017104,5.610619851383192e-05,5.236713204184229,9.478440576768097,17823.34263394211,0.35269780051963096
3.159999999999975e-06,2.0,0.0001016212890874042,0.7224432792550193,0.5309636380972054,0.5063120283597657,0.1787329892926394,0.000531862557404278,5.617966585306356e-05,5.233770989490412,9.46717196210014,17800.03467118288,0.352230648804566
3.164999999999975e-06,2.0,0.0001016871090921535,0.7226074202700385,0.5305929084092171,0.5063170574173257,0.1788068810684887,0.0005319224874017925,5.624970217633725e-05,5.230972632368911,9.456449844556833,17777.87190526092,0.35178602734072845
3.169999999999975e-06,2.0,0.0001017495050710083,0.7227630668004378,0.5302413141788429,0.5063218271617523,0.1788769492886483,0.0005319790402637889,5.631622214160463e-05,5.228320641020668,9.446284214984296,17756.87292172306,0.3513643648901946
3.174999999999975e-06,2.0,0.0001018084172290456,0.722910065241883,0.529909192432893,0.5063263329675093,0.1789431246464416,0.0005320321996610331,5.637914436363583e-05,5.225817387632754,9.43668453408084,17737.05527615267,0.35096606778645145
3.179999999999975e-06,2.0,0.0001018637891333374,0.7230482705246595,0.5295968612850822,0.5063305704687157,0.1790053416675701,0.0005320819510468461,5.643839154682397e-05,5.223465108314298,9.427659727074357,17718.43549386684,0.3505915196175121
3.184999999999975e-06,2.0,0.0001019155678014974,0.7231775462568392,0.5293046196717395,0.5063345355605282,0.1790635388105593,0.0005321282815972618,5.649389064919557e-05,5.221265900378773,9.419218175316784,17701.02905833835,0.35024108086118017
3.189999999999975e-06,2.0,0.0001019637037040557,0.7232977648588819,0.5290327471033137,0.5063382244051955,0.1791176584923165,0.0005321711800017689,5.65455730023149e-05,5.21922172246791,9.411367711845145,17684.85041188037,0.3499150886109972
3.194999999999974e-06,2.0,0.0001020081508467796,0.7234088076895416,0.5287815034343578,0.5063416334329518,0.1791676471807257,0.0005322106364138553,5.659337446151473e-05,5.217334392022623,9.40411561384761,17669.91294502206,0.3496138562536321
3.199999999999974e-06,2.0,0.0001020488667668782,0.723510565162951,0.5285511286500987,0.5063447593475702,0.1792134554122552,0.0005322466422540605,5.663723551094491e-05,5.21560558558923,9.397468599102194,17656.22899809003,0.3493376732378435
3.204999999999974e-06,2.0,0.0001020858126091404,0.7236029368567689,0.5283418426707334,0.5063475991267632,0.1792550378764859,0.0005322791901737208,5.667710139812713e-05,5.214036836473281,9.391432819309806,17643.80985145166,0.3490868047942475
3.209999999999974e-06,2.0,0.0001021189531159923,0.7236858316112859,0.5281538451726198,0.5063501500272367,0.1792923534255547,0.0005323082738728372,5.671292222237999e-05,5.21262953522322,9.386013857398769,17632.66572790674,0.34886149174706504
3.214999999999974e-06,2.0,0.0001021482566974942,0.7237591676193871,0.5279873154268159,0.5063524095846026,0.1793253651504268,0.0005323338880794967,5.674465305199041e-05,5.211384927462205,9.381216721719374,17622.8057837235,0.3486619502763891
3.219999999999974e-06,2.0,0.0001021736954152991,0.7238228725072866,0.5278424121547776,0.5063543756179295,0.1793540403820116,0.0005323560283848294,5.677225399442817e-05,5.210304114544937,9.37704584420898,17614.23811177452,0.3484883717727659
3.224999999999974e-06,2.0,0.0001021952450465349,0.7238768834059511,0.5277192734006217,0.5063560462291649,0.1793783507590117,0.0005323746912401305,5.679569029468886e-05,5.209388051563193,9.373505075435531,17606.96973329177,0.34834092264161004
3.229999999999974e-06,2.0,0.0001022128850616984,0.7239211470131446,0.5276180164210958,0.5063574198071926,0.1793982722205685,0.0005323898738107533,5.681493238596327e-05,5.208637548172565,9.370597683616815,17601.00660169158,0.34821974420052737
3.234999999999974e-06,2.0,0.000102226598682495,0.7239556196460306,0.5275387375919124,0.5063584950267546,0.1794137850655786,0.0005324015739927912,5.682995596790542e-05,5.208053266767928,9.36832635051598,17596.35359500802,0.3481249525263338
3.239999999999974e-06,2.0,0.0001022363728536746,0.7239802672842826,0.5274815123312829,0.5063592708520183,0.1794248739367506,0.0005324097902872275,5.684074203674035e-05,5.207635723477637,9.366693171301177,17593.01452035279,0.3480566383945323
3.244999999999974e-06,2.0,0.0001022421982948505,0.7239950656036572,0.5274463950400684,0.5063597465350084,0.179431527871296,0.0005324145218374344,5.684727694254917e-05,5.207385286506464,9.365699651286755,17590.99210698548,0.3480148671687724
3.249999999999974e-06,2.0,0.000102244069466328,0.724,0.5274334190590491,0.5063599216186772,0.1794337402763276,0.0005324157683246918,5.684955239804329e-05,5.207302177295286,9.365346706635055,17590.28801138668,0.3479996787827214
3.254999999999974e-06,2.0,0.0001022419846149203,0.7239950656036573,0.5274425966427566,0.506359795934841,0.1794315089708616,0.000532413530027331,5.684756551426971e-05,5.20738646902976,9.365634661939676,17590.90281093889,0.34801108767189504
3.259999999999974e-06,2.0,0.0001022359457337662,0.7239802672842828,0.5274739189500341,0.5063593696067694,0.1794248361525219,0.0005324078077381006,5.684131878765435e-05,5.207638087964793,9.366563251761445,17592.83600958947,0.34804908279751223
3.264999999999974e-06,2.0,0.0001022259586021751,0.723955619646031,0.5275273560518497,0.5063586430466174,0.1794137284308262,0.0005323986028454264,5.68308201138351e-05,5.208056812097931,9.368131619058182,17596.08603213798,0.34811362762102355
3.269999999999974e-06,2.0,0.0001022120327394408,0.7239211470131449,0.5276028569551339,0.5063576169575267,0.1793981967851846,0.0005323859172727307,5.681608275288554e-05,5.208642272658592,9.370338317554852,17600.650230488,0.3482046601699493
3.274999999999974e-06,2.0,0.0001021941814386851,0.7238768834059516,0.52770034964411,0.5063562923305697,0.1793782565894817,0.0005323697535815983,5.679712532138462e-05,5.209393952946422,9.373181311011814,17606.52487853097,0.34832209305462825
3.279999999999974e-06,2.0,0.0001021724217146966,0.7238228725072872,0.5278197411381047,0.5063546704463516,0.1793539275613919,0.0005323501149328463,5.677397173601946e-05,5.210311189986033,9.37665797644212,17613.7051790154,0.3484658135767128
3.284999999999974e-06,2.0,0.000102146774331728,0.7237591676193879,0.5279609175659158,0.5063527528714724,0.1793252337782986,0.0005323270052109021,5.674665118434435e-05,5.211393173531396,9.380765104210486,17622.18525902876,0.3486356837876172
3.289999999999974e-06,2.0,0.0001021172637453603,0.7236858316112867,0.5281237442579104,0.5063505414596224,0.1792922036179905,0.0005323004290058663,5.671519804733083e-05,5.212638947887712,9.385498902104562,17631.95817751469,0.34883154063991995
3.294999999999974e-06,2.0,0.0001020839181242383,0.7236029368567699,0.5283080658538448,0.5063480383475615,0.1792548697659874,0.0005322703917581491,5.667965184952622e-05,5.214047411083692,9.390854996273205,17643.01592138941,0.34905319608785745
3.299999999999973e-06,2.0,0.0001020467692858929,0.723510565162952,0.5285137064287321,0.5063452459557223,0.1792132691477017,0.0005322368997600823,5.664005716150237e-05,5.215617316863534,9.396828436144975,17655.34941373063,0.3493004372810304
3.304999999999973e-06,2.0,0.0001020058527124281,0.7234088076895427,0.5287404696349555,0.5063421669836861,0.1791674429272931,0.0005321999603195554,5.659646353040712e-05,5.217347274029321,9.403413696221934,17668.94851058562,0.3495730267076623
3.309999999999973e-06,2.0,0.000101961207480242,0.7232977648588831,0.5289881388617429,0.5063388044103031,0.1791174364314123,0.0005321595817793805,5.654892536353063e-05,5.219235748606842,9.41060468184563,17683.80200987722,0.3498707024303306
3.314999999999973e-06,2.0,0.0001019128762696363,0.7231775462568405,0.5292564774119685,0.5063351614886652,0.1790632991397211,0.0005321157736981231,5.64975018405574e-05,5.221281063361628,9.418394731855871,17699.89764896363,0.3501931782722474
3.319999999999973e-06,2.0,0.0001018609052883932,0.7230482705246609,0.5295452286952111,0.5063312417457384,0.1790050846003839,0.0005320685468850823,5.644225677972696e-05,5.22348140014279,9.426776625207369,17717.22211432166,0.35054014409482726
3.324999999999973e-06,2.0,0.0001018053442752618,0.7229100652418844,0.5298541164394351,0.5063270489768389,0.1789428504124158,0.0005320179135960754,5.638325853335612e-05,5.225834799577088,9.435742584500248,17735.76103992648,0.35091126602701933
3.329999999999973e-06,2.0,0.0001017462464173874,0.7227630668004394,0.530182844918394,0.5063225872447714,0.1788766581331184,0.0005319638875817383,5.632057983823749e-05,5.22833916359567,9.445284283464964,17755.4990178044,0.3513061867852756
3.334999999999973e-06,2.0,0.0001016836683476116,0.7226074202700402,0.5305310991977479,0.5063178608738088,0.1788065732524643,0.0005319064842955534,5.625429769625931e-05,5.230992255311146,9.45539285136117,17776.41959729765,0.3517245259452836
3.339999999999973e-06,2.0,0.0001016176700557279,0.722443279255021,0.53089854539711,0.5063128744483425,0.1787326650926884,0.0005318457209527453,5.618449321090459e-05,5.233791701733007,9.466058881341334,17798.50529658092,0.35216588030442164
3.344999999999973e-06,2.0,0.0001015483148795729,0.7222708057427466,0.531284830970819,0.506307632806369,0.1786550067749472,0.000531781616747714,5.611125145490509e-05,5.236734993833271,9.477272435726919,17821.73760290607,0.35262982419587185
3.349999999999973e-06,2.0,0.0001014756694101127,0.7220901699437504,0.5316895850049997,0.5063021410376445,0.1785736751113265,0.0005317141929206047,5.603466129483965e-05,5.239819489456614,9.489023055263322,17846.09698519035,0.35311590989367325
3.354999999999973e-06,2.0,0.0001013998034762933,0.7219015501237579,0.5321124185326711,0.5062964044766891,0.1784887505640366,0.0005316434729809617,5.59548152479157e-05,5.243042413580813,9.501299765273826,17871.56289533544,0.35362366796863454
3.359999999999973e-06,2.0,0.0001013207900439511,0.721705132427759,0.5325529248656806,0.5062904287004517,0.1784003171301181,0.0005315694827787152,5.587180929679171e-05,5.246400861428302,9.51409108581059,17898.11378199672,0.3541526077355625
3.364999999999973e-06,2.0,0.0001012387051944601,0.7215011106963057,0.5330106799446075,0.5062842195208322,0.1783084622934734,0.0005314922507309245,5.57857427375861e-05,5.24989179892779,9.527385038701425,17925.72709310262,0.3547022176511341
3.369999999999973e-06,2.0,0.0001011536280174794,0.7212896862742153,0.5334852427051195,0.5062777829818631,0.1782132769025846,0.0005314118078937405,5.569671798711706e-05,5.253512066034131,9.54116915859672,17954.3792909181,0.35527196580253495
3.374999999999973e-06,2.0,0.0001010656405834342,0.7210710678118667,0.5339761554624864,0.5062711253517578,0.1781148551157109,0.0005313281881888556,5.560484042430587e-05,5.257258377397853,9.555430500913776,17984.04585588707,0.35586130034677554
3.379999999999973e-06,2.0,0.0001009748278301569,0.7208454710592881,0.5344829443121635,0.5062642531196184,0.1780132942719517,0.0005312414284730031,5.551021819199837e-05,5.261127325900505,9.570155653785196,18014.70130312237,0.3564696500402118
3.384999999999973e-06,2.0,0.0001008812775292636,0.7206131186532377,0.5350051195483339,0.506257172987024,0.1779086948299733,0.0005311515687606216,5.541296203393304e-05,5.265115383538839,9.585330746899293,18046.31918769535,0.35709642471836056
3.389999999999973e-06,2.0,0.0001007850801667904,0.7203742398974882,0.5355421760984131,0.5062498918642678,0.1778011602327883,0.0005310586522874539,5.531318509326915e-05,5.269218905182544,9.600941464353973,18078.87212269189,0.35774101586562485
3.394999999999973e-06,2.0,0.0001006863289035742,0.7201290705365311,0.5360935939751235,0.5062424168614974,0.1776907968403905,0.0005309627257259958,5.521100274721107e-05,5.273434129679677,9.61697305439389,18112.33178608614,0.358402797134733
3.399999999999973e-06,2.0,0.0001005851194499944,0.7198778525229261,0.5366588387439538,0.506234755284508,0.1775777137886489,0.0005308638392396623,5.51065324043225e-05,5.277757183843778,9.63341034316327,18146.66894049681,0.3590811249553049
3.404999999999972e-06,2.0,0.0001004815500205183,0.7196208337785227,0.5372373620080452,0.5062269146254399,0.1774620229162613,0.0005307620466876694,5.499989333880899e-05,5.28218408378658,9.650237745336742,18181.85344178441,0.35977533909178383
3.409999999999972e-06,2.0,0.0001003757212027206,0.7193582679497914,0.5378286019077761,0.5062189025581495,0.1773438386181858,0.0005306574056664216,5.489120648855997e-05,5.286710739140894,9.667439278767125,18217.85426065308,0.36048476328959034
3.414999999999972e-06,2.0,0.0001002677359061788,0.7190904141575052,0.5384319836372471,0.5062107269284803,0.1772232777673443,0.0005305499777005182,5.478059429098124e-05,5.29133295462622,9.684998575998742,18254.63949310667,0.3612087058699028
3.419999999999972e-06,2.0,0.0001001576992259962,0.7188175367410187,0.5390469199749222,0.5062023957492348,0.177100459563041,0.0005304398282681786,5.466818048356863e-05,5.29604643451291,9.702898899801696,18292.17638404054,0.36194646041188117
3.424999999999972e-06,2.0,0.0001000457183862801,0.718539904997397,0.539672811830322,0.5061939171900467,0.1769755054478744,0.0005303270269752554,5.455408994302227e-05,5.300846784425634,9.721123155553377,18330.43133969288,0.36269730638244757
3.429999999999972e-06,2.0,9.993190259843351e-05,0.7182577929156523,0.5403090488041451,0.5061852995719671,0.1768485389516071,0.0005302116475616615,5.44384484900101e-05,5.305729516053123,9.739653907641392,18369.36995336133,0.36346050985253797
3.434999999999972e-06,2.0,9.981636299951213e-05,0.7179714789063494,0.5409550097638156,0.5061765513569727,0.1767196856037649,0.0005300937680555737,5.432138273309975e-05,5.310690049193365,9.758473392699017,18408.95701998889,0.3642353241600507
3.439999999999972e-06,2.0,9.969921250558959e-05,0.7176812455268484,0.5416100634311353,0.5061676811421965,0.1765890727734517,0.0005299734707580594,5.420301987919342e-05,5.315723716712251,9.777563536851883,18449.15656413203,0.36502099065768356
3.444999999999972e-06,2.0,9.958056574532866e-05,0.7173873792024545,0.5422735689847047,0.5061586976490945,0.1764568295781345,0.0005298508423748476,5.408348758365286e-05,5.320825766832591,9.796905969780672,18489.93185680314,0.3658167394065702
3.449999999999972e-06,2.0,9.946053890880658e-05,0.7170901699437511,0.5429448766735814,0.5061496097173518,0.1763230867199052,0.0005297259739768221,5.396291376764106e-05,5.325991368343436,9.816482042792751,18531.24544582416,0.36662178995367617
3.454999999999972e-06,2.0,9.933924967666311e-05,0.7167899110603939,0.5436233284439842,0.5061404262937512,0.1761879763909649,0.0005295989611069815,5.384142647564003e-05,5.331215613133697,9.836272843673502,18573.05917502834,0.3674353520530193
3.459999999999972e-06,2.0,9.921681706479151e-05,0.7164868988716502,0.5443082585765187,0.5061311564257838,0.1760516321068666,0.0005294699037146471,5.371915370078005e-05,5.336493521651892,9.856259215546034,18615.334217104,0.36825662646965207
3.464999999999972e-06,2.0,9.90933613495256e-05,0.7161814324139671,0.5449989943353054,0.5061218092502484,0.1759141886092261,0.0005293389062358477,5.359622325067714e-05,5.341820045682976,9.876421772483008,18658.03109526688,0.36908480572607927
3.469999999999972e-06,2.0,9.896900390863841e-05,0.715873813145859,0.5456948566259779,0.5061123939866147,0.1757757816964738,0.0005292060774994507,5.347276258163352e-05,5.347190074056438,9.896740919108955,18701.10971867897,0.36991907492950415
3.474999999999972e-06,2.0,9.884386714303593e-05,0.7155643446504041,0.5463951606643865,0.5061029199253928,0.175636548124344,0.0005290715307794074,5.334889867357043e-05,5.352598435662799,9.91719686692454,18744.52940666627,0.3707586125400425
3.479999999999972e-06,2.0,9.871807431456564e-05,0.7152533323356448,0.5470992166526192,0.506093396421286,0.1754966254346827,0.0005289353836715066,5.322475787376355e-05,5.358039905405449,9.93776965460351,18788.24892678257,0.3716025912179365
3.484999999999972e-06,2.0,9.859174946475659e-05,0.7149410831331868,0.5478063304647479,0.5060838328813656,0.1753561518542695,0.0005287977581164897,5.310046578141452e-05,5.363509207450615,9.958439164983222,18832.22652163639,0.3724501786104784
3.489999999999972e-06,2.0,9.846501724995751e-05,0.7146279051952948,0.5485158043376498,0.5060742387580679,0.1752152661222375,0.0005286587802464862,5.29761471014056e-05,5.36900102141604,9.979185145996764,18876.41994963932,0.3733005382154123
3.494999999999972e-06,2.0,9.833800285766084e-05,0.7143141075907831,0.5492269375703888,0.5060646235372178,0.1750741073877829,0.0005285185803782774,5.285192553890958e-05,5.374509985845808,9.99998722826441,18920.78651446294,0.37415283018260587
3.499999999999972e-06,2.0,9.821083183958237e-05,0.7140000000000017,0.5499390272273257,0.5060549967309,0.1749328150367692,0.0005283772928291715,5.272792366340876e-05,5.380030704625407,10.02082494660881,18965.28310850145,0.3750062121905565
3.504999999999972e-06,2.0,9.80836300261184e-05,0.7136858924092205,0.5506513688473124,0.5060453678653949,0.1747915285888844,0.0005282350558800967,5.260426281357964e-05,5.385557750670347,10.04167775817085,19009.86624494342,0.375859840258428
3.509999999999971e-06,2.0,9.795652335796608e-05,0.7133720948047086,0.5513632571557803,0.5060357464739662,0.1746503875239936,0.0005280920115609653,5.248106297169244e-05,5.391085672554542,10.06252506443726,19054.49210393064,0.3767128696317867
3.514999999999971e-06,2.0,9.782963779935034e-05,0.7130589168668167,0.5520739867807971,0.5060261420847433,0.1745095311793155,0.0005279483055840035,5.235844267878044e-05,5.396608998397863,10.08334622981381,19099.11656721744,0.3775644556014816
3.519999999999971e-06,2.0,9.77030991687815e-05,0.7127466676643587,0.5527828529703445,0.5060165642134861,0.1743690985760838,0.0005278040870990406,5.223651891940348e-05,5.40212224269208,10.10412060408155,19143.69526696286,0.37841375439426067
3.524999999999971e-06,2.0,9.757703305167651e-05,0.7124356553495994,0.5534891523116787,0.506007022351462,0.1742292283173109,0.0005276595085978172,5.211540704699809e-05,5.407619910369612,10.12482754134434,19188.18362290046,0.3792599239943678
3.529999999999971e-06,2.0,9.745156463089053e-05,0.7121261868541445,0.5541921834502138,0.5059975259582254,0.174090058415323,0.0005275147256401906,5.199522067883345e-05,5.413096503807585,10.14544642282737,19232.53689366658,0.3801021250348908
3.534999999999971e-06,2.0,9.732681859937804e-05,0.7118185675860363,0.5548912478089195,0.5059880844495441,0.1739517261906657,0.0005273698967306996,5.187607163128341e-05,5.418546527057078,10.16595667611566,19276.71021637187,0.38093952161825384
3.539999999999971e-06,2.0,9.720291899114437e-05,0.7115131011283532,0.5555856503052655,0.505978707190239,0.1738143681010775,0.0005272251830171508,5.175806982467713e-05,5.423964493002679,10.18633779820323,19320.65866032782,0.381771282204188
3.544999999999971e-06,2.0,9.707998909456086e-05,0.7112100889396095,0.5562747000664526,0.5059694034822093,0.1736781196420859,0.0005270807481409629,5.164132322818399e-05,5.429344927728262,10.20656937491681,19364.33726884511,0.38259658042436673
3.549999999999971e-06,2.0,9.695815128439638e-05,0.7109098300562522,0.5569577111412802,0.5059601825573793,0.1735431151779671,0.000526936757910126,5.15259377741286e-05,5.434682377806377,10.22663110412526,19407.70111518677,0.3834145959633131
3.554999999999971e-06,2.0,9.683752693644409e-05,0.7106126207975488,0.5576340032079183,0.5059510535658627,0.1734094878445831,0.0005267933801254951,5.141201731202886e-05,5.439971414773169,10.24650281525213,19450.70534639438,0.38422451536333524
3.559999999999971e-06,2.0,9.671823626123358e-05,0.7103187544731548,0.5583029022765078,0.5059420255690728,0.1732773693828544,0.000526650784230266,5.129966353192838e-05,5.445206642519118,10.26616449253091,19493.30524122464,0.3850255328936534
3.564999999999971e-06,2.0,9.660039822061e-05,0.7100285210936539,0.558963741386061,0.5059331075280665,0.1731468900443743,0.0005265091411147528,5.118897592706237e-05,5.45038270184279,10.28559629450216,19535.45625575456,0.38581685134168664
3.569999999999971e-06,2.0,9.648413036377851e-05,0.7097422070843509,0.5596158612948295,0.5059243082968555,0.1730181784279225,0.0005263686227451988,5.108005172562121e-05,5.455494277910889,10.30477857721467,19577.11408303862,0.38659768286690704
3.574999999999971e-06,2.0,9.636954874641894e-05,0.7094600950026061,0.560258611162383,0.5059156366109845,0.1728913613883626,0.000526229401949763,5.097298586149316e-05,5.46053610485832,10.3236919135886,19618.2347001853,0.3873672497740204
3.579999999999971e-06,2.0,9.625676776966488e-05,0.7091824632589845,0.5608913492241742,0.5059071010810838,0.1727665638767078,0.0005260916520296805,5.086787091386611e-05,5.465502973282956,10.34231711644673,19658.77442940922,0.38812478534746636
3.584999999999971e-06,2.0,9.614590010238451e-05,0.7089095858424979,0.5615134434561306,0.5058987101817137,0.1726439088528015,0.0005259555465297976,5.076479708538311e-05,5.47038973485602,10.36063525764073,19698.68998625297,0.3888695346033291
3.589999999999971e-06,2.0,9.603705652364739e-05,0.7086417320502115,0.5621242722297127,0.50589047224521,0.1725235171294144,0.0005258212588353171,5.066385214896359e-05,5.4751913098151,10.37862769078986,19737.93854166015,0.38960075510029835
3.594999999999971e-06,2.0,9.593034584874001e-05,0.7083791662214802,0.5627232249556798,0.5058823954508304,0.1724055072891943,0.0005256889619303307,5.056512143273004e-05,5.479902691546844,10.39627607005133,19776.47777095449,0.39031771766648554
3.599999999999971e-06,2.0,9.582587477568406e-05,0.7081221474770767,0.5633097027167856,0.505874487818929,0.1722899955332599,0.000525558827983805,5.046868777336526e-05,5.484518954039101,10.41356237245319,19814.26591653425,0.3910197071835257
3.604999999999971e-06,2.0,9.572374781553362e-05,0.7078709294634716,0.5638831188878719,0.5058667572004395,0.1721770956028693,0.0005254310280998507,5.037463150712992e-05,5.489035256396137,10.4304689161941,19851.26183719006,0.3917060232850026
3.609999999999971e-06,2.0,9.562406714344845e-05,0.7076257601025145,0.5644428997427633,0.5058592112714162,0.1720669186329608,0.0005253057318966685,5.02830304291117e-05,5.493446850209117,10.4469783824433,19887.42507096476,0.3923759811098025
3.61499999999997e-06,2.0,9.552693253378257e-05,0.7073868813467649,0.5649884850480859,0.5058518575228906,0.1719595730789687,0.0005251831072524671,5.019395978964266e-05,5.497749083962731,10.46307383305584,19922.71588435919,0.39302891196911716
3.61999999999997e-06,2.0,9.543244121621535e-05,0.7071545289407144,0.5655193286419126,0.5058447032558054,0.1718551645757318,0.0005250633198814103,5.010749225874674e-05,5.501937410281696,10.4787387317264,19957.09533488857,0.39366416406618077
3.62499999999997e-06,2.0,9.534068781608176e-05,0.7069289321881358,0.5660348989981535,0.5058377555712783,0.1717537958698615,0.0005249465330790843,5.002369792732311e-05,5.506007390186542,10.49395696099382,19990.52531967647,0.394281103128292
3.62999999999997e-06,2.0,9.525176421602781e-05,0.7067103137257872,0.5665346797748433,0.5058310213659538,0.1716555666844128,0.0005248329072996061,4.994264427609885e-05,5.509954700173211,10.5087128426393,20022.96863721675,0.39487911309043044
3.63499999999997e-06,2.0,9.516575950199725e-05,0.7064988893036966,0.5670181703463517,0.5058245073227087,0.1715605736571862,0.0005247225999046288,4.986439618094501e-05,5.513775136275287,10.52299115385948,20054.38903483878,0.3954575966891655
3.63999999999997e-06,2.0,9.50827598308341e-05,0.7062948675722432,0.5674848863191486,0.5058182199064427,0.1714689102115282,0.0005246157647457653,4.978901588568142e-05,5.517464620933252,10.53677714679709,20084.75126915664,0.3960159761076204
3.64499999999997e-06,2.0,9.50028483823207e-05,0.7060984498762443,0.567934360029731,0.5058121653552505,0.1713806665009163,0.0005245125519212294,4.971656301088848e-05,5.521019206820454,10.55005656377243,20114.02115188431,0.39655369352881464
3.64999999999997e-06,2.0,9.492610523308987e-05,0.7059098300562516,0.5683661410255809,0.5058063496766773,0.1712959292862287,0.0005244131073676218,4.964709452995581e-05,5.524435083459106,10.56281565583267,20142.16560843505,0.3970702117393522
3.65499999999997e-06,2.0,9.48526073150759e-05,0.7057291942572554,0.5687797965268742,0.5058007786393747,0.1712147818869452,0.0005243175726282534,4.958066478079031e-05,5.527708580767475,10.57504119693443,20169.15272155534,0.397565014639929
3.65999999999997e-06,2.0,9.478242829606015e-05,0.7055567207449809,0.569174911870685,0.5057954577698465,0.1711373040651872,0.0005242260844582822,4.951732544452404e-05,5.530836175380725,10.58672050140492,20194.95178753817,0.3980376078054978
3.66499999999997e-06,2.0,9.471563854487067e-05,0.7053925797299615,0.5695510909350295,0.505790392344599,0.1710635719838373,0.0005241387746087226,4.94571255595389e-05,5.533814493877874,10.59784143697835,20219.53335715298,0.3984875189511923
3.66999999999997e-06,2.0,9.465230501883151e-05,0.7052369331995623,0.5699079565441708,0.5057855873874016,0.170993658097633,0.0005240557694486911,4.940011150231404e-05,5.536640318766846,10.60839244106044,20242.86928893181,0.3989142984465378
3.67499999999997e-06,2.0,9.459249123599546e-05,0.7050899347581171,0.5702451508536946,0.5057810476619506,0.1709276311184665,0.0005239771897689072,4.934632700322893e-05,5.539310591351866,10.61836253252691,20264.93278688333,0.3993175197352281
3.67999999999997e-06,2.0,9.453625716976844e-05,0.7049517294753406,0.5705623357155871,0.505776777669649,0.1708655559137925,0.0005239031504247794,4.929581312904082e-05,5.54182241734354,10.62774132669984,20285.69845033932,0.39969677980179463
3.68499999999997e-06,2.0,9.448365922840167e-05,0.7048224537431609,0.5708591930226884,0.505772781642801,0.1708074934793476,0.000523833760162857,4.924860830000738e-05,5.54417306932956,10.6365190458139,20305.14230794721,0.4000516995433408
3.68999999999997e-06,2.0,9.443475015701139e-05,0.7047022351411182,0.5711354250323696,0.5057690635429294,0.1707535008450958,0.0005237691212882076,4.920474827352877e-05,5.546359991973655,10.64468653262038,20323.24186359025,0.4003819241872738
3.69499999999997e-06,2.0,9.438957902455632e-05,0.7045911923104584,0.5713907546695135,0.5057656270545059,0.1707036310555769,0.0005237093295171612,4.916426616214554e-05,5.548380804054886,10.65223525944532,20339.97612619628,0.4006871236139366
3.69999999999997e-06,2.0,9.434819113341473e-05,0.7044894348370491,0.5716249258071866,0.5057624755838209,0.1706579330835887,0.0005236544736720028,4.912719241796737e-05,5.550233303222371,10.65915734033451,20355.32565126332,0.4009669927235979
3.70499999999997e-06,2.0,9.431062801403789e-05,0.704397063143231,0.5718377035274546,0.505759612253253,0.1706164518183521,0.0005236046355630231,4.909355485115351e-05,5.551915467571793,10.66544553863612,20369.27256606075,0.40122125170910244
3.70999999999997e-06,2.0,9.427692734225422e-05,0.7043141683887141,0.5720288743584705,0.5057570399006995,0.1705792279870904,0.0005235598897134026,4.906337861475252e-05,5.553425459926054,10.67109327762392,20381.80060635525,0.4014496463713801
3.71499999999997e-06,2.0,9.424712294170992e-05,0.7042408323806129,0.5721982464916671,0.505754761074404,0.1705462981511687,0.0005235203032730046,4.903668622337802e-05,5.554761628921947,10.67609464653055,20392.895136606,0.40165194834049833
3.719999999999969e-06,2.0,9.422124470905069e-05,0.7041771274927134,0.5723456499749185,0.5057527780329412,0.1705176946357176,0.0005234859357759759,4.901349753813557e-05,5.555922512790548,10.68044440959699,20402.54318153764,0.40182795533920096
3.724999999999969e-06,2.0,9.419931862425377e-05,0.7041231165940489,0.5724709368852494,0.5057510927406135,0.1704934455338663,0.0005234568390884131,4.899382978523562e-05,5.556906839930926,10.68413801050021,20410.73344099652,0.4019774913513831
3.729999999999969e-06,2.0,9.418136668381004e-05,0.7040788529868555,0.5725739814780011,0.5057497068679944,0.1704735746445279,0.0005234330572008215,4.897769754073074e-05,5.55771353216873,10.68717157978945,20417.456316079,0.4021004068334732
3.734999999999969e-06,2.0,9.416740691901256e-05,0.7040443803539693,0.5726546803139634,0.5057486217878999,0.1704581014848269,0.0005234146262112792,4.896511274888717e-05,5.558341704798274,10.6895419376559,20422.70391836741,0.4021965788291365
3.739999999999969e-06,2.0,9.415745333721403e-05,0.7040197327157174,0.5727129523641428,0.5057478385764921,0.1704470412361327,0.0005234015741543322,4.895608470653819e-05,5.558790669302513,10.69124659971901,20426.47009037567,0.4022659111280101
3.744999999999969e-06,2.0,9.415151594816429e-05,0.7040049343963427,0.5727487390916233,0.5057473580098297,0.1704404047647517,0.0005233939210211118,4.89506200810181e-05,5.559059932849588,10.69228377811851,20428.75040898157,0.4023083343268716
3.749999999999969e-06,2.0,9.41496007133562e-05,0.704,0.572762004510737,0.505747180565537,0.1704381985762698,0.0005233916786255799,4.894872289405079e-05,5.559149200462393,10.69265238560887,20429.54219999761,0.4023238059344672
3.754999999999969e-06,2.0,9.415170958047794e-05,0.7040049343963426,0.5727527352238725,0.5057473064199276,0.1704404248445605,0.0005233948506625439,4.895039453912164e-05,5.559058373960515,10.69235203496147,20428.84453568173,0.402312310379312
3.759999999999969e-06,2.0,9.415784044087582e-05,0.7040197327157172,0.5727209404351241,0.5057477354502502,0.1704470813744618,0.0005234034326119186,4.895563376480673e-05,5.558787553572912,10.69138304135659,20426.65824334361,0.4022738590606623
3.764999999999969e-06,2.0,9.416798717212895e-05,0.704044380353969,0.5726666519414996,0.5057484672323784,0.1704581616391264,0.0005234174118349025,4.896443669156958e-05,5.55833703632136,10.68974642007924,20422.98589686776,0.40220849030237316
3.769999999999969e-06,2.0,9.418213960363402e-05,0.7040788529868549,0.5725899241010678,0.5057495010436367,0.1704736547510348,0.0005234367675164159,4.897679679450716e-05,5.557707317074845,10.68744388720661,20417.83181933515,0.402116269350033
3.774999999999969e-06,2.0,9.420028356730943e-05,0.7041231165940482,0.572490833778861,0.5057508358610594,0.1704935455076811,0.0005234614707993507,4.899270491957124e-05,5.556899086376065,10.68447785560503,20411.20206858649,0.4019972882711799
3.779999999999969e-06,2.0,9.422240087128322e-05,0.7041771274927127,0.5723694802694673,0.5057524703647907,0.1705178143709095,0.0005234914847648208,4.901214926577903e-05,5.555913230941106,10.68085143391844,20403.10443390847,0.4018516658985578
3.784999999999969e-06,2.0,9.424846935868702e-05,0.7042408323806121,0.5722259851975153,0.5057544029369125,0.1705464375208963,0.000523526764603794,4.9035115400947e-05,5.554750830935971,10.67656842087667,20393.54841572755,0.40167954767661906
3.789999999999969e-06,2.0,9.427846288941916e-05,0.7043141683887132,0.5720604923952178,0.5057566316654207,0.1705793868437596,0.0005235672576343875,4.906158624344551e-05,5.553413159930365,10.67163330260922,20382.54521649506,0.4014811055514582
3.794999999999969e-06,2.0,9.431235140698373e-05,0.70439706314323,0.571873167757805,0.5057591543436195,0.1706166299937841,0.0005236129035097966,4.909154207757073e-05,5.551901681636178,10.66605124529238,20370.10771468282,0.4012565377640208
3.799999999999969e-06,2.0,9.435010092825606e-05,0.7044894348370478,0.5716641990760701,0.5057619684746639,0.1706581303892328,0.0005236636342712743,4.912496053501515e-05,5.550218049329203,10.65982809081381,20356.25045005833,0.4010060686868373
3.804999999999969e-06,2.0,9.439167361829396e-05,0.7045911923104571,0.5714337958472001,0.5057650712715239,0.1707038472827213,0.0005237193745907904,4.91618166100636e-05,5.548364102066513,10.65297034779596,20340.98959222138,0.4007299485644788
3.809999999999969e-06,2.0,9.443702778802473e-05,0.7047022351411167,0.5711821890630103,0.5057684596620862,0.1707537357651332,0.0005237800418579824,4.920208264097686e-05,5.546341863594861,10.64548518565683,20324.34292054077,0.40042845329787713
3.814999999999969e-06,2.0,9.448611797692286e-05,0.7048224537431593,0.5709096309765566,0.5057721302896871,0.1708077468440314,0.0005238455464554936,4.924572832526718e-05,5.54415353806848,10.6373804240543,20306.32978753035,0.4001018841325251
3.819999999999969e-06,2.0,9.453889495850397e-05,0.7049517294753389,0.5706163948466655,0.5057760795187662,0.1708658274555509,0.000523915791877709,4.929272070126265e-05,5.541801508467441,10.6286645253949,20286.97109377419,0.3997505673911146
3.824999999999968e-06,2.0,9.459530583075104e-05,0.7050899347581154,0.5703027746611875,0.5057803034359551,0.1709279205507028,0.0005239906750363801,4.934302416375343e-05,5.539288331841635,10.61934658275961,20266.28924650677,0.3993748541104847
3.829999999999968e-06,2.0,9.46552940292615e-05,0.7052369331995604,0.5699690848384549,0.5057847978562862,0.1709939651150894,0.0005240700864085241,4.939660044606625e-05,5.536616737266726,10.60943631092044,20244.30812990565,0.39897511972336547
3.834999999999968e-06,2.0,9.471879942527157e-05,0.7053925797299595,0.5696156599080788,0.5057895583248231,0.1710638962629361,0.0005241539103695424,4.945340863643434e-05,5.533789620644015,10.59894403281591,20221.0530592882,0.3985517636451427
3.839999999999968e-06,2.0,9.47857583462918e-05,0.7055567207449788,0.5692428541705367,0.5057945801234144,0.1711376452644407,0.0005242420253673914,4.951340516094061e-05,5.53081004222518,10.58788066915155,20196.55074720785,0.39810520890609596
3.844999999999968e-06,2.0,9.485610368151424e-05,0.7057291942572532,0.5688510413359803,0.5057998582728653,0.1712151396473381,0.0005243343042799138,4.957654380105102e-05,5.527681221001593,10.57625772349217,20170.82925370849,0.3976359016886422
3.849999999999968e-06,2.0,9.49297649097558e-05,0.7059098300562493,0.5684406141435676,0.5058053875402153,0.1712963032316739,0.0005244306146121387,4.964277567782482e-05,5.524406531832103,10.5640872705351,20143.91794870356,0.3971443109118937
3.854999999999968e-06,2.0,9.500666821203313e-05,0.7060984498762418,0.5680119839596928,0.5058111624414379,0.1713810562386726,0.0005245308188744195,4.971204927105569e-05,5.52098949945816,10.55138193990772,20115.84745878178,0.39663092772102015
3.859999999999968e-06,2.0,9.508673650653967e-05,0.7062948675722408,0.567565580357695,0.5058171772492384,0.1714693153326968,0.0005246347747991667,4.978431040526322e-05,5.517433795272144,10.53815490319018,20086.64962635054,0.3960962650249982
3.864999999999968e-06,2.0,9.516988956816339e-05,0.7064988893036941,0.5671018506775773,0.5058234259962593,0.1715609937371701,0.0005247423357362624,4.985950227090807e-05,5.513743230996917,10.52441985652228,20056.35745352152,0.39554085694040725
3.869999999999968e-06,2.0,9.525604407020686e-05,0.7067103137257844,0.5666212595673793,0.5058299024833844,0.171656001283448,0.0005248533508854115,4.993756541269741e-05,5.509921755134334,10.51019100646743,20025.00505853123,0.3949652582839313
3.874999999999968e-06,2.0,9.534511371054486e-05,0.706928932188133,0.566124288505907,0.5058366002834399,0.1717542445335094,0.0005249676657049185,5.001843775342515e-05,5.505973446350176,10.49548305152673,19992.62761723345,0.3943700439723976
3.879999999999968e-06,2.0,9.543700925979202e-05,0.7071545289407116,0.5656114353078383,0.5058435127499742,0.1718556268354507,0.0005250851221558206,5.010205458513454e-05,5.50190250964372,10.48031116695193,19959.26131733336,0.3937558084723876
3.884999999999968e-06,2.0,9.553163869375083e-05,0.7073868813467619,0.5650832136109907,0.5058506330214394,0.1719600484526302,0.0005252055591199401,5.018834859618695e-05,5.497713269480436,10.4646909852667,19924.94329801429,0.3931231651583605
3.889999999999968e-06,2.0,9.562890724768209e-05,0.7076257601025115,0.5645401523474068,0.5058579540304311,0.1720674066254591,0.0005253288126518261,5.027724986585969e-05,5.493410165724972,10.44863858014131,19889.71160252424,0.39247274572194774
3.894999999999968e-06,2.0,9.572871755466715e-05,0.7078709294634686,0.563982795197081,0.5058654685083221,0.1721775957066626,0.0005254547164019525,5.036868589527179e-05,5.48899774656443,10.43217044602861,19853.60511646527,0.3918051994904185
3.899999999999968e-06,2.0,9.583096970558284e-05,0.7081221474770736,0.563411700027133,0.5058731689949372,0.1722905072290113,0.0005255831018723765,5.046258160604877e-05,5.48448066424775,10.41530348121105,19816.6635192547,0.39112119279812174
3.904999999999968e-06,2.0,9.593556139297868e-05,0.708379166221477,0.5628274383145757,0.5058810478436143,0.1724060300463346,0.0005257137988410328,5.055885937573279e-05,5.479863667842753,10.39805496667048,19778.92722160539,0.3904214082682411
3.909999999999968e-06,2.0,9.60423879763023e-05,0.7086417320502083,0.5622305945556336,0.5058890972312957,0.1725240504068098,0.0005258466356169388,5.065743904118467e-05,5.475151598824969,10.3804425484167,19740.43731636328,0.38970654414882383
3.914999999999968e-06,2.0,9.615134263086119e-05,0.7089095858424945,0.5616217656603324,0.5058973091639748,0.1726444520993354,0.000525981439461592,5.075823793913009e-05,5.470349383711048,10.36248421571205,19701.2355156854,0.38897731356099696
3.919999999999968e-06,2.0,9.626231641782316e-05,0.709182463258981,0.5610015603345003,0.5059056754871737,0.1727671165319722,0.0005261180368396949,5.08611709149706e-05,5.465462029539397,10.34419828279722,19661.36410173871,0.38823444380252814
3.924999999999968e-06,2.0,9.637519843776676e-05,0.7094600950026027,0.560370598448943,0.5059141878917558,0.1728919228832536,0.0005262562538336656,5.096615036913527e-05,5.460494616422355,10.32560336658981,19620.86586405382,0.3874786755656894
3.929999999999967e-06,2.0,9.648987590495264e-05,0.7097422070843473,0.5597295103968781,0.5059228379247493,0.1730187481853509,0.000526395916385996,5.107308627198199e-05,5.455452292959686,10.30671836792384,19579.78405053987,0.3867107622115272
3.934999999999967e-06,2.0,9.660623430493724e-05,0.7100285210936502,0.5590789364405281,0.5059316169954869,0.1731474674798751,0.0005265368507030398,5.118188621663766e-05,5.450340268750307,10.28756244883915,19538.16230545507,0.385931468960653
3.939999999999967e-06,2.0,9.672415747258406e-05,0.7103187544731513,0.558419526047371,0.5059405163867454,0.1732779539053081,0.0005266788834853635,5.129245544063373e-05,5.445163809778483,10.26815501345896,19496.0446211706,0.3851415721420629
3.944999999999967e-06,2.0,9.684352775317365e-05,0.7106126207975451,0.5577519372169367,0.5059495272611738,0.1734100788568329,0.0005268218423171351,5.140469688592338e-05,5.439928230924152,10.24851568498208,19453.47527715583,0.3843418583601038
3.949999999999967e-06,2.0,9.696422608358232e-05,0.7109098300562485,0.5570768357989923,0.5059586406727056,0.173543712077552,0.0005269655558809855,5.151851122790998e-05,5.434638891359647,10.22866428631392,19410.49879287376,0.3835331237214402
3.954999999999967e-06,2.0,9.708613215631348e-05,0.7112100889396057,0.5563948948040873,0.5059678475732413,0.1736787218218601,0.0005271098543296972,5.163379694326631e-05,5.429301187095584,10.2086208168822,19367.15986815323,0.38271617298222727
3.959999999999967e-06,2.0,9.720912450324926e-05,0.7115131011283494,0.5557067937070358,0.5059771388242875,0.1738149749499491,0.0005272545694823965,5.175045034697907e-05,5.423920546423649,10.188405433136,19323.50333755839,0.38189181875708667
3.964999999999967e-06,2.0,9.733308066197811e-05,0.7118185675860326,0.5550132177442113,0.5059865052038517,0.1739523370942164,0.0005273995351754014,5.186836566860387e-05,5.418502422532535,10.16803842529086,19279.57411245953,0.3810608806499949
3.969999999999967e-06,2.0,9.745787726151343e-05,0.7121261868541406,0.5543148572060461,0.5059959374182675,0.1740906727565454,0.0005275445874369425,5.198743509788994e-05,5.413052289029745,10.14754019781127,19235.41713718028,0.3802241844495007
3.974999999999967e-06,2.0,9.75833901902955e-05,0.7124356553495956,0.5536124067246848,0.5060054261092565,0.1742298454772249,0.0005276895648144983,5.210754887001994e-05,5.407575632659348,10.12693124619616,19191.07733304549,0.37938256124745995
3.979999999999967e-06,2.0,9.770949468322697e-05,0.7127466676643549,0.5529065645586989,0.5060149618658946,0.1743697179344713,0.0005278343085254564,5.222859532035862e-05,5.402077948933004,10.1062321375453,19146.59955654985,0.3785368466242276
3.984999999999967e-06,2.0,9.783606549073778e-05,0.7130589168668128,0.5521980318751708,0.5060245352317874,0.1745101521153252,0.0005279786627587497,5.235046097913476e-05,5.396564734978094,10.08546348749795,19102.02854562386,0.37768787975984563
3.989999999999967e-06,2.0,9.796297696647542e-05,0.7133720948047048,0.5514875120298407,0.5060341367171406,0.1746510094168719,0.000528122474799268,5.247303063578422e-05,5.391041485305287,10.06464594097815,19057.40888002084,0.3768365026129688
3.994999999999967e-06,2.0,9.809010323677791e-05,0.7136858924092166,0.5507757098470313,0.5060437568060022,0.1747921508185636,0.0005282655953018452,5.259618744349041e-05,5.385513684812778,10.04380014938186,19012.78492998004,0.3759835590284677
3.999999999999967e-06,2.0,9.821731828840263e-05,0.7139999999999979,0.5500633308993962,0.5060533859683809,0.1749334369845896,0.0005284078783878855,5.271981299343898e-05,5.379986804714229,10.02294675160639,18968.20081900615,0.37512989391480656
4.004999999999967e-06,2.0,9.834449613775868e-05,0.7143141075907792,0.5493510807891632,0.5060630146675108,0.1750747284370654,0.0005285491818902155,5.284378742952678e-05,5.374466295721549,10.00210635157626,18923.70037506517,0.3742763523520978
4.009999999999967e-06,2.0,9.847151091800625e-05,0.7146279051952911,0.5486396644305559,0.5060726333719758,0.1752158856589873,0.0005286893674205711,5.296798953280422e-05,5.368957584154291,9.981299499637274,18879.3270958619,0.3734237787715686
4.014999999999967e-06,2.0,9.859823704743045e-05,0.714941083133183,0.5479297853363144,0.5060822325629464,0.1753567692677285,0.0005288283005844124,5.309229684650754e-05,5.363466065320171,9.960546670513827,18835.12410267444,0.37257301606858595
4.019999999999967e-06,2.0,9.872454931531375e-05,0.7152533323356409,0.5472221449068054,0.5060918027462492,0.17549724011802,0.0005289658510186339,5.321658577077303e-05,5.357997099823139,9.939868245158,18791.13410821647,0.3717249047887854
4.024999999999967e-06,2.0,9.885032304876702e-05,0.7155643446504002,0.5465174417241541,0.5061013344595459,0.1756371594751766,0.0005291018925755249,5.334073169811161e-05,5.352556007158186,9.919284489197517,18747.39937313988,0.37088028224897746
4.029999999999966e-06,2.0,9.897543419680798e-05,0.7158738131458552,0.5458163708523914,0.5061108182842969,0.1757763891175444,0.0005292363033306307,5.346460911830059e-05,5.347148062232463,9.898815535330952,18703.96167654215,0.37003998173484703
4.034999999999966e-06,2.0,9.909975949504771e-05,0.7161814324139633,0.5451196231424351,0.5061202448528276,0.1759147915088916,0.0005293689657357752,5.358809176420121e-05,5.341778489187128,9.878481362335297,18660.86227515264,0.3692048316335435
4.039999999999966e-06,2.0,9.922317654735827e-05,0.7164868988716465,0.544427884546018,0.5061296048601496,0.1760522298997513,0.0005294997665971076,5.371105272667047e-05,5.33645245814325,9.858301778065544,18618.14187647537,0.36837565464626665
4.044999999999966e-06,2.0,9.93455639878855e-05,0.7167899110603903,0.5437418354355756,0.5061388890708598,0.1761885684984228,0.0005296285971978104,5.383336461038539e-05,5.331175079260413,9.838296399100342,18575.84060066501,0.36755326693715284
4.049999999999966e-06,2.0,9.946680155970766e-05,0.7170901699437474,0.5430621499342476,0.5061480883307837,0.1763236725706467,0.0005297553532467566,5.395489965846201e-05,5.325951399716217,9.818484634391726,18533.99795625725,0.3667384773636009
4.054999999999966e-06,2.0,9.958677027366755e-05,0.7173873792024509,0.542389495254361,0.5061571935736608,0.1764574086086572,0.0005298799349719326,5.40755299177782e-05,5.320786398008631,9.798885665616494,18492.65280470666,0.36593208664570376
4.059999999999966e-06,2.0,9.970535248348991e-05,0.7176812455268448,0.5417245310461445,0.5061661958325614,0.1765896444286369,0.0005300022470407235,5.4195127372763e-05,5.315684981175047,9.779518431523943,18451.84333864252,0.3651348866175076
4.064999999999966e-06,2.0,9.982243204091649e-05,0.7179714789063458,0.5410679087573751,0.5061750862463286,0.1767202493372753,0.0005301221986252897,5.431356411957788e-05,5.310651979343066,9.760401609037505,18411.60704899386,0.36434765942009983
4.069999999999966e-06,2.0,9.993789436682855e-05,0.7182577929156488,0.5404202710040106,0.5061838560707246,0.1768490942264573,0.0005302397032961123,5.443071250828775e-05,5.305692143192467,9.741553598354544,18371.98070570429,0.36357117677755324
4.074999999999966e-06,2.0,0.0001000516266022169,0.7185399049973935,0.539782250953323,0.5061924966845845,0.1769760517367927,0.0005303546790609902,5.454644532506195e-05,5.300810138756541,9.72299250483538,18333.00032734744,0.3628061992165303
4.079999999999966e-06,2.0,0.0001001635176748729,0.7188175367410152,0.5391544717189141,0.5062009996006624,0.1771009963490052,0.0005304670482337439,5.466063594176937e-05,5.296010545128291,9.704736124893548,18294.70116420365,0.36205347536990884
4.084999999999966e-06,2.0,0.0001002734584457738,0.7190904141575019,0.5385375457695163,0.5062093564714608,0.177223804543912,0.0005305767374489087,5.47731585051487e-05,5.291297849512467,9.686801928704446,18257.11767025448,0.3613137412256043
4.089999999999966e-06,2.0,0.0001003813417709666,0.7193582679497881,0.5379320743508105,0.5062175590997405,0.1773443548900014,0.0005306836775079227,5.488388809265237e-05,5.286676445175265,9.669207046921452,18220.28348851392,0.3605877194608091
4.094999999999966e-06,2.0,0.0001004870626430031,0.7196208337785195,0.5373386469219271,0.5062255994439951,0.1774625281993453,0.0005307878033719588,5.499270090732528e-05,5.282150626745255,9.651968254231635,18184.23142527985,0.35987611872258185
4.099999999999966e-06,2.0,0.0001005905182476736,0.7198778525229229,0.5367578406058682,0.5062334696285951,0.177578207610877,0.0005308890539881623,5.509947443854713e-05,5.277724588404267,9.635101956920968,18148.99343759273,0.35917963299499117
4.104999999999966e-06,2.0,0.0001006916081001739,0.720129070536528,0.5361902196554956,0.5062411619488789,0.1776912787417449,0.0005309873722633783,5.5204087661161e-05,5.273402419433968,9.618624177299031,18114.60060961306,0.35849894091375073
4.109999999999966e-06,2.0,0.0001007902340964059,0.7203742398974852,0.5356363349342036,0.506248668880899,0.1778016297658081,0.0005310827048733178,5.53064211995681e-05,5.269188102644055,9.602550542132441,18081.08314207481,0.3578347051683955
4.114999999999966e-06,2.0,0.0001008863006436101,0.7206131186532349,0.535096723412945,0.506255983086111,0.1779091515599693,0.0005311750022202002,5.540635752946054e-05,5.26508551016,9.586896267955623,18048.47033065262,0.35718757185297567
4.119999999999966e-06,2.0,0.0001009797147059908,0.7208454710592853,0.5345719076825647,0.5062630974207023,0.178013737777425,0.0005312642182279495,5.550378114354179e-05,5.261098402083825,9.571676150387196,18016.79055727461,0.35655816990513967
4.124999999999966e-06,2.0,0.0001010703859296038,0.7210710678118639,0.534062395483002,0.5062700049398433,0.1781152849885365,0.0005313503102869697,5.559857875406912e-05,5.257230422517136,9.556904550335858,17986.07127033463,0.3559471104944656
4.129999999999966e-06,2.0,0.000101158226682102,0.7212896862742126,0.5335686792482655,0.5062766989065888,0.1782136927483979,0.0005314332390385985,5.569063945833167e-05,5.253485098448938,9.542595384206757,17956.33897772373,0.3553549864998675
4.134999999999965e-06,2.0,0.000101243152171708,0.7215011106963031,0.5330912356689036,0.5062831727956798,0.1783088637318196,0.0005315129683104073,5.577985494004515e-05,5.249865836007864,9.528762111011275,17927.6192287493,0.354782371937084
4.139999999999965e-06,2.0,0.0001013250804809588,0.7217051324277565,0.5326305252707482,0.5062894203019837,0.1784007037948117,0.0005315894648934009,5.586611963256932e-05,5.246375919570384,9.515417723472783,17899.93660875296,0.35422982147593646
4.144999999999965e-06,2.0,0.0001014039326795993,0.7219015501237556,0.5321869920107783,0.5062954353438456,0.1784891221032814,0.000531662698471132,5.594933091713994e-05,5.243018508235633,9.502574736032427,17873.31472258326,0.35369786990749696
4.149999999999965e-06,2.0,0.0001014796328522381,0.7220901699437482,0.531761062890634,0.5063012120710529,0.1785740311880441,0.0005317326413931958,5.602938928170008e-05,5.239796635147453,9.490245176862324,17847.77619067522,0.35318703170258986
4.154999999999965e-06,2.0,0.0001015521082050838,0.7222708057427444,0.5313531475865001,0.5063067448677185,0.1786553470668645,0.0005317992686016868,5.610619851382695e-05,5.236713204184625,9.478440576768516,17823.34263394369,0.3526978005196356
4.159999999999965e-06,2.0,0.0001016212890874157,0.7224432792550189,0.5309636380972137,0.506312028359765,0.1787329892926487,0.0005318625574043004,5.617966585306793e-05,5.23377098949004,9.467171962099801,17800.03467118149,0.352230648804565
4.164999999999965e-06,2.0,0.0001016871090921407,0.7226074202700383,0.5305929084091862,0.5063170574173261,0.1788068810684794,0.0005319224874017642,5.62497021763345e-05,5.230972632369289,9.456449844556793,17777.87190526179,0.35178602734070674
4.169999999999965e-06,2.0,0.0001017495050710214,0.7227630668004376,0.5302413141788698,0.5063218271617508,0.1788769492886585,0.0005319790402638175,5.631622214160781e-05,5.228320641020279,9.446284214984269,17756.87292172206,0.3513643648902113
4.174999999999965e-06,2.0,0.0001018084172290327,0.7229100652418826,0.5299091924328735,0.5063263329675107,0.1789431246464312,0.000532032199661006,5.637914436363195e-05,5.225817387633148,9.436684534081007,17737.05527615389,0.3509660677864423
4.179999999999965e-06,2.0,0.0001018637891333496,0.7230482705246593,0.5295968612850959,0.5063305704687143,0.17900534166758,0.000532081951046871,5.643839154682812e-05,5.223465108313919,9.427659727074104,17718.43549386554,0.3505915196175159
4.184999999999965e-06,2.0,0.0001019155678014859,0.7231775462568389,0.5293046196717327,0.5063345355605289,0.17906353881055,0.0005321282815972395,5.649389064919096e-05,5.221265900379149,9.419218175317159,17701.02905833979,0.35024108086118266
4.189999999999965e-06,2.0,0.0001019637037040675,0.7232977648588816,0.5290327471033175,0.5063382244051942,0.1791176584923262,0.0005321711800017914,5.654557300231983e-05,5.219221722467529,9.41136771184472,17684.85041187883,0.3499150886109913
4.194999999999965e-06,2.0,0.0001020081508467679,0.7234088076895415,0.5287815034343548,0.5063416334329531,0.1791676471807158,0.0005322106364138331,5.659337446150968e-05,5.217334392023006,9.404115613848056,17669.91294502364,0.34961385625363905
4.199999999999965e-06,2.0,0.0001020488667668895,0.7235105651629508,0.5285511286501018,0.5063447593475696,0.1792134554122654,0.000532246642254082,5.663723551094974e-05,5.21560558558886,9.39746859910177,17656.22899808853,0.3493376732378364
4.204999999999965e-06,2.0,0.0001020858126091289,0.7236029368567688,0.5283418426707346,0.5063475991267643,0.1792550378764757,0.0005322791901736998,5.667710139812175e-05,5.214036836473665,9.391432819310326,17643.80985145333,0.3490868047942589
4.209999999999965e-06,2.0,0.000102118953116002,0.7236858316112857,0.5281538451725893,0.506350150027236,0.179292353425564,0.0005323082738728503,5.671292222238748e-05,5.212629535222853,9.38601385739776,17632.66572790441,0.34886149174702535
4.214999999999965e-06,2.0,0.0001021482566974845,0.723759167619387,0.5279873154268441,0.5063524095846033,0.1793253651504178,0.0005323338880794831,5.674465305198311e-05,5.211384927462571,9.38121672172034,17622.80578372577,0.34866195027642627
4.219999999999965e-06,2.0,0.0001021736954153092,0.7238228725072864,0.5278424121547585,0.5063543756179292,0.1793540403820209,0.0005323560283848447,5.677225399443472e-05,5.210304114544571,9.377045844208169,17614.23811177249,0.34848837177273756
4.224999999999965e-06,2.0,0.0001021952450465241,0.723876883405951,0.5277192734006343,0.506356046229166,0.1793783507590019,0.000532374691240113,5.679569029468268e-05,5.20938805156357,9.373505075436242,17606.96973329369,0.3483409226416324
4.229999999999965e-06,2.0,0.0001022128850617074,0.7239211470131445,0.5276180164210602,0.506357419807193,0.1793982722205777,0.0005323898738107642,5.681493238597102e-05,5.208637548172215,9.370597683615728,17601.00660168918,0.3482197442004825
4.234999999999965e-06,2.0,0.0001022265986824833,0.7239556196460306,0.5275387375919134,0.5063584950267558,0.1794137850655683,0.0005324015739927698,5.682995596790002e-05,5.208053266768315,9.368326350516494,17596.35359500969,0.3481249525263451
4.239999999999964e-06,2.0,0.0001022363728536859,0.7239802672842826,0.5274815123312898,0.5063592708520182,0.1794248739367603,0.0005324097902872497,5.684074203674486e-05,5.207635723477276,9.366693171300822,17593.01452035139,0.3480566383945295
4.244999999999964e-06,2.0,0.0001022421982948388,0.7239950656036572,0.5274463950400644,0.5063597465350096,0.1794315278712863,0.0005324145218374122,5.684727694254421e-05,5.207385286506845,9.365699651287182,17590.99210698701,0.3480148671687781
4.249999999999964e-06,2.0,0.0001022440694663394,0.724,0.5274334190590536,0.5063599216186765,0.1794337402763369,0.0005324157683247135,5.684955239804808e-05,5.207302177294919,9.365346706634648,17590.2880113852,0.3479996787827167
4.254999999999964e-06,2.0,0.0001022419846149087,0.7239950656036573,0.5274425966427553,0.5063597959348421,0.1794315089708518,0.0005324135300273097,5.684756551426456e-05,5.207386469030141,9.36563466194015,17590.90281094049,0.3480110876719035
4.259999999999964e-06,2.0,0.0001022359457337775,0.7239802672842828,0.527473918950036,0.5063593696067689,0.1794248361525312,0.0005324078077381214,5.684131878765934e-05,5.207638087964423,9.36656325176099,17592.83600958793,0.34804908279750485
4.264999999999964e-06,2.0,0.0001022259586021636,0.723955619646031,0.5275273560518488,0.5063586430466184,0.1794137284308167,0.0005323986028454052,5.683082011382998e-05,5.208056812098308,9.368131619058655,17596.08603213957,0.34811362762103204
4.269999999999964e-06,2.0,0.0001022120327394522,0.723921147013145,0.5276028569551358,0.506357616957526,0.1793981967851943,0.0005323859172727521,5.681608275289057e-05,5.208642272658222,9.370338317554399,17600.65023048644,0.34820466016994145
4.274999999999964e-06,2.0,0.0001021941814386752,0.7238768834059517,0.5277003496441399,0.5063562923305704,0.1793782565894719,0.0005323697535815843,5.679712532137702e-05,5.209393952946793,9.373181311012823,17606.52487853333,0.348322093054668
4.279999999999964e-06,2.0,0.000102172421714706,0.7238228725072873,0.5278197411380778,0.506354670446352,0.1793539275614011,0.0005323501149328594,5.677397173602656e-05,5.21031118998568,9.376657976441177,17613.7051790132,0.3484658135766767
4.284999999999964e-06,2.0,0.0001021467743317178,0.723759167619388,0.5279609175659371,0.5063527528714732,0.1793252337782895,0.0005323270052108867,5.674665118433751e-05,5.211393173531768,9.380765104211346,17622.18525903089,0.34863568378764764
4.289999999999964e-06,2.0,0.0001021172637453709,0.7236858316112869,0.5281237442578997,0.5063505414596219,0.1792922036180004,0.0005323004290058843,5.671519804733681e-05,5.212638947887343,9.38549890210389,17631.95817751283,0.34883154063989924
4.294999999999964e-06,2.0,0.0001020839181242268,0.72360293685677,0.52830806585385,0.5063480383475629,0.1792548697659773,0.0005322703917581288,5.667965184952048e-05,5.21404741108408,9.390854996273799,17643.0159213912,0.3490531960878728
4.299999999999964e-06,2.0,0.0001020467692859024,0.7235105651629522,0.5285137064286998,0.5063452459557221,0.179213269147711,0.0005322368997600945,5.664005716151e-05,5.215617316863169,9.396828436143926,17655.34941372825,0.3493004372809888
4.304999999999964e-06,2.0,0.0001020058527124165,0.723408807689543,0.5287404696349549,0.5063421669836872,0.1791674429272828,0.0005321999603195343,5.659646353040195e-05,5.217347274029703,9.403413696222417,17668.94851058723,0.3495730267076721
4.309999999999964e-06,2.0,0.0001019612074802536,0.7232977648588833,0.5289881388617499,0.5063388044103024,0.1791174364314221,0.000532159581779403,5.654892536353526e-05,5.219235748606467,9.410604681845259,17683.80200987578,0.3498707024303278
4.314999999999964e-06,2.0,0.0001019128762696251,0.7231775462568407,0.5292564774119627,0.5063351614886658,0.1790632991397119,0.0005321157736981018,5.649750184055282e-05,5.221281063361995,9.418394731856255,17699.89764896506,0.3501931782722508
4.319999999999964e-06,2.0,0.0001018609052884046,0.7230482705246611,0.5295452286952139,0.5063312417457377,0.1790050846003932,0.0005320685468851036,5.644225677973193e-05,5.223481400142413,9.426776625206918,17717.2221143201,0.3505401440948207
4.324999999999964e-06,2.0,0.0001018053442752502,0.7229100652418847,0.52985411643943,0.5063270489768401,0.1789428504124061,0.0005320179135960528,5.638325853335134e-05,5.225834799577465,9.435742584500648,17735.76103992799,0.35091126602702394
4.329999999999964e-06,2.0,0.000101746246417401,0.7227630668004397,0.5301828449184268,0.5063225872447698,0.1788766581331281,0.0005319638875817686,5.632057983824033e-05,5.228339163595272,9.445284283465025,17755.4990178035,0.3513061867852987
4.334999999999964e-06,2.0,0.0001016836683475988,0.7226074202700405,0.530531099197718,0.5063178608738101,0.1788065732524551,0.0005319064842955251,5.625429769625651e-05,5.230992255311526,9.455392851361136,17776.41959729853,0.35172452594526293
4.339999999999964e-06,2.0,0.0001016176700557405,0.7224432792550214,0.5308985453971276,0.5063128744483412,0.1787326650926981,0.0005318457209527714,5.618449321090857e-05,5.233791701732613,9.466058881341128,17798.50529657966,0.3521658803044294
4.344999999999963e-06,2.0,0.0001015483148795613,0.7222708057427469,0.531284830970806,0.5063076328063699,0.1786550067749378,0.0005317816167476903,5.61112514549011e-05,5.236734993833638,9.477272435727171,17821.73760290734,0.3526298241958682
4.349999999999963e-06,2.0,0.0001014756694101262,0.7220901699437509,0.5316895850050343,0.5063021410376429,0.1785736751113362,0.0005317141929206348,5.603466129484236e-05,5.239819489456212,9.4890230552634,17846.09698518948,0.35311590989369807
4.354999999999963e-06,2.0,0.0001013998034762804,0.7219015501237583,0.532112418532637,0.5062964044766902,0.1784887505640273,0.0005316434729809322,5.595481524791327e-05,5.243042413581187,9.50129976527371,17871.56289533622,0.3536236679686097
4.359999999999963e-06,2.0,0.0001013207900439635,0.7217051324277594,0.5325529248657002,0.5062904287004509,0.1784003171301277,0.0005315694827787412,5.587180929679539e-05,5.246400861427918,9.51409108581043,17898.11378199554,0.35415260773557244
4.364999999999963e-06,2.0,0.0001012387051944482,0.7215011106963061,0.533010679944594,0.5062842195208336,0.1783084622934643,0.0005314922507309003,5.578574273758206e-05,5.249891798928171,9.52738503870168,17925.72709310392,0.35470221765112964
4.369999999999963e-06,2.0,0.000101153628017491,0.7212896862742156,0.5334852427051259,0.5062777829818625,0.1782132769025943,0.0005314118078937629,5.569671798712166e-05,5.253512066033752,9.541169158596334,17954.37929091661,0.35527196580253156
4.374999999999963e-06,2.0,0.0001010656405834232,0.721071067811867,0.5339761554624826,0.5062711253517579,0.1781148551157016,0.0005313281881888343,5.56048404243013e-05,5.257258377398211,9.555430500914179,17984.04585588855,0.355861300346781
4.379999999999963e-06,2.0,0.0001009748278301677,0.7208454710592885,0.5344829443121625,0.5062642531196184,0.178013294271961,0.0005312414284730231,5.551021819200337e-05,5.261127325900141,9.570155653784695,18014.70130312075,0.3564696500402015
4.384999999999963e-06,2.0,0.0001008812775292528,0.7206131186532382,0.5350051195483336,0.5062571729870246,0.1779086948299641,0.000531151568760601,5.541296203392822e-05,5.265115383539199,9.585330746899757,18046.31918769692,0.35709642471836955
4.389999999999963e-06,2.0,0.0001007850801668017,0.7203742398974886,0.5355421760984148,0.5062498918642672,0.1778011602327982,0.0005310586522874755,5.531318509327405e-05,5.269218905182168,9.600941464353513,18078.87212269028,0.3577410158656166
4.394999999999963e-06,2.0,0.0001006863289035635,0.7201290705365315,0.5360935939751205,0.5062424168614975,0.1776907968403812,0.0005309627257259751,5.521100274720655e-05,5.273434129680029,9.616973054394302,18112.33178608762,0.35840279713473927
4.399999999999963e-06,2.0,0.0001005851194500073,0.7198778525229266,0.5366588387439817,0.506234755284507,0.1775777137886587,0.000530863839239691,5.510653240432561e-05,5.277757183843389,9.633410343163249,18146.66894049578,0.35908112495532296
4.404999999999963e-06,2.0,0.0001004815500205059,0.7196208337785233,0.5372373620080156,0.5062269146254408,0.177462022916252,0.0005307620466876413,5.49998933388063e-05,5.282184083786952,9.650237745336705,18181.8534417853,0.3597753390917636
4.409999999999963e-06,2.0,0.000100375721202733,0.719358267949792,0.537828601907792,0.5062189025581483,0.1773438386181956,0.0005306574056664474,5.489120648856397e-05,5.286710739140498,9.667439278766892,18217.85426065175,0.36048476328959644
4.414999999999963e-06,2.0,0.0001002677359061672,0.7190904141575057,0.5384319836372337,0.5062107269284812,0.1772232777673351,0.0005305499777004942,5.478059429097734e-05,5.291332954626591,9.684998575998994,18254.63949310797,0.36120870586989856
4.419999999999963e-06,2.0,0.0001001576992260081,0.7188175367410192,0.539046919974927,0.5062023957492336,0.1771004595630513,0.0005304398282682027,5.466818048357346e-05,5.296046434512517,9.70289889980128,18292.17638403892,0.3619464604118757
4.424999999999963e-06,2.0,0.0001000457183862672,0.7185399049973975,0.5396728118302826,0.5061939171900477,0.1769755054478651,0.0005303270269752246,5.455408994302028e-05,5.300846784426008,9.721123155553167,18330.43133969355,0.3626973063824175
4.429999999999963e-06,2.0,9.9931902598448e-05,0.7182577929156528,0.5403090488042035,0.5061852995719658,0.1768485389516171,0.000530211647561698,5.443844849001104e-05,5.30572951605272,9.739653907641895,18369.36995336102,0.3634605098525864
4.434999999999963e-06,2.0,9.98163629994984e-05,0.7179714789063499,0.5409550097637651,0.5061765513569744,0.1767196856037552,0.00053009376805554,5.432138273309845e-05,5.310690049193758,9.75847339269863,18408.95701998933,0.3642353241600099
4.439999999999963e-06,2.0,9.969921250560297e-05,0.717681245526849,0.5416100634311654,0.5061676811421949,0.1765890727734621,0.0005299734707580897,5.420301987919652e-05,5.315723716711842,9.777563536851885,18449.15656413097,0.3650209906577032
4.444999999999963e-06,2.0,9.958056574531661e-05,0.7173873792024551,0.5422735689846813,0.5061586976490955,0.1764568295781254,0.0005298508423748212,5.408348758364971e-05,5.32082576683297,9.796905969780754,18489.93185680421,0.3658167394065559
4.449999999999962e-06,2.0,9.946053890881807e-05,0.7170901699437516,0.542944876673589,0.5061496097173517,0.1763230867199144,0.0005297259739768458,5.396291376764545e-05,5.325991368343058,9.81648204279239,18531.24544582265,0.36662178995367467
4.454999999999962e-06,2.0,9.93392496766519e-05,0.7167899110603946,0.5436233284439769,0.506140426293752,0.1761879763909558,0.0005295989611069585,5.384142647563575e-05,5.331215613134066,9.836272843673857,18573.05917502982,0.3674353520530211
4.459999999999962e-06,2.0,9.92168170648015e-05,0.7164868988716507,0.5443082585764906,0.5061311564257831,0.1760516321068762,0.0005294699037146622,5.371915370078698e-05,5.336493521651507,9.856259215545041,18615.3342171016,0.3682566264696144
4.464999999999962e-06,2.0,9.909336134951633e-05,0.7161814324139677,0.5449989943353284,0.5061218092502482,0.1759141886092174,0.0005293389062358328,5.359622325067095e-05,5.341820045683324,9.87642177248387,18658.03109526904,0.369084805726111
4.469999999999962e-06,2.0,9.896900390865017e-05,0.7158738131458595,0.5456948566259864,0.5061123939866141,0.1757757816964834,0.0005292060774994751,5.34727625816379e-05,5.347190074056049,9.896740919108602,18701.10971867744,0.369919074929503
4.474999999999962e-06,2.0,9.884386714302412e-05,0.7155643446504046,0.5463951606643669,0.5061029199253936,0.1756365481243348,0.0005290715307793813,5.334889867356705e-05,5.352598435663174,9.917196866924678,18744.52940666746,0.37075861254003206
4.479999999999962e-06,2.0,9.871807431457767e-05,0.7152533323356454,0.5470992166526272,0.5060933964212847,0.1754966254346929,0.0005289353836715309,5.322475787376806e-05,5.358039905405042,9.937769654603123,18788.24892678098,0.37160259121793426
4.484999999999962e-06,2.0,9.859174946474506e-05,0.7149410831331875,0.5478063304647365,0.5060838328813668,0.1753561518542604,0.0005287977581164653,5.310046578141052e-05,5.363509207450995,9.958439164983512,18832.22652163781,0.3724501786104761
4.489999999999962e-06,2.0,9.846501724996738e-05,0.7146279051952955,0.5485158043376211,0.5060742387580677,0.1752152661222474,0.0005286587802465014,5.297614710141245e-05,5.369001021415656,9.979185145995759,18876.41994963688,0.3733005382153738
4.494999999999962e-06,2.0,9.833800285765104e-05,0.7143141075907836,0.5492269375704127,0.5060646235372187,0.1750741073877738,0.0005285185803782614,5.285192553890322e-05,5.37450998584618,9.99998722826531,18920.78651446522,0.37415283018263895
4.499999999999962e-06,2.0,9.82108318395931e-05,0.7140000000000024,0.5499390272273077,0.5060549967308992,0.174932815036779,0.0005283772928291901,5.272792366341498e-05,5.380030704625009,10.02082494660798,18965.28310849921,0.3750062121905287
4.504999999999962e-06,2.0,9.808363002610778e-05,0.7136858924092211,0.5506513688473191,0.5060453678653959,0.1747915285888753,0.0005282350558800767,5.260426281357445e-05,5.385557750670725,10.04167775817146,19009.8662449453,0.3758598402584438
4.509999999999962e-06,2.0,9.79565233579775e-05,0.7133720948047093,0.551363257155774,0.5060357464739652,0.1746503875240039,0.0005280920115609868,5.248106297169789e-05,5.391085672554134,10.06252506443663,19054.49210392866,0.37671286963177003
4.514999999999962e-06,2.0,9.78296377993397e-05,0.7130589168668172,0.5520739867807979,0.5060261420847438,0.1745095311793064,0.0005279483055839827,5.235844267877578e-05,5.396608998398237,10.08334622981432,19099.11656721914,0.3775644556014915
4.519999999999962e-06,2.0,9.770309916879241e-05,0.7127466676643593,0.552782852970338,0.5060165642134856,0.1743690985760935,0.0005278040870990614,5.223651891940878e-05,5.402122242691689,10.10412060408093,19143.69526696091,0.3784137543942445
4.524999999999962e-06,2.0,9.757703305166577e-05,0.7124356553496,0.5534891523116796,0.5060070223514627,0.1742292283173018,0.0005276595085977959,5.211540704699339e-05,5.40761991036999,10.12482754134485,19188.18362290219,0.3792599239943778
4.529999999999962e-06,2.0,9.745156463090133e-05,0.7121261868541451,0.5541921834502115,0.5059975259582254,0.1740900584153323,0.0005275147256402117,5.199522067883836e-05,5.413096503807202,10.14544642282682,19232.53689366477,0.38010212503487917
4.534999999999962e-06,2.0,9.73268185993685e-05,0.7118185675860369,0.5548912478089499,0.5059880844495449,0.1739517261906565,0.0005273698967306846,5.187607163127674e-05,5.418546527057455,10.16595667611668,19276.71021637435,0.3809395216182935
4.539999999999962e-06,2.0,9.720291899115413e-05,0.7115131011283538,0.5555856503052351,0.5059787071902389,0.1738143681010869,0.0005272251830171662,5.175806982468393e-05,5.423964493002293,10.18633779820219,19320.65866032528,0.3817712822041482
4.544999999999962e-06,2.0,9.707998909454979e-05,0.71121008893961,0.5562747000664385,0.5059694034822095,0.1736781196420768,0.0005270807481409388,5.164132322818043e-05,5.429344927728633,10.20656937491705,19364.33726884645,0.38259658042436173
4.549999999999962e-06,2.0,9.695815128440861e-05,0.7109098300562527,0.556957711141292,0.5059601825573781,0.1735431151779773,0.0005269367579101526,5.152593777413285e-05,5.434682377805966,10.22663110412493,19407.70111518517,0.38341459596331473
4.554999999999961e-06,2.0,9.683752693643398e-05,0.7106126207975494,0.5576340032079352,0.5059510535658635,0.1734094878445738,0.0005267933801254774,5.141201731202313e-05,5.439971414773555,10.24650281525293,19450.70534639655,0.38422451536336144
4.559999999999961e-06,2.0,9.6718236261244e-05,0.7103187544731555,0.5583029022764874,0.5059420255690723,0.1732773693828642,0.0005266507842302846,5.129966353193455e-05,5.445206642518723,10.26616449253004,19493.30524122229,0.3850255328936232
4.564999999999961e-06,2.0,9.660039822060026e-05,0.7100285210936544,0.5589637413860719,0.5059331075280664,0.1731468900443655,0.0005265091411147342,5.118897592705725e-05,5.450382701843147,10.28559629450282,19535.45625575651,0.38581685134170635
4.569999999999961e-06,2.0,9.648413036378913e-05,0.7097422070843514,0.5596158612948166,0.5059243082968551,0.1730181784279322,0.0005263686227452187,5.108005172562683e-05,5.455494277910495,10.30477857721393,19577.11408303646,0.38659768286688434
4.574999999999961e-06,2.0,9.636954874640861e-05,0.7094600950026066,0.5602586111623856,0.5059156366109846,0.1728913613883535,0.0005262294019497425,5.09729858614885e-05,5.460536104858692,10.32369191358914,19618.2347001871,0.38736724977403214
4.579999999999961e-06,2.0,9.625676776967472e-05,0.7091824632589849,0.5608913492241399,0.5059071010810832,0.1727665638767176,0.0005260916520296961,5.086787091387314e-05,5.465502973282559,10.34231711644561,19658.7744294065,0.38812478534742223
4.584999999999961e-06,2.0,9.614590010237516e-05,0.7089095858424984,0.5615134434561572,0.505898710181714,0.1726439088527923,0.000525955546529782,5.076479708537697e-05,5.470389734856389,10.36063525764168,19698.68998625535,0.3888695346033649
4.589999999999961e-06,2.0,9.603705652365795e-05,0.7086417320502121,0.5621242722296903,0.5058904722452091,0.1725235171294241,0.0005258212588353362,5.06638521489699e-05,5.475191309814697,10.37862769078895,19737.93854165769,0.3896007551002662
4.594999999999961e-06,2.0,9.593034584872947e-05,0.7083791662214807,0.5627232249556895,0.5058823954508312,0.1724055072891847,0.00052568896193031,5.056512143272481e-05,5.479902691547231,10.39627607005199,19776.47777095653,0.3903177176665048
4.599999999999961e-06,2.0,9.582587477569495e-05,0.7081221474770772,0.5633097027167767,0.5058744878189284,0.1722899955332698,0.000525558827983826,5.046868777337062e-05,5.484518954038696,10.4135623724525,19814.26591653214,0.3910197071835069
4.604999999999961e-06,2.0,9.572374781552303e-05,0.7078709294634722,0.5638831188878737,0.50586675720044,0.1721770956028597,0.0005254310280998292,5.03746315071253e-05,5.489035256396519,10.43046891619463,19851.26183719188,0.39170602328501397
4.609999999999961e-06,2.0,9.562406714345984e-05,0.707625760102515,0.5644428997427584,0.5058592112714151,0.172066918632971,0.0005253057318966915,5.028303042911689e-05,5.493446850208704,10.44697838244268,19887.42507096271,0.39237598110978744
4.614999999999961e-06,2.0,9.552693253377147e-05,0.7073868813467653,0.5649884850480849,0.5058518575228917,0.1719595730789595,0.0005251831072524438,5.019395978963805e-05,5.497749083963126,10.46307383305634,19922.71588436101,0.39302891196912537
4.619999999999961e-06,2.0,9.543244121622664e-05,0.7071545289407148,0.5655193286419103,0.5058447032558048,0.1718551645757416,0.0005250633198814334,5.010749225875171e-05,5.501937410281286,10.47873873172582,19957.0953348866,0.3936641640661688
4.624999999999961e-06,2.0,9.53406878160707e-05,0.7069289321881362,0.5660348989981526,0.5058377555712794,0.1717537958698518,0.0005249465330790613,5.002369792731854e-05,5.50600739018694,10.49395696099432,19990.5253196783,0.39428110312830084
4.629999999999961e-06,2.0,9.525176421603892e-05,0.7067103137257875,0.5665346797748437,0.5058310213659531,0.171655566684422,0.0005248329072996298,4.994264427610353e-05,5.509954700172815,10.50871284263879,20022.96863721488,0.39487911309042173
4.634999999999961e-06,2.0,9.516575950198641e-05,0.706498889303697,0.5670181703463516,0.5058245073227092,0.1715605736571769,0.0005247225999046061,4.986439618094044e-05,5.513775136275676,10.52299115385999,20054.38903484061,0.3954575966891747
4.639999999999961e-06,2.0,9.50827598308436e-05,0.7062948675722437,0.5674848863191161,0.5058182199064425,0.1714689102115373,0.000524615764745781,4.978901588568804e-05,5.517464620932865,10.53677714679601,20084.75126915397,0.39601597610757877
4.644999999999961e-06,2.0,9.500284838231284e-05,0.7060984498762446,0.5679343600297893,0.5058121653552503,0.1713806665009072,0.0005245125519212205,4.971656301088054e-05,5.521019206820817,10.55005656377393,20114.02115188752,0.39655369352888203
4.649999999999961e-06,2.0,9.492610523309858e-05,0.705909830056252,0.5683661410255332,0.5058063496766774,0.1712959292862378,0.0005244131073676334,4.964709452996325e-05,5.52443508345872,10.56281565583132,20142.16560843203,0.39707021173929535
4.654999999999961e-06,2.0,9.485260731506626e-05,0.7057291942572558,0.5687797965269042,0.5058007786393754,0.1712147818869356,0.0005243175726282372,4.95806647807839e-05,5.527708580767866,10.57504119693547,20169.15272155795,0.39756501463996863
4.65999999999996e-06,2.0,9.478242829607063e-05,0.7055567207449812,0.569174911870665,0.5057954577698456,0.1711373040651969,0.0005242260844583018,4.951732544453002e-05,5.53083617538032,10.58672050140404,20194.95178753573,0.39803760780546815
4.66499999999996e-06,2.0,9.47156385448603e-05,0.7053925797299618,0.5695510909350381,0.5057903923445995,0.1710635719838282,0.0005241387746087019,4.945712555953386e-05,5.533814493878261,10.59784143697901,20219.53335715504,0.3984875189512099
4.66999999999996e-06,2.0,9.465230501884083e-05,0.7052369331995626,0.5699079565441332,0.5057855873874015,0.1709936580976428,0.000524055769448706,4.940011150232093e-05,5.536640318766457,10.60839244105926,20242.86928892899,0.3989142984464904
4.67499999999996e-06,2.0,9.459249123598585e-05,0.7050899347581174,0.5702451508537236,0.5057810476619513,0.1709276311184569,0.0005239771897688908,4.934632700322265e-05,5.539310591352256,10.61836253252793,20264.9327868859,0.39931751973526675
4.67999999999996e-06,2.0,9.453625716977841e-05,0.7049517294753408,0.5705623357155656,0.5057767776696486,0.1708655559138017,0.0005239031504247978,4.929581312904674e-05,5.541822417343149,10.62774132669893,20285.69845033688,0.3996967798017639
4.68499999999996e-06,2.0,9.448365922839145e-05,0.7048224537431611,0.570859193022701,0.5057727816428015,0.1708074934793385,0.0005238337601628369,4.924860830000211e-05,5.544173069329947,10.63651904581463,20305.14230794938,0.40005169954336256
4.68999999999996e-06,2.0,9.443475015702349e-05,0.7047022351411184,0.5711354250323912,0.5057690635429285,0.1707535008451054,0.0005237691212882361,4.92047482735322e-05,5.546359991973246,10.64468653262022,20323.24186358884,0.4003819241872858
4.69499999999996e-06,2.0,9.438957902454285e-05,0.7045911923104585,0.5713907546694588,0.5057656270545071,0.1707036310555673,0.000523709329517126,4.916426616214412e-05,5.548380804055304,10.65223525944491,20339.97612619687,0.40068712361389147
4.69999999999996e-06,2.0,9.434819113342635e-05,0.7044894348370492,0.571624925807199,0.50576247558382,0.1706579330835985,0.0005236544736720293,4.912719241797131e-05,5.550233303221968,10.6591573403342,20355.32565126169,0.40096699272360053
4.70499999999996e-06,2.0,9.431062801402709e-05,0.7043970631432313,0.5718377035274517,0.5057596122532533,0.1706164518183429,0.0005236046355629996,4.909355485114917e-05,5.55191546757218,10.66544553863659,20369.27256606255,0.4012212517091088
4.70999999999996e-06,2.0,9.42769273422667e-05,0.7043141683887143,0.5720288743585012,0.5057570399006986,0.1705792279871002,0.0005235598897134333,4.906337861475541e-05,5.553425459925644,10.67109327762391,20381.80060635405,0.401449646371401
4.71499999999996e-06,2.0,9.424712294169816e-05,0.7042408323806131,0.5721982464916407,0.5057547610744043,0.1705462981511595,0.000523520303272976,4.903668622337508e-05,5.554761628922337,10.67609464653061,20392.89513660722,0.40165194834048124
4.71999999999996e-06,2.0,9.422124470906263e-05,0.7041771274927136,0.5723456499749333,0.5057527780329398,0.1705176946357276,0.0005234859357760028,4.90134975381394e-05,5.55592251279013,10.6804444095967,20402.54318153605,0.4018279553392057
4.72499999999996e-06,2.0,9.419931862424195e-05,0.704123116594049,0.5724709368852362,0.5057510927406148,0.1704934455338564,0.0005234568390883862,4.89938297852317e-05,5.556906839931338,10.68413801050051,20410.73344099815,0.40197749135137983
4.72999999999996e-06,2.0,9.41813666838196e-05,0.7040788529868555,0.5725739814779762,0.5057497068679943,0.170473574644537,0.0005234330572008388,4.897769754073668e-05,5.557713532168349,10.68717157978851,20417.45631607653,0.40210040683343923
4.73499999999996e-06,2.0,9.416740691900177e-05,0.7040443803539694,0.5726546803139572,0.5057486217879,0.1704581014848177,0.0005234146262112555,4.896511274888308e-05,5.55834170479866,10.68954193765631,20422.70391836912,0.4021965788291395
4.73999999999996e-06,2.0,9.41574533372251e-05,0.7040197327157174,0.5727129523641521,0.5057478385764919,0.1704470412361419,0.0005234015741543568,4.895608470654215e-05,5.558790669302121,10.69124659971865,20426.47009037402,0.4022659111280102
4.74499999999996e-06,2.0,9.415151594815296e-05,0.7040049343963427,0.5727487390916148,0.5057473580098303,0.170440404764742,0.0005233939210210864,4.895062008101401e-05,5.559059932849986,10.69228377811888,20428.75040898328,0.40230833432687285
4.74999999999996e-06,2.0,9.414960071336746e-05,0.704,0.5727620045107437,0.5057471805655364,0.1704381985762793,0.0005233916786256047,4.894872289405501e-05,5.559149200461992,10.69265238560846,20429.54219999586,0.4023238059344644
4.75499999999996e-06,2.0,9.41517095804665e-05,0.7040049343963426,0.5727527352238695,0.5057473064199288,0.1704404248445505,0.0005233948506625189,4.895039453911708e-05,5.559058373960925,10.69235203496195,20428.84453568363,0.402312310379319
4.75999999999996e-06,2.0,9.415784044088713e-05,0.704019732715717,0.5727209404351272,0.5057477354502491,0.1704470813744716,0.0005234034326119432,4.895563376481119e-05,5.558787553572505,10.69138304135612,20426.65824334174,0.4022738590606556
4.764999999999959e-06,2.0,9.416798717211762e-05,0.7040443803539689,0.572666651941497,0.5057484672323793,0.1704581616391163,0.0005234174118348782,4.896443669156502e-05,5.55833703632177,10.68974642007974,20422.98589686967,0.4022084903023807
4.769999999999959e-06,2.0,9.418213960364482e-05,0.7040788529868549,0.5725899241010683,0.5057495010436363,0.1704736547510439,0.0005234367675164389,4.897679679451166e-05,5.557707317074452,10.6874438872061,20417.83181933327,0.4021162693500244
4.774999999999959e-06,2.0,9.420028356729825e-05,0.7041231165940482,0.5724908337788626,0.5057508358610605,0.1704935455076714,0.000523461470799327,4.899270491956645e-05,5.556899086376473,10.68447785560559,20411.20206858849,0.4019972882711912
4.779999999999959e-06,2.0,9.422240087129469e-05,0.7041771274927126,0.5723694802694682,0.505752470364789,0.1705178143709197,0.0005234914847648451,4.901214926578372e-05,5.555913230940687,10.68085143391792,20403.10443390652,0.4018516658985485
4.784999999999959e-06,2.0,9.424846935867612e-05,0.704240832380612,0.5722259851975148,0.5057544029369132,0.1705464375208869,0.0005235267646037709,4.903511540094247e-05,5.554750830936368,10.67656842087719,20393.54841572943,0.40167954767662783
4.789999999999959e-06,2.0,9.427846288943022e-05,0.704314168388713,0.5720604923952176,0.5057566316654197,0.1705793868437695,0.0005235672576344113,4.906158624345012e-05,5.553413159929966,10.6716333026087,20382.54521649314,0.4014811055514481
4.794999999999959e-06,2.0,9.431235140697255e-05,0.7043970631432298,0.5718731677578046,0.5057591543436206,0.1706166299937744,0.0005236129035097728,4.909154207756609e-05,5.551901681636583,10.6660512452929,20370.10771468475,0.40125653776403025
4.799999999999959e-06,2.0,9.435010092826718e-05,0.7044894348370476,0.5716641990760704,0.5057619684746627,0.1706581303892426,0.0005236636342712978,4.912496053501975e-05,5.550218049328797,10.65982809081329,20356.25045005642,0.40100606868682775
4.804999999999959e-06,2.0,9.439167361828328e-05,0.7045911923104569,0.5714337958471991,0.5057650712715239,0.170703847282712,0.0005237193745907674,4.916181661005917e-05,5.548364102066897,10.65297034779645,20340.98959222322,0.40072994856448707
4.809999999999959e-06,2.0,9.443702778803693e-05,0.7047022351411165,0.5711821890630403,0.5057684596620852,0.1707537357651426,0.0005237800418580122,4.920208264097967e-05,5.54634186359446,10.64548518565683,20324.34292053961,0.40042845329789767
4.814999999999959e-06,2.0,9.448611797691215e-05,0.7048224537431591,0.570909630976562,0.5057721302896876,0.1708077468440218,0.0005238455464554714,4.924572832526226e-05,5.544153538068873,10.63738042405491,20306.32978753238,0.4001018841325402
4.819999999999959e-06,2.0,9.453889495851423e-05,0.7049517294753387,0.5706163948466565,0.5057760795187658,0.17086582745556,0.0005239157918777296,4.929272070126765e-05,5.541801508467057,10.62866452539424,20286.97109377213,0.3997505673910965
4.824999999999959e-06,2.0,9.45953058307391e-05,0.7050899347581151,0.5703027746611645,0.5057803034359555,0.170927920550693,0.0005239906750363518,4.934302416375019e-05,5.539288331842036,10.61934658275974,20266.28924650811,0.3993748541104715
4.829999999999959e-06,2.0,9.465529402927354e-05,0.70523693319956,0.5699690848384782,0.5057847978562847,0.1709939651150985,0.0005240700864085524,4.939660044606948e-05,5.536616737266321,10.60943631092032,20244.30812990433,0.3989751197233797
4.834999999999959e-06,2.0,9.471879942526131e-05,0.7053925797299593,0.5696156599080929,0.5057895583248234,0.1710638962629263,0.0005241539103695227,4.945340863642892e-05,5.533789620644406,10.59894403281667,20221.05305929041,0.39855176364516665
4.839999999999959e-06,2.0,9.478575834630204e-05,0.7055567207449784,0.5692428541705196,0.5057945801234134,0.1711376452644504,0.0005242420253674106,4.951340516094623e-05,5.530810042224786,10.58788066915073,20196.55074720555,0.39810520890606915
4.844999999999959e-06,2.0,9.485610368150349e-05,0.7057291942572529,0.5688510413359927,0.5057998582728664,0.1712151396473284,0.0005243343042798927,4.957654380104553e-05,5.527681221001997,10.57625772349292,20170.82925371072,0.39763590168866436
4.849999999999959e-06,2.0,9.492976490976657e-05,0.705909830056249,0.5684406141435612,0.5058053875402142,0.1712963032316836,0.0005244306146121605,4.964277567782983e-05,5.524406531831706,10.56408727053447,20143.91794870153,0.3971443109118776
4.854999999999959e-06,2.0,9.500666821202225e-05,0.7060984498762415,0.5680119839596979,0.5058111624414385,0.1713810562386629,0.0005245308188743972,4.971204927105068e-05,5.520989499458558,10.55138193990833,20115.8474587838,0.396630927721035
4.859999999999959e-06,2.0,9.50867365065507e-05,0.7062948675722404,0.5675655803576926,0.505817177249237,0.1714693153327065,0.0005246347747991895,4.978431040526804e-05,5.517433795271743,10.53815490318962,20086.6496263486,0.39609626502498607
4.864999999999959e-06,2.0,9.516988956815426e-05,0.7064988893036936,0.5671018506776117,0.5058234259962588,0.1715609937371609,0.0005247423357362477,4.985950227090144e-05,5.513743230997292,10.52441985652338,20056.35745352418,0.3955408569404507
4.869999999999958e-06,2.0,9.525604407021762e-05,0.7067103137257841,0.5666212595673812,0.5058299024833839,0.1716560012834572,0.0005248533508854345,4.993756541270182e-05,5.509921755133952,10.51019100646696,20025.00505852947,0.394965258283924
4.874999999999958e-06,2.0,9.534511371053493e-05,0.7069289321881326,0.56612428850593,0.5058366002834402,0.1717542445335001,0.0005249676657049005,5.001843775341907e-05,5.505973446350561,10.49548305152765,19992.62761723588,0.3943700439724299
4.879999999999958e-06,2.0,9.543700925980171e-05,0.7071545289407112,0.5656114353078193,0.5058435127499739,0.1718556268354598,0.0005250851221558384,5.01020545851402e-05,5.501902509643347,10.4803111669511,19959.2613173311,0.3937558084723595
4.884999999999958e-06,2.0,9.553163869374015e-05,0.7073868813467614,0.5650832136110063,0.5058506330214403,0.1719600484526205,0.0005252055591199202,5.018834859618118e-05,5.497713269480843,10.46469098526751,19924.94329801658,0.39312316515838586
4.889999999999958e-06,2.0,9.562890724769197e-05,0.707625760102511,0.5645401523474011,0.5058579540304311,0.1720674066254678,0.0005253288126518459,5.027724986586439e-05,5.493410165724613,10.44863858014073,19889.71160252238,0.39247274572193325
4.894999999999958e-06,2.0,9.572871755465614e-05,0.7078709294634681,0.56398279519709,0.5058654685083231,0.1721775957066524,0.000525454716401931,5.036868589526638e-05,5.488997746564837,10.4321704460293,19853.6051164674,0.3918051994904377
4.899999999999958e-06,2.0,9.583096970559413e-05,0.7081221474770731,0.5634117000271313,0.5058731689949354,0.172290507229021,0.0005255831018723996,5.046258160605365e-05,5.484480664247345,10.4153034812105,19816.66351925278,0.39112119279811025
4.904999999999958e-06,2.0,9.593556139296748e-05,0.7083791662214765,0.5628274383145782,0.505881047843615,0.1724060300463249,0.0005257137988410102,5.05588593757278e-05,5.479863667843156,10.39805496667106,19778.92722160734,0.3904214082682532
4.909999999999958e-06,2.0,9.604238797631297e-05,0.7086417320502078,0.5622305945556344,0.505889097231295,0.172524050406819,0.0005258466356169607,5.065743904118916e-05,5.475151598824588,10.38044254841622,19740.43731636153,0.3897065441488154
4.914999999999958e-06,2.0,9.615134263084886e-05,0.708909585842494,0.5616217656603042,0.5058973091639752,0.172644452099326,0.0005259814394615631,5.075823793912709e-05,5.470349383711448,10.36248421571209,19701.23551568657,0.3889773135609782
4.919999999999958e-06,2.0,9.626231641783648e-05,0.7091824632589805,0.5610015603345603,0.5059056754871729,0.1727671165319814,0.00052611803683973,5.086117091497137e-05,5.465462029539005,10.34419828279775,19661.36410173841,0.3882344438025789
4.924999999999958e-06,2.0,9.637519843775501e-05,0.7094600950026022,0.5603705984489316,0.5059141878917566,0.1728919228832438,0.00052625625383364,5.096615036913117e-05,5.460494616422755,10.32560336659014,19620.86586405539,0.38747867556568777
4.929999999999958e-06,2.0,9.648987590496388e-05,0.7097422070843469,0.5597295103968818,0.5059228379247481,0.1730187481853601,0.0005263959163860197,5.107308627198649e-05,5.455452292959297,10.3067183679234,19579.78405053815,0.3867107622115217
4.934999999999958e-06,2.0,9.66062343049261e-05,0.7100285210936497,0.5590789364405289,0.5059316169954876,0.1731474674798658,0.0005265368507030174,5.118188621663279e-05,5.450340268750704,10.2875624488397,19538.16230545692,0.38593146896066305
4.939999999999958e-06,2.0,9.672415747259625e-05,0.7103187544731507,0.5584195260474026,0.5059405163867444,0.1732779539053174,0.0005266788834853927,5.129245544063628e-05,5.4451638097781,10.26815501345902,19496.04462116963,0.3851415721420852
4.944999999999958e-06,2.0,9.68435277531596e-05,0.7106126207975445,0.5577519372168817,0.505949527261175,0.1734100788568225,0.000526821842317099,5.140469688592196e-05,5.439928230924568,10.24851568498166,19453.47527715637,0.3843418583600592
4.949999999999958e-06,2.0,9.696422608359362e-05,0.710909830056248,0.5570768357990094,0.5059586406727052,0.1735437120775611,0.0005269655558810108,5.151851122791342e-05,5.434638891359275,10.22866428631373,19410.49879287247,0.3835331237214482
4.954999999999958e-06,2.0,9.708613215630215e-05,0.7112100889396051,0.5563948948040872,0.5059678475732421,0.1736787218218505,0.0005271098543296744,5.163379694326141e-05,5.429301187095983,10.20862081688273,19367.15986815506,0.3827161729822367
4.959999999999958e-06,2.0,9.720912450326005e-05,0.7115131011283488,0.5557067937070376,0.5059771388242865,0.1738149749499582,0.0005272545694824183,5.175045034698355e-05,5.423920546423272,10.18840543313554,19323.50333755672,0.38189181875707934
4.964999999999958e-06,2.0,9.733308066196886e-05,0.7118185675860319,0.5550132177442443,0.5059865052038512,0.1739523370942065,0.0005273995351753871,5.186836566859702e-05,5.418502422532904,10.16803842529193,19279.57411246208,0.3810608806500378
4.969999999999957e-06,2.0,9.745787726152464e-05,0.7121261868541401,0.5543148572060488,0.5059959374182663,0.1740906727565551,0.0005275445874369656,5.198743509789452e-05,5.413052289029359,10.14754019781082,19235.41713717859,0.3802241844494937
4.974999999999957e-06,2.0,9.758339019028384e-05,0.712435655349595,0.5536124067246773,0.5060054261092571,0.1742298454772151,0.000527689564814474,5.210754887001555e-05,5.407575632659746,10.12693124619654,19191.07733304711,0.37938256124746217
4.979999999999957e-06,2.0,9.770949468323845e-05,0.7127466676643542,0.5529065645587087,0.5060149618658933,0.1743697179344812,0.0005278343085254808,5.222859532036271e-05,5.40207794893262,10.10623213754498,19146.59955654835,0.3785368466242275
4.984999999999957e-06,2.0,9.783606549072607e-05,0.7130589168668122,0.5521980318751675,0.5060245352317886,0.1745101521153155,0.0005279786627587255,5.235046097912996e-05,5.396564734978493,10.08546348749841,19102.02854562561,0.37768787975985196
4.989999999999957e-06,2.0,9.796297696648636e-05,0.7133720948047042,0.5514875120298453,0.5060341367171398,0.1746510094168811,0.0005281224747992907,5.247303063578857e-05,5.391041485304918,10.06464594097775,19057.40888001927,0.37683650261296414
4.994999999999957e-06,2.0,9.80901032367663e-05,0.713685892409216,0.5507757098470322,0.5060437568060033,0.1747921508185534,0.0005282655953018224,5.259618744348532e-05,5.385513684813183,10.0438001493824,19012.78492998188,0.3759835590284788
4.999999999999957e-06,2.0,9.821731828841547e-05,0.7139999999999973,0.5500633308994303,0.5060533859683792,0.1749334369845992,0.0005284078783879157,5.271981299344152e-05,5.379986804713835,10.02294675160648,18968.20081900523,0.3751298939148311
