VIN_BIAS,I0.NM0:region,I0.NM0:id,I0.NM0:vgs,I0.NM0:vds,I0.NM0:vth,I0.NM0:vdsat,I0.NM0:gm,I0.NM0:gds,I0.NM0:gmoverid,I0.NM0:self_gain,I0.NM0:rout,I0.NM0:sat_margin_abs
0.0,0.0,1.854048450322818e-10,0.0,1.099999813348934,0.4989984922469844,0.04216619414216389,4.923294442098668e-09,1.172251058754598e-10,28.32183914750174,41.99863506482296,8530595835.523514,1.05783361920677
0.001,0.0,1.903935081083944e-10,0.001,1.099999807406492,0.4989984923285581,0.04216621030474912,5.064594177209921e-09,1.20591034172063e-10,28.32112059383127,41.99809888008425,8292490456.406312,1.057833597101743
0.002,0.0,1.95525531901748e-10,0.002,1.099999802274469,0.4989984924005703,0.04216622693113216,5.209943558063114e-09,1.24053496975738e-10,28.32039160761273,41.99755496680645,8061038377.624913,1.0578335753433368
0.003,0.0,2.008050231374064e-10,0.003,1.099999796994977,0.4989984924746526,0.04216624403465816,5.359458393135944e-09,1.276152579249561e-10,28.31965202724867,41.99700318192016,7836053589.98724,1.057833552960319
0.004,0.0,2.062362061548583e-10,0.004,1.099999791563794,0.4989984925508621,0.04216626162900006,5.513257795075522e-09,1.312791595708272e-10,28.31890168852261,41.99644340426352,7617355285.249861,1.0578335299347938
0.005,0.0,2.118234260984868e-10,0.005,1.099999785976574,0.4989984926292613,0.04216627972822164,5.671464270978731e-09,1.350481256076708e-10,28.31814042456939,41.99587551074156,7404767711.512758,1.0578335062483524
0.006,0.0,2.175711523599345e-10,0.006,1.099999780228848,0.4989984927099118,0.04216629834678888,5.834203818608947e-09,1.389251631791422e-10,28.31736806583185,41.99529937629671,7198120031.793758,1.057833481882059
0.007,0.0,2.234839821179532e-10,0.007,1.099999774316018,0.4989984927928788,0.04216631749958166,6.001606025314586e-09,1.429133652493974e-10,28.31658444001695,41.99471487387631,6997246186.561383,1.0578334568164363
0.008,0.0,2.295666439785836e-10,0.008,1.099999768233357,0.4989984928782286,0.0421663372019045,6.173804169727511e-09,1.470159130411721e-10,28.31578937205243,41.9941218744023,6801984760.111977,1.0578334310314526
0.009000000000000001,0.0,2.358240017184937e-10,0.009000000000000001,1.099999761975999,0.4989984929660292,0.04216635746950016,6.350935326317665e-09,1.512360785426454e-10,28.31498268403943,41.99352024673687,6612178850.683578,1.0578334045064988
0.01,0.0,2.422610581342556e-10,0.01,1.099999755538942,0.4989984930563506,0.04216637831856031,6.533140472881248e-09,1.555772270849396e-10,28.31416419520857,41.99290985765152,6427675944.205098,1.0578333772203816
0.011,0.0,2.488829590006646e-10,0.011,1.099999748917042,0.4989984931492658,0.04216639976574001,6.720564601045777e-09,1.600428199923016e-10,28.31333372187217,41.99229057179229,6248327791.575418,1.0578333491513021
0.012,0.0,2.556949971410924e-10,0.012,1.099999742105003,0.4989984932448485,0.04216642182817001,6.913356829874582e-09,1.646364173069469e-10,28.31249107737776,41.99166225164734,6073990289.375694,1.0578333202768329
0.013,0.0,2.627026166130416e-10,0.013,1.099999735097384,0.4989984933431749,0.04216644452346999,7.1116705226562e-09,1.693616805906617e-10,28.31163607205884,41.99102475751132,5904523363.918119,1.057833290573914
0.01400000000000001,0.0,2.699114170120701e-10,0.01400000000000001,1.099999727888584,0.4989984934443238,0.04216646786976382,7.315663406965896e-09,1.74222375805263e-10,28.31076851318726,41.99037794745134,5739790858.539029,1.0578332600188203
0.01500000000000001,0.0,2.773271578975022e-10,0.01500000000000001,1.099999720472843,0.4989984935483759,0.04216649188569192,7.52549769809156e-09,1.79222376274167e-10,28.30988820492349,41.98972167727185,5579660424.043489,1.057833228587151
0.01600000000000001,0.0,2.849557633432877e-10,0.01600000000000001,1.099999712844237,0.4989984936554141,0.04216651659042833,7.741340225915255e-09,1.843656657272869e-10,28.30899494826501,41.98905580047763,5424003412.21449,1.0578331962538086
0.01700000000000001,0.0,2.92803326617445e-10,0.01700000000000001,1.099999704996674,0.4989984937655247,0.04216654200369307,7.963362565344866e-09,1.896563414315429e-10,28.30808854099675,41.9883801682385,5272694772.301897,1.0578331629929811
0.01800000000000001,0.0,3.00876114993827e-10,0.01800000000000001,1.099999696923886,0.4989984938787954,0.04216656814577079,8.191741170396142e-09,1.950986174094346e-10,28.30716877763858,41.98769462935213,5125612950.40547,1.0578331287781153
0.01900000000000001,0.0,3.091805746998134e-10,0.01900000000000001,1.099999688619426,0.4989984939953155,0.04216659503752362,8.426657512023368e-09,2.006968277480639e-10,28.30623544939181,41.98699903020594,4982639791.672775,1.0578330935819025
0.02000000000000001,0.0,3.177233360036919e-10,0.02000000000000001,1.099999680076665,0.4989984941151797,0.0421666227004109,8.668298219801113e-09,2.064554300010961e-10,28.30528834408664,41.98629321473934,4843660445.233583,1.057833057376254
0.02100000000000001,0.0,3.265112184457684e-10,0.02100000000000001,1.099999671288782,0.4989984942384828,0.04216665115650287,8.91685522756605e-09,2.123790086863104e-10,28.30432724612788,41.98557702440588,4708563271.792211,1.0578330201322792
0.02200000000000001,0.0,3.355512362171237e-10,0.02200000000000001,1.099999662248765,0.4989984943653229,0.04216668042850031,9.172525923124592e-09,2.18472278881331e-10,28.30335193643868,41.98485029813276,4577239753.804996,1.0578329818202648
0.02300000000000001,0.0,3.448506036900983e-10,0.02300000000000001,1.099999652949397,0.4989984944958012,0.042166710539752,9.435513302137843e-09,2.247400899202316e-10,28.30236219240583,41.98411287228214,4449584408.17095,1.0578329424096449
0.02400000000000001,0.0,3.544167411048707e-10,0.02400000000000001,1.09999964338326,0.4989984946300231,0.04216674151427244,9.706026126300505e-09,2.311874291938783e-10,28.30135778782171,41.98336458060979,4325494701.36363,1.0578329018689876
0.02500000000000002,0.0,3.64257280416398e-10,0.02500000000000002,1.09999963354272,0.4989984947680948,0.04216677337676113,9.984279085930157e-09,2.378194260568284e-10,28.30033849282691,41.98260525422492,4204870966.937091,1.0578328601659588
0.02600000000000002,0.0,3.743800713061434e-10,0.02600000000000002,1.09999962341993,0.498998494910126,0.04216680615262218,1.027049296708589e-08,2.446413558437027e-10,28.29930407385209,41.98183472154864,4087616325.339872,1.057832817267308
0.02700000000000002,0.0,3.847931873632786e-10,0.02700000000000002,1.099999613006813,0.4989984950562307,0.04216683986798425,1.056489482334237e-08,2.516586439981041e-10,28.298254293558,41.98105280827136,3973636605.971436,1.0578327731388288
0.02800000000000002,0.0,3.955049324400772e-10,0.02800000000000002,1.099999602295068,0.4989984952065241,0.04216687454972128,1.08677181523468e-08,2.588768703171872e-10,28.29718891077489,41.98025933731044,3862840271.418441,1.0578327277453468
0.02900000000000002,0.0,4.06523847186197e-10,0.02900000000000002,1.099999591276154,0.4989984953611281,0.04216691022547261,1.117920307728513e-08,2.66301773314978e-10,28.29610768044126,41.9794541287659,3755138343.81123,1.0578326810506813
0.03000000000000002,0.0,4.178587157670576e-10,0.03000000000000002,1.099999579941285,0.4989984955201651,0.04216694692366607,1.149959653339783e-08,2.739392547078461e-10,28.29501035354235,41.97863699987816,3650444333.239103,1.0578326330176189
0.03100000000000002,0.0,4.295185727712825e-10,0.03100000000000002,1.099999568281428,0.4989984956837608,0.04216698467353946,1.182915245967764e-08,2.817953840254032e-10,28.29389667704557,41.97780776498194,3548674168.16825,1.0578325836078886
0.03200000000000002,0.0,4.415127103123953e-10,0.03200000000000002,1.099999556287291,0.498998495852046,0.04216702350516439,1.216813199589007e-08,2.898764033502424e-10,28.2927663938374,41.97696623546126,3449746127.80659,1.0578325327821267
0.03300000000000002,0.0,4.538506853303476e-10,0.03300000000000002,1.099999543949316,0.4989984960251562,0.04216706344946838,1.251680368506538e-08,2.981887321901604e-10,28.29161924265814,41.97611221970381,3353580776.359724,1.0578324804998476
0.03400000000000002,0.0,4.66542327098383e-10,0.03400000000000002,1.099999531257674,0.4989984962032278,0.04216710453826106,1.28754436816093e-08,3.067389724864761e-10,28.29045495803534,41.97524552305453,3260100899.125524,1.057832426719413
0.03500000000000002,0.0,4.795977449406955e-10,0.03500000000000002,1.099999518202256,0.4989984963864029,0.0421671468042568,1.324433596517963e-08,3.155339137620454e-10,28.28927327021778,41.9743659477682,3169231440.377382,1.0578323713979991
0.03600000000000003,0.0,4.930273361671026e-10,0.03600000000000003,1.099999504772665,0.4989984965748284,0.04216719028110319,1.36237725604934e-08,3.245805384130094e-10,28.28807390510621,41.97347329296115,3080899442.983731,1.0578323144915618
0.03700000000000003,0.0,5.068417942304881e-10,0.03700000000000003,1.099999490958207,0.4989984967686534,0.04216723500340497,1.401405376322003e-08,3.338860271480739e-10,28.28685658418471,41.97256735456315,2995033989.716837,1.057832255954802
0.03800000000000003,0.0,5.210521171131736e-10,0.03800000000000003,1.099999476747884,0.4989984969680311,0.04216728100675222,1.441548837212422e-08,3.434577645793477e-10,28.28562102445155,41.97164792526876,2911566146.203616,1.0578321957411319
0.03900000000000003,0.0,5.356696159487037e-10,0.03900000000000003,1.099999462130385,0.4989984971731228,0.04216732832774818,1.482839392763001e-08,3.533033449689632e-10,28.28436693834636,41.9707147944853,2830428905.47172,1.0578321338026369
0.04000000000000003,0.0,5.507059238854887e-10,0.04000000000000003,1.099999447094077,0.4989984973840899,0.04216737700403833,1.525309695698091e-08,3.634305781357128e-10,28.28309403368006,41.96976774828528,2751557134.046597,1.0578320700900388
0.04100000000000003,0.0,5.661730051988985e-10,0.04100000000000003,1.099999431626996,0.4989984976011005,0.04216742707433874,1.56899332261675e-08,3.738474955259968e-10,28.28180201356023,41.96880656935267,2674887519.556652,1.0578320045526572
0.04200000000000003,0.0,5.820831646588401e-10,0.04200000000000003,1.099999415716837,0.4989984978243275,0.04216747857846709,1.613924799881206e-08,3.845623564536752e-10,28.2804905763168,41.96783103693149,2600358519.803436,1.0578319371383698
0.04300000000000003,0.0,5.98449057159649e-10,0.04300000000000003,1.099999399350944,0.4989984980539479,0.04216753155737436,1.660139630219134e-08,3.955836545132972e-10,28.2791594154279,41.96684092677368,2527910313.256854,1.0578318677935696
0.04400000000000003,0.0,6.152836976197013e-10,0.04400000000000003,1.099999382516304,0.4989984982901458,0.04216758605317524,1.707674320059223e-08,4.069201241715152e-10,28.27780821944296,41.96583601108519,2457484750.934815,1.0578317964631287
0.04500000000000003,0.0,6.326004711582635e-10,0.04500000000000003,1.09999936519953,0.4989984985331073,0.04216764210918268,1.756566407620057e-08,4.185807475415917e-10,28.27643667190456,41.96481605847192,2389025309.628309,1.0578317230903471
0.04600000000000003,0.0,6.504131435567846e-10,0.04600000000000003,1.099999347386858,0.4989984987830262,0.04216769976994098,1.806854491771374e-08,4.305747613457136e-10,28.27504445127087,41.96378083388471,2322477046.435818,1.057831647616917
0.04700000000000003,0.0,6.687358720130167e-10,0.04700000000000003,1.099999329064129,0.4989984990401014,0.04216775908126019,1.858578261689758e-08,4.429116640705382e-10,28.27363123083507,41.96273009856341,2257786554.568452,1.0578315699828689
0.04800000000000004,0.0,6.875832161955965e-10,0.04800000000000004,1.099999310216785,0.4989984993045362,0.04216782009025254,1.911778527329035e-08,4.556012233209631e-10,28.27219667864541,41.96166360998158,2194901920.391723,1.0578314901265327
0.04900000000000004,0.0,7.069701496074829e-10,0.04900000000000004,1.099999290829852,0.4989984995765425,0.04216788284536904,1.96649725072731e-08,4.686534833775734e-10,28.27074045742248,41.9605811217878,2133772681.668823,1.0578314079844828
0.05000000000000004,0.0,7.269120712669263e-10,0.05000000000000004,1.09999927088793,0.4989984998563346,0.04216794739643704,2.022777578173663e-08,4.82078772963387e-10,28.26926222447621,41.95948238374911,2074349786.971326,1.057831323491493
0.05100000000000004,0.0,7.474248177141235e-10,0.05100000000000004,1.099999250375184,0.4989985001441359,0.04216801379469867,2.080663873255829e-08,4.958877132252324e-10,28.26776163162246,41.95836714169182,2016585556.226112,1.0578312365804854
0.05200000000000004,0.0,7.685246753532942e-10,0.05200000000000004,1.099999229275326,0.4989985004401734,0.04216808209285162,2.140201750814356e-08,5.100912259360159e-10,28.26623832509616,41.95723513744216,1960433642.364663,1.0578311471824744
0.05300000000000004,0.0,7.902283931385208e-10,0.05300000000000004,1.099999207571609,0.4989985007446832,0.04216815234508973,2.201438111825221e-08,5.247005419233555e-10,28.26469194546531,41.95608610876546,1905848994.045965,1.0578310552265193
0.05400000000000004,0.0,8.12553195613368e-10,0.05400000000000004,1.099999185246806,0.4989985010579072,0.04216822460714464,2.264421179237128e-08,5.397272097310251e-10,28.26312212754377,41.95491978930635,1852787819.421506,1.0578309606396614
0.05500000000000004,0.0,8.355167963137484e-10,0.05500000000000004,1.099999162283205,0.4989985013800934,0.04216829893633046,2.329200534788063e-08,5.551831045193491e-10,28.26152850030148,41.95373590852648,1801207550.913769,1.0578308633468745
0.05600000000000004,0.0,8.59137411543896e-10,0.05600000000000004,1.09999913866259,0.4989985017114974,0.04216837539158639,2.395827156826916e-08,5.710804372109353e-10,28.25991068677358,41.95253419164118,1751066810.979971,1.0578307632710036
0.05700000000000004,0.0,8.834337745355645e-10,0.05700000000000004,1.099999114366227,0.4989985020523822,0.04216845403352368,2.464353459166749e-08,5.87431763888299e-10,28.25826830397071,41.95131435955766,1702325378.833534,1.0578306603327035
0.05800000000000004,0.0,9.084251500012912e-10,0.05800000000000004,1.099999089374852,0.4989985024030174,0.04216853492447326,2.534833330997508e-08,6.042499954503463e-10,28.25660096278482,41.95007612880993,1654944158.095859,1.0578305544503785
0.05900000000000005,0.0,9.341313490919434e-10,0.05900000000000005,1.099999063668653,0.4989985027636821,0.0421686181285325,2.607322177884993e-08,6.215484075343483e-10,28.25490826789519,41.94881921149329,1608885145.35328,1.0578304455401204
0.06000000000000005,0.0,9.605727447698739e-10,0.06000000000000005,1.099999037227257,0.4989985031346615,0.04216870371161562,2.681876963885535e-08,6.393406507106999e-10,28.25318981767442,41.94754331520017,1564111399.593294,1.0578303335156414
0.06100000000000005,0.0,9.877702876090097e-10,0.06100000000000005,1.099999010029715,0.4989985035162495,0.04216879174150573,2.758556254805355e-08,6.576407609577468e-10,28.25144520409046,41.94624814295219,1520587012.495489,1.0578302182882093
0.06200000000000005,0.0,1.015745522033198e-09,0.06200000000000005,1.09999898205448,0.4989985039087486,0.04216888228790521,2.837420262634255e-08,6.76463170424003e-10,28.24967401260947,41.94493339313325,1478277079.553653,1.0578300997665748
0.06300000000000004,0.0,1.044520603004951e-09,0.06300000000000004,1.099998953279399,0.4989985043124691,0.04216897542249122,2.918530891184815e-08,6.95822718485552e-10,28.24787582209727,41.94359875942186,1437147672.005429,1.0578299778569078
0.06400000000000004,0.0,1.074118313176745e-09,0.06400000000000004,1.099998923681689,0.4989985047277318,0.04216907121897111,3.001951782968284e-08,7.15734663106445e-10,28.24605020471791,41.94224393072086,1397165809.547048,1.0578298524627179
0.06500000000000004,0.0,1.104562080517465e-09,0.06500000000000004,1.099998893237922,0.4989985051548634,0.04216916975313843,3.087748367339873e-08,7.362146925101853e-10,28.24419672583258,41.94086859108908,1358299433.811103,1.0578297234847838
0.06600000000000004,0.0,1.1358759964264e-09,0.06600000000000004,1.099998861924006,0.4989985055942043,0.04216927110293228,3.175987909944994e-08,7.572789371702924e-10,28.24231494389682,41.93947241966927,1320517382.586498,1.0578295908210738
0.06700000000000005,0.0,1.168084834348915e-09,0.06700000000000005,1.099998829715168,0.4989985060461003,0.04216937534849663,3.266739563502808e-08,7.78943982128925e-10,28.24040441035562,41.93805509061782,1283789364.758822,1.0578294543666713
0.06800000000000005,0.0,1.201214068906168e-09,0.06800000000000005,1.099998796585934,0.49899850651091,0.04216948257224279,3.360074419958718e-08,8.012268796515934e-10,28.23846466953841,41.93661627303139,1248085935.952176,1.0578293140136912
0.06900000000000005,0.0,1.235289895553867e-09,0.06900000000000005,1.099998762510107,0.4989985069889998,0.04216959285891294,3.456065564044004e-08,8.241451622274437e-10,28.2364952585512,41.93515563087435,1213378474.85177,1.0578291696511941
0.07000000000000005,0.0,1.27033925078323e-09,0.07000000000000005,1.099998727460752,0.4989985074807487,0.04216970629564502,3.554788128276294e-08,8.477168559236319e-10,28.23449570716929,41.9336728229046,1179639160.189221,1.057829021165107
0.07100000000000005,0.0,1.306389832879839e-09,0.07100000000000005,1.09999869141017,0.4989985079865448,0.04216982297203986,3.65631934944065e-08,8.719604941037397e-10,28.23246553772673,41.93216750259842,1146840948.371025,1.05782886843813
0.07200000000000005,0.0,1.3434701232544e-09,0.07200000000000005,1.09999865432988,0.4989985085067877,0.0421699429802296,3.760738626586919e-08,8.968951315191934e-10,28.2304042650059,41.9306393180755,1114957551.733126,1.0578287113496505
0.07300000000000005,0.0,1.381609408361483e-09,0.07300000000000005,1.099998616190595,0.4989985090418876,0.04217006641494981,3.86812758058403e-08,9.225403587839506e-10,28.22831139612471,41.9290879120217,1083963417.403389,1.0578285497756452
0.07400000000000005,0.0,1.420837802221553e-09,0.07400000000000005,1.099998576962201,0.4989985095922678,0.04217019337361066,3.978570115269936e-08,9.489163172421757e-10,28.22618643042265,41.92751292161154,1053833706.755395,1.0578283835885902
0.07500000000000005,0.0,1.461186269562635e-09,0.07500000000000005,1.099998536613733,0.4989985101583634,0.04217032395637273,4.092152480238571e-08,9.760437142393203e-10,28.22402885934634,41.92591397843067,1024544275.436833,1.0578282126573604
0.07600000000000005,0.0,1.502686649598437e-09,0.07600000000000005,1.099998495113353,0.4989985107406196,0.04217045826622303,4.20896333530594e-08,1.00394383880727e-09,28.22183816633209,41.92429070839637,996071653.9563057,1.05782803684713
0.07700000000000005,0.0,1.54537168045915e-09,0.07700000000000005,1.099998452428323,0.4989985113394965,0.04217059640905409,4.329093816696301e-08,1.032638577773902e-09,28.21961382668886,41.92264273167764,968393028.8133702,1.0578278560192689
0.07800000000000006,0.0,1.589275024293414e-09,0.07800000000000006,1.099998408524979,0.4989985119554662,0.04217073849374593,4.452637604994617e-08,1.062150432308707e-09,28.2173553074782,41.92096966261447,941486224.1560113,1.057827670031233
0.07900000000000006,0.0,1.634431293058394e-09,0.07900000000000006,1.09999836336871,0.4989985125890154,0.04217088463224705,4.579690994907743e-08,1.092502534915261e-09,28.2150620673938,41.91927110963605,915329683.9513186,1.057827478736463
0.08000000000000006,0.0,1.680876075017005e-09,0.08000000000000006,1.099998316923928,0.4989985132406407,0.0421710349396628,4.710352966881933e-08,1.123718666882549e-09,28.21273355663955,41.91754667517916,889902454.6546224,1.0578272819842651
0.08100000000000006,0.0,1.728645961960122e-09,0.08100000000000006,1.099998269154042,0.4989985139108588,0.04217118953434065,4.844725260620673e-08,1.155823276206453e-09,28.210369216806,41.91579595560341,865184168.3636245,1.0578270796197013
0.08200000000000006,0.0,1.777778577174669e-09,0.08200000000000006,1.099998220021426,0.4989985146001948,0.04217134853796229,4.982912450555289e-08,1.188841495994501e-09,28.20796848074491,41.9140185411087,841155026.4431767,1.0578268714834638
0.08300000000000006,0.0,1.828312604175145e-09,0.08300000000000006,1.0999981694874,0.4989985153091933,0.04217151207563503,5.125022023311275e-08,1.222799163365054e-09,28.20553077244367,41.91221401564906,817795783.608547,1.057826657411765
0.08400000000000006,0.0,1.880287816220825e-09,0.08400000000000006,1.099998117512188,0.4989985160384119,0.0421716802759879,5.27116445722567e-08,1.257722838854826e-09,28.20305550689734,41.91038195684779,795087732.4534501,1.0578264372362
0.08500000000000006,0.0,1.933745106638331e-09,0.08500000000000006,1.099998064054897,0.4989985167884231,0.04217185327126906,5.421453303963718e-08,1.293639826347151e-09,28.20054208997911,41.90852193591061,773012688.4108837,1.0578262107836278
0.08600000000000006,0.0,1.988726519970518e-09,0.08600000000000006,1.099998009073484,0.4989985175598187,0.04217203119744668,5.576005272286412e-08,1.330578193534179e-09,28.19798991831048,41.90663351753765,751552975.1347249,1.0578259778760373
0.08700000000000006,0.0,2.045275283974929e-09,0.08700000000000006,1.09999795252472,0.4989985183532034,0.04217221419431085,5.734940314026059e-08,1.36856679292748e-09,28.19539837912892,41.9047162598366,730691410.2898227,1.0578257383304093
0.08800000000000006,0.0,2.103435842492213e-09,0.08800000000000006,1.099997894364162,0.4989985191692023,0.04217240240558161,5.898381712319213e-08,1.407635283429929e-09,28.19276685015437,41.90276971423207,710411291.7398173,1.0578254919585803
0.08900000000000007,0.0,2.16325388920905e-09,0.08900000000000007,1.099997834546115,0.4989985200084556,0.04217259597901624,6.06645617215752e-08,1.447814152484123e-09,28.19009469945518,41.90079342537748,690696384.1210043,1.0578252385670988
0.09000000000000007,0.0,2.224776402337921e-09,0.09000000000000007,1.099997773023602,0.4989985208716222,0.04217279506652181,6.239293913310015e-08,1.489134738811313e-09,28.18738128531161,41.89878693106353,671530905.7918022,1.05782497795708
0.09100000000000007,0.0,2.288051680238377e-09,0.09100000000000007,1.099997709748324,0.4989985217593799,0.04217299982426922,6.417028765677015e-08,1.531629255756205e-09,28.18462595607806,41.89674976212676,652899516.1471202,1.0578247099240548
0.09200000000000007,0.0,2.35312937800387e-09,0.09200000000000007,1.099997644670627,0.4989985226724263,0.04217321041281261,6.599798267133703e-08,1.575330815252587e-09,28.18182805004485,41.89468144235785,634787303.2875707,1.0578244342578145
0.09300000000000007,0.0,2.420060545040183e-09,0.09300000000000007,1.09999757773946,0.4989985236114759,0.04217342699720841,6.787743763926063e-08,1.620273452425959e-09,28.17898689529773,41.89258148840923,617179772.0333858,1.0578241507422514
0.09400000000000007,0.0,2.488897663659931e-09,0.09400000000000007,1.099997508902341,0.4989985245772672,0.04217364974714183,6.981010513677577e-08,1.666492150848364e-09,28.17610180957617,41.89044940970014,600062832.2737243,1.0578238591551992
0.09500000000000007,0.0,2.559694688721376e-09,0.09500000000000007,1.099997438105317,0.4989985255705551,0.04217387883705356,7.179747791075014e-08,1.714022868462846e-09,28.17317210013078,41.88828470832416,583422787.6415737,1.0578235592682634
0.09600000000000007,0.0,2.632507088336698e-09,0.09600000000000007,1.099997365292917,0.498998526592119,0.04217411444626995,7.384108996292222e-08,1.762902564193155e-09,28.1701970635784,41.88608687895228,567246324.5055634,1.057823250846647
0.09700000000000007,0.0,2.707391885678838e-09,0.09700000000000007,1.09999729040812,0.4989985276427591,0.04217435675913986,7.594251766222211e-08,1.813169225256597e-09,28.16717598575752,41.88385540873873,551520501.269528,1.0578229336489802
0.09800000000000007,0.0,2.784407701915144e-09,0.09800000000000007,1.099997213392304,0.498998528723297,0.04217460596517124,7.810338088583498e-08,1.864861895197431e-09,28.16410814158037,41.88158977722384,536232737.9712648,1.0578226074271326
0.09900000000000007,0.0,2.863614800295957e-09,0.09900000000000007,1.099997134185206,0.4989985298345783,0.04217486225917365,8.032534418967565e-08,1.918020702658147e-09,28.16099279488527,41.87928945623702,521370806.1722794,1.0578222719260324
0.1000000000000001,0.0,2.945075131428903e-09,0.1000000000000001,1.099997052724875,0.498998530977473,0.04217512584140449,8.261011800899643e-08,1.972686890907461e-09,28.15782919828706,41.876953909799,506922819.1302003,1.0578219268834705
0.1010000000000001,0.0,3.028852379769405e-09,0.1010000000000001,1.099996968947627,0.4989985321528733,0.04217539691771704,8.495945988984469e-08,2.028902848143718e-09,28.15461659302617,41.87458259402403,492877222.2459638,1.05782157202991
0.1020000000000001,0.0,3.115012011357173e-09,0.1020000000000001,1.099996882787995,0.4989985333616992,0.0421756756997166,8.737517575206003e-08,2.086712138591955e-09,28.15135420881708,41.87217495702015,479222783.7782969,1.0578212070882782
0.1030000000000001,0.0,3.203621322833036e-09,0.1030000000000001,1.099996794178684,0.4989985346048947,0.04217596240491652,8.985912118461595e-08,2.146159534415494e-09,28.14804126369437,41.86973043879009,465948585.8176661,1.0578208317737674
0.1040000000000001,0.0,3.294749491766451e-09,0.1040000000000001,1.099996703050515,0.4989985358834287,0.04217625725690002,9.241320277400455e-08,2.2072910484606e-09,28.14467696385884,41.86724847113162,453044015.512778,1.057820445793615
0.1050000000000001,0.0,3.388467625932197e-09,0.1050000000000001,1.099996609332381,0.4989985371983008,0.04217656048548032,9.503935714695114e-08,2.270153966248152e-09,28.14125391465716,41.86471867545671,440498756.8542253,1.0578200488469007
0.1060000000000001,0.0,3.484848749858066e-09,0.1060000000000001,1.099996512951257,0.4989985385505337,0.04217687232665406,9.773953260816889e-08,2.334796835845876e-09,28.13775388489607,41.86211455642936,428302790.4814291,1.057819640624603
0.1070000000000001,0.0,3.583967959569221e-09,0.1070000000000001,1.099996413832048,0.498998539941183,0.04217719302310185,1.0051587453054e-07,2.401269570506584e-09,28.13420005818298,41.8594712418459,416446371.6537394,1.057819220808946
0.1080000000000001,0.0,3.685902477552627e-09,0.1080000000000001,1.09999631189753,0.4989985413713304,0.04217752282436615,1.033705069433287e-07,2.469623484306629e-09,28.13059159217481,41.85678812993269,404920023.7827993,1.0578187890731638
0.1090000000000001,0.0,3.790731679203201e-09,0.1090000000000001,1.099996207068329,0.4989985428420905,0.04217786198693311,1.063056120146354e-07,2.53991130860696e-09,28.12692763191483,41.8540646102087,393714535.0750298,1.0578183450813958
0.1100000000000001,0.0,3.898537151727429e-09,0.1100000000000001,1.099996099262856,0.4989985443546082,0.04217821077442449,1.093234315939175e-07,2.612187230225808e-09,28.12320730967075,41.85130006338296,382820951.1282069,1.0578178884884315
0.1110000000000001,0.0,4.00940275460755e-09,0.1110000000000001,1.099995988397254,0.4989985459100594,0.04217856945778978,1.124262687932264e-07,2.686506930595256e-09,28.11942974477364,41.84849386125196,372230567.735192,1.0578174189394642
0.1120000000000001,0.0,4.123414681667339e-09,0.1120000000000001,1.099995874385327,0.4989985475096533,0.0421789383155077,1.15616489608077e-07,2.762927625926197e-09,28.11559404345444,41.8456453665954,361934923.8888503,1.0578169360698193
0.1130000000000001,0.0,4.240661524777801e-09,0.1130000000000001,1.099995757138484,0.4989985491546334,0.0421793176337888,1.188965245787966e-07,2.841508108404444e-09,28.11169929868005,41.8427539330722,351925794.9826922,1.0578164395046952
0.1140000000000001,0.0,4.361234339245477e-09,0.1140000000000001,1.09999563656567,0.4989985508462766,0.04217970770678704,1.222688704933098e-07,2.922308788443525e-09,28.10774458998916,41.8398189051173,342195186.2015986,1.0578159288588829
0.1150000000000001,0.0,4.485226710923565e-09,0.1150000000000001,1.099995512573298,0.4989985525858964,0.0421801088368144,1.257360921322237e-07,3.005391738017866e-09,28.10372898332573,41.83683961783628,332735326.0974644,1.0578154037364838
0.1160000000000001,0.0,4.612734825089944e-09,0.1160000000000001,1.099995385065184,0.4989985543748426,0.04218052133456222,1.293008240571989e-07,3.090820735102637e-09,28.09965153087322,41.83381539690144,323538660.3444644,1.0578148637306217
0.1170000000000001,0.0,4.743857537135138e-09,0.1170000000000001,1.099995253942473,0.4989985562145018,0.04218094551932777,1.329657724435284e-07,3.178661309245507e-09,28.09551127088705,41.83074555844686,314597845.6689876,1.0578143084231453
0.1180000000000001,0.0,4.878696445104885e-09,0.1180000000000001,1.099995119103565,0.498998558106299,0.04218138171924834,1.367337169578946e-07,3.268980788296644e-09,28.09130722752681,41.82762940896386,305905743.9493446,1.0578137373843168
0.1190000000000001,0.0,5.01735596414309e-09,0.1190000000000001,1.099994980444046,0.4989985600516995,0.04218183027153786,1.406075126822872e-07,3.361848346323832e-09,28.08703841068727,41.82446624519545,297455416.4804894,1.0578131501725083
0.1200000000000001,0.0,5.159943402882143e-09,0.1200000000000001,1.099994837856608,0.4989985620522089,0.04218229152273356,1.445900920850955e-07,3.457335052740214e-09,28.08270381582987,41.82125535403238,289240118.3991179,1.0578125463338743
0.1210000000000001,0.0,5.306569041827874e-09,0.1210000000000001,1.099994691230969,0.498998564109374,0.04218276582894614,1.486844670403625e-07,3.555513922672132e-09,28.07830242381196,41.81799601240749,281253293.2646918,1.0578119254020228
0.1220000000000001,0.0,5.457346213787351e-09,0.1220000000000001,1.099994540453797,0.4989985662247857,0.04218325355611868,1.528937308962348e-07,3.656459968595241e-09,28.07383320071738,41.81468748719116,273488567.7920291,1.0578112868976783
0.1230000000000001,0.0,5.612391386390571e-09,0.1230000000000001,1.099994385408625,0.4989985684000777,0.04218375508028987,1.572210605936698e-07,3.760250253268293e-09,28.06929509768517,41.811329035087,265939746.7311733,1.057810630328335
0.1240000000000001,0.0,5.771824246755261e-09,0.1240000000000001,1.099994225975765,0.4989985706369294,0.04218427078786655,1.616697188364286e-07,3.866963943993217e-09,28.06468705073876,41.80791990252706,258600807.8904793,1.0578099551878983
0.1250000000000001,0.0,5.93576778834826e-09,0.1250000000000001,1.099994062032224,0.4989985729370652,0.04218480107590007,1.662430563134613e-07,3.976682368232116e-09,28.06000798061389,41.80445932556761,251465897.2988488,1.0578092609563239
0.1260000000000001,0.0,6.104348400093094e-09,0.1260000000000001,1.099993893451612,0.4989985753022597,0.04218534635237327,1.709445139746972e-07,4.089489070609689e-09,28.05525679258807,41.80094652978534,244529324.5033451,1.0578085470992387
0.1270000000000001,0.0,6.277695957783658e-09,0.1270000000000001,1.099993720104055,0.498998577734335,0.04218590703649173,1.757776253614805e-07,4.2054698713354e-09,28.0504323763074,41.79738073017374,237785557.9981747,1.0578078130675632
0.1280000000000001,0.0,6.455943917852291e-09,0.1280000000000001,1.099993541856095,0.4989985802351626,0.04218648355898444,1.807460189926056e-07,4.324712926072725e-09,28.04553360561555,41.79376113104026,231229220.7816209,1.0578070582971106
0.1290000000000001,0.0,6.639229413552795e-09,0.1290000000000001,1.0999933585706,0.4989985828066675,0.04218707636241135,1.858534208071815e-07,4.44730878728996e-09,28.04055933838151,41.7900869259034,224855086.0371821,1.0578062822081888
0.1300000000000001,0.0,6.82769335361538e-09,0.1300000000000001,1.09999317010666,0.4989985854508261,0.04218768590147828,1.911036566654648e-07,4.573350467124784e-09,28.03550841632744,41.78635729739068,218658072.9354619,1.0578054842051818
0.1310000000000001,0.0,7.021480523429535e-09,0.1310000000000001,1.099992976319491,0.49899858816967,0.04218831264336053,1.965006549087523e-07,4.702933501793899e-09,28.03037966485718,41.78257141713753,212633242.5535163,1.0578046636761305
0.1320000000000001,0.0,7.220739688817883e-09,0.1320000000000001,1.099992777060326,0.498998590965286,0.04218895706803456,2.020484489795884e-07,4.836156017583408e-09,28.02517189288435,41.77872844568619,206775793.9082562,1.0578038199922914
0.1330000000000001,0.0,7.425623702458672e-09,0.1330000000000001,1.099992572176313,0.4989985938398186,0.04218961966861738,2.077511801033922e-07,4.973118798451828e-09,28.01988389266165,41.77482753238608,201081060.100818,1.0578029525076957
0.1340000000000001,0.0,7.636289613020909e-09,0.1340000000000001,1.099992361510403,0.4989985967954724,0.04219030095171493,2.136131000327416e-07,5.113925355281363e-09,28.01451443960979,41.77086781529465,195544504.5687377,1.0578020605586882
0.1350000000000001,0.0,7.852898777075841e-09,0.1350000000000001,1.099992144901239,0.49899859983451,0.04219100143777996,2.196385738555388e-07,5.258681996812806e-09,28.00906229214689,41.76684842107924,190161717.4429034,1.057801143463459
0.1360000000000001,0.0,8.075616973846062e-09,0.1360000000000001,1.099991922183043,0.4989986029592575,0.04219172166147628,2.258320828681954e-07,5.407497902297566e-09,28.00352619151951,41.76276846492028,184928412.0064318,1.0578002005215668
0.1370000000000001,0.0,8.304614522861644e-09,0.1370000000000001,1.099991693185494,0.4989986061721048,0.04219246217205554,2.321982275151523e-07,5.56048519590507e-09,27.99790486163311,41.75862705041477,179840421.2525256,1.0577992310134385
0.1380000000000001,0.0,8.540066404587872e-09,0.1380000000000001,1.099991457733613,0.4989986094755064,0.04219322353374058,2.387417303959248e-07,5.717759022920547e-09,27.99219700888426,41.75442326948207,174893694.5386017,1.0577982341998724
0.1390000000000001,0.0,8.782152384093258e-09,0.1390000000000001,1.099991215647634,0.4989986128719849,0.04219400632611957,2.454674393409268e-07,5.879437627770611e-09,27.98640132199341,41.75015620227001,170084294.3339777,1.0577972093215144
0.1400000000000001,0.0,9.031057137827176e-09,0.1400000000000001,1.099990966742881,0.4989986163641313,0.04219481114454929,2.523803305573364e-07,6.045642433913858e-09,27.98051647183909,41.7458249170633,165408393.058505,1.0577961555983317
0.1410000000000001,0.0,9.286970383578848e-09,0.1410000000000001,1.099990710829635,0.4989986199546069,0.04219563860056907,2.594855118462861e-07,6.216498125635191e-09,27.97454111129231,41.74142847019235,160862270.0095839,1.0577950722290659
0.1420000000000001,0.0,9.55008701368583e-09,0.1420000000000001,1.099990447713006,0.4989986236461469,0.04219648932232432,2.667882258925714e-07,6.392132731779916e-09,27.96847387505402,41.73696590594469,156442308.3751495,1.0577939583906817
0.1430000000000001,0.0,9.820607231571694e-09,0.1430000000000001,1.099990177192788,0.4989986274415594,0.04219736395499922,2.742938536283071e-07,6.57267771147032e-09,27.96231337949222,41.73243625647774,152144992.3301196,1.0577928132377887
0.1440000000000001,0.0,1.009873669167968e-08,0.1440000000000001,1.099989899063329,0.4989986313437304,0.04219826316126374,2.820079176716257e-07,6.758268041839359e-09,27.9560582224816,41.72783854173284,147966904.2140915,1.0577916359020652
0.1450000000000001,0.0,1.038468664288457e-08,0.1450000000000001,1.099989613113378,0.4989986353556231,0.04219918762172616,2.899360858418845e-07,6.949042307825159e-09,27.94970698324498,41.72317176935217,143904721.7879106,1.0577904254916517
0.1460000000000001,0.0,1.067867407545518e-08,0.1460000000000001,1.099989319125946,0.4989986394802826,0.04220013803540171,2.980841747525418e-07,7.145142794063498e-09,27.94325822219623,41.71843493459689,139955215.5669785,1.0577891810905442
0.1470000000000001,0.0,1.098092187164896e-08,0.1470000000000001,1.099989016878151,0.4989986437208352,0.0422011151201882,3.064581534830908e-07,7.346715578920737e-09,27.93671048078524,41.71362702026785,136115246.2291053,1.0577879017579628
0.1480000000000001,0.0,1.12916589600162e-08,0.1480000000000001,1.099988706141063,0.4989986480804937,0.0422021196133566,3.150641473312929e-07,7.553910630706882e-09,27.93006228134519,41.70874699662811,132381762.0948504,1.0577865865277063
0.1490000000000001,0.0,1.16111204734956e-08,0.1490000000000001,1.09998838667955,0.4989986525625556,0.04220315227205004,3.239084416470354e-07,7.766881906110348e-09,27.92331212694229,41.70379382132882,128751796.6783146,1.0577852344074998
0.1500000000000001,0.0,1.193954791138257e-08,0.1500000000000001,1.099988058252113,0.4989986571704111,0.0422042138737984,3.329974857490846e-07,7.98578745089579e-09,27.91645850122773,41.69876643933608,125222466.3064163,1.0577838443783147
0.1510000000000001,0.0,1.227718930525679e-08,0.1510000000000001,1.09998772061072,0.4989986619075387,0.04220530521704158,3.4233789692612e-07,8.210789502908475e-09,27.90949986829231,41.69366378286217,121790967.8047128,1.0577824153936786
0.1520000000000001,0.0,1.262429938894816e-08,0.1520000000000001,1.099987373500637,0.4989986667775126,0.04220642712166695,3.519364645231883e-07,8.44205459742425e-09,27.90243467252403,41.68848477129814,118454576.2479562,1.05778094637897
0.1530000000000001,0.0,1.298113977263227e-08,0.1530000000000001,1.099987016660254,0.4989986717840041,0.04220758042956005,3.618001541150058e-07,8.679753674890573e-09,27.89526133846866,41.68322831114986,115210642.773524,1.0577794362306938
0.1540000000000001,0.0,1.334797912114173e-08,0.1540000000000001,1.099986649820906,0.4989986769307811,0.04220876600516601,3.719361117673651e-07,8.924062191100755e-09,27.88797827069332,41.67789329597757,112056592.4559803,1.0577778838157401
0.1550000000000001,0.0,1.37250933365782e-08,0.1550000000000001,1.099986272706692,0.4989986822217153,0.04220998473606682,3.823516683878221e-07,9.175160229842288e-09,27.88058385365378,41.67247860633758,108989922.2410843,1.0577762879706252
0.1560000000000001,0.0,1.411276574532049e-08,0.1560000000000001,1.099985885034284,0.4989986876607828,0.0422112375335694,3.930543441670739e-07,9.433232618065552e-09,27.87307645156485,41.66698310972814,106008198.9375417,1.0577746475007146
0.1570000000000001,0.0,1.451128728951755e-08,0.1570000000000001,1.09998548651274,0.4989986932520636,0.04221252533330982,4.040518531122305e-07,9.698469043615155e-09,27.86545440827488,41.66140566053897,103109057.2649026,1.0577729611794302
0.1580000000000001,0.0,1.492095672315495e-08,0.1580000000000001,1.099985076843307,0.498998698999751,0.04221384909586836,4.153521076731108e-07,9.971064175565036e-09,27.85771604714421,41.65574510000321,100290197.9560604,1.0577712277474387
0.1590000000000001,0.0,1.53420808127966e-08,0.1590000000000001,1.099984655719219,0.4989987049081478,0.04221520980740216,4.269632234630211e-07,1.025121778720587e-08,27.84985967092743,41.65000025615459,97549385.91277021,1.0577694459118168
0.1600000000000001,0.0,1.577497454308734e-08,0.1600000000000001,1.099984222825489,0.498998710981674,0.04221660848028961,4.388935240749777e-07,1.05391348817231e-08,27.84188356166064,41.6441699437877,94884448.41276237,1.0577676143451995
0.1610000000000001,0.0,1.621996132712036e-08,0.1610000000000001,1.099983777838706,0.4989987172248676,0.04221804615379097,4.511515459947758e-07,1.0835025820614e-08,27.83378598055273,41.63825296442257,92293273.36696021,1.0577657316849152
0.1620000000000001,0.0,1.667737322176265e-08,0.1620000000000001,1.099983320426812,0.4989987236423864,0.04221952389472299,4.637460436119763e-07,1.113910645488518e-08,27.82556516788139,41.63224810627383,89773807.6254257,1.057763796532089
0.1630000000000001,0.0,1.714755114803475e-08,0.1630000000000001,1.099982850248887,0.4989987302390131,0.04222104279814896,4.766859943299084e-07,1.145159825907321e-08,27.81721934289504,41.62615414422396,87324055.33067754,1.0577618074507382
0.1640000000000001,0.0,1.763084511664813e-08,0.1640000000000001,1.099982366954919,0.4989987370196608,0.04222260398808453,4.899806037759062e-07,1.177272846813412e-08,27.80874670371919,41.6199698398008,84942076.31703682,1.0577597629668345
0.1650000000000001,0.0,1.81276144588033e-08,0.1650000000000001,1.099981870185578,0.4989987439893684,0.04222420861821845,5.036393111129466e-07,1.21027302172466e-08,27.80014542726841,41.61369394116146,82625984.55470672,1.0577576615673594
0.1660000000000001,0.0,1.863822806233909e-08,0.1660000000000001,1.099981359571976,0.4989987511533125,0.04222585787265089,5.176717944534612e-07,1.244184268456625e-08,27.79141366916446,41.60732518307907,80373946.63737968,1.0577555016993252
0.1670000000000001,0.0,1.916306461334906e-08,0.1670000000000001,1.099980834735426,0.4989987585168068,0.04222755296664561,5.320879763767026e-07,1.279031123698112e-08,27.78254956366008,41.60086228693608,78184180.31209916,1.0577532817687805
0.1680000000000001,0.0,1.970251284336097e-08,0.1680000000000001,1.099980295287197,0.4989987660853044,0.04222929514740106,5.468980295504603e-07,1.314838757890722e-08,27.77355122356922,41.59430396072288,76054953.05022876,1.057751000139796
0.1690000000000001,0.0,2.025697178218502e-08,0.1690000000000001,1.099979740828259,0.4989987738644037,0.04223108569483553,5.621123824581073e-07,1.351632990416689e-08,27.76441674020368,41.58764889904148,73984580.65837197,1.0577486551334234
0.1700000000000001,0.0,2.082685101653668e-08,0.1700000000000001,1.099979170949026,0.4989987818598525,0.04223292592239263,5.777417252319041e-07,1.389440305099244e-08,27.75514418331649,41.58089578311446,71971425.92812383,1.0577462450266335
0.1710000000000001,0.0,2.141257095454436e-08,0.1710000000000001,1.099978585229089,0.498998790077548,0.04223481717786039,5.937970155935413e-07,1.428287866019863e-08,27.74573160105271,41.57404328080201,70013897.32355908,1.0577437680512287
0.1720000000000001,0.0,2.201456309624184e-08,0.1720000000000001,1.099977983236949,0.4989987985235441,0.04223676084421089,6.10289484902525e-07,1.468203533656115e-08,27.73617701990681,41.56709004662211,68110447.7054216,1.057741222392738
0.1730000000000001,0.0,2.26332703101591e-08,0.1730000000000001,1.099977364529736,0.4989988072040554,0.04223875834045622,6.272306443133509e-07,1.509215881344438e-08,27.7264784446884,41.56003472177898,66259573.09097366,1.0577386061892797
0.1740000000000001,0.0,2.326914711611905e-08,0.1740000000000001,1.099976728652931,0.4989988161254587,0.04224081112252177,6.44632291042146e-07,1.55135421207179e-08,27.71663385849574,41.55287593419802,64459811.44851042,1.057735917530409
0.1750000000000001,0.0,2.392265997435085e-08,0.1750000000000001,1.099976075140074,0.4989988252942981,0.04224292068413972,6.625065147434422e-07,1.594648575600126e-08,27.70664122269665,41.54561229856656,62709741.52556859,1.0577331544559343
0.1760000000000001,0.0,2.459428758102463e-08,0.1760000000000001,1.099975403512469,0.4989988347172901,0.04224508855775923,6.808657039975843e-07,1.639129785927239e-08,27.69649847691898,41.53824241638226,61007981.70989919,1.0577303149547097
0.1770000000000001,0.0,2.528452117032561e-08,0.1770000000000001,1.099974713278881,0.4989988444013265,0.04224731631547638,6.997225529094567e-07,1.68482943908812e-08,27.68620353904897,41.53076487600831,59353188.92227037,1.0577273969634047
0.1780000000000001,0.0,2.59938648231727e-08,0.1780000000000001,1.09997400393523,0.4989988543534803,0.04224960556998263,7.190900678188649e-07,1.731779931300126e-08,27.67575430523936,41.52317825273625,57744057.54022419,1.0577243983652473
0.1790000000000001,0.0,2.672283578269817e-08,0.1790000000000001,1.099973274964272,0.4989988645810086,0.04225195797553252,7.389815741230632e-07,1.780014477455793e-08,27.66514864992615,41.51548110885609,56179318.35191127,1.0577213169887396
0.1800000000000001,0.0,2.747196477659429e-08,0.1800000000000001,1.099972525835279,0.4989988750913573,0.0422543752289315,7.594107232116115e-07,1.829567129966337e-08,27.65438442585566,41.50767199373463,54657737.53917406,1.0577181506063476
0.1810000000000001,0.0,2.824179634644711e-08,0.1810000000000001,1.099971756003711,0.4989988858921657,0.04225685907054202,7.803914995139734e-07,1.880472797959646e-08,27.64345946412105,41.49974944390129,53178115.68904489,1.057714896933169
0.1820000000000001,0.0,2.903288918415624e-08,0.1820000000000001,1.099970964910875,0.4989988969912746,0.04225941128531,8.019382276596681e-07,1.932767266835115e-08,27.63237157420967,41.49171198314182,51739286.83288852,1.057711553625565
0.1830000000000001,0.0,2.984581647557529e-08,0.1830000000000001,1.099970151983585,0.498998908396724,0.0422620337038136,8.240655797516027e-07,1.986487218179606e-08,27.62111854406055,41.48355812260231,50340117.51237889,1.0577081182797714
0.1840000000000001,0.0,3.068116625145765e-08,0.1840000000000001,1.099969316633811,0.4989989201167644,0.04226472820332747,8.46788582751804e-07,2.041670250045846e-08,27.60969814013307,41.47528636089933,48979505.87160413,1.0577045884304834
0.1850000000000001,0.0,3.153954174584102e-08,0.1850000000000001,1.099968458258319,0.4989989321598602,0.04226749670891317,8.701226259799787e-07,2.098354897597138e-08,27.59810810748684,41.46689518424034,47656380.77453519,1.0577009615494057
0.1860000000000001,0.0,3.242156176197572e-08,0.1860000000000001,1.099967576238304,0.4989989445346936,0.04227034119452452,8.940834687244532e-07,2.156580654120494e-08,27.58634616987309,41.45838306655321,46369700.94716094,1.0576972350437797
0.1870000000000001,0.0,3.332786104590641e-08,0.1870000000000001,1.099966669939022,0.4989989572501696,0.0422732636841389,9.186872479650915e-07,2.216387992410431e-08,27.57441002983819,41.44974846962484,45118454.14360193,1.057693406254883
0.1880000000000001,0.0,3.425909066782072e-08,0.1880000000000001,1.099965738709402,0.4989989703154227,0.04227626625290627,9.439504862077463e-07,2.277818386525643e-08,27.56229736883893,41.44098984324884,43901656.33552991,1.0576894724564956
0.1890000000000001,0.0,3.521591841127165e-08,0.1890000000000001,1.099964781881661,0.4989989837398231,0.0422793510283197,9.698900994295857e-07,2.34091433392028e-08,27.55000584737106,41.43210562538319,42718350.92424425,1.0576854308533412
0.1900000000000001,0.0,3.619902917039373e-08,0.1900000000000001,1.099963798770903,0.4989989975329795,0.04228252019140957,9.965234051347958e-07,2.405719377952047e-08,27.53753310511015,41.42309424231853,41567607.97476242,1.0576812785794933
0.1910000000000001,0.0,3.720912535520813e-08,0.1910000000000001,1.099962788674721,0.4989990117047475,0.04228577597795445,1.023868130519453e-06,2.472278130767822e-08,27.52487676106592,41.41395410885535,40448523.47132268,1.0576770126967665
0.1920000000000001,0.0,3.824692730513706e-08,0.1920000000000001,1.099961750872773,0.4989990262652337,0.04228912067971957,1.05194242074489e-06,2.540636296568633e-08,27.51203441375006,41.40468362849248,39360218.59368826,1.0576726301930535
0.1930000000000001,0.0,3.931317371082787e-08,0.1930000000000001,1.099960684626369,0.4989990412248012,0.04229255664571197,1.080764847318244e-06,2.610840695254565e-08,27.49900364135805,41.39528119362586,38301839.01367819,1.057668127980657
0.1940000000000001,0.0,4.040862204439005e-08,0.1940000000000001,1.099959589178038,0.4989990565940789,0.04229608628345855,1.110354416578806e-06,2.682939286450071e-08,27.48578200196513,41.38574518575746,37272554.21136082,1.0576635028945796
0.1950000000000001,0.0,4.15340489981604e-08,0.1950000000000001,1.099958463751087,0.4989990723839642,0.04229971206030829,1.140730578289062e-06,2.756981193910669e-08,27.47236703373685,41.3760739757162,36271556.81035094,1.0576587516907787
0.1960000000000001,0.0,4.269025093208914e-08,0.1960000000000001,1.099957307549155,0.4989990886056303,0.0423034365047528,1.171913234328498e-06,2.833016730310455e-08,27.45875625515446,41.36626592388934,35298061.93168564,1.0576538710444023
0.1970000000000001,0.0,4.387804432985346e-08,0.1970000000000001,1.09995611975576,0.4989991052705313,0.04230726220777072,1.203922747488577e-06,2.911097422410489e-08,27.4449471652555,41.35631938046537,34351306.56575435,1.0576488575479892
0.1980000000000001,0.0,4.509826626378601e-08,0.1980000000000001,1.099954899533828,0.4989991223904141,0.04231119182419487,1.23677995036662e-06,2.991276036606707e-08,27.43093724389007,41.34623268568751,33430548.96178678,1.057643707709633
0.1990000000000001,0.0,4.635177486874583e-08,0.1990000000000001,1.099953646025226,0.4989991399773171,0.04231522807409765,1.270506154357262e-06,3.073606604858103e-08,27.41672395199262,41.33600417012106,32535068.03438712,1.0576384179511282
0.2000000000000001,0.0,4.763944982498045e-08,0.2000000000000001,1.099952358350272,0.4989991580435837,0.04231937374420309,1.305123158737951e-06,3.158144450991185e-08,27.40230473187037,41.32563215493003,31664162.78666891,1.0576329846060688
0.2010000000000002,0.0,4.896219285012039e-08,0.2010000000000002,1.09995103560725,0.4989991766018644,0.04232363168931581,1.340653259847287e-06,3.244946217381748e-08,27.3876770075078,41.3151149521677,30817151.74949404,1.057627403917934
0.2020000000000002,0.0,5.032092820035362e-08,0.2020000000000002,1.099949676871902,0.4989991956651281,0.04232800483377663,1.377119260352337e-06,3.334069892009296e-08,27.37283818488811,41.30445086507793,29993372.43639318,1.0576216720381253
0.2030000000000002,0.0,5.171660318089905e-08,0.2030000000000002,1.099948281196925,0.4989992152466659,0.04233249617293479,1.414544478602917e-06,3.42557483588343e-08,27.35778565233163,41.29363818840983,29192180.81370882,1.0576157850239902
0.2040000000000002,0.0,5.315018866584251e-08,0.2040000000000002,1.099946847611443,0.4989992353601,0.04233710877464596,1.452952758069137e-06,3.519521810837938e-08,27.34251678085183,41.28267520874417,28412950.78554769,1.0576097388367969
0.2050000000000002,0.0,5.462267962743092e-08,0.2050000000000002,1.099945375120484,0.4989992560193887,0.04234184578078828,1.492368476859263e-06,3.615973007689934e-08,27.3270289245286,41.27156020483305,27655073.69312058,1.0576035293396957
0.2060000000000002,0.0,5.613509567487343e-08,0.2060000000000002,1.09994386270444,0.4989992772388404,0.04234671040880218,1.532816557313596e-06,3.714992074758456e-08,27.31131942089997,41.26029144795035,26917957.82808013,1.0575971522956378
0.2070000000000002,0.0,5.768848160277656e-08,0.2070000000000002,1.099942309318515,0.4989992990331116,0.04235170595324936,1.574322475671955e-06,3.816644146741002e-08,27.29538559137144,41.24886720225818,26201027.95944157,1.0575906033652656
0.2080000000000002,0.0,5.928390794921347e-08,0.2080000000000002,1.099940713892172,0.4989993214172242,0.04235683578739262,1.616912271808899e-06,3.920995873939141e-08,27.27922474164423,41.23728572518247,25503724.87373654,1.0575838781047793
0.2090000000000002,0.0,6.092247156355104e-08,0.2090000000000002,1.099939075328561,0.4989993444065681,0.0423621033647972,1.660612559033939e-06,4.028115451830829e-08,27.26283416216208,41.22554526780431,24825504.92800516,1.0575769719637638
0.2100000000000002,0.0,6.260529618406939e-08,0.2100000000000002,1.099937392503944,0.4989993680169093,0.04236751222095141,1.705450533951492e-06,4.13807265098194e-08,27.24621112857673,41.21364407526288,24165839.61527853,1.0575698802829925
0.2110000000000002,0.0,6.433353302542266e-08,0.2110000000000002,1.099935664267106,0.4989993922644008,0.04237306597490682,1.751453986375585e-06,4.250938847289751e-08,27.22935290223297,41.20158038717142,23524215.14220476,1.0575625982921992
0.2120000000000002,0.0,6.610836137601384e-08,0.2120000000000002,1.099933889438759,0.498999417165587,0.04237876833093845,1.798651309294798e-06,4.366787052552371e-08,27.21225673067268,41.18935243804694,22900132.01847119,1.0575551211078205
0.2130000000000002,0.0,6.793098920529966e-08,0.2130000000000002,1.099932066810933,0.4989994427374202,0.04238462308022348,1.847071508881318e-06,4.485691945354497e-08,27.1949198481588,41.17695845775131,22293104.65770229,1.0575474437307095
0.2140000000000002,0.0,6.980265378111346e-08,0.2140000000000002,1.099930195146361,0.4989994689972577,0.04239063410253894,1.896744214539719e-06,4.607729902263507e-08,27.17733947621857,41.16439667194815,21702660.98949851,1.057539561043822
0.2150000000000002,0.0,7.172462229697746e-08,0.2150000000000002,1.099928273177849,0.4989994959628787,0.04239680536797602,1.947699688987879e-06,4.732979029323137e-08,27.15951282420708,41.15166530256991,21128342.08232294,1.057531467809873
0.2160000000000002,0.0,7.36981925094769e-08,0.2160000000000002,1.099926299607641,0.4989995236524931,0.04240314093867445,1.999968838364973e-06,4.86151919383724e-08,27.14143708989055,41.13876256829873,20569701.77691906,1.0575231586689666
0.2170000000000002,0.0,7.572469338571129e-08,0.2170000000000002,1.099924273106769,0.4989995520847481,0.04240964497057035,2.053583222359886e-06,4.993432056432639e-08,27.12310946005004,41.12568668506101,20026306.32996758,1.0575146281361987
0.2180000000000002,0.0,7.78054857608265e-08,0.2180000000000002,1.099922192314398,0.4989995812787364,0.04241632171516386,2.108575064352872e-06,5.128801103388918e-08,27.10452711110531,41.1124358665343,19497734.06769933,1.0575058705992342
0.2190000000000002,0.0,7.99419630056398e-08,0.2190000000000002,1.099920055837158,0.4989996112540076,0.04242317552129896,2.164977261563411e-06,5.267711679223357e-08,27.08568720975885,41.099008324666,18983575.04918406,1.057496880315859
0.2200000000000002,0.0,8.213555170434926e-08,0.2200000000000002,1.099917862248463,0.4989996420305796,0.04243021083695993,2.222823395196602e-06,5.410251019517419e-08,27.06658691366073,41.08540227020506,18483430.73902692,1.0574876514115032
0.2210000000000002,0.0,8.43877123423489e-08,0.2210000000000002,1.09991561008783,0.498999673628943,0.04243743221108277,2.282147740581019e-06,5.556508283972697e-08,27.04722337209377,41.07161591324701,17996913.68920334,1.0574781778767472
0.2220000000000002,0.0,8.669994000409516e-08,0.2220000000000002,1.099913297860173,0.4989997060700763,0.04244484429537637,2.342985277288826e-06,5.706574589679626e-08,27.02759372667907,41.05764746378902,17523647.22978485,1.0574684535647965
0.2230000000000002,0.0,8.907376508103241e-08,0.2230000000000002,1.099910924035101,0.4989997393754522,0.04245245184615972,2.405371699230547e-06,5.860543044585083e-08,27.00769511210205,41.04349513229867,17063265.16830146,1.0574584721889413
0.2240000000000002,0.0,9.151075398952436e-08,0.2240000000000002,1.099908487046197,0.4989997735670485,0.04246025972620798,2.469343424715137e-06,6.018508781141654e-08,26.98752465685939,41.02915713029375,16615411.49750237,1.057448227319989
0.2250000000000002,0.0,9.4012509898757e-08,0.2250000000000002,1.099905985290293,0.4989998086673599,0.04246827290660957,2.534937606466276e-06,6.180568990121624e-08,26.96707948402578,41.01463167093281,16179740.11127933,1.0574377123836836
0.2260000000000002,0.0,9.658067346856736e-08,0.2260000000000002,1.099903417126729,0.4989998446994067,0.04247649646863225,2.602192141585602e-06,6.346822954578e-08,26.94635671204149,40.99991696961747,15755914.52852319,1.0574269206580968
0.2270000000000002,0.0,9.921692359712692e-08,0.2270000000000002,1.099900780876605,0.4989998816867456,0.04248493560559877,2.671145681452619e-06,6.517372083932786e-08,26.92535345551983,40.9850112446053,15343607.62469416,1.0574158452710063
0.2280000000000002,0.0,1.019229781784103e-07,0.2280000000000002,1.09989807482203,0.4989999196534809,0.04249359562476589,2.741837641551143e-06,6.692319948172854e-08,26.90406682607514,40.96991271763275,14942501.3708889,1.057404479197264
0.2290000000000002,0.0,1.047005948693783e-07,0.2290000000000002,1.099895297205344,0.4989999586242747,0.04250248194921354,2.814308211211846e-06,6.871772312132865e-08,26.8824939331703,40.95461961454802,14552286.58019403,1.0573928152561305
0.2300000000000002,0.0,1.075515718667633e-07,0.2300000000000002,1.099892446228353,0.4989999986243571,0.04251160011973371,2.888598363259412e-06,7.055837169842117e-08,26.86063188498418,40.93913016595375,14172662.6611251,1.0573808461086194
0.2310000000000002,0.0,1.104777486933667e-07,0.2310000000000002,1.099889520051532,0.4990000396795395,0.04252095579672673,2.964749863553314e-06,7.2446247789135e-08,26.83847778929878,40.92344260785784,13803337.37795007,1.0573685642548052
0.2320000000000002,0.0,1.134810069937524e-07,0.2320000000000002,1.099886516793238,0.4990000818162236,0.04253055476209422,3.042805280410293e-06,7.43824769494992e-08,26.81602875440534,40.90755518233357,13444026.6177064,1.0573559620311437
0.2330000000000002,0.0,1.165632713391994e-07,0.2330000000000002,1.099883434528899,0.4990001250614138,0.04254040292113602,3.12280799389626e-06,7.636820805943167e-08,26.79328189002961,40.89146613818688,13094454.16372445,1.057343031607763
0.2340000000000002,0.0,1.197265100417726e-07,0.2340000000000002,1.099880271290202,0.4990001694427288,0.04255050630444237,3.204802204974986e-06,7.840461366638618e-08,26.7702343082759,40.87517373163152,12754351.47547602,1.0573297649857596
0.2350000000000002,0.0,1.229727359773906e-07,0.2350000000000002,1.099877025064274,0.4990002149884109,0.04256087106978562,3.288832944501417e-06,8.049289032840664e-08,26.74688312458906,40.85867622697056,12423457.47456768,1.0573161539944884
0.2360000000000002,0.0,1.263040074176508e-07,0.2360000000000002,1.09987369379284,0.4990002617273415,0.04257150350400259,3.374946082044447e-06,8.263425895626096e-08,26.72322545873489,40.84197189728336,12101518.33671442,1.0573021902888373
0.2370000000000002,0.0,1.297224288703234e-07,0.2370000000000002,1.099870275371394,0.4990003096890498,0.04258241002487441,3.463188334527711e-06,8.482996515441407e-08,26.69925843579761,40.82505902511863,11788287.2895176,1.0572878653465196
0.2380000000000002,0.0,1.332301519282416e-07,0.2380000000000002,1.099866767648344,0.4990003589037256,0.04259359718299322,3.553607274672262e-06,8.708127956048677e-08,26.67497918719477,40.80793590319171,11483524.41589238,1.0572731704653509
0.2390000000000002,0.0,1.368293761264234e-07,0.2390000000000002,1.099863168424153,0.4990004094022324,0.04260507166362142,3.646251339227689e-06,8.938949818291186e-08,26.65038485170848,40.79060083508472,11186996.46298233,1.0572580967605316
0.2400000000000002,0.0,1.405223498071974e-07,0.2400000000000002,1.09985947545048,0.4990004612161172,0.04261684028853543,3.741169836976618e-06,9.175594273645027e-08,26.62547257653243,40.77305213595096,10898476.65640895,1.0572426351619446
0.2410000000000002,3.0,1.443113709930508e-07,0.2410000000000002,1.099855686429301,0.4990005143776263,0.04262891001785496,3.83841295649625e-06,9.418196097520799e-08,26.60023951833523,40.75528813321964,10617744.51970941,1.057226776411446
0.2420000000000002,3.0,1.481987882670233e-07,0.2420000000000002,1.099851799012035,0.4990005689197138,0.04264128795185435,3.938031773663038e-06,9.666892702283916e-08,26.5746828443376,40.73730716730343,10344585.69881238,1.0572105110601806
0.2430000000000002,3.0,1.521870016603037e-07,0.2430000000000002,1.09984781079865,0.4990006248760551,0.04265398133275609,4.040078258882617e-06,9.921824169953487e-08,26.54879973340443,40.71910759230433,10078791.79141599,1.057193829465894
0.2440000000000002,3.0,1.562784635467479e-07,0.2440000000000002,1.099843719336772,0.4990006822810636,0.04266699754649811,4.144605284028601e-06,1.018313328454191e-07,26.52258737715045,40.70068777671946,9820160.181130191,1.0571767217902739
0.2450000000000002,3.0,1.604756795440985e-07,0.2450000000000002,1.099839522120783,0.4990007411698953,0.04268034412448058,4.251666629075354e-06,1.045096556400128e-07,26.49604298105825,40.68204610414534,9568493.876245609,1.0571591779963025
0.2460000000000002,3.0,1.647812094214323e-07,0.2460000000000002,1.099835216590915,0.4990008015784707,0.04269402874528212,4.361316988403701e-06,1.072546929172793e-07,26.46916376560932,40.6631809739774,9323601.35300797,1.057141187845633
0.2470000000000002,3.0,1.691976680126691e-07,0.2470000000000002,1.099830800132332,0.4990008635434803,0.04270805923634825,4.473611976766076e-06,1.100679554759318e-07,26.44194696742541,40.64409080210729,9085296.40326304,1.0571227408959838
0.2480000000000002,3.0,1.737277261356343e-07,0.2480000000000002,1.099826270074219,0.4990009271024015,0.04272244357564553,4.588608134889347e-06,1.129509823844952e-07,26.41438984042152,40.62477402161333,8853397.986357575,1.0571038264985735
0.2490000000000002,3.0,1.783741115164026e-07,0.2490000000000002,1.099821623688848,0.4990009922935089,0.04273718989327943,4.706362934699355e-06,1.159053412807409e-07,26.38648965696785,40.60522908344498,8627730.085172206,1.0570844337955687
0.2500000000000002,3.0,1.831396097184601e-07,0.2500000000000002,1.099816858190655,0.4990010591558905,0.04275230647307732,4.826934784146638e-06,1.189326286650049e-07,26.35824370906118,40.58545445709913,8408121.566174071,1.0570645517175776
0.2510000000000002,3.0,1.880270650763182e-07,0.2510000000000002,1.099811970735307,0.4990011277294589,0.04276780175412533,4.950383031615351e-06,1.22034470186956e-07,26.32964930950404,40.56544863128752,8194406.043374522,1.0570441689811816
0.2520000000000002,3.0,1.930393816331257e-07,0.2520000000000002,1.099806958418761,0.4990011980549636,0.04278368433226182,5.076767969895197e-06,1.252125209253238e-07,26.30070379309089,40.54521011459357,7986421.74608397,1.0570232740864993
0.2530000000000002,3.0,1.981795240818071e-07,0.2530000000000002,1.099801818276323,0.4990012701740066,0.04279996296152617,5.206150839696165e-06,1.284684656600939e-07,26.2714045178009,40.52473743611737,7784011.390358107,1.0570018553147968
0.2540000000000002,3.0,2.034505187092988e-07,0.2540000000000002,1.099796547281706,0.4990013441290535,0.04281664655555133,5.338593832686704e-06,1.318040191366924e-07,26.24174886599536,40.50402914610754,7587022.054030932,1.0569799007261547
0.2550000000000002,3.0,2.088554543433361e-07,0.2550000000000002,1.099791142346083,0.4990014199634487,0.04283374418890579,5.474160094033682e-06,1.352209263216248e-07,26.21173424561987,40.48308381657819,7395305.055235949,1.0569573981571774
0.2560000000000002,3.0,2.143974833013273e-07,0.2560000000000002,1.099785600317136,0.499001497721426,0.04285126509837513,5.612913724424293e-06,1.387209626490705e-07,26.18135809140934,40.46190004191052,7208715.834316629,1.0569343352187608
0.2570000000000002,3.0,2.200798223407217e-07,0.2570000000000002,1.099779917978108,0.4990015774481255,0.04286921868418506,5.754919781547385e-06,1.423059342578718e-07,26.15061786609552,40.44047643943595,7027113.839032923,1.056910699293923
0.2580000000000002,3.0,2.259057536103769e-07,0.2580000000000002,1.099774092046851,0.4990016591896041,0.04288761451115471,5.900244281014272e-06,1.459776782184076e-07,26.1195110616155,40.41881165000102,6850362.412969941,1.0568864775356963
0.2590000000000002,3.0,2.318786256022713e-07,0.2590000000000002,1.099768119174871,0.499001742992851,0.04290646230978703,6.048954196695335e-06,1.497380627487515e-07,26.08803520032064,40.39690433851141,6678328.687061485,1.056861656865084
0.2600000000000002,3.0,2.380018541030614e-07,0.2600000000000002,1.099761995946382,0.4990018289057981,0.04292577197728195,6.201117460452888e-06,1.535889874196099e-07,26.05618783618404,40.37475319445426,6510883.474138475,1.0568362239691
0.2610000000000002,3.0,2.442789231447156e-07,0.2610000000000002,1.099755718877354,0.4990019169773379,0.04294555357847665,6.356802961244497e-06,1.575323833473784e-07,26.02396655600698,40.35235693239631,6347901.166421614,1.0568101652988773
0.2620000000000002,3.0,2.507133859537423e-07,0.2620000000000002,1.099749284414558,0.4990020072573317,0.0429658173467032,6.516080543578112e-06,1.615702133748244e-07,25.99136898062126,40.32971429245779,6189259.635871831,1.0567834670678549
0.2630000000000002,3.0,2.573088658982136e-07,0.2630000000000002,1.099742688934627,0.4990020997966264,0.04298657368456463,6.679021005293291e-06,1.657044722387277e-07,25.95839276608843,40.30682404075936,6034840.137321801,1.0567561152500622
0.2640000000000002,3.0,2.640690574319335e-07,0.2640000000000002,1.099735928743107,0.4990021946470662,0.04300783316462128,6.845696094646351e-06,1.69937186723895e-07,25.92503560489342,40.28368496984052,5884527.214309763,1.0567280955784857
0.2650000000000002,3.0,2.7099772703506e-07,0.2650000000000002,1.099729000073518,0.4990022918615076,0.04302960652998625,7.016178506677088e-06,1.742704158029512e-07,25.89129522713216,40.26029589904882,5738208.607539603,1.0566993935435318
0.2660000000000002,3.0,2.780987141504177e-07,0.2660000000000002,1.099721899086417,0.4990023914938306,0.04305190469482467,7.190541878833145e-06,1.787062507612684e-07,25.85716940169203,40.23665567489805,5595775.165894384,1.0566699943915925
0.2670000000000002,3.0,2.853759321147344e-07,0.2670000000000002,1.099714621868467,0.4990024935989522,0.04307473874475232,7.368860785828503e-06,1.832468153064049e-07,25.82265593742422,40.21276317139326,5457120.759931961,1.0566398831237147
0.2680000000000002,3.0,2.928333690840126e-07,0.2680000000000002,1.099707164431514,0.4990025982328409,0.04309811993713122,7.551210733712482e-06,1.8789426566141e-07,25.78775268430691,40.18861729032191,5322142.197793433,1.0566090444943828
0.2690000000000002,3.0,3.004750889522589e-07,0.2690000000000002,1.099699522711661,0.4990027054525264,0.04312205970125489,7.737668153126531e-06,1.926507906413739e-07,25.75245753459829,40.16421696150973,5190739.143456382,1.0565774630104061
0.2700000000000002,3.0,3.083052322626789e-07,0.2700000000000002,1.099691692568366,0.4990028153161168,0.04314656963842336,7.928310391723674e-06,1.975186117125408e-07,25.71676842397888,40.1395611430388,5062814.037268307,1.0565451229299425
0.2710000000000002,3.0,3.163280171105365e-07,0.2710000000000002,1.099683669783535,0.4990029278828083,0.04317166152189895,8.123215705728263e-06,2.024999830333557e-07,25.68068333268153,40.11464882142834,4938272.018695825,1.0565120082616362
0.2720000000000002,3.0,3.245477400367845e-07,0.2720000000000002,1.099675450060625,0.4990030432128965,0.04319734729674297,8.322463250612235e-06,2.075971914767894e-07,25.64420028660901,40.08947901177525,4817020.851227681,1.0564781027638819
0.2730000000000002,3.0,3.329687769114994e-07,0.2730000000000002,1.099667029023768,0.4990031613677932,0.04322363907952612,8.526133070862595e-06,2.128125566332379e-07,25.60731735843809,40.0640507578534,4698970.84937241,1.0564433899442418
0.2740000000000002,3.0,3.415955838062934e-07,0.2740000000000002,1.099658402216891,0.4990032824100348,0.04325054915790962,8.734306088819125e-06,2.181484307933878e-07,25.5700326687092,40.03836313217187,4584034.807690721,1.0564078530589813
0.2750000000000002,3.0,3.504326978546521e-07,0.2750000000000002,1.09964956510286,0.4990034064032975,0.04327808999009209,8.947064092556485e-06,2.2360719891033e-07,25.53234438690136,40.01241523598888,4472127.931806953,1.0563714751127677
0.2760000000000002,3.0,3.594847380993295e-07,0.2760000000000002,1.099640513062634,0.4990035334124064,0.04330627420411964,9.164489722789982e-06,2.291912785403105e-07,25.4942507324912,39.98620619928221,4363167.77134309,1.0563342388585144
0.2770000000000002,3.0,3.687564063256845e-07,0.2770000000000002,1.099631241394427,0.4990036635033473,0.0433351145970531,9.386666458779197e-06,2.349031197613852e-07,25.45574997599629,39.9597351806744,4257074.154723022,1.0562961267973738
0.2780000000000002,3.0,3.782524878799814e-07,0.2780000000000002,1.099621745312892,0.4990037967432814,0.04336462413398848,9.613678603207597e-06,2.407452050693418e-07,25.41684044000174,39.93300136731102,4153769.125794095,1.0562571211789036
0.2790000000000002,3.0,3.879778524716917e-07,0.2790000000000002,1.09961201994832,0.4990039332005536,0.04339481594692945,9.845611266017607e-06,2.46720049250265e-07,25.37752050016954,39.90600397469332,4053176.882214513,1.0562172040013904
0.2800000000000002,3.0,3.979374549585869e-07,0.2800000000000002,1.099602060345853,0.4990040729447038,0.04342570333350285,1.008255034717545e-05,2.528301992290092e-07,25.33778858623089,39.87874224646261,3955223.715558668,1.0561763570123501
0.2810000000000002,3.0,4.08136336113617e-07,0.2810000000000002,1.099591861464719,0.4990042160464803,0.04345729975551627,1.032458251834594e-05,2.590782338929704e-07,25.29764318296088,39.85121545413654,3859837.953091486,1.0561345617092028
0.2820000000000002,3.0,4.185796233724973e-07,0.2820000000000002,1.099581418177481,0.4990043625778462,0.04348961883735655,1.057179520345663e-05,2.654667638905215e-07,25.2570828311353,39.82342289679789,3766949.901165028,1.0560917993401244
0.2830000000000002,3.0,4.292725315607622e-07,0.2830000000000002,1.099570725269315,0.4990045126119931,0.04352267436421898,1.082427655812766e-05,2.719984314034164e-07,25.21610612846976,39.79536390073351,3676491.790192874,1.056048050905096
0.2840000000000002,3.0,4.402203635992284e-07,0.2840000000000002,1.099559777437299,0.4990046662233492,0.04355648028016783,1.108211544794936e-05,2.786759098925761e-07,25.1747117305412,39.76703781902529,3588397.721157453,1.0560032971571311
0.2850000000000002,3.0,4.514285111866285e-07,0.2850000000000002,1.099548569289734,0.4990048234875907,0.04359105068602574,1.134540142558617e-05,2.855019038166024e-07,25.13289835169164,39.73844403109167,3502603.613608017,1.0559575186037082
0.2860000000000002,3.0,4.629024554583367e-07,0.2860000000000002,1.099537095345486,0.4990049844816488,0.04362639983708394,1.161422470669047e-05,2.924791483224681e-07,25.09066476591449,39.70958194218139,3419047.15510682,1.0559106955084019
0.2870000000000002,3.0,4.746477676197788e-07,0.2870000000000002,1.099525350033349,0.4990051492837199,0.04366254214063423,1.188867614460328e-05,2.996104089076787e-07,25.04800980772419,39.68045098281827,3337667.752084468,1.0558628078927148
0.2880000000000002,3.0,4.866701095535128e-07,0.2880000000000002,1.099513327691439,0.4990053179732745,0.04369949215331789,1.216884720382942e-05,3.068984810534462e-07,25.0049323730089,39.65105060819842,3258406.482063528,1.0558138355381212
0.2890000000000002,3.0,4.989752343985917e-07,0.2890000000000002,1.099501022566619,0.4990054906310644,0.04373726457828887,1.245482993226705e-05,3.143461898282261e-07,24.96143141986758,39.62138029754065,3181206.047213259,1.05576375798833
0.2900000000000002,3.0,5.115689871009643e-07,0.2900000000000002,1.099488428813943,0.4990056673391318,0.04377587426218758,1.274671693217626e-05,3.219563894610819e-07,24.91750596943164,39.59143955339044,3106010.729198093,1.0557125545517554
0.2910000000000002,3.0,5.244573049337639e-07,0.2910000000000002,1.099475540496136,0.4990058481808148,0.04381533619192422,1.3044601329875e-05,3.297319628844255e-07,24.87315510667198,39.56122790087922,3032766.345283034,1.0556602043042118
0.2920000000000002,3.0,5.37646217985971e-07,0.2920000000000002,1.099462351583111,0.4990060332407558,0.04385566549126819,1.334857674414363e-05,3.376758212455003e-07,24.82837798119264,39.53074488693942,2961420.205662195,1.0556066860918427
0.2930000000000002,3.0,5.511418496183347e-07,0.2930000000000002,1.099448855951506,0.4990062226049085,0.04389687741724103,1.365873725333002e-05,3.457909033862393e-07,24.78317380801207,39.49999007947752,2891921.071975183,1.055551978534265
0.2940000000000002,3.0,5.649504168852163e-07,0.2940000000000002,1.099435047384267,0.4990064163605422,0.04393898735631372,1.397517736114373e-05,3.540801752910278e-07,24.73754186833247,39.46896306650652,2824219.116978446,1.0554960600279533
0.2950000000000002,3.0,5.790782309209308e-07,0.2950000000000002,1.09942091957026,0.4990066145962467,0.04398201082040159,1.429799196112707e-05,3.625466295018892e-07,24.69148151029933,39.43766345523995,2758265.885339831,1.0554389087498584
0.2960000000000002,3.0,5.935316972892855e-07,0.2960000000000002,1.099406466103922,0.4990068174019416,0.04402596344266051,1.4627276299796e-05,3.711932845007366e-07,24.64499214975237,39.40609087114821,2694014.255524646,1.0553805026612615
0.2970000000000002,3.0,6.083173162951275e-07,0.2970000000000002,1.099391680484946,0.4990070248688752,0.0440708609730803,1.496312593844724e-05,3.800231840583814e-07,24.5980732709686,39.37424495698272,2631418.402742434,1.0553208195118657
0.2980000000000002,3.0,6.23441683256292e-07,0.2980000000000002,1.099376556118016,0.4990072370896321,0.04411671927387562,1.530563671362102e-05,3.890393965498624e-07,24.55072442740003,39.34212537176638,2570433.762925684,1.0552598368441404
0.2990000000000002,3.0,6.389114887348509e-07,0.2990000000000002,1.099361086312569,0.4990074541581345,0.04416355431467257,1.565490469622177e-05,3.982450142359192e-07,24.50294524240692,39.30973178975655,2511016.997710868,1.0551975319978963
0.3000000000000002,3.0,6.547335187261226e-07,0.3000000000000002,1.09934526428261,0.4990076761696469,0.04421138216749143,1.601102614929134e-05,4.076431525102719e-07,24.45473540998903,39.27706389938167,2453125.960394494,1.0551338821151186
0.3010000000000002,3.0,6.709146548042206e-07,0.3010000000000002,1.099329083146565,0.4990079032207781,0.04426021900152735,1.637409748443829e-05,4.172369491125643e-07,24.40609469551594,39.24412140215511,2396719.662836512,1.0550688641450376
0.3020000000000002,3.0,6.874618742228188e-07,0.3020000000000002,1.09931253592718,0.4990081354094774,0.04431008107772551,1.674421521692662e-05,4.270295633068137e-07,24.35702293645858,39.21090401157116,2341758.243284708,1.0550024548494545
0.3030000000000002,3.0,7.04382249969482e-07,0.3030000000000002,1.099295615551467,0.4990083728350455,0.04436098474315545,1.712147591942233e-05,4.370241750251121e-07,24.30752004312484,39.17741145198318,2288202.935095154,1.0549346308083116
0.3040000000000002,3.0,7.21682950772788e-07,0.3040000000000002,1.099278314850699,0.4990086155981245,0.04441294642518185,1.750597617441735e-05,4.472239839767725e-07,24.25758599939931,39.1436434574729,2236016.036322277,1.0548653684255171
0.3050000000000002,3.0,7.393712410603182e-07,0.3050000000000002,1.099260626560448,0.499008863800705,0.04446598262543776,1.78978125253281e-05,4.576322087226283e-07,24.20722086349148,39.10959977071018,2185160.880155841,1.0547946439350104
0.3060000000000002,3.0,7.574544808666585e-07,0.3060000000000002,1.099242543320679,0.4990091175461191,0.04452010991359651,1.829708142629029e-05,4.682520857147296e-07,24.1564247686925,39.07528014181086,2135601.806180152,1.0547224334070824
0.3070000000000002,3.0,7.759401256897737e-07,0.3070000000000002,1.099224057675893,0.499009376939044,0.04457534492095157,1.870387919065881e-05,4.790868683013818e-07,24.10519792414444,39.04068432719524,2087304.132433295,1.0546487127549413
0.3080000000000002,3.0,7.948357262948186e-07,0.3080000000000002,1.099205162075327,0.4990096420854934,0.04463170433379911,1.911830193823709e-05,4.901398256978405e-07,24.05354061562231,39.00581208845303,2040234.128243388,1.0545734577415278
0.3090000000000002,3.0,8.141489284636832e-07,0.3090000000000002,1.099185848873197,0.4990099130928207,0.04468920488663142,1.954044554124796e-05,5.014142419226557e-07,24.00145320633284,38.97066319121849,1994358.987821196,1.0544966439865655
0.3100000000000002,3.0,8.338874726895693e-07,0.3100000000000002,1.099166110329012,0.4990101900697079,0.04474786335514596,1.997040556908119e-05,5.129134147002137e-07,23.94893613773028,38.93523740406252,1949646.804586847,1.054418246973866
0.3110000000000002,3.0,8.540591938148061e-07,0.3110000000000002,1.099145938607928,0.4990104731261672,0.04480769654906674,2.040827723183243e-05,5.246406543295317e-07,23.89598993035328,38.89953449740438,1906066.546211439,1.0543382420588614
0.3120000000000002,3.0,8.74672020611276e-07,0.3120000000000002,1.099125325781173,0.4990107623735306,0.04486872130479098,2.08541553226754e-05,5.365992825199796e-07,23.84261518468276,38.86355424245078,1863588.03035255,1.0542566044763821
0.3130000000000002,3.0,8.957339753018814e-07,0.3130000000000002,1.099104263826525,0.4990110579244442,0.04493095447785974,2.130813415909267e-05,5.487926311942058e-07,23.78881258202456,38.82729641016659,1822181.901065143,1.0541733093486652
0.3140000000000002,3.0,9.172531730221057e-07,0.3140000000000002,1.099082744628849,0.4990113598928629,0.04499441293525933,2.177030752300498e-05,5.61224041258903e-07,23.73458288541766,38.79076077028199,1781819.60586874,1.0540883316935896
0.3150000000000002,3.0,9.392378212206757e-07,0.3150000000000002,1.099060759980695,0.4990116683940401,0.04505911354756145,2.224076859984218e-05,5.738968613440715e-07,23.67992694056996,38.7539470903432,1742473.37345249,1.0540016464331334
0.3160000000000002,3.0,9.61696218998148e-07,0.3160000000000002,1.099038301582964,0.499011983544519,0.04512507318090261,2.271960991659691e-05,5.868144465114095e-07,23.62484567682364,38.71685513481164,1704116.192000663,1.0539132284020614
0.3170000000000002,3.0,9.84636756382497e-07,0.3170000000000002,1.099015361045626,0.4990123054621219,0.04519230868881767,2.320692327891005e-05,5.999801569326282e-07,23.56934010815096,38.67948466421692,1666721.78812122,1.0538230523568082
0.3180000000000002,3.0,1.008067913540793e-06,0.3180000000000002,1.098991929888516,0.4990126342659406,0.04526083690392298,2.370279970724119e-05,6.133973565385743e-07,23.51341133418264,38.64183543437004,1630264.606360614,1.053731092984593
0.3190000000000002,3.0,1.031998259926057e-06,0.3190000000000002,1.098967999542179,0.4990129700763251,0.04533067462946948,2.420732937217848e-05,6.27069411640057e-07,23.45706054126933,38.60390719564182,1594719.789288667,1.0536373249127096
0.3200000000000002,3.0,1.056436453358549e-06,0.3200000000000002,1.098943561348797,0.4990133130148676,0.04540183863076296,2.472060152894999e-05,6.409996895214337e-07,23.40028900357746,38.56569969231379,1560063.158137555,1.0535417227180341
0.3210000000000002,3.0,1.081391239040581e-06,0.3210000000000002,1.098918606563166,0.4990136632043936,0.04547434562646393,2.524270445119668e-05,6.551915570079965e-07,23.34309808422036,38.52721266200412,1526271.193979679,1.053444260936702
0.3220000000000002,3.0,1.106871448504449e-06,0.3220000000000002,1.098893126353754,0.4990140207689421,0.04554821227977698,2.577372536408166e-05,6.696483790084446e-07,23.28548923642472,38.4884458351786,1493321.019429198,1.053344914073977
0.3230000000000002,3.0,1.132885998492492e-06,0.3230000000000002,1.098867111803819,0.4990143858337538,0.0456234551895367,2.63137503767994e-05,6.843735170335568e-07,23.22746400473354,38.44939893474744,1461190.380853044,1.0532436566142822
0.3240000000000002,3.0,1.159443889769079e-06,0.3240000000000002,1.098840553912596,0.499014758525254,0.04570009088119895,2.686286441456864e-05,6.99370327692557e-07,23.16902402624461,38.41007167575681,1429857.631076965,1.0531404630313972
0.3250000000000002,3.0,1.186554205863913e-06,0.3250000000000002,1.098813443596557,0.4990151389710332,0.04577813579774896,2.742115115018644e-05,7.146421611685424e-07,23.11017103188502,38.37046376517854,1399301.712572984,1.0530353077988082
0.3260000000000002,3.0,1.214226111746253e-06,0.3260000000000002,1.098785771690731,0.49901552729983,0.0458576062905369,2.798869293522716e-05,7.301923596744737e-07,23.05090684772094,38.33057490180364,1369502.141114992,1.052928165400194
0.3270000000000002,3.0,1.242468852429755e-06,0.3270000000000002,1.098757528950105,0.4990159236415136,0.04593851861004838,2.856557073097528e-05,7.460242558913347e-07,22.99123339630181,38.29040477624378,1340438.989889438,1.0528190103400568
0.3280000000000002,3.0,1.27129175150805e-06,0.3280000000000002,1.098728706051086,0.4990163281270593,0.04602088889662445,2.915186403919089e-05,7.621411713902902e-07,22.93115269803727,38.24995307104635,1312092.874048269,1.0527078171544615
0.3290000000000002,3.0,1.300704209620327e-06,0.3290000000000002,1.098699293593033,0.499016740888531,0.04610473317114083,2.974765083279216e-05,7.785464150402983e-07,22.8706668726067,38.20921946092629,1284444.93569242,1.0525945604218923
0.3300000000000002,3.0,1.330715702847611e-06,0.3300000000000002,1.098669282099867,0.4990171620590559,0.04619006732565549,3.035300748656932e-05,7.952432814033729e-07,22.80977814039787,38.16820361311962,1257476.82927329,1.0524792147742115
0.3310000000000002,3.0,1.3613357810394e-06,0.3310000000000002,1.098638662021738,0.4990175917728031,0.04627690711404234,3.096800870802573e-05,8.122350491191977e-07,22.7484888239735,38.12690518786156,1231170.707401039,1.0523617549076958
0.3320000000000002,3.0,1.392574066070965e-06,0.3320000000000002,1.09860742373677,0.499018030164959,0.04636526814261566,3.159272746845655e-05,8.295249792811508e-07,22.68680134956303,38.08532383899295,1205509.207048327,1.0522421555941543
0.3330000000000002,3.0,1.424440250031807e-06,0.3330000000000002,1.098575557552874,0.499018477371701,0.04645516586076585,3.222723493437992e-05,8.471163138058891e-07,22.62471824857639,38.04345921469832,1180475.436138446,1.052120391692108
0.3340000000000002,3.0,1.456944093345454e-06,0.3340000000000002,1.098543053709627,0.4990189335301732,0.04654661555161025,3.287160039943108e-05,8.650122737985434e-07,22.56224215913657,38.00131095837687,1156052.960507349,1.0519964381580167
0.3350000000000002,3.0,1.490095422821381e-06,0.3350000000000002,1.098509902380219,0.4990193987784576,0.04663963232268013,3.352589121684253e-05,8.832160579158252e-07,22.49937582762749,37.95887870965058,1132225.791229109,1.0518702700575389
0.3360000000000002,3.0,1.52390412963958e-06,0.3360000000000002,1.098476093673469,0.4990198732555472,0.04673423109665049,3.419017273262823e-05,9.017308407292931e-07,22.43612211025268,37.91616210550838,1108978.372294808,1.0517418625768185
0.3370000000000002,3.0,1.558380167268762e-06,0.3370000000000002,1.09844161763591,0.4990203571013148,0.0468304266021315,3.4864508219601e-05,9.205597710911865e-07,22.37248397460077,37.87316078159088,1086295.568634994,1.0516111910337784
0.3380000000000002,3.0,1.593533549318729e-06,0.3380000000000002,1.098406464253932,0.4990208504564865,0.04692823336452628,3.554895881234063e-05,9.397059705050722e-07,22.30846450121293,37.82987437361264,1064162.654476401,1.0514782308894057
0.3390000000000002,3.0,1.629374347328556e-06,0.3390000000000002,1.098370623455995,0.4990213534626092,0.04702766569698151,3.624358344325504e-05,9.591725315040253e-07,22.24406688514661,37.78630251892585,1042565.302023355,1.0513429577590134
0.3400000000000002,3.0,1.66591268849145e-06,0.3400000000000002,1.098334085114907,0.4990218662620156,0.04712873769142874,3.694843877985808e-05,9.789625160387167e-07,22.17929443753041,37.74244485822256,1021489.570455067,1.0512053474234784
0.3410000000000002,3.0,1.703158753317195e-06,0.3410000000000002,1.098296839050157,0.4990223889977996,0.04723146320974381,3.766357916338956e-05,9.990789538777558e-07,22.11415058710494,37.69830103737523,1000921.895230271,1.0510653758404134
0.3420000000000002,3.0,1.741122773234801e-06,0.3420000000000002,1.098258875030317,0.4990229218137737,0.04733585587502828,3.838905654893372e-05,1.019524841023437e-06,22.04863888174151,37.65387070941534,980849.0776901158,1.0509230191552887
0.3430000000000002,3.0,1.779815028135517e-06,0.3430000000000002,1.098220182775495,0.4990234648544415,0.04744192906303026,3.912492044714393e-05,1.040303138144837e-06,21.98276298993451,37.60915353664611,961258.2749517522,1.0507782537124646
0.3440000000000003,3.0,1.819245843859124e-06,0.3440000000000003,1.098180751959852,0.4990240182649601,0.04754969589371869,3.98712178677323e-05,1.061416769031478e-06,21.91652670225898,37.56414919288866,942136.9900839989,1.0506310560661334
0.3450000000000003,3.0,1.859425589624732e-06,0.3450000000000003,1.098140572214169,0.4990245821911032,0.04765916922302179,4.062799326484717e-05,1.08286861906992e-06,21.84993393278686,37.51885736585727,923473.062557583,1.0504814029911473
0.3460000000000003,3.0,1.900364675408185e-06,0.3460000000000003,1.098099633128469,0.499025156779226,0.04777036163474385,4.139528848447716e-05,1.104661533746014e-06,21.78298872045506,37.47327775966069,905254.6589622828,1.0503292714937251
0.3470000000000003,3.0,1.942073549268338e-06,0.3470000000000003,1.098057924254694,0.4990257421762298,0.04788328543267467,4.217314271401817e-05,1.126798317175578e-06,21.71569523037699,37.42741009742451,887470.2639835234,1.0501746388220192
0.3480000000000003,3.0,1.9845626946246e-06,0.3480000000000003,1.098015435109424,0.4990263385295182,0.04799795263290159,4.296159243414027e-05,1.149281730666209e-06,21.64805775509023,37.38125412403147,870108.6716312156,1.0500174824765225
0.3490000000000003,3.0,2.027842627487584e-06,0.3490000000000003,1.097972155176649,0.4990269459869645,0.04811437495634033,4.376067137307592e-05,1.172114491312689e-06,21.58008071573289,37.33480960897167,853158.9767140134,1.0498577802203086
0.3500000000000003,3.0,2.07192389364605e-06,0.3500000000000003,1.097928073910581,0.4990275646968708,0.04823256382149115,4.457041046347158e-05,1.195299270628899e-06,21.51176866313981,37.28807634929883,836610.5665519702,1.04969551008909
0.3510000000000003,3.0,2.116817065812696e-06,0.3510000000000003,1.097883180738506,0.4990281948079255,0.0483525303374398,4.539083780192924e-05,1.218838693218861e-06,21.44312627885076,37.24105417268585,820453.1129210177,1.0495306504010662
0.3520000000000003,3.0,2.162532740731028e-06,0.3520000000000003,1.097837465063681,0.4990288364691646,0.04847428529710688,4.622197861135087e-05,1.242735335489217e-06,21.37415837602307,37.19374294057156,804676.5642230161,1.0493631797665741
0.3530000000000003,3.0,2.20908153624686e-06,0.3530000000000003,1.09779091626826,0.4990294898299352,0.04859783917076493,4.706385520621993e-05,1.26699172440604e-06,21.30486990023985,37.14614255139136,789271.1378748706,1.049193077097495
0.3540000000000003,3.0,2.256474088347442e-06,0.3540000000000003,1.097743523716256,0.4990301550398454,0.0487232020998255,4.791648696093527e-05,1.291610336298401e-06,21.23526593020527,37.09825294388564,774227.3129107029,1.0490203216164304
0.3550000000000003,3.0,2.304721048170818e-06,0.3550000000000003,1.097695276756531,0.4990308322487296,0.04885038389091398,4.87798902813006e-05,1.316593595710954e-06,21.16535167831999,37.0500741004742,759535.8227912427,1.0488448928656169
0.3560000000000003,3.0,2.35383307898927e-06,0.3560000000000003,1.097646164725813,0.4990315216066042,0.04897939401023684,4.965407857928769e-05,1.341943874308169e-06,21.09513249112745,37.00160605069011,745187.6484145388,1.0486667707155761
0.3570000000000003,3.0,2.403820853169857e-06,0.3570000000000003,1.097596176951734,0.4990322232636257,0.04911024157825458,5.053906225116864e-05,1.367663489832337e-06,21.02461384962402,36.95284887466308,731174.0113224715,1.0484859353734794
0.3580000000000003,3.0,2.454695049115834e-06,0.3580000000000003,1.097545302755892,0.4990329373700452,0.04924293536466646,5.143484865911914e-05,1.393754705117734e-06,20.95380136942421,36.90380270664221,717486.3670975214,1.0483023673912255
0.3590000000000003,3.0,2.506466348191946e-06,0.3590000000000003,1.097493531456921,0.4990336640761703,0.04937748378371644,5.234144211637184e-05,1.420219727162839e-06,20.88270080077497,36.85446773854767,704116.3989446135,1.0481160476732045
0.3600000000000003,3.0,2.559145431637856e-06,0.3600000000000003,1.097440852373583,0.4990344035323187,0.04951389488982849,5.325884387601372e-05,1.447060706262869e-06,20.81131802841022,36.80484422354211,691056.011452738,1.0479269574837544
0.3610000000000003,3.0,2.612742977473066e-06,0.3610000000000003,1.097387254827857,0.4990351558887756,0.04965217637357693,5.418705212349495e-05,1.474279735204409e-06,20.73965907123955,36.75493247960973,678297.3245313924,1.04773507845428
0.3620000000000003,3.0,2.667269657397163e-06,0.3620000000000003,1.097332728148044,0.499035921295751,0.04979233555800065,5.512606197291878e-05,1.501878848523991e-06,20.66773008186434,36.70473289313269,665832.6675169404,1.0475403925900435
0.3630000000000003,3.0,2.722736133689345e-06,0.3630000000000003,1.097277261671865,0.4990366999033359,0.04993437939526561,5.607586546717118e-05,1.529860021832294e-06,20.59553734591466,36.65424592245363,653654.5734441198,1.0473428822765993
0.3640000000000003,3.0,2.779153056110836e-06,0.3640000000000003,1.097220844749559,0.4990374918614597,0.050078314463679,5.703645158193655e-05,1.558225171205421e-06,20.52308728120175,36.60347210141262,641755.7734781128,1.0471425302858801
0.3650000000000003,3.0,2.836531058814647e-06,0.3650000000000003,1.097163466746972,0.4990382973198466,0.05022414696506607,5.80078062336489e-05,1.58697615264489e-06,20.45038643667983,36.55241204284752,630129.1915025804,1.046939319781906
0.3660000000000003,3.0,2.894880757266041e-06,0.3660000000000003,1.097105117048639,0.4990391164279727,0.05037188272250512,5.898991229139895e-05,1.616114761607296e-06,20.37744149121311,36.50106644204582,618767.9388594019,1.046733234326134
0.3670000000000003,3.0,2.954212745178173e-06,0.3670000000000003,1.097045785060848,0.4990399493350239,0.05052152717842935,5.998274959282817e-05,1.645642732605034e-06,20.30425925214317,36.44943608013639,607665.3092357484,1.0465242578824185
0.3680000000000003,3.0,3.014537591466709e-06,0.3680000000000003,1.096985460214683,0.4990407961898518,0.05067308539309774,6.098629496401707e-05,1.675561738878865e-06,20.23084665365296,36.39752182741031,596814.7736944087,1.0463123748215852
0.3690000000000003,3.0,3.075865837227533e-06,0.3690000000000003,1.096924131969047,0.4990416571409334,0.05082656204343431,6.200052224337081e-05,1.705873392143256e-06,20.15721075492384,36.34532464655744,586209.9758432847,1.0460975699256128
0.3700000000000003,3.0,3.138207992741226e-06,0.3700000000000003,1.096861789813661,0.4990425323363293,0.05098196142223822,6.302540230948935e-05,1.736579242404895e-06,20.08335873808394,36.29284559580988,575844.7271402103,1.0458798283914228
0.3710000000000003,3.0,3.201574534509223e-06,0.3710000000000003,1.096798423272022,0.4990434219236388,0.05113928743776687,6.406090311301647e-05,1.767680777855325e-06,20.00929790594411,36.24008583197904,565713.0023291142,1.045659135834255
0.3720000000000003,3.0,3.265975902324073e-06,0.3720000000000003,1.096734021904338,0.4990443260499647,0.05129854361368696,6.510698971241297e-05,1.799179424837276e-06,19.93503567952212,36.18704661337569,555808.9350040469,1.045435478290651
0.3730000000000003,3.0,3.331422496379324e-06,0.3730000000000003,1.096668575310417,0.4990452448618692,0.05145973308939713,6.616362431363998e-05,1.831076547885501e-06,19.86057959535259,36.13372930260328,546126.8132972292,1.04520884222102
0.3740000000000003,3.0,3.397924674422246e-06,0.3740000000000003,1.096602073132509,0.4990461785053341,0.05162285862071871,6.723076631368925e-05,1.863373449841818e-06,19.78593730258318,36.08013536921248,536661.0756876944,1.0449792145117902
0.3750000000000003,3.0,3.465492748952562e-06,0.3750000000000003,1.096534505058117,0.4990471271257243,0.05178792258095,6.830837234788873e-05,1.896071372043803e-06,19.71111655985848,36.02626639220766,527406.3069271941,1.044746582477167
0.3760000000000003,3.0,3.534136984472379e-06,0.3760000000000003,1.096465860822737,0.4990480908677452,0.05195492696228524,6.939639634093319e-05,1.929171494587343e-06,19.63612523199134,35.97212406239567,518357.2340798575,1.0445109338604517
0.3770000000000003,3.0,3.603867594789387e-06,0.3770000000000003,1.096396130212563,0.4990490698754117,0.05212387337758869,7.049478956153174e-05,1.962674936661834e-06,19.56097128642525,35.91771018456628,509508.7226725505,1.0442722568349745
0.3780000000000003,3.0,3.674694740378368e-06,0.3780000000000003,1.096325303067118,0.4990500642920053,0.05229476306252459,7.160350068060143e-05,1.996582756957792e-06,19.48566278948914,35.86302667949723,500855.7729526361,1.0440305400045935
0.3790000000000003,3.0,3.746628525803668e-06,0.3790000000000003,1.096253369281839,0.4990510742600389,0.05246759687803559,7.272247583289044e-05,2.030895954145668e-06,19.41020790244876,35.80807558577388,492393.5162501555,1.0437857724038035
0.3800000000000003,3.0,3.819678997205534e-06,0.3800000000000003,1.096180318810587,0.4990520999212263,0.05264237531316145,7.385165868190938e-05,2.065615467424539e-06,19.33461487735911,35.75285906141547,484117.2114415008,1.0435379434974255
0.3810000000000003,3.0,3.893856139855425e-06,0.3810000000000003,1.096106141668088,0.499053141416442,0.05281909848819596,7.499099048807796e-05,2.100742177140135e-06,19.25889205272118,35.6973793853026,476022.2415115021,1.043287043179892
0.3820000000000003,3.0,3.969169875780661e-06,0.3820000000000003,1.096030827932317,0.4990541988856942,0.05299776615816994,7.614041017990965e-05,2.13627690546968e-06,19.18304784895076,35.64163895839594,468104.1102113778,1.043033061774147
0.3830000000000003,3.0,4.045630061464338e-06,0.3830000000000003,1.095954367746789,0.4990552724680872,0.05317837771665828,7.72998544281406e-05,2.172220417173077e-06,19.10709076366281,35.58564030474332,460358.4388095374,1.0427759900301306
0.3840000000000003,3.0,4.12324648562086e-06,0.3840000000000003,1.09587675132279,0.4990563623017931,0.05336093219989742,7.846925772261332e-05,2.20857342040773e-06,19.0310293667806,35.52938607226692,452780.9629328001,1.0425158191228927
0.3850000000000003,3.0,4.202028867051123e-06,0.3850000000000003,1.095797968941521,0.4990574685240239,0.05354542829120592,7.964855245177921e-05,2.245336567605595e-06,18.95487229547537,35.47287903332712,445367.5294953175,1.042252540650315
0.3860000000000003,3.0,4.28198685257979e-06,0.3860000000000003,1.095718010956156,0.4990585912709981,0.05373186432570216,8.083766898465264e-05,2.282510456410359e-06,18.87862824894485,35.41612208505884,438114.0937127064,1.0419861466304539
0.3870000000000003,3.0,4.363130015076402e-06,0.3870000000000003,1.095636867793824,0.4990597306779166,0.05392023829530374,8.203653575503566e-05,2.320095630672354e-06,18.80230598303958,35.35911824947569,431016.7161989801,1.0417166294985203
0.3880000000000003,3.0,4.445467851562775e-06,0.3880000000000003,1.095554529957506,0.4990608868789351,0.05411054785400309,8.324507934783843e-05,2.358092581498924e-06,18.7259143047457,35.3018706733404,424071.5601438977,1.0414439821035029
0.3890000000000003,3.0,4.529009781408852e-06,0.3890000000000003,1.09547098802783,0.4990620600071403,0.054302790323405,8.44632245873147e-05,2.396501748357926e-06,18.64946206653377,35.24438262779844,417274.8885683877,1.041168197704425
0.3900000000000003,3.0,4.61376514461865e-06,0.3900000000000003,1.095386232664793,0.4990632501945237,0.05449696269851673,8.569089462701876e-05,2.435323520231663e-06,18.57295816058366,35.18665750777429,410623.0616558385,1.0408892699662762
0.3910000000000003,3.0,4.699743200207723e-06,0.3910000000000003,1.09530025460938,0.4990644575719617,0.05469306165378149,8.692801104128767e-05,2.474558236818568e-06,18.49641151289602,35.12869883112843,404112.534157069,1.0406071929555984
0.3920000000000003,3.0,4.786953124673732e-06,0.3920000000000003,1.095213044685092,0.4990656822691917,0.05489108354933623,8.81744939180532e-05,2.514206189779853e-06,18.41983107730112,35.07051023757676,397739.8528668649,1.040321961135756
0.3930000000000003,3.0,4.875404010561335e-06,0.3930000000000003,1.095124593799385,0.499066924414793,0.05509102443748981,8.943026195278213e-05,2.554267624028341e-06,18.34322582937609,35.01209548737162,391501.6541700113,1.0400335693618952
0.3940000000000003,3.0,4.965104865121914e-06,0.3940000000000003,1.095034892945007,0.4990681841361714,0.05529288006940584,9.069523254333302e-05,2.594742739056289e-06,18.26660476028248,34.95345845974657,385394.6616548588,1.0397420128756012
0.3950000000000003,3.0,5.056064609070038e-06,0.3950000000000003,1.094943933201244,0.4990694615595364,0.05549664590197408,9.196932188554044e-05,2.635631690299624e-06,18.18997687053487,34.89460315112738,379415.6837924186,1.03944728729927
0.3960000000000003,3.0,5.148292075435654e-06,0.3960000000000003,1.094851705735067,0.4990707568098893,0.05570231710486529,9.325244506929589e-05,2.67693459053489e-06,18.11335116371392,34.83553367311179,373561.6116791951,1.0391493886302017
0.3970000000000003,3.0,5.241796008513723e-06,0.3970000000000003,1.09475820180218,0.499072070011008,0.05590988856774866,9.454451617493687e-05,2.718651511306345e-06,18.03673664013461,34.77625425022094,367829.41684184,1.0388483132344313
0.3980000000000003,3.0,5.336585062910931e-06,0.3980000000000003,1.094663412747976,0.4990734012854314,0.05611935490766425,9.584544836972887e-05,2.760782484379715e-06,17.96014229048265,34.71676921742828,362216.1491019011,1.0385440578403118
0.3990000000000003,3.0,5.432667802689002e-06,0.3990000000000003,1.094567330008394,0.4990747507544516,0.05633071047653487,9.715515400422821e-05,2.803327503219395e-06,17.88357708943157,34.65708301746884,356718.9344989413,1.038236619531859
0.4000000000000003,3.0,5.530052700605173e-06,0.4000000000000003,1.094469945110676,0.4990761185380994,0.05654394936880418,9.847354470833056e-05,2.846286524486028e-06,17.8070499892521,34.597200197936,351334.9732703303,1.0379259957418718
0.4010000000000003,3.0,5.628748137448865e-06,0.4010000000000003,1.094371249674034,0.499077504755138,0.05675906542918834,9.980053148679683e-05,2.889659469551173e-06,17.73056991342688,34.53712540817068,346061.5378860962,1.0376121842448458
0.4020000000000003,3.0,5.728762401473665e-06,0.4020000000000003,1.094271235410213,0.4990789095230544,0.05697605226052899,0.0001011360248140518,2.933446226025644e-06,17.65414575028275,34.47686339595019,340895.9711372796,1.0372951831496842
0.4030000000000003,3.0,5.830103687924688e-06,0.4030000000000003,1.094169894123969,0.4990803329580513,0.05719490323173072,0.000102479934728072,2.977646649298686e-06,17.57778634665218,34.41641900398381,335835.684276214,1.0369749908922383
0.4040000000000003,3.0,5.932780098658772e-06,0.4040000000000003,1.094067217713444,0.4990817751750442,0.05741561148577525,0.0001038321709231515,3.022260564084265e-06,17.50150050157714,34.35579716622225,330878.1552073081,1.0366516062276687
0.4050000000000003,3.0,6.036799641857659e-06,0.4050000000000003,1.093963198170457,0.4990832362876573,0.05763816994779336,0.0001051926428413744,3.067287765971741e-06,17.42529696006628,34.29500290399018,326020.9267268382,1.0363250282226635
0.4060000000000003,3.0,6.142170231832129e-06,0.4060000000000003,1.093857827580698,0.4990847164082199,0.05786257133318824,0.0001065612597626066,3.11272802297765e-06,17.34918440691744,34.23404132194936,321261.6048103668,1.0359952562475099
0.4070000000000003,3.0,6.248899688915312e-06,0.4070000000000003,1.093751098123832,0.4990862156477656,0.05808880815579061,0.0001079379308928246,3.158581077095395e-06,17.27317146061717,34.17291760390189,316597.8569464462,1.0356622899680414
0.4080000000000003,3.0,6.3569957394437e-06,0.4080000000000003,1.093643002073524,0.4990877341160315,0.05831687273603857,0.0001093225654506193,3.204846645839931e-06,17.19726666732836,34.11163700844347,312027.4105152755,1.0353261293374854
0.4090000000000003,3.0,6.466466015823593e-06,0.4090000000000003,1.093533531797368,0.4990892719214604,0.05854675720916785,0.0001107150727517031,3.251524423784401e-06,17.12147849497664,34.05020486447506,307548.0512110424,1.0349867745882002
0.4100000000000003,3.0,6.577318056681446e-06,0.4100000000000003,1.093422679756736,0.4990908291712017,0.05877845353339881,0.0001121153622912755,3.298614084086019e-06,17.0458153274462,33.98862656658439,303157.6215066941,1.034644226223337
0.4110000000000003,3.0,6.689559307094853e-06,0.4110000000000003,1.093310438506552,0.4990924059711165,0.05901195349811077,0.0001135233438240842,3.346115279998009e-06,16.97028545889539,33.92690757030693,298854.019159972,1.0342984850084411
0.4120000000000003,3.0,6.803197118902783e-06,0.4120000000000003,1.093196800694976,0.4990940024257814,0.0592472487319915,0.000114938927442053,3.394027646365289e-06,16.89489708820127,33.86505338727652,294635.1957595024,1.0339495519629844
0.4130000000000003,3.0,6.918238751092214e-06,0.4130000000000003,1.093081759063021,0.4990956186384933,0.05948433071115048,0.0001163620236493446,3.442350801101084e-06,16.81965831354282,33.80306958027769,290499.1553098353,1.0335974283518705
0.4140000000000003,3.0,7.034691370257881e-06,0.4140000000000003,1.092965306444093,0.4990972547112766,0.05972319076718304,0.0001177925434347232,3.491084346641814e-06,16.74457712713173,33.74096175820891,286443.9528543422,1.0332421156769098
0.4150000000000003,3.0,7.152562051133322e-06,0.4150000000000003,1.092847435763458,0.499098910744891,0.05996382009517955,0.0001192303983411165,3.540227871378069e-06,16.66966141009862,33.67873557096902,282467.6931348885,1.0328836156682786
0.4160000000000003,3.0,7.27185777718965e-06,0.4160000000000003,1.092728140037645,0.4991005868388395,0.0602062097616646,0.0001206755005322646,3.589780951059233e-06,16.594918927543,33.61639670427719,278568.5292872622,1.0325219302759803
0.4170000000000003,3.0,7.392585441299226e-06,0.4170000000000003,1.092607412373781,0.4991022830913783,0.06045035071245875,0.0001221277628563591,3.639743150169472e-06,16.52035732375423,33.55395087443813,274744.6615713635,1.0321570616613223
0.4180000000000003,3.0,7.514751846461052e-06,0.4180000000000003,1.092485245968869,0.499103999599528,0.06069623378045289,0.0001235870989065885,3.690114023273111e-06,16.44598411761033,33.4914038230633,270994.336135176,1.0317890121884161
0.4190000000000003,3.0,7.638363706585647e-06,0.4190000000000003,1.092361634108996,0.4991057364590817,0.06094384969328717,0.0001250534230785203,3.74089311632767e-06,16.37180669816017,33.4287613117591,267315.8438115634,1.0314177844157086
0.4200000000000003,3.0,7.763427647334108e-06,0.4200000000000003,1.092236570168503,0.4991074937646208,0.06119318908092424,0.0001265266506242316,3.792079967962022e-06,16.29783232039653,33.36602911679388,263707.5189470305,1.0310433810875788
0.4210000000000003,3.0,7.889950207010577e-06,0.4210000000000003,1.092110047609085,0.4991092716095248,0.06144424248310811,0.0001280066977031571,3.843674110718903e-06,16.22406810122305,33.3032130237533,260167.738261495,1.030665805125977
0.4220000000000003,3.0,8.017937837502554e-06,0.4220000000000003,1.091982059978854,0.4991110700859857,0.06169700035670511,0.0001294934814295835,3.895675072259266e-06,16.15052101562164,33.24031882219704,256694.9197382773,1.0302850596221487
0.4230000000000003,3.0,8.147396905267338e-06,0.4230000000000003,1.091852600911353,0.4991128892850229,0.06195145308291366,0.0001309869199167679,3.94808237652786e-06,16.07719789302294,33.17735230032466,253287.5215434207,1.0299011478284392
0.4240000000000003,3.0,8.278333692360278e-06,0.4240000000000003,1.091721664124527,0.4991147292964956,0.06220759097434012,0.0001324869323176444,4.000895544878101e-06,16.00410541388434,33.11431923966439,249944.0409735735,1.029514073150187
0.4250000000000003,3.0,8.410754397501659e-06,0.4250000000000003,1.091589243419656,0.4991165902091191,0.06246540428193256,0.0001339934388620998,4.054114097155421e-06,15.93125010647792,33.05122540979215,246663.013431628,1.0291238391377233
0.4260000000000003,3.0,8.544665137178472e-06,0.4260000000000003,1.091455332680253,0.4991184721104814,0.06272488320176789,0.0001355063608908045,4.107737552737761e-06,15.8586383438913,32.98807656309274,243443.0114293722,1.028730449478485
0.4270000000000003,3.0,8.680071946778101e-06,0.4270000000000003,1.091319925870929,0.4991203750870576,0.06298601788168258,0.0001370256208856042,4.161765431532489e-06,15.78627634124271,32.92487842957241,240282.6436164062,1.0283339079892464
0.4280000000000003,3.0,8.816980781750743e-06,0.4280000000000003,1.091183017036236,0.4991222992242265,0.06324879842774961,0.0001385511424964825,4.216197254929104e-06,15.71417015311172,32.86163671173215,237180.5538345988,1.0279342186084863
0.4290000000000003,3.0,8.955397518795609e-06,0.4290000000000003,1.091044600299473,0.4991242446062878,0.06351321491058784,0.0001400828505650913,4.271032546706455e-06,15.64232567118707,32.79835707951095,234135.4201974264,1.027531385388885
0.4300000000000003,3.0,9.095327957069257e-06,0.4300000000000003,1.090904669861485,0.4991262113164809,0.0637792573715064,0.0001416206711448951,4.326270833894624e-06,15.5707486221311,32.73504516530797,231145.9541934811,1.0271254124899787
0.4310000000000003,3.0,9.236777819412216e-06,0.4310000000000003,1.090763219999431,0.499128199436998,0.0640469158284762,0.0001431645315179554,4.381911647590793e-06,15.49944456566076,32.67170655909239,228210.8998135111,1.0267163041709548
0.4320000000000003,3.0,9.379752753589257e-06,0.4320000000000003,1.090620245065545,0.4991302090490062,0.06431618028192923,0.0001447143602083808,4.437954523728486e-06,15.42841889284531,32.60834680360832,225329.0327003766,1.0263040647836157
0.4330000000000003,3.0,9.524258333542255e-06,0.4330000000000003,1.090475739485887,0.4991322402326618,0.06458704072037622,0.0001462700869925152,4.494399003800687e-06,15.35767682461831,32.54497138968347,222499.1593212686,1.025888698765511
0.4340000000000003,3.0,9.670300060650325e-06,0.4340000000000003,1.090329697759077,0.4991342930671308,0.06485948712584794,0.0001478316429058941,4.55124463553611e-06,15.28722341050334,32.48158575164801,219720.1161616323,1.0254702106332292
0.4350000000000003,3.0,9.817883364995812e-06,0.4350000000000003,1.090182114455032,0.499136367630603,0.06513350947915109,0.0001493989602470518,4.60849097352923e-06,15.21706352755071,32.41819526287159,216990.768940183,1.025048604975881
0.4360000000000003,3.0,9.967013606630494e-06,0.4360000000000003,1.090032984213702,0.4991384640003164,0.06540909776494158,0.0001509719725782168,4.666137579823474e-06,15.14720187948376,32.35480523142402,214310.0118444925,1.0246238864487605
0.4370000000000003,3.0,1.011769607684349e-05,0.4370000000000003,1.089882301743796,0.4991405822525663,0.06568624197661165,0.0001525506147230205,4.724184024449253e-06,15.07764299604995,32.29142089586676,211676.766786531,1.0241960597671844
0.4380000000000003,3.0,1.026993599942147e-05,0.4380000000000003,1.089730061821529,0.4991427224627318,0.06596493212098956,0.0001541348227612262,4.78262988591515e-06,15.00839123257627,32.22804742118001,209089.9826777315,1.0237651297005395
0.4390000000000003,3.0,1.042373853190491e-05,0.4390000000000003,1.089576259289359,0.4991448847052882,0.06624515822285214,0.0001557245340206336,4.84147475165484e-06,14.93945076972273,32.16468989483135,206548.6347229623,1.023331101066507
0.4400000000000003,3.0,1.057910876683291e-05,0.4400000000000003,1.089420889054748,0.4991470690538249,0.06652691032925255,0.0001573196870662006,4.900718218428801e-06,14.87082561343175,32.10135332299073,204051.7237329768,1.0228939787254956
0.4410000000000003,3.0,1.073605173297577e-05,0.4410000000000003,1.089263946088926,0.4991492755810654,0.06681017851365399,0.0001589202216864911,4.960359892682104e-06,14.80251959506874,32.03804262689531,201598.2754548264,1.022453767575272
0.4420000000000003,3.0,1.089457239655257e-05,0.4420000000000003,1.089105425425672,0.4991515043588829,0.06709495287988342,0.0001605260788775491,5.02039939085887e-06,14.73453637174931,31.9747626393698,199187.3399197676,1.0220104725457886
0.4430000000000003,3.0,1.105467566243167e-05,0.4430000000000003,1.08894532216012,0.4991537554583161,0.06738122356589435,0.0001621372008242989,5.080836339674413e-06,14.66687942684807,31.91151810150391,196817.9908081986,1.0215640985942256
0.4440000000000003,3.0,1.121636637530985e-05,0.4440000000000003,1.088783631447571,0.499156028949589,0.06766898074734409,0.0001637535308795606,5.141670376345266e-06,14.59955207068499,31.84831365949166,194489.3248312053,1.021114650700227
0.4450000000000003,3.0,1.137964932087072e-05,0.4450000000000003,1.088620348502343,0.4991583249021233,0.06795821464098867,0.0001653750135408152,5.202901148779009e-06,14.53255744138276,31.78515386163441,192200.4611282448,1.0206621338613542
0.4460000000000003,3.0,1.154452922691736e-05,0.4460000000000003,1.088455468596633,0.4991606433845589,0.06824891550789451,0.0001670015944247988,5.264528315724018e-06,14.46589850589091,31.72204315550945,189950.5406805799,1.0202065530887385
0.4470000000000003,3.0,1.171101076447934e-05,0.4470000000000003,1.088288987059411,0.4991629844647658,0.06854107365646726,0.0001686332202400602,5.326551546880776e-06,14.39957806117014,31.6589858853073,187738.7257400333,1.0197479134029437
0.4480000000000003,3.0,1.187909854889091e-05,0.4480000000000003,1.088120899275342,0.49916534820986,0.06883467944530461,0.0001702698387575831,5.388970522975591e-06,14.33359873553178,31.59598628933794,185564.1992726724,1.0192862198300374
0.4490000000000003,3.0,1.204879714083811e-05,0.4490000000000003,1.087951200683741,0.4991677346862216,0.06912972328587097,0.0001719113987795802,5.451784935797693e-06,14.26796299012638,31.53304849770756,183426.1644170456,1.01882147739787
0.4500000000000003,3.0,1.22201110473757e-05,0.4500000000000003,1.087779886777553,0.4991701439595028,0.06942619564499888,0.0001735578501066023,5.514994488201717e-06,14.20267312057446,31.47017653016633,181323.8439565643,1.0183536911325541
0.4510000000000003,3.0,1.239304472290772e-05,0.4510000000000003,1.087606953102374,0.4991725760946498,0.06972408704721664,0.0001752091435030317,5.57859889407542e-06,14.13773125873512,31.40737429412738,179256.4798057124,1.0178828660551573
0.4520000000000003,3.0,1.256760257013571e-05,0.4520000000000003,1.087432395255502,0.4991750311559079,0.07002338807691351,0.0001768652306611306,5.642597878275576e-06,14.07313937460425,31.34464558285732,177223.3325096716,1.0174090071785886
0.4530000000000003,3.0,1.274378894096763e-05,0.4530000000000003,1.087256208885029,0.4991775092068423,0.07032408938033248,0.0001785260641637053,5.706991176531709e-06,14.00889927833795,31.28199407383706,175223.6807570687,1.0169321195046965
0.4540000000000003,3.0,1.292160813739159e-05,0.4540000000000003,1.087078389688968,0.4991800103103441,0.0706261816674074,0.0001801915974455515,5.771778535320435e-06,13.94501262239306,31.21942332729295,173256.8209054616,1.0164522080215606
0.4550000000000003,3.0,1.310106441230834e-05,0.4550000000000003,1.086898933414417,0.4991825345286454,0.07092965571343678,0.0001818617847537538,5.836959711710569e-06,13.88148090378023,31.15693678489649,171322.0665192739,1.0159692777009803
0.4560000000000003,3.0,1.328216197032527e-05,0.4560000000000003,1.08671783585677,0.4991850819233297,0.07123450236060663,0.0001835365811069827,5.902534473181225e-06,13.8183054664218,31.09453776863145,169418.7479198306,1.0154833334961633
0.4570000000000004,3.0,1.346490496850857e-05,0.4570000000000004,1.086535092858959,0.4991876525553428,0.07154071251935859,0.0001852159422538816,5.968502597413632e-06,13.75548750360896,31.03222947982671,167546.2117472037,1.0149943803396004
0.4580000000000004,3.0,1.36492975170944e-05,0.4580000000000004,1.08635070031075,0.499190246485002,0.0718482771696151,0.0001868998246306718,6.034863872058668e-06,13.69302806055138,30.97001499835237,165703.8205335477,1.0145024231411348
0.4590000000000004,3.0,1.383534368015681e-05,0.4590000000000004,1.086164654148067,0.4991928637720076,0.07215718736185567,0.0001885881853180672,6.101618094480798e-06,13.63092803701366,30.9078972819774,163890.9522876476,1.0140074667862113
0.4600000000000004,3.0,1.402304747623352e-05,0.4600000000000004,1.085976950352373,0.4991955044754482,0.07246743421805903,0.0001902809819976249,6.168765071480516e-06,13.56918819003163,30.8458791658858,162107.000090376,1.013509516134314
0.4610000000000004,3.0,1.42124128789071e-05,0.4610000000000004,1.085787584950086,0.4991981686538143,0.07277900893250536,0.000191978172907615,6.236304618995912e-06,13.50780913670301,30.78396336234852,160351.3717007953,1.0130085760175807
0.4620000000000004,3.0,1.440344381734357e-05,0.4620000000000004,1.085596554012039,0.4992008563650002,0.07309190277245235,0.0001936797167985397,6.304236561785591e-06,13.4467913570458,30.7221524605483,158623.489172615,1.0125046512395866
0.4630000000000004,3.0,1.459614417678565e-05,0.4630000000000004,1.08540385365299,0.4992035676663149,0.0734061070786789,0.0001953855728883752,6.372560733093427e-06,13.38613519691895,30.66044892655411,156922.7884807574,1.011997746574311
0.4640000000000004,3.0,1.479051779900224e-05,0.4640000000000004,1.08520948003117,0.4992063026144871,0.07372161326591044,0.0001970957008176531,6.441276974297186e-06,13.32584087099898,30.59885510344142,155248.7191577585,1.0114878667652596
0.4650000000000004,3.0,1.498656848269375e-05,0.4650000000000004,1.085013429347878,0.4992090612656706,0.07403841282312447,0.000198810060604471,6.510385134542071e-06,13.26590846580683,30.53737321155501,153600.7439397575,1.0109750165247535
0.4660000000000004,3.0,1.518429998385206e-05,0.4660000000000004,1.084815697847123,0.4992118436754504,0.07435649731374001,0.0002005286125995192,6.579885070360348e-06,13.2063379427797,30.47600534891063,151978.3384218343,1.010459200533383
0.4670000000000004,3.0,1.538371601607731e-05,0.4670000000000004,1.084616281815305,0.499214649898846,0.07467585837570294,0.000202251317441223,6.649776645278771e-06,13.14712914138163,30.41475349173089,150380.9907224453,1.0099404234396019
0.4680000000000004,3.0,1.558482025084904e-05,0.4680000000000004,1.084415177580943,0.4992174799903185,0.07499648772145787,0.0002039781360110725,6.720059729414476e-06,13.08828178224821,30.35361949511203,148808.2011567375,1.009418689859485
0.4690000000000004,3.0,1.578761631775591e-05,0.4690000000000004,1.08421238151445,0.4992203340037676,0.07531837713782766,0.0002057090293892513,6.790734199061589e-06,13.02979547035903,30.29260509381713,147259.4819184927,1.0088940043766224
0.4700000000000004,3.0,1.599210780467886e-05,0.4700000000000004,1.084007890027944,0.4992232119925412,0.07564151848578957,0.0002074439588105972,6.861799936268312e-06,12.97166969823433,30.23171190319088,145734.3567705116,1.0083663715421545
0.4710000000000004,3.0,1.619829825793319e-05,0.4710000000000004,1.08380169957511,0.4992261140094338,0.07596590370016178,0.00020918288562102,6.933256828407105e-06,12.9139038491494,30.17094142019243,144232.3607431902,1.0078357958749482
0.4720000000000004,3.0,1.640619118236857e-05,0.4720000000000004,1.083593806651099,0.4992290401066872,0.07629152478920469,0.0002109257712344285,7.005104767738574e-06,12.85649720036227,30.11029502454119,142753.0398410908,1.0073022818618944
0.4730000000000004,3.0,1.661579004142442e-05,0.4730000000000004,1.083384207792471,0.4992319903359934,0.0766183738341322,0.0002126725770902167,7.077343650969515e-06,12.79944892635105,30.049773979971,141295.9507573172,1.0067658339583387
0.4740000000000004,3.0,1.682709825714678e-05,0.4740000000000004,1.083172899577179,0.499234964748494,0.07694644298854818,0.0002144232646114194,7.14997337880767e-06,12.74275810205476,29.98937943558842,139860.6605954609,1.0062264565886307
0.4750000000000004,3.0,1.704011921016259e-05,0.4750000000000004,1.082959878624598,0.4992379633947803,0.07727572447780745,0.0002161777951635594,7.222993855512886e-06,12.68642370611475,29.92911242733006,138446.7465989548,1.0056841541467905
0.4760000000000004,3.0,1.725485623961505e-05,0.4760000000000004,1.082745141595584,0.4992409863248916,0.07760621059830274,0.0002179361300142704,7.29640498844654e-06,12.63044462411145,29.86897387951469,137053.7958876249,1.0051389309972814
0.4770000000000004,3.0,1.747131264305944e-05,0.4770000000000004,1.082528685192581,0.499244033588315,0.0779378937166869,0.0002196982302937408,7.370206687619927e-06,12.57481965179341,29.80896460648491,135681.4052012606,1.0045907914758943
0.4780000000000004,3.0,1.768949167632096e-05,0.4780000000000004,1.082310506159764,0.4992471052339827,0.07827076626903264,0.0002214640569560358,7.444398865242657e-06,12.51954749829391,29.74908531433411,134329.1806500221,1.0040397398907313
0.4790000000000004,3.0,1.790939655331549e-05,0.4790000000000004,1.082090601283219,0.4992502013102678,0.07860482075993011,0.0002232335707413462,7.518981435271971e-06,12.46462678933199,29.68933660271387,132996.7374715068,1.0034857805232889
0.4800000000000004,3.0,1.813103044583266e-05,0.4800000000000004,1.081868967391153,0.4992533218649861,0.07894004976153128,0.0002250067321391983,7.593954312963623e-06,12.41005607039467,29.6297189667167,131683.699794309,1.0029289176296217
0.4810000000000004,3.0,1.835439648328623e-05,0.4810000000000004,1.081645601354155,0.4992564669453877,0.07927644591254374,0.0002267835013526989,7.669317414426022e-06,12.35583380989579,29.57023279883006,130389.7004078871,1.0023691554416114
0.4820000000000004,3.0,1.857949775242752e-05,0.4820000000000004,1.081420500085473,0.4992596365981539,0.07961400191717512,0.0002285638382638132,7.745070656177106e-06,12.30195840231014,29.51087839095714,129114.3805386006,1.001806498168298
0.4830000000000004,3.0,1.880633729702703e-05,0.4830000000000004,1.081193660541336,0.4992628308693959,0.07995271054403237,0.0002303477023997403,7.821213954706054e-06,12.24842817127822,29.4516559364981,127857.3896317331,1.0012409499973036
0.4840000000000004,3.0,1.903491811752417e-05,0.4840000000000004,1.080965079721306,0.4992660498046463,0.08029256462498498,0.0002321350529004158,7.897747226039786e-06,12.19524137267976,29.39256553249003,126618.3851393578,1.000672515096321
0.4850000000000004,3.0,1.926524317064537e-05,0.4850000000000004,1.080734754668654,0.4992692934488552,0.080633557053986,0.0002339258484871581,7.974670385315193e-06,12.14239619767306,29.33360718179857,125397.0323138911,1.000101197614668
0.4860000000000004,3.0,1.949731536899293e-05,0.4860000000000004,1.08050268247078,0.4992725618463846,0.08097568078586322,0.0002357200474324989,8.051983346357795e-06,12.08989077569762,29.27478079535816,124193.0040071849,0.9995270016849167
0.4870000000000004,3.0,1.973113758060504e-05,0.4870000000000004,1.080268860259645,0.4992758550410021,0.08131892883507764,0.0002375176075312119,8.129686021267376e-06,12.03772317743771,29.21608619445602,123005.9804750129,0.9989499314245674
0.4880000000000004,3.0,1.996671262848871e-05,0.4880000000000004,1.080033285212242,0.4992791730758745,0.08166329427445568,0.000239318486072569,8.207778320011307e-06,11.98589141774485,29.15752311305592,121835.6491868097,0.9983699909377863
0.4890000000000004,3.0,2.020404329012748e-05,0.4890000000000004,1.079795954551087,0.4992825159935585,0.08200877023389953,0.0002411226398138418,8.286260150026236e-06,11.93439345851672,29.09909120015721,120681.7046405228,0.9977871843171874
0.4900000000000004,3.0,2.044313229696197e-05,0.4900000000000004,1.07955686554474,0.499285883835998,0.08235534989907177,0.0002429300249550432,8.365131415828e-06,11.88322721153148,29.04079002218489,119543.8481824517,0.9972015156456683
0.4910000000000004,3.0,2.068398233384946e-05,0.4910000000000004,1.079316015508344,0.4992892766445125,0.08270302651006682,0.0002447405971149567,8.444392018631231e-06,11.83239054123467,28.98261906540753,118421.7878319311,0.9966129889982773
0.4920000000000004,3.0,2.092659603850004e-05,0.4920000000000004,1.079073401804189,0.4992926944597903,0.08305179336006409,0.0002465543113084374,8.52404185597856e-06,11.78188126747787,28.92457773837772,117315.2381107354,0.9960216084441249
0.4930000000000004,3.0,2.117097600089128e-05,0.4930000000000004,1.078829021842296,0.4992961373218817,0.08340164379396939,0.000248371121924994,8.604080821379562e-06,11.73169716820759,28.86666537439273,116223.9198770871,0.9954273780483266
0.4940000000000004,3.0,2.14171247626647e-05,0.4940000000000004,1.078582873081025,0.4992996052701879,0.08375257120704964,0.0002501909827086752,8.684508803960753e-06,11.6818359821025,28.80888123397035,115147.5601641314,0.9948303018739754
0.4950000000000004,3.0,2.166504481650252e-05,0.4950000000000004,1.078334953027692,0.4993030983434538,0.08410456904355347,0.0002520138467392402,8.76532568812598e-06,11.63229541115854,28.75122450733723,114085.8920227754,0.9942303839841385
0.4960000000000004,3.0,2.19147386054874e-05,0.4960000000000004,1.078085259239217,0.4993066165797599,0.08445763079533329,0.0002538396664146248,8.846531353228086e-06,11.58307312322055,28.69369431692559,113038.6543687658,0.9936276284438836
0.4970000000000004,3.0,2.216620852244793e-05,0.4970000000000004,1.077833789322769,0.4993101600165094,0.0848117500004639,0.0002556683934347139,8.928125673252336e-06,11.53416675445905,28.63628971987567,112005.5918338927,0.993022039322305
0.4980000000000004,3.0,2.241945690928731e-05,0.4980000000000004,1.077580540936447,0.4993137286904228,0.08516692024185742,0.0002574999787863853,9.010108516511166e-06,11.48557391179225,28.57900971053928,110986.4546212162,0.9924136206945895
0.4990000000000004,3.0,2.267448605630016e-05,0.4990000000000004,1.077325511789954,0.4993173226375267,0.08552313514588243,0.00025933437272985,9.092479745351108e-06,11.43729217525182,28.52185322298299,109980.998364202,0.9918023766440717
0.5000000000000003,2.0,2.293129820147756e-05,0.5000000000000003,1.0770686996453,0.4993209418931428,0.08588038838098981,0.0002611715247862698,9.175239215871988e-06,11.389319100292,28.46481913348662,108988.983989663,0.9911883112643103
0.5010000000000003,2.0,2.318989552980102e-05,0.5010000000000003,1.076810102317505,0.4993245864918789,0.0862386736563397,0.0002630113837266407,9.25838677765847e-06,11.34165222004184,28.40790626303459,108010.1775844052,0.9905714286611652
0.5020000000000003,2.0,2.345028017252623e-05,0.5020000000000003,1.07654971767531,0.4993282564676188,0.08659798472043918,0.0002648538975619285,9.341922273523811e-06,11.29428904749996,28.35111337979743,107044.350265483,0.9899517329548708
0.5030000000000003,2.0,2.371245420646011e-05,0.5030000000000003,1.076287543641911,0.4993319518535126,0.08695831535978855,0.0002666990135344588,9.425845539266794e-06,11.24722707767145,28.29443920160021,106091.2780539566,0.9893292282821224
0.5040000000000003,2.0,2.397641965322976e-05,0.5040000000000003,1.07602357819568,0.4993356726819638,0.08731965939754034,0.0002685466781105308,9.510156403440904e-06,11.20046378964697,28.23788239837643,105150.741752069,0.9887039187981396
0.5050000000000003,2.0,2.424217847854574e-05,0.5050000000000003,1.075757819370906,0.4993394189846239,0.08768201069216988,0.0002703968369742471,9.594854687136713e-06,11.15399664862379,28.18144159460311,104222.5268237407,0.9880758086787362
0.5060000000000003,2.0,2.450973259146231e-05,0.5060000000000003,1.075490265258535,0.4993431907923749,0.0880453631361618,0.0002722494350225534,9.679940203777138e-06,11.10782310786854,28.12511537171696,103306.4232782964,0.9874449021223731
0.5070000000000003,2.0,2.477908384363156e-05,0.5070000000000003,1.075220914006916,0.4993469881353236,0.08840971065471005,0.0002741044163614396,9.76541275892528e-06,11.06194061062238,28.06890227050739,102402.2255573408,0.986811203352206
0.5080000000000003,2.0,2.505023402855786e-05,0.5080000000000003,1.074949763822542,0.49935081104279,0.0887750472044389,0.0002759617243033216,9.85127215010569e-06,11.01634659194797,28.01280079348543,101509.732424687,0.9861747166181032
0.5090000000000003,2.0,2.532318488084895e-05,0.5090000000000003,1.074676812970808,0.4993546595432976,0.08914136677213835,0.0002778213013655472,9.937518166638025e-06,10.97103848051901,27.9568094072262,100628.7468592685,0.9855354461986696
0.5100000000000003,2.0,2.55979380754695e-05,0.5100000000000003,1.074402059776748,0.4993585336645598,0.0895086633735227,0.0002796830892700435,1.002415058948422e-05,10.92601370035219,27.90092654468335,99759.07595093841,0.9848933964032254
0.5110000000000003,2.0,2.587449522699404e-05,0.5110000000000003,1.074125502625788,0.4993624334334706,0.0898769310520087,0.0002815470289440459,1.011116919110811e-05,10.88126967248222,27.84515060747295,98900.5307990902,0.9842485715737794
0.5120000000000003,2.0,2.615285788886193e-05,0.5120000000000003,1.073847139964488,0.4993663588760964,0.0902461638775154,0.0002834130605219052,1.019857373534792e-05,10.83680381658044,27.78947996812581,98052.92641401735,0.9836009760869726
0.5130000000000003,2.0,2.643302755263723e-05,0.5130000000000003,1.073566970301284,0.4993703100176609,0.09061635594528748,0.000285281123347957,1.028636397730164e-05,10.79261355251688,27.73391297230697,97216.08162093486,0.9829506143559965
0.5140000000000003,2.0,2.671500564727104e-05,0.5140000000000003,1.073284992207225,0.4993742868825388,0.0909875013747422,0.0002871511559804053,1.037453966322485e-05,10.74869630186702,27.67844794099966,96389.8189665947,0.9822974908324827
0.5150000000000003,2.0,2.699879353836984e-05,0.5150000000000003,1.073001204316705,0.4993782894942417,0.09135959430834022,0.0002890230961962153,1.046310053044113e-05,10.70504948936338,27.62308317265398,95573.96462842163,0.9816416100083648
0.5160000000000003,2.0,2.728439252746968e-05,0.5160000000000003,1.072715605328188,0.4993823178754117,0.09173262891048313,0.0002908968809969779,1.055204630726478e-05,10.66167054429268,27.5678169452975,94768.34832609945,0.9809829764177049
0.5170000000000003,2.0,2.757180385131843e-05,0.5170000000000003,1.072428194004926,0.4993863720478069,0.09210659936643625,0.0002927724466157329,1.064137671293604e-05,10.61855690183915,27.51264751860802,93972.80323554037,0.9803215946384898
0.5180000000000003,2.0,2.786102868116486e-05,0.5180000000000003,1.072138969175669,0.4993904520322947,0.09248149988127903,0.0002946497285247051,1.073109145756808e-05,10.57570600437484,27.45757313594639,93187.16590517474,0.97965746929439
0.5190000000000003,2.0,2.815206812205775e-05,0.5190000000000003,1.07184792973537,0.4993945578488378,0.09285732467888021,0.0002965286614439458,1.08211902421062e-05,10.53311530269756,27.40259202634908,92411.27617449255,0.9789906050564898
0.5200000000000004,2.0,2.844492321215309e-05,0.5200000000000004,1.071555074645872,0.4993986895164897,0.09323406800090381,0.0002984091793508307,1.091167275829842e-05,10.49078225721741,27.34770240647914,91644.97709478055,0.9783210066449681
0.5210000000000004,2.0,2.87395949220347e-05,0.5210000000000004,1.071260402936591,0.4994028470533791,0.09361172410584219,0.0003002912154904168,1.100253868867825e-05,10.44870433909216,27.29290248253525,90888.11485198523,0.9776486788307489
0.5220000000000004,2.0,2.903608415404373e-05,0.5220000000000004,1.070963913705187,0.4994070304767035,0.09399028726807628,0.0003021747023865966,1.109378770655821e-05,10.40687903131315,27.23819045211788,90140.53869165343,0.9769736264371107
0.5230000000000004,2.0,2.933439174162055e-05,0.5230000000000004,1.070665606118219,0.4994112398027204,0.09436975177696702,0.0003040595718540374,1.118541947603466e-05,10.36530382974199,27.1835645060519,89402.1008458871,0.9762958543412519
0.5240000000000004,2.0,2.963451844866161e-05,0.5240000000000004,1.07036547941179,0.4994154750467351,0.09475011193597363,0.0003059457550108917,1.127743365200397e-05,10.32397624409896,27.12902283016543,88672.65646225303,0.9756153674758165
0.5250000000000004,2.0,2.993646496888766e-05,0.5250000000000004,1.07006353289218,0.4994197362230951,0.09513136206180381,0.0003078331822922165,1.136982988018895e-05,10.28289379890425,27.07456360702388,87952.06353460242,0.9749321708303761
0.5260000000000004,2.0,3.024023192522817e-05,0.5260000000000004,1.069759765936459,0.4994240233451766,0.09551349648359178,0.0003097217834641092,1.146260779717611e-05,10.24205403437284,27.02018501761974,87240.182835738,0.9742462694528673
0.5270000000000004,2.0,3.05458198692187e-05,0.5270000000000004,1.069454177993092,0.4994283364253805,0.09589650954210595,0.0003116114876384973,1.155576703046284e-05,10.20145450726408,26.96588524301675,86536.8778518848,0.973557668450986
0.5280000000000004,2.0,3.085322928041605e-05,0.5280000000000004,1.069146768582521,0.4994326754751201,0.09628039558898793,0.0003135022232885856,1.164930719851497e-05,10.16109279168666,26.91166246594906,85842.01471890771,0.972866372993533
0.5290000000000004,2.0,3.116246056582772e-05,0.5290000000000004,1.068837537297741,0.4994370405048152,0.09666514898601825,0.0003153939182649049,1.174322791083386e-05,10.12096647986028,26.8575148723746,85155.4621602326,0.9721723883117228
0.5300000000000004,2.0,3.147351405935946e-05,0.5300000000000004,1.068526483804843,0.4994414315238844,0.09705076410441688,0.0003172864998119527,1.183752876803305e-05,10.08107318283465,26.80344065298299,84477.09142641957,0.971475719700426
0.5310000000000004,2.0,3.178639002128036e-05,0.5310000000000004,1.068213607843561,0.4994458485407326,0.09743723532416838,0.0003191798945853952,1.193220936192441e-05,10.04141053116706,26.74943800465788,83806.77623634336,0.9707763725193925
0.5320000000000004,2.0,3.210108863770333e-05,0.5320000000000004,1.06789890922778,0.4994502915627511,0.09782455703337987,0.0003210740286697808,1.202726927561267e-05,10.00197617555968,26.69550513189331,83144.39271993932,0.9700743521944001
0.5330000000000004,2.0,3.241761002008787e-05,0.5330000000000004,1.067582387846041,0.4994547605963032,0.09821272362766821,0.0003229688275967786,1.212270808359961e-05,9.962767787456748,26.64164024816467,82489.81936246283,0.9693696642183729
0.5340000000000004,2.0,3.273595420475821e-05,0.5340000000000004,1.06726404366202,0.4994592556467198,0.09860172950957526,0.0003248642163638728,1.221852535189582e-05,9.923783059603846,26.58784157725441,81842.93695023026,0.9686623141524447
0.5350000000000004,2.0,3.305612115244179e-05,0.5350000000000004,1.066943876714989,0.4994637767182946,0.09899156908801414,0.0003267601194535056,1.231472063814115e-05,9.885019706569382,26.53410735453181,81203.628517792,0.9679523076269749
0.5360000000000004,2.0,3.337811074782826e-05,0.5360000000000004,1.06662188712026,0.4994683238142736,0.09938223677774362,0.0003286564608526476,1.241129349173294e-05,9.846475465229506,26.48043582818849,80571.77929650054,0.9672396503425164
0.5370000000000004,2.0,3.370192279914735e-05,0.5370000000000004,1.066298075069601,0.4994728969368517,0.09977372699887041,0.0003305531640727521,1.250824345396211e-05,9.80814809521762,26.42682526042824,79947.27666443364,0.9665243480707305
0.5380000000000004,2.0,3.402755703776635e-05,0.5380000000000004,1.065972440831646,0.4994774960871676,0.1001660341763826,0.0003324501521700708,1.260557005815598e-05,9.77003537933945,26.37327392861308,79330.01009763822,0.9658064066552634
0.5390000000000004,2.0,3.435501311781217e-05,0.5390000000000004,1.065644984752268,0.4994821212652913,0.1005591527397099,0.0003343473477663323,1.270327282982935e-05,9.73213512395414,26.31978012636478,78719.87112264779,0.965085832012558
0.5400000000000004,2.0,3.468429061580819e-05,0.5400000000000004,1.065315707254944,0.4994867724702285,0.1009530771223105,0.0003362446730696968,1.280135128684105e-05,9.694445159323504,26.26634216462245,78116.75327025318,0.9643626301326335
0.5410000000000004,2.0,3.501538903033708e-05,0.5410000000000004,1.064984608841091,0.4994914496999093,0.1013478017612862,0.0003381420498960281,1.289980493955786e-05,9.656963339929188,26.21295837265721,77520.55203047703,0.9636368070798048
0.5420000000000004,2.0,3.534830778172458e-05,0.5420000000000004,1.064651690090382,0.499496152951183,0.1017433210970289,0.0003400393996904244,1.299863329102486e-05,9.619687544759273,26.15962709904362,76931.16480872402,0.9629083689933531
0.5430000000000004,2.0,3.568304621174246e-05,0.5430000000000004,1.064316951661047,0.4995008822198167,0.1021396295728866,0.0003419366435489717,1.309783583714097e-05,9.582615677565524,26.1063467125887,76348.49088307726,0.9621773220881603
0.5440000000000004,2.0,3.601960358333571e-05,0.5440000000000004,1.06398039429014,0.4995056375004887,0.1025367216348614,0.0003438337022407293,1.319741206684099e-05,9.545745667091788,26.05311560321928,75772.43136270173,0.9614436726552786
0.5450000000000004,2.0,3.635797908037064e-05,0.5450000000000004,1.063642018793795,0.4995104187867871,0.1029345917313315,0.0003457304962298917,1.329736146228257e-05,9.509075467274647,25.99993218282757,75202.88914732896,0.9607074270624635
0.5460000000000004,2.0,3.669817180740661e-05,0.5460000000000004,1.063301826067454,0.4995152260712016,0.1033332343128003,0.0003476269456981342,1.339768349903884e-05,9.472603057417288,25.94679488607662,74639.76888778873,0.9599685917546538
0.5470000000000004,2.0,3.704018078948761e-05,0.5470000000000004,1.06295981708607,0.4995200593451242,0.1037326438316672,0.0003495229705670793,1.349837764629537e-05,9.436326442337595,25.89370217116469,74082.97694756305,0.9592271732544027
0.5480000000000004,2.0,3.738400497195801e-05,0.5480000000000004,1.062615992904301,0.4995249185988467,0.1041328147420271,0.0003514184905209032,1.359944336705216e-05,9.400243652491282,25.84065252055073,73532.42136532842,0.958483178162274
0.5490000000000004,2.0,3.772964322030179e-05,0.5490000000000004,1.062270354656663,0.4995298038215534,0.1045337414994927,0.0003533134250290409,1.370088011833008e-05,9.364352744070688,25.78764444164074,72988.01181846148,0.9577366131571703
0.5500000000000004,2.0,3.807709432000117e-05,0.5500000000000004,1.061922903557672,0.4995347150013233,0.1049354185610374,0.0003552076933689536,1.380268735138098e-05,9.328651799080806,25.73467646743549,72449.65958748233,0.9569874849966347
0.5510000000000004,2.0,3.84263569764209e-05,0.5510000000000004,1.061573640901964,0.4995396521251267,0.1053378403848679,0.0003571012146489738,1.390486451190212e-05,9.293138925392723,25.68174715714105,71917.27752140495,0.9562358005170961
0.5520000000000004,2.0,3.877742981471433e-05,0.5520000000000004,1.061222568064387,0.499544615178821,0.1057410014303135,0.0003589939078311763,1.400741104025404e-05,9.2578122567756,25.62885509674209,71390.78000397308,0.9554815666340735
0.5530000000000004,2.0,3.913031137975102e-05,0.5530000000000004,1.060869686500071,0.4995496041471519,0.1061448961577411,0.0003608856917542651,1.411032637168156e-05,9.222669952908225,25.57599889953909,70870.08292075581,0.9547247903423299
0.5540000000000004,2.0,3.94850001360674e-05,0.5540000000000004,1.060514997744478,0.4995546190137532,0.1065495190284891,0.0003627764851564576,1.42136099365381e-05,9.187710199370686,25.52317720664962,70355.10362707777,0.953965478715989
0.5550000000000004,2.0,3.984149446784116e-05,0.5550000000000004,1.060158503413431,0.4995596597611437,0.1069548645048251,0.0003646662066983547,1.431726116051279e-05,9.152931207616993,25.47038868747531,69845.76091676069,0.953203638908606
0.5560000000000004,2.0,4.019979267888827e-05,0.5560000000000004,1.059800205203115,0.499564726370724,0.1073609270499252,0.0003665547749857707,1.442127946486045e-05,9.118331214929478,25.4176320401345,69341.97499165354,0.9524392781531898
0.5570000000000004,2.0,4.055989299267879e-05,0.5570000000000004,1.059440104890059,0.499569818822785,0.1077677011278664,0.0003684421085924853,1.452566426663319e-05,9.083908484356131,25.364905991861,68843.66743193244,0.9516724037621926
0.5580000000000004,2.0,4.092179355237969e-05,0.5580000000000004,1.059078204331096,0.4995749370964994,0.1081751812036477,0.0003703281260829474,1.463041497891485e-05,9.049661304630911,25.31220929937115,68350.76116714298,0.9509030231274483
0.5590000000000004,2.0,4.128549242091852e-05,0.5590000000000004,1.058714505463299,0.4995800811699243,0.1085833617432245,0.0003722127460348772,1.473553101105735e-05,9.015587990078227,25.25954074919823,67863.18044796711,0.9501311437200745
0.5600000000000004,2.0,4.165098758106605e-05,0.5600000000000004,1.058349010303897,0.4995852510200058,0.1089922372135618,0.0003740958870617442,1.484101176891791e-05,8.98168688050259,25.2068991579959,67380.85081869805,0.9493567730903353
0.5610000000000004,2.0,4.201827693554607e-05,0.5610000000000004,1.057981720950167,0.4995904466225759,0.1094018020827076,0.0003759774678351471,1.49468566550988e-05,8.947956341063312,25.1542833728114,66903.69909039514,0.9485799188674594
0.5620000000000004,2.0,4.238735830716294e-05,0.5620000000000004,1.057612639579302,0.4995956679523541,0.1098120508198826,0.0003778574071070358,1.505306506918744e-05,8.914394762135872,25.10169227132905,66431.65331470792,0.9478005887594194
0.5630000000000004,2.0,4.275822943895267e-05,0.5630000000000004,1.057241768448269,0.4996009149829511,0.1102229778955837,0.0003797356237317829,1.515963640799807e-05,8.881000559159954,25.04912476208454,65964.64275834544,0.9470187905526852
0.5640000000000004,2.0,4.313088799435467e-05,0.5640000000000004,1.056869109893628,0.4996061876868695,0.1106345777817104,0.0003816120366880905,1.52665700658139e-05,8.847772172475258,24.99657978465157,65502.59787817554,0.9462345321119177
0.5650000000000004,2.0,4.350533155740551e-05,0.5650000000000004,1.056494666331341,0.4996114860355054,0.1110468449516984,0.00038348656510071,1.537386543463005e-05,8.814708067145398,24.94405630980065,65045.45029693525,0.9454478213796427
0.5660000000000004,2.0,4.388155763295257e-05,0.5660000000000004,1.056118440256561,0.4996168099991524,0.1114597738806762,0.000385359128261966,1.548152190439672e-05,8.781806732770818,24.89155333963161,64593.13277953651,0.9446586663758849
0.5670000000000004,2.0,4.425956364689028e-05,0.5670000000000004,1.055740434243394,0.4996221595470031,0.1118733590456316,0.0003872296456530787,1.558953886326288e-05,8.74906668329104,24.83906990767986,64145.57920994852,0.9438670751977625
0.5680000000000004,2.0,4.463934694641449e-05,0.5680000000000004,1.055360650944644,0.4996275346471538,0.1122875949255914,0.0003890980369652519,1.569791569781953e-05,8.716486456777188,24.78660507899773,63702.72456864459,0.9430730560190527
0.5690000000000004,2.0,4.502090480030051e-05,0.5690000000000004,1.054979093091537,0.4996329352666046,0.1127024760018209,0.0003909642221205469,1.580665179334337e-05,8.68406461521493,24.73415795021139,63264.50491059268,0.9422766170897161
0.5700000000000004,2.0,4.540423439919707e-05,0.5700000000000004,1.054595763493422,0.4996383613712672,0.113117996758027,0.0003928281212924915,1.591574653403938e-05,8.65179974427899,24.6817276495539,62830.85734378066,0.941477766735395
0.5710000000000004,2.0,4.578933285594331e-05,0.5710000000000004,1.054210665037462,0.4996438129259667,0.1135341516805819,0.0003946896549264486,1.602519930328347e-05,8.619690453099153,24.62931333687557,62401.72000825636,0.9406765133568802
0.5720000000000004,2.0,4.617619720590548e-05,0.5720000000000004,1.053823800688289,0.4996492898944445,0.1139509352587551,0.000396548743759723,1.613500948386454e-05,8.587735374018608,24.57691420363173,61977.03205566926,0.9398728654295339
0.5730000000000004,2.0,4.656482440732937e-05,0.5730000000000004,1.053435173487657,0.4996547922393655,0.1143683419849553,0.0003984053088413744,1.624517645822488e-05,8.555933162345415,24.52452947284934,61556.73362930467,0.9390668315027018
0.5740000000000004,2.0,4.695521134171554e-05,0.5740000000000004,1.053044786554068,0.4996603199223216,0.1147863663549868,0.0004002592715517662,1.635569960870043e-05,8.524282496096953,24.47215839907258,61140.76584458969,0.9382584201990811
0.5750000000000004,2.0,4.734735481421114e-05,0.5750000000000004,1.052652643082372,0.4996658729038367,0.1152050028683123,0.0004021105536218108,1.646657831775939e-05,8.49278207573842,24.41980026828828,60729.0707700633,0.9374476402140597
0.5760000000000004,2.0,4.7741251554022e-05,0.5760000000000004,1.052258746343365,0.4996714511433694,0.1156242460283315,0.0004039590771519216,1.657781196823985e-05,8.461430623915415,24.36745439783221,60321.59140879525,0.9366345003150335
0.5770000000000004,2.0,4.813689821483743e-05,0.5770000000000004,1.051863099683356,0.4996770545993263,0.1160440903426588,0.0004058047646306338,1.668939994358509e-05,8.430226885181769,24.31512013627626,59918.27168024516,0.9358190093406972
0.5780000000000004,2.0,4.853429137528191e-05,0.5780000000000004,1.051465706523722,0.4996826832290566,0.1164645303234215,0.0004076475389529471,1.680134162807883e-05,8.399169625721756,24.26279686329788,59519.05640254197,0.9350011762003005
0.5790000000000004,2.0,4.893342753937408e-05,0.5790000000000004,1.051066570360444,0.4996883369888683,0.116885560487558,0.0004094873234383007,1.691363640707699e-05,8.368257633068767,24.21048398953187,59123.8912751832,0.934181009872886
0.5800000000000004,2.0,4.933430313701061e-05,0.5800000000000004,1.050665694763625,0.4996940158340276,0.1173071753571276,0.0004113240418482528,1.702628366723894e-05,8.33748971581941,24.15818095640568,58732.72286213263,0.9333585194064974
0.5810000000000004,2.0,4.973691452446137e-05,0.5810000000000004,1.050263083376996,0.4996997197187685,0.1177293694596263,0.0004131576184037995,1.713928279675585e-05,8.306864703344443,24.10588723595847,58345.49857531269,0.9325337139173696
0.5820000000000004,2.0,5.014125798488398e-05,0.5820000000000004,1.049858739917399,0.4997054485963002,0.1181521373283099,0.0004149879778023631,1.725263318557749e-05,8.276381445496265,24.0536023306446,57962.16665847622,0.9317066025890892
0.5830000000000004,2.0,5.054732972885382e-05,0.5830000000000004,1.049452668174257,0.4997112024188114,0.1185754735025236,0.000416815045234432,1.736633422563654e-05,8.24603881231367,24.00132577312263,57582.67617145013,0.9308771946717335
0.5840000000000004,2.0,5.09551258949087e-05,0.5840000000000004,1.049044872009034,0.4997169811374781,0.1189993725280383,0.0004186387463998428,1.74803853110706e-05,8.215835693724213,23.94905712602985,57206.97697474006,0.9300454994809957
0.5850000000000004,2.0,5.136464255010894e-05,0.5850000000000004,1.048635355354669,0.4997227847024729,0.1194238289573904,0.0004204590075237042,1.759478583844165e-05,8.18577099924443,23.89679598174318,56835.01971448655,0.9292115263972787
0.5860000000000004,2.0,5.177587569061271e-05,0.5860000000000004,1.048224122215004,0.4997286130629705,0.1198488373502289,0.0004222757553719629,1.770953520695307e-05,8.155843657678234,23.84454196212728,56466.75580776298,0.928375284864775
0.5870000000000004,2.0,5.218882124226684e-05,0.5870000000000004,1.047811176664192,0.4997344661671562,0.1202743922736668,0.0004240889172666067,1.78246328186642e-05,8.126052616813856,23.79229471827002,56102.13742820545,0.9275367843905252
0.5880000000000004,2.0,5.260347506120759e-05,0.5880000000000004,1.047396522846098,0.4997403439622353,0.1207004883026331,0.0004258984211004807,1.794007807870135e-05,8.09639684311982,23.74005393020623,55741.11749196959,0.9266960345434648
0.5890000000000004,2.0,5.301983293448274e-05,0.5890000000000004,1.046980164973671,0.499746246394437,0.1211271200202377,0.0004277041953517642,1.805587039546747e-05,8.066875321439595,23.68781930663004,55383.64964399765,0.9258530449534332
0.5900000000000004,2.0,5.34378905806777e-05,0.5900000000000004,1.046562107328329,0.4997521734090286,0.121554282018128,0.0004295061690980325,1.817200918084706e-05,8.037487054686302,23.63559058459665,55029.68824459876,0.9250078253102011
0.5910000000000004,2.0,5.38576436505624e-05,0.5910000000000004,1.046142354259301,0.4997581249503187,0.1219819688968579,0.0004313042720299745,1.828849385040958e-05,8.00823106353655,23.58336752921374,54679.18835632297,0.924160385362443
0.5920000000000004,2.0,5.42790877277462e-05,0.5920000000000004,1.045720910182977,0.4997641009616698,0.1224101752662547,0.0004330984344647122,1.840532382360913e-05,7.979106386124555,23.53114993332322,54332.10573112908,0.9233107349167222
0.5930000000000004,2.0,5.47022183293474e-05,0.5930000000000004,1.045297779582239,0.4997701013855045,0.1228388957457909,0.0004348885873587477,1.852249852398107e-05,7.950112077736264,23.47893761717393,53988.39679783484,0.922458883836448
0.5940000000000004,2.0,5.512703090667184e-05,0.5940000000000004,1.044872967005781,0.4997761261633171,0.1232681249649555,0.0004366746623205186,1.864001737933527e-05,7.921247210504154,23.42673042808564,53648.01864984429,0.9216048420408255
0.5950000000000004,2.0,5.555352084590638e-05,0.5950000000000004,1.044446477067416,0.4997821752356808,0.1236978575636285,0.0004384565916225815,1.875787982194659e-05,7.892510873102352,23.37452824010474,53310.92903314195,0.9207486195037875
0.5960000000000004,2.0,5.598168346882165e-05,0.5960000000000004,1.044018314445375,0.4997882485422556,0.1241280881924581,0.0004402343082134072,1.887608528874171e-05,7.863902170442874,23.3223309536526,52977.08633455007,0.9198902262529168
0.5970000000000004,2.0,5.641151403348334e-05,0.5970000000000004,1.04358848388159,0.4997943460218028,0.1245588115132339,0.0004420077457287791,1.899463322148224e-05,7.835420223372992,23.27013849516634,52646.44957024159,0.9190296723683562
0.5980000000000004,2.0,5.684300773497786e-05,0.5980000000000004,1.043156990180975,0.4998004676121909,0.1249900221992666,0.0004437768385028261,1.911352306694519e-05,7.807064168373633,23.21795081673306,52318.97837449936,0.9181669679817084
0.5990000000000004,2.0,5.727615970614493e-05,0.5990000000000004,1.042723838210691,0.4998066132504056,0.1254217149357635,0.0004455415215786557,1.92327542770993e-05,7.778833157259416,23.16576789571778,51994.63298871934,0.9173021232749274
0.6000000000000004,2.0,5.771096501832105e-05,0.6000000000000004,1.042289032899403,0.49981278287256,0.1258538844202073,0.0004473017307186132,1.935232630927829e-05,7.750726356880298,23.1135897343855,51673.37425064806,0.9164351484791957
0.6010000000000004,2.0,5.814741868208993e-05,0.6010000000000004,1.041852579236524,0.4998189764139073,0.126286525362731,0.000449057402414143,1.947223862635012e-05,7.722742948825081,23.06141635951769,51355.16358385138,0.9155660538737931
0.6020000000000004,2.0,5.85855156480456e-05,0.6020000000000004,1.041414482271462,0.4998251938088461,0.1267196324864969,0.0004508084738952862,1.959249069688321e-05,7.694882129126674,23.00924782202404,51039.96298740521,0.9146948497849651
0.6030000000000004,2.0,5.902525080755876e-05,0.6030000000000004,1.040974747112846,0.4998314349909361,0.1271532005280687,0.0004525548831397754,1.971308199530847e-05,7.667143107969792,22.95708419654924,50727.73502580624,0.9138215465847774
0.6040000000000004,2.0,5.946661899355608e-05,0.6040000000000004,1.040533378927749,0.4998376998929038,0.1275872242377885,0.0004542965688817696,1.983401200207825e-05,7.639525109400604,22.90492558107595,50418.44281909367,0.9129461546899607
0.6050000000000004,2.0,5.990961498130361e-05,0.6050000000000004,1.040090382940905,0.4998439884466552,0.1280216983801484,0.0004560334706201951,1.995528020382126e-05,7.612027371038958,22.85277209652354,50112.05003317913,0.9120686845607565
0.6060000000000004,2.0,6.035423348919822e-05,0.6060000000000004,1.039645764433918,0.4998503005832872,0.1284566177341616,0.0004577655286267137,2.007688609349379e-05,7.584649143793097,22.80062388634358,49808.52087037864,0.9111891466997565
0.6070000000000004,2.0,6.080046917956563e-05,0.6070000000000004,1.03919952874446,0.4998566362330981,0.1288919770937307,0.0004594926839533186,2.019882917052735e-05,7.557389691577057,22.74848111611225,49507.82006014125,0.9103075516507293
0.6080000000000004,2.0,6.124831665946748e-05,0.6080000000000004,1.038751681265472,0.4998629953255956,0.1293277712680171,0.0004612148784395597,2.032110894097278e-05,7.530248291030547,22.69634397311986,49209.91284996918,0.9094239099974549
0.6090000000000004,2.0,6.169777048150992e-05,0.6090000000000004,1.038302227444346,0.4998693777895117,0.1297639950818021,0.000462932054719391,2.044372491764027e-05,7.503224231242093,22.64421266595799,48914.76499652616,0.9085382323625439
0.6100000000000004,2.0,6.214882514466131e-05,0.6100000000000004,1.037851172782115,0.4998757835528123,0.1302006433758519,0.0004646441562276574,2.056667662023582e-05,7.476316813474841,22.59208742410468,48622.34275692782,0.907650529406263
0.6110000000000004,2.0,6.260147509507353e-05,0.6110000000000004,1.037398522832626,0.4998822125427074,0.1306377110072744,0.0004663511272062121,2.068996357549383e-05,7.449525350895505,22.53996849750767,48332.61288021054,0.9067608118253515
0.6120000000000004,2.0,6.305571472691117e-05,0.6120000000000004,1.036944283201715,0.4998886646856617,0.1310751928498764,0.0004680529127096848,2.081358531730654e-05,7.422849168306314,22.48785615616632,48045.54259897251,0.9058690903518387
0.6130000000000004,2.0,6.351153838318055e-05,0.6130000000000004,1.036488459546376,0.4998951399074081,0.1315130837945168,0.0004697494586108722,2.093754138684881e-05,7.396287601880394,22.43575068971226,47761.09962118644,0.9049753757518592
0.6140000000000004,2.0,6.396894035656584e-05,0.6140000000000004,1.036031057573924,0.4999016381329593,0.1319513787494532,0.0004714407116057855,2.106183133269961e-05,7.369839998900295,22.38365240698935,47479.25212217643,0.9040796788244708
0.6150000000000004,2.0,6.442791489027081e-05,0.6150000000000004,1.035572083041155,0.4999081592866151,0.1323900726406909,0.000473126619218353,2.11864547109602e-05,7.343505717499745,22.33156163563291,47199.96873675513,0.9031820104004641
0.6160000000000004,2.0,6.48884561788606e-05,0.6160000000000004,1.035111541753505,0.4999147032919778,0.1328291604123229,0.0004748071298047591,2.131141108536785e-05,7.317284126408966,22.2794787216486,46923.21855151992,0.9022823813411822
0.6170000000000004,2.0,6.5350558369108e-05,0.6170000000000004,1.0346494395642,0.4999212700719637,0.1332686370268667,0.0004764821925574513,2.143670002740621e-05,7.291174604703475,22.22740402899151,46648.97109730176,0.9013808025373333
0.6180000000000004,2.0,6.581421556084515e-05,0.6180000000000004,1.034185782373408,0.4999278595488106,0.133708497465602,0.0004781517575088086,2.156232111641224e-05,7.265176541556126,22.17533793914523,46377.19634176333,0.900477284907806
0.6190000000000004,2.0,6.627942180781382e-05,0.6190000000000004,1.033720576127389,0.4999344716440925,0.1341487367288955,0.0004798157755344645,2.1688273939679e-05,7.239289335993011,22.1232808507013,46107.86468214449,0.8995718393984936
0.6200000000000004,2.0,6.67461711185194e-05,0.6200000000000004,1.033253826817635,0.4999411062787337,0.1345893498365285,0.0004814741983563053,2.181455809255487e-05,7.213512396652844,22.07123317893973,45840.94693815007,0.8986644769811065
0.6210000000000004,2.0,6.721445745708915e-05,0.6210000000000004,1.032785540480021,0.4999477633730131,0.1350303318280176,0.0004831269785451442,2.194117317853948e-05,7.187845141549799,22.01919535541005,45576.41434497647,0.8977552086520034
0.6220000000000004,2.0,6.768427474412786e-05,0.6220000000000004,1.03231572319394,0.4999544428465842,0.1354716777629292,0.0004847740695230645,2.206811880937562e-05,7.162286997840294,21.96716782751363,45314.23854647506,0.8968440454310107
0.6230000000000004,2.0,6.815561685757958e-05,0.6230000000000004,1.03184438108145,0.4999611446184792,0.1359133827211913,0.000486415425565457,2.219539460513793e-05,7.136837401593156,21.91515105808746,45054.39158844754,0.8959309983602586
0.6240000000000004,2.0,6.862847763358562e-05,0.6240000000000004,1.031371520306409,0.4999678686071265,0.1363554418033995,0.0004880510018027301,2.23230001943176e-05,7.111495797563745,21.8631455249893,44796.84591207206,0.8950160785030096
0.6250000000000004,2.0,6.910285086734577e-05,0.6250000000000004,1.030897147073616,0.4999746147303604,0.1367978501311175,0.0004896807542217189,2.245093521390378e-05,7.086261638971668,21.81115172068473,44541.57434745541,0.8940992969424983
0.6260000000000004,2.0,6.957873031398172e-05,0.6260000000000004,1.030421267627952,0.4999813829054305,0.1372406028471742,0.0004913046396667989,2.25791993094618e-05,7.061134387282153,21.75917015183607,44288.5501073083,0.8931806647807778
0.6270000000000004,2.0,7.005610968939499e-05,0.6270000000000004,1.029943888253512,0.4999881730490183,0.1376836951159522,0.0004929226158406784,2.270779213520712e-05,7.036113511991386,21.70720133889328,44037.74678074307,0.8922601931375598
0.6280000000000004,2.0,7.053498267113148e-05,0.6280000000000004,1.029465015272752,0.4999949850772437,0.1381271221236764,0.0004945346413049238,2.283671335407667e-05,7.011198490415339,21.65524581568751,43789.1383271878,0.8913378931490756
0.6290000000000004,2.0,7.101534289924064e-05,0.6290000000000004,1.028984655045623,0.50000181890568,0.1385708790786903,0.0004961406754801787,2.296596263779636e-05,6.986388807482554,21.60330412902669,43542.69907041669,0.8904137759669326
0.6300000000000004,2.0,7.149718397713485e-05,0.6300000000000004,1.028502813968712,0.5000086744493649,0.1390149612117328,0.0004977406786460993,2.309553966694503e-05,6.961683955530605,21.55137683829399,43298.40369269341,0.8894878527569792
0.6310000000000004,2.0,7.198049947245026e-05,0.6310000000000004,1.028019498474382,0.5000155516228123,0.1394593637762067,0.0004993346119410258,2.322544413101581e-05,6.937083434106265,21.49946451504892,43056.22722902319,0.8885601346981753
0.6320000000000005,2.0,7.246528291790288e-05,0.6320000000000005,1.027534715029918,0.5000224503400234,0.1399040820484412,0.0005009224373613657,2.335567572847328e-05,6.912586749769535,21.44756774263153,42816.14506151427,0.8876306329814769
0.6330000000000005,2.0,7.295152781214592e-05,0.6330000000000005,1.027048470136667,0.5000293705144984,0.1403491113279506,0.000502504117760715,2.348623416680807e-05,6.888193415901258,21.39568711576925,42578.13291384322,0.8866993588087163
0.6340000000000005,2.0,7.343922762062306e-05,0.6340000000000005,1.026560770329185,0.5000363120592499,0.1407944469376838,0.0005040796168487167,2.361711916258783e-05,6.86390295251463,21.34382324018738,42342.16684582396,0.8857663233915012
0.6350000000000005,2.0,7.392837577642193e-05,0.6350000000000005,1.026071622174384,0.5000432748868129,0.1412400842242735,0.0005056488991896644,2.374833044150539e-05,6.839714886070277,21.29197673222252,42108.2232480765,0.8848315379501105
0.6360000000000005,2.0,7.441896568112493e-05,0.6360000000000005,1.025581032270682,0.5000502589092539,0.141686018558275,0.0005072119302008534,2.387986773842363e-05,6.815628749295038,21.24014821843966,41876.27883679445,0.883895013712407
0.6370000000000005,2.0,7.491099070565369e-05,0.6370000000000005,1.025089007247157,0.5000572640381894,0.1421322453343983,0.0005087686761506748,2.40117307974169e-05,6.791644081004645,21.18833833525264,41646.31064860917,0.8829567619127587
0.6380000000000005,2.0,7.540444419111706e-05,0.6380000000000005,1.0245955537627,0.5000642901847916,0.1425787599717405,0.0005103191041564865,2.41439193718102e-05,6.767760425929723,21.13654772854823,41418.29603554647,0.8820167937909595
0.6390000000000005,2.0,7.589931944965241e-05,0.6390000000000005,1.024100678505174,0.5000713372598005,0.1430255579140056,0.0005118631821822381,2.427643322421483e-05,6.74397733454563,21.08477705331416,41192.21266007634,0.8810751205911684
0.6400000000000005,2.0,7.639560976526327e-05,0.6400000000000005,1.023604388190576,0.5000784051735376,0.1434726346297223,0.0005134008790358653,2.440927212656112e-05,6.720294362905933,21.03302697327073,40968.03849025236,0.8801317535608538
0.6410000000000005,2.0,7.689330839465442e-05,0.6410000000000005,1.023106689562199,0.5000854938359177,0.1439199856124518,0.0005149321643664581,2.454243586012832e-05,6.696711072479377,20.98129816050646,40745.75179493905,0.8791867039497472
0.6420000000000005,2.0,7.739240856806632e-05,0.6420000000000005,1.022607589389806,0.500092603156455,0.1443676063809967,0.0005164570086612247,2.467592421557211e-05,6.673227029990343,20.92959129511781,40525.33113912447,0.8782399830088092
0.6430000000000005,2.0,7.789290349009892e-05,0.6430000000000005,1.022107094468794,0.5000997330442823,0.144815492479596,0.000517975383242216,2.480973699294834e-05,6.649841807263106,20.8779070648528,40306.75537931859,0.877291601989198
0.6440000000000005,2.0,7.839478634053833e-05,0.6440000000000005,1.021605211619379,0.5001068834081561,0.1452636394781182,0.0005194872602628654,2.494387400173505e-05,6.626554981069272,20.82624616475896,40090.00365903234,0.8763415721412608
0.6450000000000005,2.0,7.889805027517584e-05,0.6450000000000005,1.021101947685768,0.5001140541564706,0.1457120429722492,0.0005209926127043148,2.507833506085122e-05,6.603366132978855,20.77460929683547,39875.05540433821,0.8753899047135187
0.6460000000000005,2.0,7.940268842662156e-05,0.6460000000000005,1.020597309535351,0.5001212451972691,0.1461606985836704,0.000522491414371539,2.521311999867286e-05,6.580274849214796,20.72299716968949,39661.89031950972,0.8744366109516807
0.6470000000000005,2.0,7.990869390511882e-05,0.6470000000000005,1.020091304057886,0.5001284564382515,0.1466096019602358,0.0005239836398892973,2.534822865304715e-05,6.557280720510693,20.67141049819701,39450.48838273708,0.8734817020976502
0.6480000000000005,2.0,8.041605979934497e-05,0.6480000000000005,1.019583938164695,0.5001356877867925,0.1470587487761371,0.0005254692646978672,2.548366087130297e-05,6.534383341972201,20.61985000316794,39240.8298419202,0.8725251893885578
0.6490000000000005,2.0,8.092477917721625e-05,0.6490000000000005,1.019075218787862,0.5001429391499449,0.1475081347320695,0.0005269482650486288,2.561941651025994e-05,6.511582312941418,20.56831641101581,39032.89521053396,0.8715670840557925
0.6500000000000005,2.0,8.143484508668204e-05,0.6500000000000005,1.018565152879437,0.5001502104344551,0.1479577555553847,0.0005284206179994535,2.575549543623456e-05,6.488877236864782,20.51681045343185,38826.66526356673,0.8706073973240523
0.6510000000000005,2.0,8.194625055651573e-05,0.6510000000000005,1.018053747410646,0.5001575015467721,0.1484076070002436,0.0005298863014099282,2.589189752504403e-05,6.466267721164092,20.46533286706367,38622.12103352975,0.8696461404104023
0.6520000000000005,2.0,8.245898859709933e-05,0.6520000000000005,1.017541009371108,0.5001648123930611,0.1488576848477594,0.0005313452939364145,2.602862266200779e-05,6.443753377110832,20.41388439319854,38419.2438065358,0.8686833245233485
0.6530000000000005,2.0,8.297305220120478e-05,0.6530000000000005,1.017026945768052,0.5001721428792089,0.1493079849061381,0.000532797575026951,2.616567074194679e-05,6.421333819703505,20.36246577745132,38218.0151184459,0.867718960861914
0.6540000000000005,2.0,8.348843434476482e-05,0.6540000000000005,1.016511563625543,0.500179492910841,0.1497585030108076,0.0005342431249159879,2.630304166918036e-05,6.399008667548286,20.3110777694569,38018.41675108296,0.8667530606147354
0.6550000000000005,2.0,8.400512798764497e-05,0.6550000000000005,1.015994869983717,0.5001868623933254,0.1502092350245478,0.0005356819246189952,2.644073535752142e-05,6.376777542742523,20.25972112256754,37820.43072850985,0.865785634959169
0.6560000000000005,2.0,8.452312607440132e-05,0.6560000000000005,1.015476871898017,0.5001942512317908,0.1506601768376086,0.0005371139559268982,2.657875173026872e-05,6.354640070761525,20.20839659355469,37624.03931337259,0.8648166950604084
0.6570000000000005,2.0,8.504242153504117e-05,0.6570000000000005,1.014957576438437,0.5002016593311284,0.1511113243678281,0.0005385392014004026,2.671709072019824e-05,6.332595880348038,20.15710494231562,37429.22500330456,0.8638462520706089
0.6580000000000005,2.0,8.55630072857679e-05,0.6580000000000005,1.014436990688772,0.5002090865960102,0.1515626735607385,0.0005399576443641575,2.685575226955103e-05,6.310644603405027,20.10584693158493,37235.97052739413,0.8628743171280335
0.6590000000000005,2.0,8.608487622972807e-05,0.6590000000000005,1.013915121745876,0.5002165329308942,0.1520142203896716,0.0005413692689008133,2.699473633002066e-05,6.288785874891028,20.05462332665054,37044.25884271026,0.8619009013562043
0.6600000000000005,2.0,8.660802125774697e-05,0.6600000000000005,1.013391976718925,0.5002239982400358,0.1524659608558572,0.0005427740598449393,2.713404286273769e-05,6.267019332718529,20.00343489507468,36854.07313088857,0.8609260158630678
0.6610000000000005,2.0,8.713243524905886e-05,0.6610000000000005,1.012867562728683,0.5002314824274989,0.1529178909885124,0.0005441720027768298,2.727367183825277e-05,6.245344617655164,19.9522824064195,36665.39679477432,0.8599496717401706
0.6620000000000005,2.0,8.765811107203013e-05,0.6620000000000005,1.012341886906784,0.5002389853971653,0.153370006844932,0.0005455630840161903,2.741362323651763e-05,6.223761373227653,19.90116663197759,36478.21345512263,0.858971880061852
0.6630000000000005,2.0,8.818504158487882e-05,0.6630000000000005,1.01181495639501,0.5002465070527425,0.1538223045105672,0.0005469472906157239,2.7553897046865e-05,6.20226924562834,19.85008834450711,36292.50694735309,0.8579926518844428
0.6640000000000005,2.0,8.871321963638117e-05,0.6640000000000005,1.011286778344585,0.5002540472977769,0.1542747800991005,0.0005483246103545966,2.769449326798576e-05,6.180867883624658,19.79904831797187,36108.2613183603,0.8570119982454845
0.6650000000000005,2.0,8.92426380665765e-05,0.6650000000000005,1.01075735991547,0.5002616060356628,0.154727429752518,0.0005496950317318194,2.783541190790547e-05,6.15955693847105,19.74804732728607,35925.4608233763,0.856029930162952
0.6660000000000005,2.0,8.97732897074627e-05,0.6660000000000005,1.010226708275666,0.5002691831696506,0.1551802496411723,0.0005510585439595199,2.797665298395857e-05,6.138336063823465,19.69708614806387,35744.08992288629,0.8550464586344937
0.6670000000000005,2.0,9.030516738368681e-05,0.6670000000000005,1.009694830600527,0.500276778602856,0.1556332359638431,0.000552415136956139,2.81182165227619e-05,6.117204915656433,19.64616555637357,35564.13327959449,0.8540615946366839
0.6680000000000005,2.0,9.083826391322356e-05,0.6680000000000005,1.009161734072077,0.5002843922382716,0.1560863849477898,0.0005537648013395213,2.82601025601854e-05,6.096163152182723,19.59528632849691,35385.57575544198,0.8530753491242873
0.6690000000000005,2.0,9.13725721080534e-05,0.6690000000000005,1.008627425878338,0.5002920239787741,0.1565396928488023,0.0005551075284199453,2.840231114132302e-05,6.075210433775256,19.54444924069259,35208.40240867168,0.8520877330295358
0.6700000000000005,2.0,9.190808477482612e-05,0.6700000000000005,1.008091913212658,0.5002996737271356,0.1569931559512429,0.0005564433101930531,2.854484232046063e-05,6.054346422891628,19.49365506896497,35032.59849094388,0.851098757261415
0.6710000000000005,2.0,9.244479471552284e-05,0.6710000000000005,1.007555203273056,0.5003073413860307,0.1574467705680851,0.0005577721393327254,2.86876961610438e-05,6.033570784000814,19.44290458883718,34858.14944449743,0.8501084327049708
0.6720000000000005,2.0,9.298269472810726e-05,0.6720000000000005,1.007017303261568,0.5003150268580477,0.1579005330409478,0.0005590940091838773,2.883087273564373e-05,6.012883183512298,19.39219857512905,34685.04089935841,0.8491167702206202
0.6730000000000005,2.0,9.352177760717166e-05,0.6730000000000005,1.006478220383604,0.5003227300456936,0.158354439740125,0.0005604089137551954,2.897437212592208e-05,5.992283289707378,19.34153780173972,34513.25867059409,0.848123780643479
0.6740000000000005,2.0,9.406203614457157e-05,0.6740000000000005,1.005937961847306,0.5003304508514084,0.158808487064606,0.0005617168477118019,2.911819442259438e-05,5.97177077267281,19.29092304143472,34342.78875561206,0.8471294747827001
0.6750000000000005,2.0,9.46034631300567e-05,0.6750000000000005,1.005396534862925,0.5003381891775704,0.1592626714420968,0.0005630178063678755,2.926233972539259e-05,5.951345304236526,19.24035506563794,34173.61733150283,0.8461338634208282
0.6760000000000005,2.0,9.514605135189375e-05,0.6760000000000005,1.004853946642195,0.5003459449265051,0.1597169893290345,0.0005643117856792168,2.940680814302669e-05,5.931006557905484,19.1898346442279,34005.73075242552,0.8451369573131606
0.6770000000000005,2.0,9.568979359747891e-05,0.6770000000000005,1.004310204397719,0.5003537180004931,0.1601714372105942,0.0005655987822357563,2.955159979314458e-05,5.910754208805684,19.1393625453389,33839.11554703653,0.8441387671871248
0.6780000000000005,2.0,9.623468265394435e-05,0.6780000000000005,1.003765315342365,0.5003615083017818,0.1606260116006958,0.0005668787932540225,2.969671480229152e-05,5.890587933624176,19.08893953516636,33673.75841595906,0.8431393037416691
0.6790000000000005,2.0,9.678071130875807e-05,0.6790000000000005,1.003219286688665,0.5003693157325894,0.1610807090420033,0.0005681518165695733,2.984215330586857e-05,5.870507410553031,19.0385663777769,33509.64622929359,0.8421385776466616
0.6800000000000005,2.0,9.732787235031292e-05,0.6800000000000005,1.002672125648226,0.5003771401951167,0.1615355261059195,0.000569417850629379,2.998791544808979e-05,5.85051231923538,18.98824383492286,33346.76602416855,0.8411365995423066
0.6810000000000005,2.0,9.787615856851174e-05,0.6810000000000005,1.002123839431146,0.5003849815915523,0.1619904593925789,0.0005706768944841825,3.013400138193901e-05,5.830602340713198,18.93797266586113,33185.10500232989,0.8401333800385671
0.6820000000000005,2.0,9.842556275534045e-05,0.6820000000000005,1.001574435245439,0.5003928398240826,0.1624455055308329,0.0005719289477808194,3.02804112691252e-05,5.810777157377159,18.88775362717662,33024.65052776973,0.8391289297146061
0.6830000000000005,2.0,9.897607770543632e-05,0.6830000000000005,1.001023920296466,0.5004007147949,0.1629006611782327,0.0005731740107545158,3.042714528003775e-05,5.791036452918163,18.83758747260974,32865.39012439222,0.8381232591182333
0.6840000000000005,2.0,9.952769621664775e-05,0.6840000000000005,1.00047230178638,0.5004086064062075,0.1633559230210079,0.0005744120842211634,3.057420359370032e-05,5.771379912280695,18.78747495288867,32707.3114737172,0.837116378765372
0.6850000000000005,2.0,0.0001000804110905843,0.6850000000000005,0.9999195869135707,0.5004165145602315,0.1638112877740396,0.0005756431695695674,3.072158639772442e-05,5.751807221617991,18.73741681556542,32550.40241261991,0.8361082991395311
0.6860000000000005,2.0,0.0001006342151331615,0.6860000000000005,0.9993657828721233,0.500424439159225,0.1642667521808316,0.0005768672687536859,3.086929388826211e-05,5.732318068248819,18.68741380485663,32394.65093110681,0.8350990306912918
0.6870000000000005,2.0,0.000101189101155137,0.6870000000000005,0.9988108968512794,0.500432380105475,0.164722313013475,0.0005780843842848511,3.101732626995838e-05,5.712912140615952,18.63746666148819,32240.0451701262,0.8340885838378045
0.6880000000000005,2.0,0.0001017450619726368,0.6880000000000005,0.9982549360349138,0.5004403373013148,0.1651779670726123,0.0005792945192239781,3.116568375590251e-05,5.693589128246328,18.58757612254423,32086.57341941387,0.8330769689623014
0.6890000000000005,2.0,0.0001023020904076766,0.6890000000000005,0.9976979076010107,0.5004483106491249,0.165633711187393,0.0005804976771737681,3.131436656757925e-05,5.674348721712703,18.5377429213202,31934.22411537238,0.8320641964136177
0.6900000000000005,2.0,0.0001028601792886709,0.6900000000000005,0.9971398187211546,0.5004563000513466,0.166089542215428,0.0005816938622709016,3.146337493481886e-05,5.65519061259697,18.48796778718012,31782.98583898425,0.8310502765057266
0.6910000000000005,2.0,0.000103419321450942,0.6910000000000005,0.9965806765600239,0.5004643054104818,0.1665454570427443,0.0005828830791782437,3.161270909574801e-05,5.636114493454787,18.43825144541766,31632.84731375656,0.8300352195172797
0.6920000000000005,2.0,0.0001039795097372122,0.6920000000000005,0.996020488274897,0.5004723266291057,0.1670014525837267,0.0005840653330770333,3.176236929673882e-05,5.617120057781889,18.3885946171214,31483.79740369918,0.8290190356911703
0.6930000000000005,2.0,0.0001045407369980924,0.6930000000000005,0.9954592610151616,0.5004803636098721,0.1674575257810641,0.0005852406296590806,3.191235579235787e-05,5.598206999981768,18.33899801904407,31335.82511133423,0.8280017352340975
0.6940000000000005,2.0,0.0001051029960925643,0.6940000000000005,0.9948970019218363,0.5004884162555193,0.1679136736056885,0.000586408975118981,3.206266884531575e-05,5.579375015334649,18.2894623634755,31188.91957573572,0.8269833283161477
0.6950000000000005,2.0,0.0001056662798884521,0.6950000000000005,0.9943337181270978,0.5004964844688755,0.168369893056713,0.0005875703761463243,3.221330872641492e-05,5.560623799967936,18.23998835811971,31043.07007060097,0.8259638250703848
0.6960000000000005,2.0,0.0001062305812628861,0.6960000000000005,0.9937694167538148,0.5005045681528701,0.1688261811613621,0.0005887248399179212,3.236427571449827e-05,5.541953050828002,18.19057670597552,30898.26600235113,0.8249432355924526
0.6970000000000005,2.0,0.0001067958931027612,0.6970000000000005,0.993204104915093,0.5005126672105347,0.169282534974903,0.0005898723740900456,3.251557009639691e-05,5.523362465653141,18.1412281052212,30754.49690826153,0.8239215699401901
0.6980000000000005,2.0,0.0001073622083051858,0.6980000000000005,0.992637789713824,0.5005207815450121,0.1697389515805744,0.0005910129867906906,3.266719216687821e-05,5.50485174294788,18.09194324910263,30611.7524546207,0.8228988381332496
0.6990000000000005,2.0,0.0001079295197779218,0.6990000000000005,0.9920704782422446,0.5005289110595625,0.1701954280895047,0.000592146686611841,3.281914222859292e-05,5.486420581958511,18.04272282582532,30470.02243491828,0.8218750501527399
0.7000000000000005,2.0,0.0001084978204398202,0.7000000000000005,0.9915021775815059,0.5005370556575686,0.1706519616406375,0.0005932734826017732,3.297142059202276e-05,5.468068682649741,17.99356751844997,30329.29676806052,0.8208502159408684
0.7010000000000005,2.0,0.0001090671032212455,0.7010000000000005,0.9909328948012416,0.5005452152425424,0.1711085494006466,0.0005943933842573697,3.312402757542778e-05,5.449795745682549,17.94447800479146,30189.56549661324,0.819824345400595
0.7020000000000005,2.0,0.0001096373610644942,0.7020000000000005,0.990362636959156,0.5005533897181309,0.1715651885638502,0.0005955064015164655,3.327696350479315e-05,5.431601472393168,17.89545495732175,30050.8187850722,0.8187974483953059
0.7030000000000005,2.0,0.0001102085869242066,0.7030000000000005,0.9897914111006091,0.5005615789881213,0.1720218763521235,0.0005966125447502209,3.343022871377662e-05,5.41348556477311,17.84649904307584,29913.04691815941,0.8177695347484856
0.7040000000000005,2.0,0.0001107807737677678,0.7040000000000005,0.9892192242582158,0.5005697829564479,0.1724786100148072,0.0005977118247555182,3.358382354365513e-05,5.395447725450325,17.7976109235615,29776.24029914624,0.8167406142434086
0.7050000000000005,2.0,0.0001113539145757043,0.7050000000000005,0.9886460834514479,0.5005780015271972,0.1729353868286114,0.0005988042527473963,3.373774834327211e-05,5.377487657671299,17.74879125467211,29640.38944820149,0.8157106966228365
0.7060000000000005,2.0,0.0001119280023420724,0.7060000000000005,0.9880719956862516,0.5005862346046117,0.1733922040975242,0.0005998898403515165,3.389200346898428e-05,5.359605065284201,17.70004068660314,29505.48500076526,0.8146797915887274
0.7070000000000005,2.0,0.000112503030074837,0.7070000000000005,0.9874969679546594,0.5005944820930985,0.1738490591527066,0.0006009685995966585,3.404658928460878e-05,5.341799652723011,17.65135986377156,29371.51770594723,0.8136479088019528
0.7080000000000005,2.0,0.0001130789907962467,0.7080000000000005,0.9869210072344247,0.500602743897231,0.1743059493523943,0.0006020405429072627,3.420150616137029e-05,5.324071124992511,17.60274942473884,29238.47842494942,0.8126150578820304
0.7090000000000005,2.0,0.0001136558775431972,0.7090000000000005,0.9863441204886516,0.5006110199217573,0.1747628720817935,0.0006031056830959997,3.43567544778481e-05,5.306419187654296,17.55421000213681,29106.35812951311,0.8115812484068581
0.7100000000000005,2.0,0.0001142336833675911,0.7100000000000005,0.9857663146654358,0.5006193100716019,0.1752198247529714,0.0006041640333563894,3.451233461992351e-05,5.288843546813562,17.50574222259695,28975.14790038902,0.8105464899124645
0.7110000000000005,2.0,0.0001148124013366874,0.7110000000000005,0.9851875966975202,0.5006276142518752,0.1756768048047519,0.0006052156072554552,3.466824698072709e-05,5.271343909106844,17.4573467066826,28844.83892583101,0.8095107918927683
0.7120000000000005,2.0,0.0001153920245334466,0.7120000000000005,0.9846079735019428,0.5006359323678736,0.1761338097026002,0.0006062604187264247,3.482449196058648e-05,5.25391998169045,17.40902406882419,28715.42250011216,0.8084741637993427
0.7130000000000005,2.0,0.0001159725460568666,0.7130000000000005,0.984027451979708,0.5006442643250867,0.1765908369385128,0.0006072984820614756,3.498106996697408e-05,5.236571472229829,17.36077491725757,28586.8900220636,0.8074366150411951
0.7140000000000005,2.0,0.0001165539590223101,0.7140000000000005,0.9834460390154502,0.5006526100292037,0.1770478840308989,0.0006083298119045208,3.51379814144548e-05,5.219298088889684,17.31259985396516,28459.23299363541,0.8063981549845514
0.7150000000000005,2.0,0.0001171362565618309,0.7150000000000005,0.9828637414771179,0.5006609693861125,0.1775049485244662,0.0006093544232440562,3.529522672463468e-05,5.202099540324715,17.2644994746202,28332.44301847874,0.8053587929526517
0.7160000000000005,2.0,0.0001177194318244839,0.7160000000000005,0.982280566215654,0.5006693423019108,0.1779620279900984,0.0006103723314060328,3.545280632610877e-05,5.184975535671273,17.21647436853347,28206.51180054998,0.8043185382255555
0.7170000000000005,2.0,0.0001183034779766388,0.7170000000000005,0.9816965200646914,0.5006777286829046,0.1784191200247372,0.0006113835520468107,3.561072065441064e-05,5.167925784539523,17.1685251186032,28081.43114273491,0.8032774000399543
0.7180000000000005,2.0,0.0001188883882022741,0.7180000000000005,0.9811116098402485,0.5006861284356188,0.1788762222512535,0.0006123881011461272,3.576897015196016e-05,5.150949997006538,17.12065230126756,27957.19294549495,0.8022353875889949
0.7190000000000005,2.0,0.0001194741557032798,0.7190000000000005,0.980525842340438,0.5006945414667936,0.1793333323183295,0.0006133859950001538,3.592755526801422e-05,5.134047883609635,17.07285648645964,27833.78920553176,0.8011925100221086
0.7200000000000005,2.0,0.0001200607736997372,0.7200000000000005,0.9799392243451767,0.5007029676833962,0.1797904479003253,0.0006143772502145774,3.608647645861522e-05,5.117219155340849,17.02513823756551,27711.21201447369,0.8001487764448514
0.7210000000000005,2.0,0.0001206482354302055,0.7210000000000005,0.9793517626159067,0.5007114069926183,0.1802475666971556,0.0006153618836977543,3.624573418654162e-05,5.10046352364155,16.97749811138448,27589.45355758056,0.7991041959187511
0.7220000000000005,2.0,0.0001212365341519908,0.7220000000000005,0.9787634638953219,0.5007198593018864,0.1807046864341544,0.000616339912653908,3.640532892125791e-05,5.083780700398003,16.92993665809219,27468.50611246852,0.7980587774611675
0.7230000000000005,2.0,0.000121825663141417,0.7230000000000005,0.9781743349070977,0.5007283245188597,0.1811618048619477,0.0006173113545763917,3.656526113886569e-05,5.06717039793722,16.88245442120591,27348.36204785332,0.79701253004515
0.7240000000000005,2.0,0.0001224156156940836,0.7240000000000005,0.9775843823556336,0.5007368025514396,0.1816189197563164,0.0006182762272410013,3.672553132205426e-05,5.050632329023578,16.83505193755268,27229.01382231287,0.7959654625993172
0.7250000000000005,2.0,0.0001230063851251243,0.7250000000000005,0.976993612925799,0.5007452933077652,0.1820760289180658,0.0006192345486993551,3.688613996005279e-05,5.034166206855707,16.78772973723946,27110.45398306754,0.7949175840077332
0.7260000000000005,2.0,0.000123597964769449,0.7260000000000005,0.9764020332826808,0.5007537966962269,0.1825331301728861,0.0006201863372723194,3.704708754858157e-05,5.017771745064195,16.74048834362594,26992.67516477924,0.7938689031097947
0.7270000000000005,2.0,0.0001241903479819889,0.7270000000000005,0.975809650071349,0.5007623126254628,0.1829902213712146,0.0006211316115435043,3.72083745898047e-05,5.001448657709496,16.69332827329947,26875.67008836783,0.7928194287001344
0.7280000000000005,2.0,0.0001247835281379311,0.7280000000000005,0.975216469916618,0.5007708410043624,0.1834473003880996,0.00062207039035282,3.737000159228281e-05,4.985196659280432,16.64625003605251,26759.43155984526,0.7917691695285185
0.7290000000000005,2.0,0.0001253774986329443,0.7290000000000005,0.9746224994228155,0.5007793817420767,0.1839043651230588,0.000623002692790081,3.753196907092643e-05,4.969015464693183,16.59925413486181,26643.95246916674,0.7907181342997567
0.7300000000000005,2.0,0.0001259722528834061,0.7300000000000005,0.9740277451735669,0.5007879347480108,0.1843614134999367,0.0006239285381886936,3.769427754694961e-05,4.952904789290539,16.55234106587048,26529.22578909924,0.7896663316736302
0.7310000000000005,2.0,0.0001265677843266159,0.7310000000000005,0.9734322137315724,0.5007964999318356,0.1848184434667656,0.0006248479461193836,3.785692754782444e-05,4.936864348841723,16.50551131837143,26415.24457410617,0.7886137702648068
0.7320000000000005,2.0,0.0001271640864210051,0.7320000000000005,0.9728359116383994,0.500805077203487,0.1852754529956187,0.000625760936384,3.801991960723534e-05,4.920893859542574,16.45876537479356,26302.00195924917,0.7875604586427807
0.7330000000000005,2.0,0.0001277611526463433,0.7330000000000005,0.9722388454142794,0.5008136664731695,0.1857324400824673,0.0006266675290093791,3.818325426503478e-05,4.904993038016014,16.41210371068953,26189.49115910535,0.786506405331812
0.7340000000000005,2.0,0.0001283589765039336,0.7340000000000005,0.9716410215579085,0.5008222676513608,0.1861894027470341,0.0006275677442412679,3.834693206719862e-05,4.889161601313025,16.36552679472577,26077.70546670107,0.7854516188108744
0.7350000000000005,2.0,0.000128957551516809,0.7350000000000005,0.9710424465462544,0.5008308806488111,0.1866463390326496,0.0006284616025383211,3.851095356578311e-05,4.873399266913768,16.3190350886743,25966.63825246066,0.7843961075136048
0.7360000000000005,2.0,0.0001295568712299152,0.7360000000000005,0.9704431268343714,0.5008395053765485,0.1871032470061008,0.0006293491245661499,3.867531931888101e-05,4.857705752729245,16.27262904740663,25856.28296317148,0.7833398798282706
0.7370000000000005,2.0,0.0001301569292102924,0.7370000000000005,0.9698430688552175,0.500848141745882,0.1875601247574848,0.0006302303311914459,3.884002989057951e-05,4.842080777103159,16.22630911888936,25746.63312096332,0.7822829440977328
0.7380000000000005,2.0,0.0001307577190472529,0.7380000000000005,0.9692422790194828,0.5008567896684015,0.1880169704000623,0.000631105243476169,3.900508585091835e-05,4.826524058814011,16.1800757441817,25637.68232230299,0.7812253086194205
0.7390000000000005,2.0,0.000131359234352547,0.7390000000000005,0.9686407637154159,0.5008654490559814,0.1884737820701026,0.0006319738826717922,3.91704877758478e-05,4.811035317077642,16.13392935743481,25529.42423700406,0.7801669816453133
0.7400000000000005,2.0,0.0001319614687605278,0.7400000000000005,0.9680385293086636,0.5008741198207862,0.1889305579267369,0.0006328362702136216,3.93362362471883e-05,4.795614271549962,16.08787038589275,25421.85260725036,0.7791079713819267
0.7410000000000005,2.0,0.0001325644159283124,0.7410000000000005,0.9674355821421093,0.5008828018752669,0.1893872961518072,0.000633692427715181,3.950233185259039e-05,4.780260642329835,16.0418992498952,25314.96124663396,0.7780482859903022
0.7420000000000005,2.0,0.0001331680695359315,0.7420000000000005,0.9668319285357215,0.5008914951321689,0.189843994949712,0.0006345423769626566,3.966877518549468e-05,4.764974149962406,15.9960163628819,25208.74403920746,0.7769879335860095
0.7430000000000005,2.0,0.0001337724232864793,0.7430000000000005,0.9662275747864059,0.5009001995045288,0.1903006525472566,0.0006353861399094147,3.983556684509297e-05,4.749754515442492,15.95022213139871,25103.1949385498,0.7759269222391493
0.7440000000000005,2.0,0.0001343774709062548,0.7440000000000005,0.9656225271678651,0.5009089149056822,0.1907572671934984,0.0006362237386705821,4.000270743628987e-05,4.7346014602183,15.90451695510512,24998.30796684563,0.7748652599743667
0.7450000000000006,2.0,0.000134983206144899,0.7450000000000006,0.9650167919304565,0.5009176412492619,0.1912138371595956,0.0006370551955176921,4.017019756966507e-05,4.719514706195271,15.85890122678338,24894.07721397816,0.7738029547708609
0.7460000000000006,2.0,0.0001355896227755286,0.7460000000000006,0.9644103753010641,0.5009263784491998,0.1916703607386498,0.0006378805328734022,4.033803786143621e-05,4.70449397574014,15.81337533234917,24790.49683663507,0.7727400145624144
0.7470000000000006,2.0,0.0001361967145948606,0.7470000000000006,0.9638032834829706,0.5009351264197319,0.1921268362455565,0.0006386997733062731,4.050622893342222e-05,4.689538991685247,15.76793965086376,24687.56105742756,0.7716764472374141
0.7480000000000006,2.0,0.000136804475423336,0.7480000000000006,0.9631955226557349,0.5009438850753966,0.1925832620168458,0.0006395129395256172,4.067477141300751e-05,4.67464947733291,15.72259455454752,24585.264164022,0.7706122606388891
0.7490000000000006,2.0,0.0001374128991052364,0.7490000000000006,0.962587098975076,0.5009526543310389,0.1930396364105308,0.0006403200543764105,4.084366593310692e-05,4.659825156460013,15.67734040879475,24483.60050828404,0.7695474625645452
0.7500000000000006,2.0,0.0001380219795087961,0.7500000000000006,0.9619780185727581,0.5009614341018108,0.1934959578059506,0.0006411211408342773,4.101291313213102e-05,4.64506575332277,15.63217757219005,24382.56450543532,0.7684820607668075
0.7510000000000006,2.0,0.0001386317105263099,0.7510000000000006,0.9613682875564884,0.5009702243031732,0.1939522246036157,0.0006419162220005342,4.118251365395212e-05,4.630370992661556,15.58710639652595,24282.15063322231,0.7674160629528727
0.7520000000000006,2.0,0.0001392420860742358,0.7520000000000006,0.9607579120098081,0.5009790248508972,0.1944084352250516,0.0006427053210973074,4.135246814787137e-05,4.615740599705949,15.54212722682167,24182.35343109684,0.7663494767847565
0.7530000000000006,2.0,0.0001398531000932911,0.7530000000000006,0.9601468979919985,0.5009878356610682,0.1948645881126424,0.000643488461462706,4.152277726858564e-05,4.601174300179862,15.49724040134334,24083.16749940899,0.7652823098793561
0.7540000000000006,2.0,0.00014046474654855,0.7540000000000006,0.9595352515379881,0.5009966566500815,0.1953206817294775,0.0006442656665460784,4.169344167615617e-05,4.586671820306711,15.45244625162532,23984.58749861095,0.7642145698085107
0.7550000000000006,2.0,0.0001410770194295278,0.7550000000000006,0.9589229786582592,0.5010054877346501,0.1957767145591894,0.0006450369599033161,4.186446203597706e-05,4.57223288681484,15.40774510249268,23886.6081484728,0.7631462640990697
0.7560000000000006,2.0,0.0001416899127502677,0.7560000000000006,0.9583100853387694,0.5010143288318032,0.1962326851058038,0.0006458023651922353,4.203583901874456e-05,4.557857226942919,15.3631372720849,23789.2242273095,0.7620774002329656
0.7570000000000006,2.0,0.0001423034205494217,0.7570000000000006,0.9576965775408668,0.5010231798588856,0.1966885918935803,0.0006465619061680224,4.220757330042772e-05,4.543544568445426,15.31862307188057,23692.43057121852,0.7610079856472864
0.7580000000000006,2.0,0.0001429175368903243,0.7580000000000006,0.9570824612012172,0.5010320407335618,0.1971444334668542,0.0006473156066787413,4.23796655622387e-05,4.529294639598286,15.2742028067233,23596.22207332906,0.759938027734363
0.7590000000000006,2.0,0.0001435322558610648,0.7590000000000006,0.956467742231731,0.5010409113738163,0.1976002083898845,0.0006480634906609082,4.25521164906044e-05,4.515107169204533,15.2298767748486,23500.59368306162,0.7588675338418465
0.7600000000000006,2.0,0.0001441475715745537,0.7600000000000006,0.9558524265194965,0.5010497916979556,0.1980559152466923,0.0006488055821351318,4.272492677713882e-05,4.500981886600028,15.1856452679117,23405.54040539815,0.7577965112728042
0.7610000000000006,2.0,0.0001447634781685892,0.7610000000000006,0.9552365199267183,0.5010586816246042,0.1985115526409093,0.0006495419052018232,4.289809711861594e-05,4.486918521659207,15.14150857101654,23311.05730016269,0.756724967285809
0.7620000000000006,2.0,0.0001453799698059103,0.7620000000000006,0.9546200282906546,0.501067581072714,0.1989671191956169,0.0006502724840369529,4.307162821694294e-05,4.472916804800978,15.0974669627455,23217.13948131252,0.7556529090950377
0.7630000000000006,2.0,0.0001459970406742579,0.7630000000000006,0.954002957423566,0.5010764899615572,0.1994226135531942,0.0006509973428878975,4.324552077913497e-05,4.45897646699452,15.05352071519022,23123.78211623893,0.7545803438703718
0.7640000000000006,2.0,0.0001466146849864198,0.7640000000000006,0.9533853131126633,0.5010854082107337,0.199878034375158,0.0006517165060693245,4.341977551728944e-05,4.445097239765269,15.00967009398323,23030.9804250786,0.7535072787375052
0.7650000000000006,2.0,0.0001472328969802852,0.7650000000000006,0.9527671011200589,0.5010943357401652,0.2003333803420113,0.0006524299979591665,4.359439314856271e-05,4.43127885520073,14.96591535833036,22938.72968003386,0.7524337207780476
0.7660000000000006,2.0,0.0001478516709188811,0.7660000000000006,0.9521483271827254,0.5011032724701022,0.2007886501530843,0.0006531378429946341,4.376937439514537e-05,4.41752104595656,14.92225676104423,22847.02520470372,0.751359677029641
0.7670000000000006,2.0,0.0001484710010904157,0.7670000000000006,0.951528997012455,0.5011122183211214,0.201243842526379,0.0006538400656683055,4.394471998423987e-05,4.403823545262449,14.87869454857821,22755.8623734236,0.750285154486076
0.7680000000000006,2.0,0.0001490908818083127,0.7680000000000006,0.9509091162958218,0.5011211732141266,0.2016989561984148,0.0006545366905242791,4.412043064803815e-05,4.390186086928154,14.83522896106146,22665.23661061468,0.7492101600974069
0.7690000000000006,2.0,0.0001497113074112461,0.7690000000000006,0.9502886906941549,0.5011301370703503,0.2021539899240752,0.0006552277421543836,4.42965071237003e-05,4.376608405349428,14.79186023233448,22575.14339014244,0.7481347007700797
0.7700000000000006,2.0,0.0001503322722631656,0.7700000000000006,0.9496677258435018,0.5011391098113523,0.2026089424764507,0.0006559132451944474,4.447295015333332e-05,4.363090235514049,14.74858858998554,22485.57823468449,0.7470587833670511
0.7710000000000006,2.0,0.0001509537707533234,0.7710000000000006,0.9490462273546113,0.5011480913590236,0.2030638126466836,0.0006565932243206376,4.464976048397118e-05,4.349631313007797,14.70541425538773,22396.53671510713,0.7459824147079277
0.7720000000000006,2.0,0.0001515757972962982,0.7720000000000006,0.9484242008129059,0.5011570816355816,0.2035185992438191,0.0006572677042458571,4.482693886755567e-05,4.336231374020371,14.66233744373669,22308.01444985057,0.7449056015690868
0.7730000000000006,2.0,0.0001521983463320087,0.7730000000000006,0.9478016517784658,0.5011660805635768,0.2039733010946442,0.0006579367097161922,4.500448606091697e-05,4.322890155351422,14.61935836408897,22220.00710432343,0.7438283506838216
0.7740000000000006,2.0,0.0001528214123257322,0.7740000000000006,0.9471785857860122,0.5011750880658888,0.2044279170435404,0.0006586002655074365,4.518240282575622e-05,4.309607394416438,14.57647721940104,22132.5103903051,0.7427506687424719
0.7750000000000006,2.0,0.0001534449897681175,0.7750000000000006,0.9465550083448997,0.501184104065726,0.2048824459523295,0.0006592583964216655,4.536068992862809e-05,4.296382829252617,14.53369420656879,22045.52006535683,0.7416725623925702
0.7760000000000006,2.0,0.0001540690731751891,0.7760000000000006,0.9459309249391012,0.5011931284866303,0.2053368867001192,0.0006599111272838659,4.553934814092374e-05,4.283216198524847,14.49100951646779,21959.03193224135,0.7405940382389821
0.7770000000000006,2.0,0.0001546936570883562,0.7770000000000006,0.9453063410272083,0.5012021612524735,0.205791238183151,0.0006605584829386344,4.571837823885511e-05,4.270107241531485,14.44842333399393,21873.04183835026,0.7395151028440573
0.7780000000000006,2.0,0.0001553187360744145,0.7780000000000006,0.9446812620424248,0.5012112022874584,0.2062454993146515,0.0006612004882469286,4.589778100343996e-05,4.257055698210178,14.40593583810452,21787.54567513954,0.7384357627277732
0.7790000000000006,2.0,0.0001559443047255446,0.7790000000000006,0.944055693392571,0.5012202515161195,0.2066996690246795,0.0006618371680828743,4.607755722048672e-05,4.244061309143667,14.36354720186018,21702.5393775733,0.7373560243678915
0.7800000000000006,2.0,0.0001565703576593088,0.7800000000000006,0.9434296404600842,0.5012293088633227,0.2071537462599745,0.0006624685473306344,4.625770768058109e-05,4.231123815565498,14.32125759246686,21618.01892357495,0.7362758942001096
0.7810000000000006,2.0,0.0001571968895186449,0.7810000000000006,0.9428031086020257,0.5012383742542654,0.207607729983808,0.0006630946508813293,4.643823317907267e-05,4.218242959365708,14.27906717131848,21533.98033348626,0.7351953786182177
0.7820000000000006,2.0,0.0001578238949718574,0.7820000000000006,0.9421761031500924,0.501247447614475,0.2080616191758329,0.0006637155036300222,4.66191345160626e-05,4.205418483096464,14.23697609404008,21450.41966953399,0.7341144839742595
0.7830000000000006,2.0,0.0001584513687126024,0.7830000000000006,0.9415486294106279,0.5012565288698132,0.2085154128319361,0.0006643311304727463,4.68004124963914e-05,4.192650129977684,14.19498451053119,21367.33303530404,0.7330332165786918
0.7840000000000006,2.0,0.0001590793054598755,0.7840000000000006,0.9409206926646349,0.5012656179464718,0.2089691099640865,0.0006649415563036031,4.698206792962837e-05,4.17993764390253,14.15309256500968,21284.7165752227,0.7319515827005484
0.7850000000000006,2.0,0.0001597076999579953,0.7850000000000006,0.9402922981677976,0.5012747147709716,0.209422709600193,0.0006655468060119067,4.716410163006104e-05,4.167280769442852,14.11130039605602,21202.56647404535,0.7308695885676046
0.7860000000000006,2.0,0.0001603365469765768,0.7860000000000006,0.9396634511504987,0.5012838192701689,0.2098762107839497,0.0006661469044793761,4.734651441668482e-05,4.154679251854719,14.06960813665783,21120.87895635253,0.729787240366549
0.7870000000000006,2.0,0.0001609658413105169,0.7870000000000006,0.939034156817842,0.5012929313712471,0.2103296125746955,0.0006667418765774,4.752930711319513e-05,4.142132837083616,14.02801591425469,21039.65028605223,0.7287045442431465
0.7880000000000006,2.0,0.0001615955777799626,0.7880000000000006,0.938404420349681,0.5013020510017216,0.2107829140472641,0.0006673317471643348,4.771248054797787e-05,4.12964127176985,13.98652385078347,20958.87676589017,0.7276215063024168
0.7890000000000006,2.0,0.0001622257512302856,0.7890000000000006,0.9377742469006444,0.5013111780894386,0.2112361142918409,0.000667916541082867,4.789603555410226e-05,4.117204303253721,13.94513206272373,20878.55473696613,0.7265381326088035
0.7900000000000006,2.0,0.0001628563565320507,0.7900000000000006,0.9371436416001653,0.5013203125625754,0.2116892124138162,0.0006684962831574229,4.807997296931385e-05,4.104821679580691,13.90384066114343,20798.68057825722,0.7254544291863491
0.7910000000000006,2.0,0.0001634873885809853,0.7910000000000006,0.9365126095525179,0.5013294543496368,0.2121422075336414,0.0006690709981916353,4.826429363602803e-05,4.092493149506434,13.86264975174507,20719.25070614783,0.7243704020188765
0.7920000000000006,2.0,0.000164118842297942,0.7920000000000006,0.9358811558368492,0.5013386033794591,0.2125950987866879,0.0006696407109658526,4.844899840132439e-05,4.080218462501865,13.82155943491182,20640.26157396608,0.7232860570501612
0.7930000000000006,2.0,0.0001647507126288632,0.7930000000000006,0.9352492855072169,0.5013477595812057,0.2130478853231003,0.0006702054462347074,4.863408811694192e-05,4.06799736875806,13.78056980575396,20561.70967152657,0.7222014001841166
0.7940000000000006,2.0,0.0001653829945447379,0.7940000000000006,0.9346170035926321,0.5013569228843715,0.2135005663076562,0.0006707652287247251,4.881956363927395e-05,4.055829619191144,13.73968095415571,20483.59152467984,0.7211164372849759
0.7950000000000006,2.0,0.0001660156830415651,0.7950000000000006,0.933984315097096,0.5013660932187762,0.2139531409196263,0.0006713200831319951,4.900542582936559e-05,4.043714965447013,13.69889296482185,20405.90369486737,0.7200311741774696
0.7960000000000006,2.0,0.0001666487731403053,0.7960000000000006,0.9333512249996471,0.5013752705145704,0.2144056083526303,0.0006718700341198773,4.919167555290979e-05,4.03165315990609,13.65820591732486,20328.64277868347,0.7189456166470167
0.7970000000000006,2.0,0.0001672822598868366,0.7970000000000006,0.9327177382544081,0.5013844547022304,0.2148579678144983,0.0006724151063167654,4.93783136802453e-05,4.019643955687911,13.61761988615211,20251.80540744283,0.7178597704399098
0.7980000000000006,2.0,0.0001679161383519063,0.7980000000000006,0.9320838597906315,0.5013936457125592,0.2153102185271328,0.0006729553243138941,4.956534108635506e-05,4.007687106655662,13.57713494075305,20175.38824675398,0.7167736412634986
0.7990000000000006,2.0,0.0001685504036310808,0.7990000000000006,0.9314495945127514,0.5014028434766863,0.2157623597263685,0.000673490712663198,4.975275865086504e-05,3.995782367420647,13.53675114558674,20099.38799609885,0.715687234786383
0.8000000000000006,2.0,0.0001691850508446931,0.8000000000000006,0.9308149473004331,0.5014120479260662,0.2162143906618341,0.0006740212958752094,4.994056725804395e-05,3.983929493346654,13.49646856016928,20023.80138841794,0.714600556638599
0.8010000000000006,2.0,0.0001698200751377888,0.8010000000000006,0.9301799230086327,0.50142125899248,0.2166663105968161,0.0006745470984170094,5.012876779680308e-05,3.972128240554249,13.45628723912157,19948.62518970144,0.7135136124118167
0.8020000000000006,2.0,0.0001704554716800723,0.8020000000000006,0.9295445264676455,0.5014304766080302,0.2171181188081232,0.0006750681447102221,5.031736116069807e-05,3.960378365924922,13.4162072322168,19873.85619858541,0.7124264076595224
0.8030000000000006,2.0,0.0001710912356658459,0.8030000000000006,0.9289087624831688,0.5014397007051448,0.2175698145859488,0.0006755844591290532,5.050634824792956e-05,3.948679627105298,13.37622858442845,19799.49124595429,0.71133894789722
0.8040000000000006,2.0,0.0001717273623139525,0.8040000000000006,0.9282726358363605,0.5014489312165742,0.2180213972337376,0.0006760960659983698,5.069572996134568e-05,3.937031782511068,13.33635133597795,19725.52719454828,0.710251238602623
0.8050000000000006,2.0,0.0001723638468677131,0.8050000000000006,0.9276361512838978,0.5014581680753921,0.2184728660680501,0.0006766029895918334,5.088550720844508e-05,3.92543459133101,13.29657552238259,19651.96093857619,0.7091632852158476
0.8060000000000006,2.0,0.0001730006845948656,0.8060000000000006,0.9269993135580442,0.5014674112149922,0.2189242204184313,0.000677105254130066,5.107568090138003e-05,3.913887813530768,13.2569011745034,19578.78940333384,0.7080750931396129
0.8070000000000006,2.0,0.0001736378707874992,0.8070000000000006,0.92636212736671,0.5014766605690888,0.2193754596272776,0.0006776028837788648,5.126625195696088e-05,3.902391209856648,13.21732831859304,19506.0095448273,0.7069866677394323
0.8080000000000006,2.0,0.0001742754007619884,0.8080000000000006,0.9257245973935216,0.5014859160717168,0.2198265830497037,0.0006780959026474584,5.145722129666041e-05,3.890944541839295,13.17785697634371,19433.61834940163,0.7058980143438179
0.8090000000000006,2.0,0.0001749132698589256,0.8090000000000006,0.9250867282978856,0.5014951776572297,0.220277590053414,0.000678584334786802,5.164858984661949e-05,3.879547571797259,13.13848716493499,19361.61283337443,0.7048091382444717
0.8100000000000006,2.0,0.0001755514734430506,0.8100000000000006,0.9244485247150627,0.5015044452602989,0.2207284800185702,0.0006790682041879152,5.184035853765259e-05,3.868200062840506,13.09921889708181,19289.99004267461,0.7037200446964924
0.8110000000000006,2.0,0.0001761900069031815,0.8110000000000006,0.9238099912562345,0.5015137188159151,0.2211792523376634,0.0006795475347802641,5.203252830525488e-05,3.856901778873818,13.06005218108218,19218.74705248578,0.7026307389185711
0.8120000000000006,2.0,0.0001768288656521422,0.8120000000000006,0.9231711325085772,0.501522998259383,0.2216299064153867,0.0006800223504301752,5.222510008960912e-05,3.845652484600066,13.02098702086499,19147.88096689475,0.7015412260931905
0.8130000000000006,2.0,0.0001774680451266883,0.8130000000000006,0.9225319530353352,0.5015322835263228,0.2220804416685055,0.0006804926749392976,5.241807483559342e-05,3.834451945523491,12.98202341603784,19077.38891854476,0.7004515113668297
0.8140000000000006,2.0,0.0001781075407874321,0.8140000000000006,0.9218924573758961,0.5015415745526717,0.222530857525732,0.000680958532043098,5.261145349279e-05,3.823299927952802,12.94316136193459,19007.2680682932,0.6993615998501641
0.8150000000000006,2.0,0.0001787473481187665,0.8150000000000006,0.9212526500458669,0.5015508712746792,0.2229811534275987,0.0006814199454093966,5.280523701549379e-05,3.812196199004225,12.90440084966305,18937.51560487431,0.6982714966182682
0.8160000000000006,2.0,0.0001793874626287873,0.8160000000000006,0.920612535537151,0.5015601736289073,0.2234313288263339,0.0006818769386369403,5.299942636272229e-05,3.801140526604453,12.86574186615246,18868.1287445662,0.6971812067108172
0.8170000000000006,2.0,0.0001800278798492162,0.8170000000000006,0.9199721183180288,0.5015694815522286,0.2238813831857378,0.0006823295352540149,5.319402249822598e-05,3.790132679493473,12.82718439420088,18799.10473086238,0.696090735132291
0.8180000000000006,2.0,0.0001806685953353171,0.8180000000000006,0.9193314028332351,0.5015787949818284,0.2243313159810575,0.000682777758717089,5.338902639049886e-05,3.779172427227398,12.78872841252255,18730.44083414791,0.6950000868521776
0.8190000000000006,2.0,0.0001813096046658161,0.8190000000000006,0.9186903935040435,0.5015881138552022,0.224781126698865,0.0006832216324095003,5.35844390127897e-05,3.768259540181123,12.75037389579514,18662.13435137983,0.6939092668051785
0.8200000000000006,2.0,0.0001819509034428217,0.8200000000000006,0.9180490947283466,0.501597438110152,0.2252308148369374,0.0006836611796401757,5.378026134311478e-05,3.75739378955087,12.7121208147067,18594.18260577168,0.6928182798914092
0.8210000000000006,2.0,0.0001825924872917374,0.8210000000000006,0.9174075108807399,0.5016067676847885,0.2256803799041322,0.0006840964236423831,5.39764943642698e-05,3.746574947356749,12.67396913600277,18526.58294648269,0.6917271309766078
0.8220000000000006,2.0,0.0001832343518611789,0.8220000000000006,0.9167656463126076,0.5016161025175301,0.2261298214202711,0.0006845273875725228,5.417313906384336e-05,3.735802786445144,12.63591882253312,18459.33274831082,0.6906358248923365
0.8230000000000006,2.0,0.0001838764928228899,0.8230000000000006,0.9161235053522063,0.5016254425470976,0.2265791389160197,0.0006849540945089522,5.437019643423105e-05,3.725077080491001,12.59796983329842,18392.42941138995,0.6895443664361867
0.8240000000000006,2.0,0.0001845189058716506,0.8240000000000006,0.9154810923047559,0.5016347877125207,0.2270283319327671,0.0006853765674508387,5.456766747264895e-05,3.714397604000144,12.56012212349687,18325.87036089149,0.6884527603719888
0.8250000000000006,2.0,0.0001851615867251962,0.8250000000000006,0.9148384114525218,0.5016441379531279,0.2274774000225116,0.0006857948293170557,5.476555318114987e-05,3.703764132311307,12.52237564457039,18259.65304672932,0.6873610114300102
0.8260000000000006,2.0,0.0001858045311241222,0.8260000000000006,0.914195467054907,0.5016534932085527,0.2279263427477418,0.0006862089029450995,5.496385456663762e-05,3.693176441598299,12.484730344251,18193.77494326949,0.6862691243071651
0.8270000000000006,2.0,0.000186447734831799,0.8270000000000006,0.9135522633485424,0.5016628534187286,0.2283751596813218,0.00068661881109005,5.516257264088385e-05,3.6826343088719,12.44718616660676,18128.23354904314,0.6851771036672206
0.8280000000000006,2.0,0.0001870911936342786,0.8280000000000006,0.9129088045473751,0.5016722185238901,0.2288238504063759,0.0006870245764235539,5.53617084205445e-05,3.672137511981787,12.40974305208764,18063.02638646361,0.6840849541409992
0.8290000000000006,2.0,0.000187734903340206,0.8290000000000006,0.9122650948427614,0.501681588464568,0.2292724145161748,0.0006874262215328453,5.556126292717727e-05,3.661685829618281,12.37240093757115,17998.15100154715,0.6829926803265867
0.8300000000000006,2.0,0.0001883788597807228,0.8300000000000006,0.9116211384035577,0.5016909631815939,0.2297208516140219,0.0006878237689197909,5.576123718725885e-05,3.651279041314125,12.3351597564079,17933.60496363762,0.6819002867895358
0.8310000000000006,2.0,0.000189023058809379,0.8310000000000006,0.9109769393762158,0.5017003426160931,0.2301691613131436,0.0006882172409999732,5.596163223220416e-05,3.640916927446035,12.29801943846673,17869.38586513442,0.6808077780630722
0.8320000000000006,2.0,0.0001896674963020354,0.8320000000000006,0.9103325018848746,0.5017097267094868,0.2306173432365739,0.0006886066601017946,5.616244909838452e-05,3.630599269236285,12.26097991017991,17805.49132122453,0.6797151586483007
0.8330000000000006,2.0,0.00019031216815677,0.8330000000000006,0.909687830031455,0.5017191154034909,0.2310653970170455,0.0006889920484656199,5.636368882714763e-05,3.62032584875417,12.22404109458794,17741.91896961771,0.6786224330144095
0.8340000000000006,2.0,0.000190957070293783,0.8340000000000006,0.9090429278957574,0.5017285086401136,0.231513322296881,0.000689373428242937,5.656535246483725e-05,3.610096448917344,12.18720291138418,17678.66647028551,0.6775296055988763
0.8350000000000006,2.0,0.0001916021986552998,0.8350000000000006,0.9083977995355564,0.5017379063616555,0.2319611187278821,0.0006897508214955579,5.676744106281393e-05,3.599910853493152,12.15046527695937,17615.7315052036,0.6764366808076743
0.8360000000000006,2.0,0.000192247549205477,0.8360000000000006,0.9077524489866953,0.5017473085107048,0.2324087859712247,0.0006901242501948371,5.696995567747669e-05,3.589768847099774,12.1138281044456,17553.11177809735,0.6753436630154706
0.8370000000000006,2.0,0.0001928931179303013,0.8370000000000006,0.907106880263188,0.5017567150301411,0.2328563236973483,0.0006904937362209234,5.717289737028387e-05,3.57967021520742,12.07729130376054,17490.8050141912,0.6742505565658397
0.8380000000000006,2.0,0.0001935389008374934,0.8380000000000006,0.9064610973573138,0.5017661258631307,0.23330373158585,0.000690859301362037,5.737626720777591e-05,3.569614744139348,12.04085478165105,17428.80895996098,0.6731573657714638
0.8390000000000006,2.0,0.0001941848939564082,0.8390000000000006,0.9058151042397165,0.5017755409531279,0.2337510093253824,0.0006912209673137698,5.758006626159796e-05,3.559602221072834,12.00451844173663,17367.12138288964,0.672064094914334
0.8400000000000006,2.0,0.0001948310933379382,0.8400000000000006,0.905168904859505,0.5017849602438702,0.2341981566135453,0.0006915787556784192,5.778429560852342e-05,3.549632434040037,11.96828218455273,17305.74007122613,0.6709707482459597
0.8410000000000006,2.0,0.0001954774950544102,0.8410000000000006,0.9045225031443512,0.5017943836793808,0.2346451731567835,0.0006919326879643401,5.798895633047753e-05,3.539705171928853,11.93214590759375,17244.66283374762,0.6698773299875678
0.8420000000000006,2.0,0.0001961240951994883,0.8420000000000006,0.9038759030005921,0.5018038112039633,0.2350920586702843,0.0006922827855853258,5.819404951456213e-05,3.529820224483594,11.89610950535575,17183.8874995246,0.6687838443303078
0.8430000000000006,2.0,0.0001967708898880707,0.8430000000000006,0.9032291083133294,0.5018132427622043,0.2355388128778741,0.0006926290698600121,5.83995762530803e-05,3.519977382305684,11.86017286937898,17123.4119176893,0.6676902954354553
0.8440000000000006,2.0,0.0001974178752561889,0.8440000000000006,0.902582122946531,0.5018226782989709,0.2359854355119182,0.0006929715620113065,5.860553764356198e-05,3.510176436854232,11.8243358882901,17063.233957207,0.6665966874346128
0.8450000000000006,2.0,0.0001980650474609073,0.8450000000000006,0.9019349507431327,0.501832117759407,0.2364319263132203,0.0006933102831658413,5.881193478879003e-05,3.50041718044651,11.78859844784415,17003.35150665043,0.6655030244299124
0.8460000000000006,2.0,0.0001987124026802199,0.8460000000000006,0.9012875955251411,0.5018415610889349,0.2368782850309223,0.00069364525435345,5.901876879682685e-05,3.49069940625841,11.75296043096622,16943.76247397701,0.6644093104942188
0.8470000000000006,2.0,0.0001993599371129469,0.8470000000000006,0.9006400610937346,0.5018510082332536,0.2373245114224067,0.000693976496506663,5.922604078104109e-05,3.48102290832479,11.71742171779297,16884.46478630919,0.6633155496713279
0.8480000000000006,2.0,0.0002000076469786334,0.8480000000000006,0.8999923512293695,0.5018604591383362,0.237770605253198,0.0006943040304602349,5.943375186013552e-05,3.471387481539768,11.68198218571376,16825.45638971747,0.6622217459761714
0.8490000000000006,2.0,0.0002006555285174462,0.8490000000000006,0.8993444696918788,0.5018699137504279,0.2382165662968654,0.0006946278769506848,5.964190315817556e-05,3.461792921656896,11.64664170941143,16766.73524900626,0.6611279033950134
0.8500000000000006,2.0,0.0002013035779900672,0.8500000000000006,0.8986964202205786,0.5018793720160486,0.2386623943349273,0.0006949480566158606,5.985049580461696e-05,3.452239025289371,11.61140016090311,16708.29934750279,0.6600340258856513
0.8510000000000006,2.0,0.0002019517916775938,0.8510000000000006,0.8980482065343751,0.5018888338819855,0.2391080891567554,0.0006952645899945285,6.005953093433576e-05,3.442725589910021,11.57625740958041,16650.14668684841,0.6589401173776197
0.8520000000000006,2.0,0.0002026001658814295,0.8520000000000006,0.8973998323318617,0.5018982992952983,0.23955365055948,0.0006955774975259811,6.026900968765765e-05,3.433252413851399,11.54121332224954,16592.27528679284,0.6578461817723817
0.8530000000000006,2.0,0.0002032486969231847,0.8530000000000006,0.8967513012914297,0.5019077682033125,0.2399990783478989,0.0006958867995496635,6.047893321038848e-05,3.423819296305628,11.50626776317098,16534.68318499093,0.6567522229435308
0.8540000000000006,2.0,0.0002038973811445672,0.8540000000000006,0.8961026170713707,0.5019172405536205,0.2404443723343795,0.0006961925163048219,6.068930265384445e-05,3.414426037324325,11.47142059409906,16477.36843680232,0.6556582447369912
0.8550000000000006,2.0,0.000204546214907279,0.8550000000000006,0.8954537833099823,0.5019267162940816,0.2408895323387703,0.0006964946679301752,6.090011917488375e-05,3.405072437818405,11.43667167432115,16420.32911509338,0.654564250971212
0.8560000000000006,2.0,0.0002051951945929111,0.8560000000000006,0.894804803625674,0.501936195372816,0.2413345581883088,0.0006967932744635988,6.111138393593806e-05,3.395758299557774,11.4020208606965,16363.5633100419,0.6534702454373653
0.8570000000000007,2.0,0.0002058443166028376,0.8570000000000007,0.894155681617072,0.501945677738209,0.241779449717532,0.0006970883558418345,6.132309810504516e-05,3.386483425171034,11.36746800769487,16307.06912894422,0.6523762318995401
0.8580000000000007,2.0,0.0002064935773581093,0.8580000000000007,0.8935064208631246,0.501955163338905,0.242224206768184,0.0006973799319002127,6.153526285588114e-05,3.377247618145074,11.33301296743485,16250.84469602499,0.6512822140949406
0.8590000000000007,2.0,0.0002071429732993491,0.8590000000000007,0.8928570249232094,0.501964652123809,0.2426688291891302,0.0006976680223724006,6.174787936779428e-05,3.368050682824622,11.29865558972187,16194.88815224913,0.6501881957340792
0.8600000000000007,2.0,0.0002077925008866438,0.8600000000000007,0.8922074973372393,0.5019741440420845,0.2431133168362682,0.0006979526468901599,6.196094882583833e-05,3.358892424411728,11.26439572208595,16139.19765513646,0.6490941805009711
0.8610000000000007,2.0,0.0002084421565994404,0.8610000000000007,0.8915578416257687,0.5019836390431502,0.2435576695724388,0.0006982338249831275,6.217447242080695e-05,3.349772648965165,11.23023320981909,16083.77137857861,0.6480001720533299
0.8620000000000007,2.0,0.0002090919369364357,0.8620000000000007,0.8909080612900981,0.5019931370766834,0.2440018872673421,0.0006985115760786131,6.238845134926861e-05,3.34069116339984,11.1961678960124,16028.60751265824,0.6469061740227561
0.8630000000000007,2.0,0.0002097418384154756,0.8630000000000007,0.890258159812385,0.5020026380926113,0.2444459697974507,0.0006987859195014109,6.260288681360167e-05,3.331647775486017,11.16219962159295,15973.70426347066,0.6458121900149343
0.8640000000000007,2.0,0.0002103918575734412,0.8640000000000007,0.889608140655745,0.502012142041118,0.2448899170459245,0.0006990568744736306,6.281778002203026e-05,3.322642293848655,11.12832822536025,15919.05985294767,0.6447182236098206
0.8650000000000007,2.0,0.0002110419909661491,0.8650000000000007,0.8889580072643637,0.5020216488726357,0.2453337289025274,0.0006993244601145441,6.30331321886607e-05,3.313674527966506,11.0945535440225,15864.67251868366,0.6436242783618363
0.8660000000000007,2.0,0.0002116922351682396,0.8660000000000007,0.8883077630635997,0.5020311585378481,0.245777405263543,0.0006995886954404473,6.3248944533518e-05,3.30474428817131,11.06087541223251,15810.54051376403,0.6425303578000567
0.8670000000000007,2.0,0.0002123425867730718,0.8670000000000007,0.8876574114600945,0.5020406709876872,0.2462209460316924,0.0006998495993645367,6.346521828258327e-05,3.295851385646837,11.02729366262333,15756.66210659563,0.641436465428402
0.8680000000000007,2.0,0.0002129930423926159,0.8680000000000007,0.8870069558418765,0.5020501861733314,0.2466643511160527,0.0007001071906968018,6.368195466783139e-05,3.286995632427915,10.9938081258435,15703.03558073956,0.6403426047258238
0.8690000000000007,2.0,0.0002136435986573488,0.8690000000000007,0.886356399578471,0.5020597040462046,0.247107620431977,0.000700361488143938,6.389915492726975e-05,3.278176841399384,10.96041863059209,15649.65923474581,0.639248779146494
0.8700000000000007,2.0,0.0002142942522161427,0.8700000000000007,0.885705746021004,0.5020692245579758,0.2475507539010114,0.0007006125103092617,6.411682030497634e-05,3.269394826295037,10.92712500365344,15596.53138199036,0.6381549921199927
0.8710000000000007,2.0,0.0002149449997361613,0.8710000000000007,0.885054998502313,0.5020787476605566,0.2479937514508169,0.0007008602756926525,6.433495205113919e-05,3.260649401696465,10.89392706993153,15543.65035051414,0.637061247051496
0.8720000000000007,2.0,0.0002155958379027526,0.8720000000000007,0.8844041603370492,0.5020882733060995,0.2484366130150925,0.0007011048026905017,6.45535514220967e-05,3.251940383031854,10.86082465248401,15491.01448286391,0.6359675473219566
0.8730000000000007,2.0,0.0002162467634193413,0.8730000000000007,0.8837532348217887,0.5020978014469968,0.248879338533495,0.0007013461095956763,6.47726196803771e-05,3.243267586574759,10.82781757255604,15438.62213593548,0.6348738962882937
0.8740000000000007,2.0,0.0002168977730073197,0.8740000000000007,0.8831022252351383,0.5021073320358812,0.2493219279515601,0.000701584214597497,6.499215809473914e-05,3.234630829442847,10.79490564961386,15386.47168081877,0.6337802972835782
0.8750000000000007,2.0,0.0002175488634059466,0.8750000000000007,0.8824511348378395,0.5021168650256203,0.2497643812206305,0.0007018191357817315,6.521216794021458e-05,3.22602992959648,10.76208870137775,15334.56150264446,0.632686753617209
0.8760000000000007,2.0,0.0002182000313722352,0.8760000000000007,0.8817999668728791,0.5021264003693177,0.2502066982977772,0.0007020508911305948,6.543265049814835e-05,3.217464705837406,10.72936654385507,15282.89000043332,0.6315932685751019
0.8770000000000007,2.0,0.0002188512736808473,0.8770000000000007,0.8811487245655957,0.5021359380203132,0.250648879145723,0.0007022794985227655,6.565360705624127e-05,3.208934977807296,10.69673899137282,15231.45558694686,0.6304998454198727
0.8780000000000007,2.0,0.0002195025871239892,0.8780000000000007,0.880497411123782,0.502145477932178,0.251090923732773,0.0007025049757334164,6.587503890859343e-05,3.200440565986258,10.66420585660974,15180.25668853988,0.629406487391009
0.8790000000000007,2.0,0.000220153968511302,0.8790000000000007,0.8798460297377981,0.5021550200587154,0.2515328320327353,0.0007027273404342537,6.609694735574618e-05,3.191981291691338,10.6317669506285,15129.29174501528,0.6283131977050629
0.8800000000000007,2.0,0.0002208054146697586,0.8800000000000007,0.879194583580671,0.5021645643539568,0.251974604024853,0.0007029466101935686,6.631933370472699e-05,3.183556977074918,10.5994220829071,15078.55920948017,0.627219979555818
0.8810000000000007,2.0,0.0002214569224435518,0.8810000000000007,0.8785430758082067,0.5021741107721672,0.2524162396937278,0.0007031628024763011,6.654219926909252e-05,3.175167445123173,10.56717106137046,15028.05754820429,0.626126836114479
0.8820000000000007,2.0,0.0002221084886939956,0.8820000000000007,0.8778915095590917,0.5021836592678336,0.2528577390292529,0.0007033759346441144,6.676554536897425e-05,3.166812519654321,10.53501369242123,14977.78524047969,0.6250337705298388
0.8830000000000007,2.0,0.0002227601102994125,0.8830000000000007,0.8772398879550035,0.5021932097956716,0.253299102026538,0.0007035860239554805,6.698937333112279e-05,3.15849202531702,10.5029497809707,14927.74077848265,0.6239407859284656
0.8840000000000007,2.0,0.0002234117841550322,0.8840000000000007,0.8765882141007141,0.5022027623106193,0.2537403286858427,0.000703793087565776,6.721368448895397e-05,3.150205787588569,10.47097913046916,14877.92266713696,0.6228478854148713
0.8850000000000007,2.0,0.0002240635071728811,0.8850000000000007,0.875936491084194,0.5022123167678421,0.2541814190125035,0.0007039971425273889,6.743848018259478e-05,3.141953632773197,10.43910154293607,14828.32942397908,0.6217550720716905
0.8860000000000007,2.0,0.0002247152762816824,0.8860000000000007,0.8752847219767234,0.5022218731227216,0.2546223730168695,0.0007041982057898346,6.766376175892988e-05,3.133735388000171,10.40731681898987,14778.95957902497,0.6206623489598538
0.8870000000000007,2.0,0.0002253670884267454,0.8870000000000007,0.8746329098329897,0.5022314313308642,0.2550631907142313,0.0007043962941998822,6.788953057164907e-05,3.125550881222019,10.37562475787748,14729.81167463844,0.6195697191187584
0.8880000000000007,2.0,0.0002260189405698637,0.8880000000000007,0.8739810576912015,0.5022409913480922,0.2555038721247542,0.0007045914245016907,6.811578798129421e-05,3.117399941212587,10.34402515750363,14680.8842654014,0.6184771855664473
0.8890000000000007,2.0,0.0002266708296892079,0.8890000000000007,0.8733291685731867,0.5022505531304476,0.2559444172734122,0.0007047836133369563,6.834253535530776e-05,3.109282397565154,10.31251781445975,14632.1759179854,0.6173847512997744
0.8900000000000007,2.0,0.0002273227527792233,0.8900000000000007,0.8726772454845008,0.5022601166341862,0.2563848261899221,0.0007049728772450628,6.85697740680813e-05,3.101198080690421,10.28110252405254,14583.68521102496,0.6162924192945787
0.8910000000000007,2.0,0.0002279747068505231,0.8910000000000007,0.8720252914145316,0.5022696818157797,0.2568250989086772,0.0007051592326632491,6.879750550100428e-05,3.093146821814555,10.24977908033243,14535.41073499245,0.6152001925058543
0.8920000000000007,2.0,0.000228626688929783,0.8920000000000007,0.8713733093366015,0.5022792486319142,0.257265235468684,0.000705342695926779,6.902573104251355e-05,3.085128452977161,10.2185472761216,14487.35109207451,0.6141080738679174
0.8930000000000007,2.0,0.0002292786960596409,0.8930000000000007,0.8707213022080735,0.5022888170394851,0.2577052359134975,0.0007055232832691235,6.925445208814376e-05,3.077142807029173,10.18740690304166,14439.50489604983,0.6130160662945761
0.8940000000000007,2.0,0.0002299307252985888,0.8940000000000007,0.8700692729704559,0.5022983869956007,0.2581451002911573,0.0007057010108221476,6.948367004057726e-05,3.069189717630799,10.1563577515412,14391.87077216873,0.6119241726792986
0.8950000000000007,2.0,0.0002305827737208709,0.8950000000000007,0.8694172245495037,0.5023079584575771,0.258584828654126,0.0007058758946163105,6.97133863096954e-05,3.061269019249381,10.12539961092294,14344.44735703399,0.6108323958953776
0.8960000000000007,2.0,0.0002312348384163799,0.8960000000000007,0.8687651598553247,0.5023175313829396,0.2590244210592266,0.0007060479505808652,6.994360231262984e-05,3.053380547157216,10.09453226937059,14297.23329848323,0.609740738796098
0.8970000000000007,2.0,0.000231886916490555,0.8970000000000007,0.8681130817824799,0.5023271057294174,0.2594638775675819,0.0007062171945440777,7.017431947381498e-05,3.045524137429371,10.06375551397541,14250.2272554726,0.6086492042148981
0.8980000000000007,2.0,0.0002325390050642752,0.8980000000000007,0.8674609932100893,0.5023366814549473,0.2599031982445523,0.00070638364223344,7.040553922503938e-05,3.037699626941488,10.03306913076263,14203.42789796225,0.607557794965537
0.8990000000000007,2.0,0.0002331911012737615,0.8990000000000007,0.866808897001934,0.5023462585176677,0.260342383159677,0.0007065473092759035,7.063726300549979e-05,3.029906853367487,10.00247290471733,14156.83390680271,0.6064665138422569
0.9000000000000007,2.0,0.0002338432022704702,0.9000000000000007,0.8661567960065555,0.5023558368759202,0.2607814323866137,0.0007067082111981062,7.08694922618538e-05,3.022145655177321,9.97196661981024,14110.44397362305,0.6053753636199417
0.9010000000000007,2.0,0.0002344953052209918,0.9010000000000007,0.8655046930573637,0.5023654164882484,0.2612203460030804,0.0007068663634266188,7.110222844827386e-05,3.014415871634667,9.94155005902321,14064.25680072024,0.6042843470542832
0.9020000000000007,2.0,0.000235147407306952,0.9020000000000007,0.8648525909727344,0.5023749973133929,0.2616591240907969,0.0007070217812881909,7.133547302650214e-05,3.006717342794561,9.911223004374307,14018.27110094981,0.6031934668819374
0.9030000000000007,2.0,0.0002357995057249047,0.9030000000000007,0.8642004925561118,0.5023845793102949,0.2620977667354262,0.0007071744800100034,7.156922746590452e-05,2.999049909501089,9.880985236942797,13972.48559761804,0.6021027258206856
0.9040000000000007,2.0,0.0002364515976862355,0.9040000000000007,0.8635484005961108,0.502394162438091,0.2625362740265179,0.0007073244747199284,7.180349324352686e-05,2.991413413384943,9.850836536893617,13926.89902437512,0.6010121265695929
0.9050000000000007,2.0,0.0002371036804170579,0.9050000000000007,0.8628963178666189,0.5024037466561141,0.2629746460574536,0.000707471780446798,7.203827184415015e-05,2.983807696861061,9.820776683501855,13881.51012511004,0.5999216718091653
0.9060000000000007,2.0,0.0002377557511581147,0.9060000000000007,0.8622442471268923,0.5024133319238897,0.2634128829253902,0.0007076164121206744,7.22735647603478e-05,2.976232603126141,9.790805455176626,13836.31765384624,0.5988313642015021
0.9070000000000007,2.0,0.0002384078071646745,0.9070000000000007,0.8615921911216631,0.5024229182011383,0.263850984731201,0.0007077583845731279,7.250937349254105e-05,2.968687976156243,9.760922629485057,13791.32037463913,0.5977412063904621
0.9080000000000007,2.0,0.0002390598457064337,0.9080000000000007,0.860940152581234,0.5024325054477708,0.2642889515794257,0.0007078977125375181,7.274569954905742e-05,2.961173660704254,9.731127983175611,13746.51706147429,0.5966512010018084
0.9090000000000007,2.0,0.0002397118640674173,0.9090000000000007,0.8602881342215803,0.5024420936238876,0.2647267835782157,0.0007080344106492866,7.298254444618845e-05,2.953689502297398,9.701421292201385,13701.90649816712,0.5955613506433646
0.9100000000000007,2.0,0.0002403638595458769,0.9100000000000007,0.8596361387444503,0.5024516826897796,0.2651644808392778,0.0007081684934462474,7.32199097082474e-05,2.946235347234732,9.671802331743113,13657.48747826387,0.5944716579051725
0.9110000000000007,2.0,0.0002410158294541954,0.9110000000000007,0.858984168837462,0.5024612726059218,0.2656020434778242,0.0007082999753688878,7.345779686762887e-05,2.938811042584555,9.642270876231777,13613.2588049435,0.5933821253596379
0.9120000000000007,2.0,0.0002416677711187836,0.9120000000000007,0.8583322271742039,0.5024708633329793,0.2660394716125185,0.0007084288707606697,7.369620746486748e-05,2.931416436181888,9.612826699371098,13569.21929092106,0.5922927555616854
0.9130000000000007,2.0,0.0002423196818799846,0.9130000000000007,0.8576803164143324,0.5024804548317994,0.2664767653654242,0.0007085551938683398,7.393514304869782e-05,2.924051376625858,9.58346957415969,13525.36775835199,0.5912035510489082
0.9140000000000007,2.0,0.0002429715590919753,0.9140000000000007,0.8570284392036719,0.5024900470634139,0.2669139248619538,0.0007086789588422415,7.417460517611499e-05,2.916715713277091,9.55419927291293,13481.70303873772,0.5901145143417181
0.9150000000000007,2.0,0.0002436234001226683,0.9150000000000007,0.8563765981743086,0.5024996399890362,0.2673509502308186,0.000708800179736633,7.44145954124354e-05,2.909409296255096,9.525015567284608,13438.22397283222,0.5890256479434899
0.9160000000000007,2.0,0.0002442752023536134,0.9160000000000007,0.8557247959446929,0.5025092335700617,0.2677878416039757,0.0007089188705100077,7.465511533135769e-05,2.902131976435625,9.495918228288339,13394.92941054993,0.5879369543407171
0.9170000000000007,2.0,0.0002449269631799027,0.9170000000000007,0.8550730351197332,0.502518827768064,0.2682245991165831,0.0007090350450254202,7.48961665150249e-05,2.894883605447993,9.466907026318642,13351.81821087452,0.5868484360031501
0.9180000000000007,2.0,0.0002455786800100723,0.9180000000000007,0.8544213182908936,0.5025284225447954,0.2686612229069467,0.0007091487170508169,7.51377505540869e-05,2.887664035672411,9.437981731171813,13308.88924176887,0.5857600953839469
0.9190000000000007,2.0,0.0002462303502660056,0.9190000000000007,0.8537696480362889,0.5025380178621853,0.2690977131164738,0.0007092599002593659,7.537986904776294e-05,2.880473120237296,9.40914211206652,13266.14138008611,0.5846719349198151
0.9200000000000007,2.0,0.0002468819713828386,0.9200000000000007,0.853118026920785,0.5025476136823392,0.269534069889624,0.0007093686082297985,7.562252360390496e-05,2.873310713016552,9.380387937664228,13223.57351148174,0.583583957031161
0.9210000000000007,2.0,0.0002475335408088633,0.9210000000000007,0.8524664574960897,0.5025572099675355,0.2699702933738633,0.0007094748544467468,7.586571583906151e-05,2.866176668626848,9.351718976089257,13181.18453032671,0.5824961641222264
0.9220000000000007,2.0,0.0002481850560054322,0.9220000000000007,0.8518149423008501,0.5025668066802281,0.2704063837196145,0.000709578652301088,7.610944737854233e-05,2.859070842424881,9.323134994948614,13138.97333962159,0.5814085585812356
0.9230000000000007,2.0,0.0002488365144468643,0.9230000000000007,0.8511634838607469,0.5025764037830395,0.270842341080213,0.0007096800150902906,7.635371985648286e-05,2.851993090504603,9.294635761351643,13096.93885091172,0.5803211427805339
0.9240000000000007,2.0,0.0002494879136203485,0.9240000000000007,0.850512084688591,0.502586001238767,0.2712781656118615,0.0007097789560187679,7.659853491590954e-05,2.844943269694495,9.266221041929441,13055.07998420345,0.5792339190767295
0.9250000000000007,2.0,0.0002501392510258532,0.9250000000000007,0.8498607472844151,0.5025955990103723,0.2717138574735825,0.0007098754881982262,7.684389420880627e-05,2.837921237554718,9.237890602853842,13013.39566788119,0.5781468898108326
0.9260000000000007,2.0,0.0002507905241760282,0.9260000000000007,0.8492094741355692,0.5026051970609894,0.2721494168271738,0.0007099696246480264,7.708979939618017e-05,2.830926852374388,9.209644209856455,12971.88483862562,0.5770600573083955
0.9270000000000007,2.0,0.0002514417305961134,0.9270000000000007,0.8485582677168129,0.5026147953539156,0.272584843837165,0.0007100613782955385,7.733625214812853e-05,2.82395997316873,9.181481628247242,12930.54644133281,0.5759734238796479
0.9280000000000007,2.0,0.0002520928678238454,0.9280000000000007,0.8479071304904084,0.502624393852617,0.2730201386707734,0.0007101507619765037,7.758325414390685e-05,2.817020459676269,9.15340262293286,12889.37942903413,0.5748869918196351
0.9290000000000007,2.0,0.0002527439334093657,0.9290000000000007,0.8472560649062161,0.5026339925207216,0.273455301497861,0.0007102377884354012,7.783080707199599e-05,2.810108172355994,9.125406958434962,12848.3827628174,0.5738007634083551
0.9300000000000007,2.0,0.0002533949249151264,0.9300000000000007,0.8466050734017829,0.5026435913220213,0.2738903324908898,0.0007103224703258125,7.807891263017107e-05,2.803222972384539,9.097494398908053,12807.55541174868,0.5727147409108931
0.9310000000000007,2.0,0.0002540458399158008,0.9310000000000007,0.8459541584024364,0.502653190220469,0.274325231824881,0.0007104048202107878,7.832757252557052e-05,2.796364721653296,9.069664708157166,12766.8963527951,0.5716289265775554
0.9320000000000007,2.0,0.0002546966759981895,0.9320000000000007,0.8453033223213753,0.5026627891801785,0.2747599996773737,0.0007104848505632223,7.857678847476524e-05,2.789533282765597,9.041917649655444,12726.40457074862,0.5705433226440015
0.9330000000000007,2.0,0.0002553474307611299,0.9330000000000007,0.8446525675597629,0.5026723881654241,0.2751946362283809,0.0007105625737662237,7.882656220382868e-05,2.78272851903382,9.014252986561313,12686.07905815064,0.569457931331382
0.9340000000000007,2.0,0.0002559981018154065,0.9340000000000007,0.8440018965068136,0.5026819871406364,0.2756291416603505,0.0007106380021134892,7.90768954484078e-05,2.775950294476508,8.98667048173548,12645.91881521741,0.568372754846463
0.9350000000000007,2.0,0.0002566486867836592,0.9350000000000007,0.8433513115398882,0.5026915860704044,0.2760635161581238,0.000710711147809684,7.932778995379344e-05,2.769198473815507,8.959169897757853,12605.92284976647,0.5672877953817643
0.9360000000000007,2.0,0.0002572991833002953,0.9360000000000007,0.8427008150245794,0.502701184919471,0.2764977599088971,0.0007107820229708165,7.957924747499283e-05,2.762472922473028,8.93175099694395,12566.09017714376,0.5662030551156823
0.9370000000000007,2.0,0.000257949589011396,0.9370000000000007,0.8420504093148053,0.5027107836527354,0.2769318731021785,0.0007108506396246174,7.98312697768005e-05,2.755773506568795,8.9044135413614,12526.41982015181,0.5651185362126269
0.9380000000000007,2.0,0.0002585999015746316,0.9380000000000007,0.8414000967528954,0.5027203822352486,0.2773658559297528,0.0007109170097109276,8.008385863387212e-05,2.749100092917106,8.87715729284602,12486.91080897845,0.5640342408231426
0.9390000000000007,2.0,0.0002592501186591718,0.9390000000000007,0.8407498796696826,0.5027299806322145,0.2777997085856415,0.0007109811450820771,8.033701583079738e-05,2.74245254902391,8.849982013017724,12447.56218112657,0.5629501710840411
0.9400000000000007,2.0,0.0002599002379455934,0.9400000000000007,0.840099760384587,0.5027395788089879,0.2782334312660616,0.0007110430575032642,8.059074316217289e-05,2.735830743083914,8.822887463296263,12408.37298134475,0.5618663291185254
0.9410000000000007,2.0,0.0002605502571257979,0.9410000000000007,0.8394497412057085,0.5027491767310718,0.2786670241693927,0.0007111027586529532,8.084504243267761e-05,2.72923454397763,8.795873404916726,12369.34226155838,0.5607827170363158
0.9420000000000007,2.0,0.0002612001739029199,0.9420000000000007,0.8387998244299114,0.5027587743641198,0.279100487496135,0.0007111602601232498,8.109991545714712e-05,2.72266382126845,8.768939598944764,12330.46908080189,0.5596993369337764
0.9430000000000007,2.0,0.0002618499859912423,0.9430000000000007,0.838150012342915,0.5027683716739301,0.2795338214488755,0.0007112155734202955,8.135536406064868e-05,2.7161184451997,8.74208580629176,12291.75250515161,0.5586161908940395
0.9440000000000007,2.0,0.0002624996911161079,0.9440000000000007,0.8375003072193752,0.5027779686264499,0.2799670262322507,0.0007112687099646547,8.161139007855774e-05,2.709598286691712,8.715311787729624,12253.19160765938,0.5575332809871245
0.9450000000000007,2.0,0.0002631492870138323,0.9450000000000007,0.8368507113229758,0.5027875651877703,0.2804001020529088,0.000711319681091704,8.18679953566336e-05,2.703103217338874,8.688617303905525,12214.78546828705,0.5564506092700671
0.9460000000000007,2.0,0.0002637987714316215,0.9460000000000007,0.8362012269065118,0.5027971613241246,0.2808330491194762,0.0007113684980520232,8.212518175109715e-05,2.696633109406648,8.66200211535629,12176.53317384154,0.5553681777870356
0.9470000000000007,2.0,0.0002644481421274819,0.9470000000000007,0.8355518562119756,0.5028067570018914,0.2812658676425212,0.0007114151720117864,8.238295112870784e-05,2.690187835828655,8.635465982522698,12138.4338179108,0.5542859885694544
0.9480000000000007,2.0,0.0002650973968701392,0.9480000000000007,0.8349026014706429,0.5028163521875882,0.2816985578345195,0.0007114597140531568,8.264130536684226e-05,2.683767270203686,8.60900866576355,12100.48650080042,0.5532040436361234
0.9490000000000007,2.0,0.0002657465334389507,0.9490000000000007,0.8342534649031563,0.5028259468478735,0.2821311199098185,0.0007115021351746748,8.290024635357215e-05,2.677371286792753,8.582629925369531,12062.69032947102,0.5521223449933379
0.9500000000000007,2.0,0.0002663955496238194,0.9500000000000007,0.8336044487196108,0.5028355409495477,0.2825635540846055,0.0007115424462916531,8.315977598774355e-05,2.670999760516148,8.556329521576913,12025.04441747636,0.5510408946350054
0.9510000000000007,2.0,0.0002670444432251176,0.9510000000000007,0.8329555551196364,0.5028451344595443,0.2829958605768718,0.000711580658236573,8.341989617905758e-05,2.664652566950409,8.530107214580951,11987.54788490193,0.5499596945427645
0.9520000000000007,2.0,0.0002676932120535947,0.9520000000000007,0.8323067862924827,0.5028547273449377,0.2834280396063823,0.0007116167817594737,8.368060884814956e-05,2.658329582325421,8.503962764549241,11950.19985830461,0.5488787466861004
0.9530000000000007,2.0,0.0002683418539302993,0.9530000000000007,0.8316581444171017,0.5028643195729361,0.2838600913946381,0.0007116508275283494,8.39419159266702e-05,2.65203068352141,8.47789593163482,11912.99947065275,0.5477980530224636
0.9540000000000007,2.0,0.0002689903666864937,0.9540000000000007,0.8310096316622303,0.5028739111108836,0.2842920161648481,0.0007116828061295432,8.42038193573671e-05,2.645755748065983,8.45190647598905,11875.94586126702,0.5467176154973822
0.9550000000000007,2.0,0.0002696387481635732,0.9550000000000007,0.8303612501864731,0.5028835019262565,0.2847238141418946,0.0007117127280681416,8.446632109416677e-05,2.639504654131148,8.42599415777435,11839.03817576186,0.5456374360445785
0.9560000000000007,2.0,0.0002702869962129845,0.9560000000000007,0.8297130021383841,0.5028930919866635,0.2851554855523049,0.0007117406037683708,8.4729423102257e-05,2.633277280530339,8.400158737176763,11802.27556598768,0.5445575165860792
0.9570000000000007,2.0,0.0002709351086961405,0.9570000000000007,0.8290648896565505,0.5029026812598464,0.2855870306242142,0.0007117664435739873,8.499312735816955e-05,2.627073506715458,8.37439997441831,11765.65718997372,0.5434778590323363
0.9580000000000007,2.0,0.0002715830834843432,0.9580000000000007,0.8284169148696687,0.5029122697136756,0.2860184495873402,0.0007117902577486783,8.525743584986468e-05,2.620893212773889,8.348717629769158,11729.1822118714,0.5423984652823286
0.9590000000000007,2.0,0.0002722309184587023,0.9590000000000007,0.8277690798966313,0.5029218573161501,0.2864497426729507,0.0007118120564764519,8.552235057681474e-05,2.614736279425508,8.323111463559625,11692.84980189847,0.5413193372236806
0.9600000000000007,2.0,0.0002728786115100524,0.9600000000000007,0.8271213868466031,0.5029314440353987,0.2868809101138312,0.0007118318498620335,8.578787355008922e-05,2.608602588019742,8.297581236192014,11656.65913628372,0.5402404767327719
0.9610000000000007,2.0,0.0002735261605388737,0.9610000000000007,0.8264738378191026,0.5029410298396764,0.2873119521442572,0.0007118496479312598,8.605400679243922e-05,2.602492020532597,8.272126708152346,11620.60939721241,0.5391618856748454
0.9620000000000007,2.0,0.0002741735634552166,0.9620000000000007,0.8258264349040803,0.5029506146973617,0.2877428689999648,0.0007118654606314726,8.632075233838541e-05,2.596404459563632,8.246747640021644,11584.69977277198,0.5380835659041154
0.9630000000000007,2.0,0.0002748208181786158,0.9630000000000007,0.8251791801820016,0.5029601985769623,0.2881736609181219,0.0007118792978319125,8.658811223430206e-05,2.590339788333065,8.221443792487486,11548.92945689891,0.5370055192638797
0.9640000000000007,2.0,0.0002754679226380164,0.9640000000000007,0.8245320757239208,0.5029697814471065,0.2886043281372967,0.0007118911693241111,8.685608853850598e-05,2.584297890678748,8.196214926354966,11513.29764932563,0.5359277475866242
0.9650000000000007,2.0,0.0002761148747716953,0.9650000000000007,0.8238851235915615,0.5029793632765447,0.2890348708974336,0.0007119010848222883,8.712468332134371e-05,2.578278651053222,8.171060802557747,11477.80355552835,0.5348502526941279
0.9660000000000007,2.0,0.0002767616725271798,0.9660000000000007,0.8232383258373969,0.5029889440341515,0.2894652894398196,0.0007119090539637375,8.739389866527892e-05,2.572281954520756,8.145981182168896,11442.44638667544,0.5337730363975772
0.9670000000000007,2.0,0.0002774083138611739,0.9670000000000007,0.822591684504722,0.5029985236889201,0.2898955840070621,0.0007119150863092236,8.766373666498248e-05,2.566307686754375,8.12097582641147,11407.22535957622,0.5326961004976598
0.9680000000000007,2.0,0.0002780547967394784,0.9680000000000007,0.8219452016277359,0.5030081022099632,0.2903257548430576,0.00071191919134337,8.793419942742111e-05,2.560355734032903,8.096044496669034,11372.13969663052,0.5316194467846782
0.9690000000000007,2.0,0.0002787011191369164,0.9690000000000007,0.8212988792316165,0.5030176795665126,0.2907558021929669,0.0007119213784750532,8.820528907194757e-05,2.554425983238007,8.071186954496016,11337.18862577863,0.5305430770386497
0.9700000000000008,2.0,0.0002793472790372548,0.9700000000000008,0.8206527193325963,0.5030272557279164,0.2911857263031867,0.0007119216570377883,8.847700773039129e-05,2.548518321851245,8.046402961627823,11302.37138045194,0.5294669930294096
0.9710000000000008,2.0,0.0002799932744331297,0.9710000000000008,0.8200067239380389,0.5030368306636401,0.2916155274213249,0.0007119200362901216,8.874935754714971e-05,2.542632637951107,8.021692279990885,11267.68719952403,0.528391196516714
0.9720000000000008,2.0,0.0002806391033259696,0.9720000000000008,0.8193608950465161,0.5030464043432649,0.292045205796173,0.0007119165254160175,8.902234067927945e-05,2.536768820210084,7.997054671712545,11233.13532726237,0.5273156892503431
0.9730000000000008,2.0,0.0002812847637259224,0.9730000000000008,0.8187152346478807,0.5030559767364836,0.2924747616776802,0.0007119111335252457,8.929595929658954e-05,2.5309267578917,7.972489899130694,11198.71501328048,0.5262404729702004
0.9740000000000008,2.0,0.000281930253651777,0.9740000000000008,0.8180697447233423,0.5030655478131058,0.2929041953169285,0.000711903869653769,8.957021558173355e-05,2.525106340847601,7.947997724803407,11164.42551249072,0.5251655494064138
0.9750000000000008,2.0,0.0002825755711308929,0.9750000000000008,0.8174244272455427,0.5030751175430502,0.2933335069661107,0.0007118947427641281,8.984511173030398e-05,2.51930745951459,7.923577911518275,11130.26608505745,0.5240909202794319
0.9760000000000008,2.0,0.000283220714199124,0.9760000000000008,0.8167792841786287,0.5030846858963482,0.2937626968784998,0.0007118837617458274,9.012064995092579e-05,2.513530004911713,7.899230222301725,11096.23599635088,0.5230165873001289
0.9770000000000008,2.0,0.0002838656809007426,0.9770000000000008,0.8161343174783253,0.5030942528431426,0.2941917653084258,0.000711870935415718,9.039683246535104e-05,2.507773868637349,7.874954420428137,11062.33451690134,0.5219425521698995
0.9780000000000008,2.0,0.0002845104692883725,0.9780000000000008,0.8154895290920107,0.503103818353682,0.294620712511257,0.0007118562725183802,9.067366150855531e-05,2.502038942866233,7.850750269428732,11028.56092235392,0.5208688165807537
0.9790000000000008,2.0,0.0002851550774229091,0.9790000000000008,0.8148449209587891,0.5031133823983265,0.2950495387433694,0.000711839781726507,9.095113932883206e-05,2.496325120346605,7.826617533100539,10994.91449342399,0.5197953822154198
0.9800000000000008,2.0,0.0002857995033734516,0.9800000000000008,0.8142004950095615,0.5031229449475411,0.2954782442621256,0.0007118214716412832,9.122926818789064e-05,2.49063229439725,7.802555975514962,10961.3945158527,0.5187222507474358
0.9810000000000008,2.0,0.0002864437452172291,0.9810000000000008,0.8135562531670972,0.5031325059718994,0.2959068293258533,0.0007118013507927657,9.150805036095319e-05,2.484960358904611,7.778565361026354,10928.00028036335,0.5176494238412439
0.9820000000000008,2.0,0.0002870878010395294,0.9820000000000008,0.8129121973461108,0.5031420654420777,0.296335294193819,0.0007117794276402618,9.178748813685145e-05,2.479309208319883,7.754645454280515,10894.73108261815,0.5165769031522918
0.9830000000000008,2.0,0.0002877316689336265,0.9830000000000008,0.8122683294533275,0.5031516233288573,0.2967636391262076,0.0007117557105727058,9.206758381812614e-05,2.473678737656122,7.730796020222878,10861.58622317534,0.5155046903271199
0.9840000000000008,2.0,0.0002883753470007107,0.9840000000000008,0.811624651387556,0.5031611796031247,0.2971918643840988,0.000711730207909036,9.234833972112596e-05,2.468068842485351,7.707016824106669,10828.56500744686,0.5144327870034573
0.9850000000000008,2.0,0.0002890188333498188,0.9850000000000008,0.810981165039761,0.5031707342358651,0.2976199702294464,0.0007117029278985683,9.262975817610699e-05,2.462479418935662,7.683307631500928,10795.66674565648,0.5133611948103146
0.9860000000000008,2.0,0.0002896621260977609,0.9860000000000008,0.810337872293132,0.503180287198169,0.2980479569250543,0.0007116738787213727,9.291184152733248e-05,2.456910363688379,7.659668208298454,10762.89075279843,0.5122899153680778
0.9870000000000008,2.0,0.0002903052233690531,0.9870000000000008,0.8096947750231509,0.5031898384612248,0.2984758247345558,0.0007116430684886372,9.319459213317461e-05,2.451361573975133,7.636098320723404,10730.23634859633,0.5112189502885951
0.9880000000000008,2.0,0.0002909481232958485,0.9880000000000008,0.8090518750976671,0.5031993879963204,0.2989035739223929,0.0007116105052430521,9.347801236621537e-05,2.445832947575036,7.612597735339107,10697.70285746275,0.5101483011752741
0.9890000000000008,2.0,0.0002915908240178659,0.9890000000000008,0.8084091743769609,0.503208935774843,0.2993312047537974,0.0007115761969591652,9.376210461334902e-05,2.440324382811799,7.589166219055383,10665.28960845903,0.5090779696231635
0.9900000000000008,2.0,0.0002922333236823207,0.9900000000000008,0.8077666747138156,0.5032184817682779,0.299758717494761,0.0007115401515437598,9.404687127588403e-05,2.434835778550906,7.565803539136092,10632.9959352558,0.5080079572190546
0.9910000000000008,2.0,0.0002928756204438617,0.9910000000000008,0.8071243779535853,0.5032280259482045,0.3001861124120292,0.0007115023768362169,9.433231476964801e-05,2.429367034196726,7.542509463206208,10600.82117609348,0.5069382655415561
0.9920000000000008,2.0,0.0002935177124644962,0.9920000000000008,0.8064822859342615,0.5032375682863001,0.3006133897730687,0.0007114628806088811,9.461843752508998e-05,2.423918049689718,7.519283759259102,10568.76467374374,0.5058688961611928
0.9930000000000008,2.0,0.0002941595979135242,0.9930000000000008,0.8058404004865427,0.5032471087543374,0.3010405498460505,0.0007114216705674238,9.490524198738545e-05,2.418488725503592,7.496126195663503,10536.82577547105,0.5047998506404923
0.9940000000000008,2.0,0.0002948012749674761,0.9940000000000008,0.8051987234338999,0.50325664732418,0.3014675928998357,0.0007113787543512079,9.51927306165429e-05,2.413078962642451,7.473036541170321,10505.00383299454,0.5037311305340642
0.9950000000000008,2.0,0.0002954427418100393,0.9950000000000008,0.8045572565926445,0.503266183967787,0.3018945192039496,0.0007113341395336439,9.548090588750778e-05,2.407688662638013,7.45001456491953,10473.2982024507,0.5026627373886949
0.9960000000000008,2.0,0.0002960839966319952,0.9960000000000008,0.8039160017719975,0.5032757186572084,0.3023213290285652,0.000711287833622554,9.57697702902698e-05,2.402317727546787,7.427060036446812,10441.7082443561,0.5015946727434324
0.9970000000000008,2.0,0.0002967250376311519,0.9970000000000008,0.8032749607741484,0.503285251364586,0.302748022644483,0.000711239844060526,9.605932632997076e-05,2.39696605994727,7.404172725690013,10410.23332357056,0.5005269381296654
0.9980000000000008,2.0,0.0002973658630122781,0.9980000000000008,0.8026341353943295,0.5032947820621508,0.3031746003231146,0.0007111901782252717,9.634957652701082e-05,2.391633562937159,7.381352402995724,10378.87280926095,0.4994595350712149
0.9990000000000008,2.0,0.00029800647098704,0.9990000000000008,0.8019935274208743,0.5033043107222227,0.3036010623364622,0.0007111388434299792,9.664052341715852e-05,2.386320140130548,7.358598839125457,10347.62607486509,0.49839246508441204
1.000000000000001,2.0,0.0002986468597739315,1.000000000000001,0.8013531386352886,0.5033138373172115,0.3040274089570998,0.0007110858469236676,9.69321695516581e-05,2.381025695655185,7.335911805262011,10316.49249805628,0.4973257296781888
1.001000000000001,2.0,0.000299287027598214,1.001000000000001,0.8007129708123125,0.5033233618196138,0.3044536404581581,0.0007110311958915368,9.722451749734031e-05,2.375750134149665,7.313291073015486,10285.47146070801,0.4962593303541544
1.002,2.0,0.0002999269726918496,1.002,0.8000730257199826,0.5033328842020128,0.3048797571133033,0.0007109748974553185,9.75175698367326e-05,2.37049336076069,7.290736414429297,10254.56234885914,0.49519326860667934
1.003,2.0,0.0003005666932934367,1.003,0.7994333051196997,0.5033424044370769,0.305305759196722,0.0007109169586736201,9.781132916816923e-05,2.36525528114031,7.26824760198611,10223.76455267955,0.4941275459229777
1.004,2.0,0.0003012061876481486,1.004,0.7987938107662922,0.5033519224975596,0.3057316469831036,0.0007108573865422785,9.810579810590391e-05,2.360035801443177,7.245824408613621,10193.07746643591,0.49306216378318857
1.005,2.0,0.0003018454540076685,1.005,0.7981545444080769,0.5033614383562987,0.3061574207476219,0.0007107961879946969,9.840097928022148e-05,2.354834828323805,7.223466607690218,10162.50048845804,0.49199712366045495
1.006,2.0,0.0003024844906301241,1.006,0.7975155077869245,0.5033709519862155,0.3065830807659189,0.0007107333699021903,9.869687533755005e-05,2.349652268933859,7.201173973050653,10132.0330211056,0.4909324270210056
1.007,2.0,0.0003031232957800293,1.007,0.7968767026383223,0.5033804633603123,0.3070086273140891,0.0007106689390743281,9.899348894057537e-05,2.344488030919417,7.178946278991483,10101.67447073502,0.4898680753242332
1.008,2.0,0.0003037618677282211,1.008,0.7962381306914337,0.5033899724516724,0.3074340606686635,0.0007106029022592716,9.929082276835527e-05,2.339342022418253,7.156783300276429,10071.4242476668,0.48880407002277015
1.009,2.0,0.0003044002047517923,1.009,0.7955997936691643,0.503399479233463,0.3078593811065894,0.0007105352661441124,9.958887951643278e-05,2.33421415205718,7.134684812141798,10041.28176615336,0.48774041256257494
1.01,2.0,0.0003050383051340386,1.01,0.7949616932882195,0.5034089836789261,0.3082845889052209,0.0007104660373552078,9.988766189695376e-05,2.329104328949291,7.11265059030153,10011.24644434686,0.4866771043829986
1.010999999999999,2.0,0.0003056761671643888,1.010999999999999,0.7943238312591702,0.5034184857613858,0.3087096843422962,0.0007103952224585148,0.0001001871726387804,2.324012462691334,7.090680410952484,9981.317704267869,0.485614146916874
1.011999999999999,2.0,0.0003063137891383498,1.011999999999999,0.7936862092865106,0.5034279854542428,0.3091346676959286,0.0007103228279599228,0.0001004874144876099,2.318938463361001,7.068774050779321,9951.494971773804,0.48455154159058195
1.012999999999999,2.0,0.0003069511693574412,1.012999999999999,0.7930488290687194,0.5034374827309765,0.3095595392445868,0.000710248860305583,0.0001007883902060906,2.313882241514288,7.046931286959503,9921.777676528163,0.48348928982413264
1.013999999999999,2.0,0.0003075883061291392,1.013999999999999,0.7924116922983211,0.5034469775651406,0.3099842992670798,0.0007101733258822382,0.0001010901025739407,2.308843708182817,7.025151897168106,9892.165251969805,0.48242739303124127
1.014999999999999,2.0,0.000308225197766814,1.014999999999999,0.7917748006619454,0.5034564699303651,0.3104089480425468,0.0007100962310175498,0.0001013925543880661,2.303822774871202,7.003435659582593,9862.657135282703,0.48136585261939857
1.015999999999999,2.0,0.0003088618425896706,1.015999999999999,0.7911381558403872,0.5034659598003555,0.3108334858504354,0.0007100175819804231,0.0001016957484626802,2.298819353554412,6.981782352887463,9833.252767365933,0.48030466998995175
1.016999999999999,2.0,0.0003094982389226899,1.016999999999999,0.7905017595086661,0.5034754471488894,0.3112579129704932,0.0007099373849813263,0.0001019996876294232,2.293833356675129,6.960191756278825,9803.951592804064,0.47924384653817287
1.017999999999999,2.0,0.0003101343850965696,1.017999999999999,0.7898656133360838,0.5034849319498179,0.3116822296827498,0.0007098556461726201,0.0001023043747374832,2.288864697141149,6.938663649468911,9774.753059837734,0.47818338365333407
1.018999999999999,2.0,0.0003107702794476648,1.018999999999999,0.7892297189862867,0.5034944141770646,0.3121064362675049,0.000709772371648869,0.0001026098126537167,2.28391328832276,6.917197812690482,9745.656620334728,0.4771232827187818
1.019999999999998,2.0,0.0003114059203179291,1.019999999999998,0.788594078117319,0.5035038938046255,0.3125305330053122,0.000709687567447163,0.0001029160042627709,2.278979044050152,6.895794026701126,9716.66172976114,0.47606354511200677
1.020999999999998,2.0,0.0003120413060548582,1.020999999999998,0.7879586923816857,0.5035133708065658,0.3129545201769683,0.0007096012395474344,0.0001032229524672054,2.274061878610824,6.874452072787586,9687.76784715305,0.4750041722047174
1.021999999999998,2.0,0.0003126764350114323,1.021999999999998,0.7873235634264079,0.5035228451570201,0.3133783980634967,0.0007095133938727706,0.0001035306601876162,2.269161706746994,6.853171732769834,9658.974435088308,0.47394516536291115
1.022999999999998,2.0,0.0003133113055460549,1.022999999999998,0.786688692893079,0.503532316830194,0.3138021669461364,0.0007094240362897236,0.0001038391303627585,2.26427844365305,6.831952789005208,9630.280959658787,0.4728865259469426
1.023999999999998,2.0,0.0003139459160225028,1.023999999999998,0.7860540824179265,0.5035417858003575,0.314225827106328,0.0007093331726086256,0.0001041483659496717,2.259412004972957,6.810795024392425,9601.686890442777,0.4718282553115985
1.024999999999998,2.0,0.0003145802648098593,1.024999999999998,0.7854197336318636,0.5035512520418527,0.3146493788256988,0.0007092408085838924,0.0001044583699238032,2.254562306797758,6.789698222375535,9573.191700477873,0.47077035480616475
1.025999999999998,2.0,0.0003152143502824677,1.025999999999998,0.7847856481605489,0.5035607155290852,0.3150728223860559,0.0007091469499143338,0.0001047691452791353,2.249729265662982,6.768662166947736,9544.794866233864,0.46971282577449297
1.026999999999998,2.0,0.0003158481708198689,1.026999999999998,0.7841518276244409,0.5035701762365267,0.3154961580693651,0.0007090516022434562,0.0001050806950283106,2.24491279854614,6.747686642655198,9516.495867586162,0.4686556695550758
1.027999999999998,2.0,0.0003164817248067467,1.027999999999998,0.7835182736388548,0.5035796341387153,0.3159193861577458,0.0007089547711597664,0.0001053930222027594,2.240112822864208,6.726771434600768,9488.29418778939,0.46759888748110906
1.028999999999997,2.0,0.0003171150106328729,1.028999999999997,0.7828849878140204,0.5035890892102529,0.316342506933455,0.0007088564621970703,0.0001057061298528257,2.235329256471104,6.705916328447643,9460.18931345133,0.4665424808805654
1.029999999999997,2.0,0.0003177480266930543,1.029999999999997,0.7822519717551307,0.5035985414258022,0.3167655206788771,0.0007087566808347763,0.0001060200210478976,2.230562017655184,6.685121110422858,9432.180734506936,0.46548645107625364
1.030999999999997,2.0,0.0003183807713870702,1.030999999999997,0.7816192270624048,0.5036079907600933,0.3171884276765085,0.0007086554324981883,0.0001063346988765336,2.225811025136788,6.664385567320936,9404.267944192996,0.4644307993858963
1.031999999999997,2.0,0.000319013243119628,1.031999999999997,0.7809867553311379,0.5036174371879142,0.3176112282089522,0.0007085527225588033,0.0001066501664465938,2.221076198065702,6.643709486507163,9376.45043902262,0.4633755271221857
1.032999999999997,2.0,0.0003196454403002984,1.032999999999997,0.7803545581517568,0.5036268806841178,0.3180339225588977,0.000708448556334604,0.0001069664268853681,2.216357456018757,6.623092655921114,9348.727718760418,0.46232063559285913
1.033999999999997,2.0,0.0003202773613434708,1.033999999999997,0.7797226371098737,0.5036363212236133,0.3184565110091203,0.0007083429390903508,0.0001072834833397084,2.211654718997299,6.602534864079813,9321.099286397552,0.46126612610075335
1.034999999999997,2.0,0.0003209090046682933,1.034999999999997,0.7790909937863402,0.503645758781373,0.3188789938424589,0.0007082358760378724,0.0001076013389761593,2.206967907424798,6.582035900081067,9293.564648127338,0.4602119999438813
1.035999999999997,2.0,0.0003215403686986202,1.035999999999997,0.7784596297573014,0.5036551933324259,0.3193013713418125,0.0007081273723363505,0.0001079199969810885,2.202296942144378,6.561595553606621,9266.123313321033,0.4591582584154889
1.036999999999997,2.0,0.0003221714518629592,1.036999999999997,0.7778285465942489,0.5036646248518629,0.3197236437901253,0.0007080174330926104,0.0001082394605608208,2.197641744416417,6.541213614925294,9238.774794503805,0.45810490280412364
1.037999999999996,2.0,0.000322802252594422,1.037999999999996,0.7771977458640739,0.5036740533148265,0.3201458114703787,0.000707906063361401,0.0001085597329417707,2.193002235916076,6.520889874895949,9211.51860733095,0.4570519343936952
1.038999999999996,2.0,0.000323432769330664,1.038999999999996,0.7765672291291174,0.5036834786965212,0.3205678746655778,0.0007077932681456782,0.0001088808173705753,2.18837833873096,6.500624124970587,9184.354270564532,0.45599935446353956
1.039999999999996,2.0,0.0003240630005138399,1.039999999999996,0.7759369979472269,0.5036929009722048,0.3209898336587454,0.000707679052396888,0.0001092027171142294,2.183769975358671,6.480416157197206,9157.281306050008,0.45494716428848153
1.040999999999996,2.0,0.000324692944590546,1.040999999999996,0.775307053871806,0.5037023201171912,0.3214116887329049,0.0007075634210152407,0.0001095254354602193,2.179177068704444,6.460265764222726,9130.299238693366,0.4538953651389011
1.041999999999996,2.0,0.0003253226000117719,1.041999999999996,0.7746773984518646,0.5037117361068488,0.3218334401710776,0.0007074463788499905,0.0001098489757166594,2.174599542078763,6.440172739295747,9103.407596438266,0.45284395828078694
1.042999999999996,2.0,0.0003259519652328469,1.042999999999996,0.7740480332320737,0.5037211489165997,0.3222550882562683,0.0007073279306997099,0.000110173341212427,2.170037319195004,6.420136876269366,9076.605910243605,0.4517929449758054
1.043999999999996,2.0,0.0003265810387133885,1.043999999999996,0.7734189597528152,0.50373055852192,0.3226766332714541,0.0007072080813125603,0.0001104985352972987,2.165490324167078,6.400157969603865,9049.893714061262,0.45074232648136103
1.044999999999996,2.0,0.0003272098189172547,1.044999999999996,0.7727901795502314,0.5037399648983371,0.3230980754995813,0.0007070868353865674,0.0001108245613420893,2.160958481507073,6.380235814369316,9023.270544813939,0.44969210405065013
1.045999999999996,2.0,0.0003278383043124896,1.045999999999996,0.7721616941562782,0.5037493680214297,0.323519415223548,0.000706964197569887,0.0001111514227387874,2.156441716122942,6.360370206248247,8996.735942373505,0.44864227893273023
1.046999999999995,2.0,0.0003284664933712751,1.046999999999995,0.7715335050987746,0.5037587678668287,0.3239406527261989,0.0007068401724610737,0.0001114791229006945,2.151939953316166,6.340560941538141,8970.289449539347,0.44759285237257573
1.047999999999995,2.0,0.0003290943845698785,1.047999999999995,0.770905613901452,0.5037681644102162,0.3243617882903169,0.0007067147646093457,0.000111807665262564,2.147453118779451,6.320807817153942,8943.930612017039,0.44654382561113504
1.048999999999995,2.0,0.0003297219763886078,1.048999999999995,0.7702780220840034,0.5037775576273203,0.3247828221986119,0.0007065879785148513,0.0001121370532807407,2.142981138594411,6.301110630630475,8917.658978397176,0.44549519988539155
1.049999999999995,2.0,0.0003303492673117544,1.049999999999995,0.7696507311621364,0.5037869474939232,0.3252037547337113,0.0007064598186289266,0.0001124672904332999,2.1385239392293,6.281469180124876,8891.474100134583,0.4444469764284251
1.050999999999995,2.0,0.0003309762558275509,1.050999999999995,0.7690237426476184,0.5037963339858507,0.3256245861781532,0.0007063302893543592,0.0001127983802201886,2.134081447536711,6.261883264418902,8865.375531527538,0.4433991564694652
1.051999999999995,2.0,0.0003316029404281192,1.051999999999995,0.7683970580483289,0.5038057170789773,0.326045316814376,0.0007061993950456457,0.0001131303261633666,2.129653590751311,6.242352682921234,8839.362829697347,0.44235174123395293
1.052999999999995,2.0,0.0003322293196094194,1.052999999999995,0.7677706788683057,0.5038150967492274,0.3264659469247116,0.0007060671400092478,0.0001134631318069473,2.1252402964876,6.222877235669743,8813.435554568137,0.44130473194359415
1.053999999999995,2.0,0.0003328553918712076,1.053999999999995,0.7671446066077952,0.5038244729725663,0.3268864767913762,0.000705933528503847,0.0001137968007173411,2.120841492737622,6.203456723333633,8787.593268846738,0.44025812981641893
1.054999999999995,2.0,0.0003334811557169794,1.054999999999995,0.7665188427632996,0.5038338457250101,0.3273069066964597,0.0007057985647405977,0.0001141313364833962,2.116457107868781,6.184090947215684,8761.835538003006,0.43921193606683995
1.055999999999994,2.0,0.0003341066096539294,1.055999999999994,0.7658933888276249,0.5038432149826153,0.327727236921921,0.0007056622528833789,0.0001144667427165439,2.112087070621562,6.164779709254271,8736.161930250068,0.4381661519057039
1.056999999999994,2.0,0.0003347317521928997,1.056999999999994,0.7652682462899312,0.5038525807214856,0.3281474677495791,0.0007055245970490453,0.0001148030230509403,2.107731310107353,6.145522812025521,8710.572016525042,0.4371207785403521
1.057999999999994,2.0,0.0003353565818483308,1.057999999999994,0.7646434166357738,0.5038619429177681,0.3285675994611018,0.0007053856013076715,0.0001151401811436115,2.103389755806231,6.126320058745275,8685.065370469802,0.43607581717467203
1.058999999999994,2.0,0.0003359810971382208,1.058999999999994,0.7640189013471582,0.5038713015476493,0.328987632338003,0.0007052452696827991,0.0001154782206745984,2.099062337564734,6.107171253271062,8659.64156841195,0.43503126900915523
1.059999999999994,2.0,0.0003366052965840706,1.059999999999994,0.7633947019025809,0.5038806565873629,0.3294075666616324,0.0007051036061516826,0.0001158171453471011,2.094748985593728,6.088076200104091,8634.300189346099,0.43398713524094845
1.060999999999994,2.0,0.0003372291787108441,1.060999999999994,0.7627708197770803,0.5038900080131802,0.329827402713167,0.0007049606146455334,0.0001161569588876254,2.090449630466202,6.06903470439114,8609.040814915252,0.43294341706391326
1.061999999999994,2.0,0.0003378527420469172,1.061999999999994,0.7621472564422795,0.5038993558014147,0.3302471407736067,0.0007048162990497549,0.0001164976650461282,2.086164203115105,6.050046571926374,8583.863029392407,0.43190011566867287
1.062999999999994,2.0,0.0003384759851240329,1.062999999999994,0.7615240133664349,0.5039086999284201,0.3306667811237623,0.0007046706632041877,0.0001168392675961644,2.081892634831213,6.031111609153228,8558.76641966239,0.43085723224267264
1.063999999999994,2.0,0.0003390989064772558,1.063999999999994,0.7609010920144823,0.5039180403705904,0.3310863240442523,0.000704523710903342,0.0001171817703350335,2.077634857260969,6.012229623166159,8533.750575203869,0.42981476797023
1.064999999999994,2.0,0.0003397215046449281,1.064999999999994,0.7602784938480807,0.503927377104357,0.3315057698154959,0.0007043754458966382,0.0001175251770839285,2.073390802404352,5.993400421712374,8508.815088071455,0.42877272403258476
1.065999999999993,2.0,0.0003403437781686198,1.065999999999993,0.7596562203256584,0.5039367101061915,0.3319251187177032,0.0007042258718886378,0.0001178694916880817,2.069160402612781,5.974623813193601,8483.959552878217,0.4277311016079552
1.066999999999993,2.0,0.0003409657255930876,1.066999999999993,0.7590342729024592,0.5039460393526013,0.3323443710308686,0.0007040749925392767,0.0001182147180169145,2.064943590586974,5.955899606667724,8459.183566778185,0.42668990187159056
1.067999999999993,2.0,0.0003415873454662295,1.067999999999993,0.7584126530305852,0.5039553648201311,0.3327635270347693,0.000703922811464096,0.0001185608599641866,2.060740299374864,5.937227611850391,8434.486729449061,0.42564912599581595
1.068999999999993,2.0,0.0003422086363390375,1.068999999999993,0.7577913621590449,0.5039646864853632,0.3331825870089496,0.0007037693322344714,0.0001189079214481433,2.056550462369517,5.918607639116718,8409.868643075291,0.42460877515009526
1.069999999999993,2.0,0.0003428295967655557,1.069999999999993,0.7571704017337935,0.5039740043249152,0.3336015512327234,0.0007036145583778416,0.0001192559064116669,2.052374013307049,5.900039499502782,8385.328912331082,0.42356885050107007
1.070999999999993,2.0,0.0003434502253028357,1.070999999999993,0.7565497731977788,0.5039833183154386,0.3340204199851603,0.0007034584933779315,0.0001196048188224259,2.048210886264552,5.881523004707176,8360.867144363754,0.42252935321261853
1.071999999999993,2.0,0.0003440705205108922,1.071999999999993,0.7559294779909886,0.5039926284336211,0.3344391935450859,0.0007033011406749804,0.0001199546626730251,2.044061015658051,5.863057967092562,8336.482948777248,0.42149028444590275
1.072999999999993,2.0,0.0003446904809526588,1.072999999999993,0.7553095175504859,0.5040019346561835,0.3348578721910697,0.0007031425036659617,0.0001203054419811572,2.039924336240456,5.844644199687086,8312.175937615728,0.4204516453594162
1.073999999999993,2.0,0.0003453101051939467,1.073999999999993,0.7546898933104617,0.5040112369598794,0.3352764562014229,0.0007029825857048044,0.0001206571607897532,2.035800783099509,5.826281516185861,8287.945725347492,0.4194134371090388
1.074999999999992,2.0,0.0003459293918033988,1.074999999999992,0.7540706067022729,0.504020535321497,0.3356949458541911,0.0007028213901026157,0.0001210098231671336,2.031690291655797,5.807969730952411,8263.791928848972,0.4183756608480818
1.075999999999992,2.0,0.00034654833935245,1.075999999999992,0.7534516591544851,0.5040298297178536,0.3361133414271492,0.0007026589201278961,0.0001213634332071614,2.027592797660696,5.789708659019986,8239.714167388865,0.4173383177273359
1.076999999999992,2.0,0.0003471669464152796,1.076999999999992,0.752833052092917,0.5040391201258003,0.3365316431977923,0.0007024951790067554,0.0001217179950293924,2.023508237194406,5.771498116093003,8215.712062612607,0.4163014088951247
1.077999999999992,2.0,0.0003477852115687748,1.077999999999992,0.7522147869406831,0.5040484065222183,0.3369498514433352,0.0007023301699231316,0.0001220735127792291,2.019436546663933,5.753337918548319,8191.785238526787,0.4152649354973479
1.078999999999992,2.0,0.0003484031333924836,1.078999999999992,0.7515968651182352,0.5040576888840191,0.3373679664407015,0.0007021638960190014,0.0001224299906280724,2.015377662801123,5.735227883436591,8167.933321483946,0.4142288986775337
1.079999999999992,2.0,0.0003490207104685749,1.079999999999992,0.7509792880434031,0.5040669671881446,0.3377859884665224,0.0007019963603945926,0.0001227874327734752,2.011331522660688,5.717167828483499,8144.155940167375,0.41319329957688067
1.080999999999992,2.0,0.0003496379413817976,1.080999999999992,0.750362057131439,0.5040762414115646,0.3382039177971299,0.000701827566108596,0.0001231458434392951,2.007298063618235,5.699157572091036,8120.452725576167,0.4121581393343091
1.081999999999992,2.0,0.0003502548247194386,1.081999999999992,0.749745173795057,0.5040855115312775,0.3386217547085502,0.0007016575161783741,0.0001235052268758487,2.003277223368325,5.681196933338718,8096.823311010403,0.4111234190865068
1.082999999999992,2.0,0.0003508713590712789,1.082999999999992,0.749128639444474,0.5040947775243096,0.3390394994764983,0.0007014862135801678,0.0001238655873600639,1.999268939922545,5.663285731984808,8073.267332056544,0.41008913996797575
1.083999999999991,2.0,0.0003514875430295558,1.083999999999991,0.7485124554874546,0.5041040393677169,0.3394571523763764,0.0007013136612493038,0.000124226929195635,1.995273151607561,5.645423788467485,8049.784426572925,0.4090553031110782
1.084999999999991,2.0,0.0003521033751889214,1.084999999999991,0.7478966233293449,0.5041132970385779,0.3398747136832635,0.0007011398620803998,0.0001245892567131765,1.991289797063209,5.62761092390599,8026.374234675407,0.4080219096460814
1.085999999999991,2.0,0.0003527188541464008,1.085999999999991,0.7472811443731212,0.5041225505140009,0.3402921836719157,0.0007009648189275678,0.0001249525742703771,1.98731881524059,5.609846960101787,8003.036398723264,0.4069889607012055
1.086999999999991,2.0,0.0003533339785013526,1.086999999999991,0.7466660200194236,0.5041317997711183,0.3407095626167571,0.0007007885346046161,0.0001253168862521544,1.983360145400173,5.592131719539659,7979.770563305136,0.4059564574026665
1.087999999999991,2.0,0.00035394874685543,1.087999999999991,0.7460512516666002,0.5041410447870874,0.3411268507918787,0.0007006110118852494,0.00012568219707081,1.979413727109896,5.574465025388772,7956.576375225164,0.40492440087472154
1.088999999999991,2.0,0.0003545631578125379,1.088999999999991,0.7454368407107458,0.5041502855390909,0.3415440484710285,0.0007004322535032703,0.0001260485111661828,1.975479500243315,5.556846701503822,7933.453483489359,0.4038927922397173
1.089999999999991,2.0,0.0003551772099787972,1.089999999999991,0.7448227885457388,0.5041595220043337,0.3419611559276142,0.0007002522621527752,0.0001264158330058064,1.971557404977709,5.539276572425957,7910.401539291912,0.4028616326181246
1.090999999999991,2.0,0.000355790901962502,1.090999999999991,0.744209096563287,0.5041687541600454,0.3423781734346925,0.0007000710404883538,0.0001267841670850611,1.967647381792254,5.52175446338396,7887.420196001978,0.40183092312859453
1.091999999999991,2.0,0.0003564042323740799,1.091999999999991,0.7435957661529596,0.5041779819834792,0.3427951012649659,0.0006998885911252807,0.0001271535179273307,1.963749371466168,5.504280200295149,7864.509109150313,0.40080066488799376
1.09299999999999,2.0,0.0003570171998260579,1.09299999999999,0.7429827987022318,0.5041872054519088,0.3432119396907808,0.0006997049166397153,0.0001275238900841578,1.959863315076869,5.486853609766404,7841.667936416169,0.39977085901145104
1.09399999999999,2.0,0.0003576298029330196,1.09399999999999,0.7423701955965197,0.5041964245426301,0.3436286889841214,0.0006995200195688911,0.0001278952881353982,1.955989153998162,5.469474519095139,7818.896337614376,0.3987415066123983
1.09499999999999,2.0,0.0003582420403115675,1.09499999999999,0.741757958219221,0.5042056392329599,0.3440453494166048,0.0006993339024113065,0.0001282677166893761,1.952126829898417,5.452142756270251,7796.193974682535,0.39771260880261616
1.09599999999999,2.0,0.0003588539105802851,1.09599999999999,0.7411460879517516,0.5042148495002365,0.3444619212594797,0.0006991465676269206,0.0001286411803830401,1.948276284738785,5.434858149973067,7773.560511668308,0.3966841666922719
1.09699999999999,2.0,0.000359465412359698,1.09699999999999,0.7405345861735864,0.5042240553218181,0.344878404783617,0.0006989580176373364,0.0001290156838821167,1.944437460771387,5.417620529578277,7750.995614716992,0.3956561813899694
1.09799999999999,2.0,0.0003600765442722377,1.09799999999999,0.7399234542622931,0.5042332566750811,0.3452948002595122,0.000698768254825995,0.0001293912318812672,1.940610300537546,5.400429725154818,7728.498952059026,0.3946286540027809
1.09899999999999,2.0,0.0003606873049422026,1.09899999999999,0.7393126935935732,0.5042424535374229,0.3457111079572778,0.0006985772815383582,0.0001297678291042418,1.936794746866004,5.383285567466761,7706.070193997813,0.39360158563629544
1.1,2.0,0.0003612976929957291,1.1,0.7387023055412922,0.5042516458862574,0.3461273281466443,0.000698385100082096,0.0001301454803040389,1.932990742871128,5.366187887974028,7683.709012897362,0.3925749773946479
