time,I0.NM0:region,I0.NM0:id,I0.NM0:vgs,I0.NM0:vds,I0.NM0:vth,I0.NM0:vdsat,I0.NM0:gm,I0.NM0:gds,I0.NM0:gmoverid,I0.NM0:self_gain,I0.NM0:rout,I0.NM0:sat_margin_abs
0.0,2.0,9.821407493476304e-05,0.714,0.5500011741707667,0.5060541914085409,0.1749331259882883,0.0005283925852465249,5.272386819453852e-05,5.380008757338101,10.02188578608994,18966.74189970733,0.37506804818247835
5e-09,2.0,9.951420139624747e-05,0.7171410759078128,0.5434500251635775,0.506143125432758,0.1763490786711643,0.000529902717746442,5.394116700871171e-05,5.324895422630081,9.823716228847266,18538.71644709682,0.3671009464924132
1e-08,2.0,0.0001007825519348921,0.7202790519529313,0.5364111725743824,0.5062384840597095,0.1777615766896304,0.0005311885938132387,5.522655756225783e-05,5.27064041470513,9.61835423499683,18107.23036417186,0.358649595884752
1.5e-08,2.0,0.0001020417240706022,0.7234108313318514,0.5293621557063347,0.5063340863807791,0.1791714712412014,0.0005323635291662412,5.655024246903628e-05,5.217116148271825,9.413991981691916,17683.39013838081,0.35019068446513335
2e-08,2.0,0.0001032921094802571,0.7265333233564304,0.5223495198440216,0.5064293177605567,0.1805775115390273,0.0005334360379147613,5.791003043230137e-05,5.164344475671035,9.211461882037252,17268.16567932962,0.34177200830499427
2.5e-08,2.0,0.0001045330002048551,0.729643446504023,0.5153973929450422,0.5065238567319588,0.1819783290412437,0.0005344096704009277,5.930498086958886e-05,5.112353670186136,9.01121056890803,16861.99009487907,0.3334190639037985
3e-08,2.0,0.0001057622361489211,0.7327381314585725,0.5085036671793839,0.5066177227051879,0.1833724326093156,0.0005352814638647503,6.073611190742539e-05,5.061177599971514,8.813232310303825,16464.66934735978,0.3251312345700683
3.5e-08,2.0,0.0001069787604325268,0.7358143241396542,0.5016843780108092,0.5067106982778107,0.184758432059829,0.0005360537240021464,6.220286918973708e-05,5.010842510269887,8.617829546849753,16076.42883722462,0.3169259459509802
3.999999999999999e-08,2.0,0.0001081807832480456,0.7388689887164854,0.4949423974458043,0.5068027372592663,0.1861348839508278,0.0005367255514289906,6.370571813825011e-05,4.961376055966567,8.425076541233283,15697.17804341933,0.3088075134949765
4.499999999999999e-08,2.0,0.0001093671176806644,0.7418991106039229,0.4882895139289584,0.5068936766826263,0.1875004031152914,0.0005372989400031629,6.524419292004366e-05,4.912801466524691,8.235199424746037,15327.03456421775,0.300789110813667
4.999999999999999e-08,2.0,0.0001105362180531204,0.7449016994374947,0.4817307631031884,0.506983441469823,0.1888535865945526,0.0005377743616374886,6.681832180675335e-05,4.865141643899101,8.048306917865986,14965.95503987844,0.2928771765086358
5.499999999999999e-08,2.0,0.0001116868849979908,0.7478737920245291,0.4752755066913499,0.5070718996747776,0.1901930700657086,0.0005381539534090872,6.842753256100831e-05,4.818416676618214,7.864582183045726,14614.00057218817,0.28508243662564126
6e-08,2.0,0.0001128177582424401,0.7508124552684677,0.4689295241271025,0.5071589660009034,0.1915174903378806,0.0005384391945488162,7.007143870550214e-05,4.772645713079871,7.684146415371616,14271.14982186712,0.27741203378922186
6.5e-08,2.0,0.0001139276921321895,0.753714789063478,0.4627006140836178,0.5072445285130195,0.1928255143845001,0.0005386325863237146,7.174921425471699e-05,4.727845985457143,7.507156585875829,13937.43486095748,0.2698750996991177
7e-08,2.0,0.0001150154862260579,0.7565779291565072,0.456594568229082,0.5073285014514951,0.1941158209774325,0.0005387364170678717,7.346002642612796e-05,4.684033691273203,7.333735682897279,13612.8456338851,0.26247874725164955
7.500000000000001e-08,2.0,0.000116080087103639,0.7593990499739547,0.4506180255189496,0.5074107878640226,0.1953871159748723,0.0005387536544943513,7.52026702780843e-05,4.641223686635136,7.16402293299093,13297.40016281605,0.2552309095440773
8.000000000000001e-08,2.0,0.000117120444197691,0.7621753674101714,0.4447764043235446,0.5074913067886755,0.1966381234998566,0.0005386872813633282,7.697580434191527e-05,4.59942993097973,6.998137739107707,12991.09517008937,0.248138280823688
8.500000000000002e-08,2.0,0.0001181356191029896,0.764904141575037,0.4390753690133652,0.5075699740639437,0.1978675942586569,0.0005385407719994651,7.877773133833528e-05,4.558665465976645,6.836205649113397,12693.94260295706,0.24120777475470828
9.000000000000003e-08,2.0,0.0001191247076849753,0.7675826794978996,0.4335197592310441,0.5076467164335204,0.1990743014955098,0.0005383177293431037,8.060652398862172e-05,4.518942667862254,6.678339453256807,12405.94371916048,0.23444545773553427
9.500000000000003e-08,2.0,0.0001200868995326177,0.770208337785213,0.4281143510470315,0.5077214616115405,0.2002570457314466,0.0005380221390998105,8.245989006672099e-05,4.48027333634869,6.524652636141999,12127.10809086536,0.2278573053155849
1e-07,2.0,0.0001210214352116846,0.7727785252292473,0.4228632994286443,0.5077941456407138,0.201414653111143,0.0005376581664801751,8.433523826050659e-05,4.442668857594797,6.375249273848977,11857.43967321298,0.2214486463175013
1.05e-07,2.0,0.0001219276384209114,0.7752907053652976,0.4177705390947531,0.5078647076892026,0.2025459782739425,0.000537230289218689,8.622959450595177e-05,4.406140321693577,6.230230958370193,11596.94656723658,0.2152245608208106
1.1e-07,2.0,0.0001228048918234933,0.777742398974869,0.4128394946045671,0.5079330938803519,0.2036499038944366,0.0005367431784992618,8.813963736654351e-05,4.370698635950663,6.089691250567835,11345.63324604266,0.2091895907101305
1.150000000000001e-07,2.0,0.000123652653941763,0.7801311865323651,0.4080732968717798,0.5079992545098789,0.2047253425588934,0.0005362017641103884,9.0061648462401e-05,4.336354632343018,5.953719183079825,11103.50539960948,0.20334795431288638
1.2e-07,2.0,0.0001244704446945869,0.7824547105928689,0.4034746351780141,0.5080631459968101,0.2057712368944525,0.0005356111588344332,9.199153543325232e-05,4.303119143618169,5.822396118424011,10870.56537637188,0.19770339828356157
1.25e-07,2.0,0.0001252578535228316,0.7847106781186547,0.3990458796858127,0.5081247293318084,0.2067865609013509,0.0005349766839899763,9.392480789655513e-05,4.271003082262234,5.69579747854451,10646.81442948873,0.19225931878446179
1.300000000000001e-07,2.0,0.0001260145298711122,0.7868968627421411,0.394789010356662,0.5081839710038196,0.2077703203638255,0.0005343038151927388,9.585659931838746e-05,4.240017481831046,5.573990930118958,10432.24991404611,0.18701868999283647
1.350000000000001e-07,2.0,0.0001267401861092809,0.789011106963046,0.3907056920342629,0.5082408420654073,0.2087215538729012,0.0005335981835806132,9.778166429337753e-05,4.210173539524016,5.45703724145706,10226.86622514081,0.18198413816136172
1.400000000000001e-07,2.0,0.000127434590424624,0.791051324277579,0.3867972461124106,0.5082953184847703,0.2096393333622993,0.0005328655311307027,9.969440622820824e-05,4.181482623164891,5.344989265605656,10030.65305099388,0.1771579127501113
1.450000000000001e-07,2.0,0.00012809756656001,0.793015501237569,0.3830647021258555,0.5083473805122143,0.2105227649449475,0.0005321116962969546,0.0001015888935038533,4.153956276131916,5.237892430404032,9843.595746636118,0.17254193718090802
1.500000000000001e-07,2.0,0.0001287289878100778,0.7949016994374948,0.3795087937718111,0.5083970127005137,0.2113709894927588,0.0005313425729588298,0.0001034588965853064,4.127606192090199,5.135784263083791,9665.674320965298,0.16813780427905234
1.550000000000001e-07,2.0,0.0001293287747837181,0.7967080574274562,0.3761299990892323,0.5084442034134632,0.2121831833512344,0.0005305640859962301,0.0001052979208436338,4.102444185907921,5.038694798011362,9496.863679625623,0.16394681573799788
1.600000000000001e-07,2.0,0.0001298968898843089,0.7984327925502015,0.3729285505109259,0.5084889446518253,0.2129585589197718,0.0005297821514365662,0.0001070992540347524,4.078482141145444,4.946646512259165,9337.13319492881,0.15996999159115408
1.650000000000001e-07,2.0,0.000130433333875122,0.8000742027003944,0.3699044694317486,0.5085312316283486,0.2136963652772141,0.0005290026459754892,0.0001088560129681406,4.055731954169576,4.859654800422597,9186.447057294614,0.15620810415453448
1.700000000000001e-07,2.0,0.0001309381406087673,0.8016306680043863,0.3670575841395318,0.5085710624820403,0.2143958887382414,0.0005282313679527728,0.0001105612001331091,4.034205462014071,4.777728238449056,9044.764336820328,0.15266169540129043
1.750000000000001e-07,2.0,0.0001314113729413653,0.8031006524188368,0.3643875612398906,0.5086084378885404,0.215056453405647,0.0005274740040594385,0.0001122077605756181,4.013914369045716,4.700869185460373,8912.039549404324,0.14933110783424358
1.800000000000001e-07,2.0,0.0001318531176862715,0.8044827052466019,0.3618939275250425,0.5086433607166524,0.2156774216879154,0.0005267360918895181,0.0001137886448602828,3.994870164238312,4.629074302943668,8788.223123914218,0.14621650583712711
1.850000000000001e-07,2.0,0.0001322634812857894,0.8057754625683982,0.3595760989922991,0.5086758356661452,0.2162581947849024,0.0005260229865415856,0.0001152968718747102,3.977084040270267,4.562335282723019,8673.262194716533,0.14331790420739668
1.900000000000001e-07,2.0,0.000132642585068148,0.8069776485888251,0.3574334039558963,0.5087058689041951,0.2167982131568637,0.0005253398259359371,0.0001167255943872186,3.960566809162499,4.50063954434197,8567.101373522752,0.14063519079903258
1.950000000000001e-07,2.0,0.0001329905609921404,0.8080880768954226,0.3554651095602812,0.5087334677338756,0.2172969569456002,0.0005246914994832242,0.0001180681632798649,3.94532882268726,4.443971049498863,8469.683716766502,0.13816815261468102
2.000000000000001e-07,2.0,0.0001333075473249338,0.8091056516295153,0.3536704442188982,0.5087586402378689,0.2177539463883357,0.0005240826173292599,0.0001193181917026659,3.931379893865048,4.392311095656257,8380.95168666269,0.1359164978305625
2.050000000000001e-07,2.0,0.0001335936847011619,0.8100293685676943,0.3520486211921496,0.5087813949852231,0.2181687421744078,0.0005235174826672465,0.0001204696164978373,3.918729225448348,4.345639156879401,8300.848206136294,0.1338798790177418
2.100000000000001e-07,2.0,0.0001338491123390384,0.8108583161128631,0.350598858984483,0.5088017407023012,0.2185409457995841,0.0005230000657642559,0.0001215167572542447,3.907385342460183,4.303933692618243,8229.317689145866,0.1320579131848989
2.150000000000001e-07,2.0,0.0001340739645921948,0.8115916761938747,0.3493204015007345,0.5088196860259333,0.218870199857811,0.0005225339808819349,0.0001224543713307602,3.897356032902771,4.267172949428845,8166.307083467938,0.1304502016429235
2.200000000000001e-07,2.0,0.0001342683678013845,0.8122287250728688,0.3482125354492581,0.5088352392157917,0.2191561883332525,0.0005221224655244223,0.0001232777047855723,3.8886482940001,4.235335711616268,8111.766857919583,0.1290563471160056
2.250000000000001e-07,2.0,0.000134432437463255,0.8127688340595137,0.3472746066666277,0.508848407960782,0.2193986368267233,0.0005217683623899139,0.0001239825382555663,3.881268286807598,4.208402003469136,8065.651938329343,0.12787596983990437
2.300000000000002e-07,2.0,0.000134566275787818,0.8132114701314478,0.3465060338978002,0.5088591991424296,0.2195973127839873,0.0005214741039018858,0.0001245652275517806,3.875221296681506,4.186353721267147,8027.922556351524,0.1269087211138129
2.350000000000002e-07,2.0,0.0001346699695643902,0.813556196460308,0.3459063209994274,0.5088676186994368,0.2197520256568471,0.0005212416992160185,0.0001250227385142296,3.870511701619901,4.169175186933638,7998.544999765655,0.12615429534258032
2.400000000000001e-07,2.0,0.0001347435884692399,0.8138026728428271,0.345475066710687,0.5088736714481321,0.219862627067103,0.0005210727238464622,0.000125352675839841,3.867142946104346,4.156853616050604,7977.492249767906,0.125612439643584
2.450000000000001e-07,2.0,0.0001347871836759146,0.8139506560365731,0.3452119725607301,0.5088773610082649,0.2199290109025163,0.0005209683115388098,0.0001255533057674167,3.865117522032349,4.149379487497417,7964.744487512475,0.12528296165821382
2.500000000000001e-07,2.0,0.0001348007869371092,0.814,0.34511684841496,0.5088786896840016,0.2199511134163236,0.0005209291487155967,0.0001256235723258484,3.864436954585588,4.146746817264407,7960.289470244904,0.1251657349986364
2.550000000000002e-07,2.0,0.0001347844099637024,0.8139506560365731,0.3451896160015049,0.5088776584525446,0.2199289132583672,0.0005209554709907574,0.0001255631072515723,3.865101794512233,4.148953322308244,7964.122757781447,0.1252607027431377
2.600000000000002e-07,2.0,0.000134738044290524,0.8138026728428271,0.3454303101316066,0.5088742669073496,0.2198624315102308,0.000521047062217746,0.0001253722332884564,3.867111614958018,4.156000483926302,7976.247800413673,0.12556787862137578
2.650000000000002e-07,2.0,0.0001346616614331314,0.813556196460308,0.3458390778238082,0.508868513310051,0.2197517316517521,0.0005212032555201954,0.0001250519611205647,3.870465014411974,4.167893496829646,7996.675870087979,0.12608734617205608
2.700000000000002e-07,2.0,0.0001345552135367484,0.8132114701314477,0.3464161751739176,0.5088603945963016,0.2195969195317811,0.0005214229368786144,0.0001246039796718111,3.875159624207564,4.184641118622111,8025.425854245231,0.1268192556421365
2.750000000000002e-07,2.0,0.0001344186343083255,0.8127688340595137,0.3471619621072024,0.5088499064905283,0.2193981432701366,0.0005217045507156288,0.0001240306401311057,3.881192122311787,4.206255407245861,8062.523896860946,0.1277638188370658
2.800000000000002e-07,2.0,0.0001342518404381025,0.8122287250728688,0.3480768949380246,0.5088370435736725,0.2191555931638933,0.0005220461081292003,0.0001233349334868353,3.88855825208326,4.232751365491459,8108.002913114146,0.12892130177413128
2.850000000000002e-07,2.0,0.000134054733292447,0.8115916761938746,0.349161516839532,0.5088217994592746,0.2188695015247002,0.0005224451972178115,0.0001225204620382907,3.897252847862541,4.264146482360917,8161.901966117914,0.1302920153148318
2.900000000000002e-07,2.0,0.0001338272010844773,0.8108583161128631,0.350416446210577,0.5088041669210854,0.2185401425204794,0.0005228989961810444,0.0001215914047646396,3.907269866164195,4.300460194478402,8224.265538634627,0.1318763036900976
2.950000000000002e-07,2.0,0.0001335691212965427,0.8100293685676943,0.3518423630381962,0.5087841381275521,0.2181678319480595,0.0005234042886233229,0.0001205524771559204,3.918602424331832,4.341713260245672,8295.14269297526,0.13367453109013672
3.000000000000002e-07,2.0,0.0001332803635569703,0.8091056516295153,0.3534399932997774,0.508761704825531,0.2177529270103315,0.0005239574817290849,0.0001194088855389958,3.931242845297657,4.3879270739695,8374.586158191938,0.13568706628944588
3.050000000000002e-07,2.0,0.0001329607927373237,0.8080880768954225,0.3552100915213284,0.5087368586282413,0.2172958260244339,0.0005245546266872083,0.0001181662766776595,3.945182710110803,4.439122915907028,8462.65134280109,0.13791426549689448
3.100000000000002e-07,2.0,0.0001326102724649412,0.806977648588825,0.3571534215955532,0.5087095912489729,0.2167969681348192,0.0005251914419669219,0.0001168306828803029,3.960412916505766,4.495321169225715,8559.395317619901,0.140356453460734
3.150000000000002e-07,2.0,0.0001322286688086231,0.805775462568398,0.3592707360111953,0.5086798948349761,0.2162568329577524,0.00052586333873644,0.0001154084635942403,3.976923744775311,4.556540502829158,8664.875771294017,0.14301390305344291
3.200000000000002e-07,2.0,0.0001318158543220662,0.8044827052466019,0.3615627536606217,0.5086477622421793,0.2156759402313956,0.0005265654489179952,0.0001139062439409009,3.994704928636883,4.622797053963066,8779.149986886052,0.14588681342922608
3.250000000000002e-07,2.0,0.0001313717121944502,0.8031006524188367,0.3640301364218158,0.5086131874044428,0.2150548493980945,0.0005272926550577719,0.000112330851361784,4.013745731810761,4.694103611478208,8902.273844424984,0.14897528702372131
3.300000000000002e-07,2.0,0.0001308961406814578,0.8016306680043863,0.3666734647437651,0.5085761656371769,0.2143941591933195,0.0005280396223728726,0.0001106892510251517,4.034035027298173,4.770468834890638,9034.300898582936,0.1522793055504456
3.350000000000002e-07,2.0,0.0001303890575589207,0.8000742027003943,0.3694932124773993,0.5085366940282945,0.213694507167942,0.0005288008320382747,0.0001089884812958365,4.055561379504275,4.851896510080791,9175.281535354334,0.1557987053094573
3.400000000000002e-07,2.0,0.0001298504047616953,0.7984327925502014,0.372489721233366,0.5084947717556724,0.2129565692185296,0.0005295706159501924,0.0001072355900359124,4.078313125520462,4.938384875514214,9325.262253558803,0.1595331520148364
3.450000000000002e-07,2.0,0.0001292801529455094,0.7967080574274561,0.3756631745448005,0.5084504004835226,0.2121810590523032,0.0005303431919399536,0.0001054375730637414,4.102278455268134,5.029926017164099,9484.28506975837,0.16348211549249733
3.500000000000002e-07,2.0,0.0001286783061263675,0.7949016994374947,0.3790135721509166,0.5084035846764794,0.2113687276615697,0.0005311126995872034,0.0001036013155340396,4.127445486337121,5.12650536191984,9652.387084519562,0.16764484448934688
3.550000000000003e-07,2.0,0.0001280449061350176,0.7930155012375689,0.3825407046951119,0.5083543319835158,0.2105203627340843,0.0005318732355723155,0.0001017335374525033,4.153802333061074,5.228101262286621,9829.60019911697,0.1720203419610276
3.600000000000003e-07,2.0,0.0001273800370371901,0.7910513242775787,0.386244129162685,0.5083026535305339,0.2096367880741065,0.000532618888692301,9.984074394076008e-05,4.181337165509732,5.334684695542006,10015.95100887213,0.17660734108857853
3.650000000000003e-07,2.0,0.0001266838292620528,0.7890111069630459,0.390123145341174,0.508248564273856,0.2087188629602353,0.0005333437735178256,9.792918121169442e-05,4.210038258162495,5.446219062782639,10211.46084983893,0.18140428238093867
3.700000000000003e-07,2.0,0.000125956463590414,0.786896862742141,0.3941767736081052,0.5081920832539193,0.2077674815145451,0.0005340420628632063,9.60047985996038e-05,4.239894024174793,5.562660102965001,10416.14601131122,0.1864092920935601
3.750000000000003e-07,2.0,0.000125198174755354,0.7847106781186546,0.398403734292589,0.5081332339018954,0.2067835720085508,0.0005347080181562619,9.407321724811364e-05,4.270893035611176,5.68395589943517,10630.01807796737,0.19162016228403822
3.800000000000003e-07,2.0,0.0001244092548118902,0.7824547105928688,0.4028024288679557,0.5080720442394314,0.2057680961801182,0.0005353360179894873,9.21397054554821e-05,4.303024026130242,5.810046986183806,10853.08440109087,0.1970343326878375
3.850000000000003e-07,2.0,0.0001235900560427376,0.780131186532365,0.4073709231632425,0.5080085471250195,0.20472204848614,0.0005359205840997444,9.02091608837524e-05,4.336275877396626,5.940866524524665,11085.34865199162,0.20264887467710252
3.900000000000003e-07,2.0,0.000122740993564903,0.7777423989748689,0.4121069327847914,0.5079427803883498,0.2036464553645835,0.0005364564052034142,8.828609928272047e-05,4.370637586487464,6.076340551478079,11326.81144737948,0.20846047742020787
3.950000000000003e-07,2.0,0.0001218625474208427,0.7752907053652974,0.4170078108642802,0.5078747870071478,0.2025423744299504,0.0005369383581126072,8.63746495717696e-05,4.406098216597235,6.216388266402858,11577.47099360547,0.21446543643432978
4.000000000000003e-07,2.0,0.000120955264328228,0.7727785252292472,0.4220705382510548,0.5078046151691056,0.2014108936752333,0.0005373615267058936,8.447855464554924e-05,4.442646829120492,6.360922354324448,11837.32373494964,0.2206596445758215
4.050000000000003e-07,2.0,0.0001200197588889334,0.7702083377852129,0.4272917161914137,0.5077323183744059,0.2002531306036514,0.000537721218340233,8.260117747536572e-05,4.480272400390558,6.50984931178007,12106.36495222155,0.2270385855877623
4.100000000000003e-07,2.0,0.0001190567144398801,0.7675826794978995,0.432667561543035,0.5076579554226732,0.1990702313628098,0.0005380129783932044,8.074551169642662e-05,4.518963721829345,6.663069774279653,12384.58929778824,0.2335973301802252
4.150000000000003e-07,2.0,0.0001180668833617505,0.7649041415750369,0.4381939045017951,0.5075815904406953,0.1978633698039298,0.0005382326026388449,7.891419610433833e-05,4.558709287562659,6.820478813814533,12671.99121787702,0.24033053469786528
4.200000000000003e-07,2.0,0.0001170510870346055,0.7621753674101713,0.4438661888309214,0.5075032927958156,0.1966337465385061,0.0005383761482102209,7.710953219843838e-05,4.599497168686596,6.981966209115766,12968.56525372945,0.24723244229241528
4.250000000000003e-07,2.0,0.0001160102152691979,0.7593990499739545,0.4496794745183038,0.5074231370519585,0.1953825879146105,0.0005384399429106451,7.533350416835834e-05,4.641314878745492,7.147416662144348,13274.30618075538,0.2542968866036933
4.300000000000003e-07,2.0,0.000114945225406672,0.756577929156507,0.4556284428101766,0.5073412028139975,0.1941111449851524,0.0005384205936340012,7.358780051667656e-05,4.684149229759321,7.3167099689572,13589.20898544017,0.2615172978250242
4.350000000000003e-07,2.0,0.000113857140925231,0.7537147890634779,0.4617074035113825,0.5072575746178275,0.1928206923900955,0.0005383149936579307,7.187383678246876e-05,4.727986183600394,7.489721124630914,13913.26864915492,0.26888671112128704
4.400000000000003e-07,2.0,0.0001127470497473794,0.7508124552684676,0.4679103044739117,0.5071723417124089,0.1915125272251806,0.0005381203295281632,7.0192778688186e-05,4.772810697964463,7.666320376325737,14246.47974747163,0.27639777724873105
4.450000000000003e-07,2.0,0.0001116161020936288,0.747873792024529,0.4742307431438023,0.5070855978912838,0.1901879678192253,0.0005378340872556676,6.854556530036307e-05,4.818606571763988,7.846373210271254,14588.8358439828,0.284042775324577
4.500000000000004e-07,2.0,0.0001104655080749548,0.7449016994374945,0.4806619800727138,0.5069974412202543,0.1888483524930264,0.0005374540584685141,6.693293169158914e-05,4.865356288924271,8.029740292042984,14940.32869511468,0.29181362757968743
4.550000000000004e-07,2.0,0.0001092965348754156,0.7418991106039227,0.4871969542548778,0.5069079738186649,0.1874950382223152,0.0005369783461712831,6.535543083995544e-05,4.913040865305685,8.216277350940484,15300.94725331753,0.2997019160325626
4.600000000000004e-07,2.0,0.0001081105037146773,0.7388689887164852,0.493828300188602,0.5068173015412523,0.1861293992785291,0.0005364053706619464,6.381345442002619e-05,4.961639697375982,8.405835031767369,15670.67649116604,0.3076989009100729
4.650000000000004e-07,2.0,0.0001069087864463293,0.735814324139654,0.5005483665182618,0.5067255337178679,0.1847528257705048,0.0005357338751804297,6.230725235879265e-05,5.011130417194754,8.598258708238934,16049.49604006864,0.31579554074775706
4.700000000000004e-07,2.0,0.0001056928019787406,0.7327381314585723,0.5073492361520981,0.5066327827982565,0.183366722161848,0.0005349629317471249,6.083695095617048e-05,5.061488751951641,8.793388283586648,16437.3786700856,0.32398251399025013
4.750000000000004e-07,2.0,0.0001044640123785842,0.7296434465040228,0.5142227477087126,0.5065391640589835,0.1819725056880074,0.0005340919466917478,5.940256955511417e-05,5.112688392456665,8.991057974288688,16834.28860888235,0.3322502420207052
4.800000000000004e-07,2.0,0.0001032239188409246,0.7265333233564302,0.52116051818335,0.506444795219916,0.1805716047490241,0.0005331206662512846,5.800403567415154e-05,5.164700868458219,9.191096103143394,17240.17972848796,0.34058891343432585
4.850000000000003e-07,2.0,0.0001019740573904026,0.7234108313318512,0.5281539666820643,0.5063497961271246,0.1791654572031373,0.0005320491816778603,5.664119866705807e-05,5.217495435050975,9.393324897753171,17654.99360064902,0.34898850947892696
4.900000000000003e-07,2.0,0.0001007159944950254,0.7202790519529312,0.535194339108667,0.5062542883498559,0.1777555086386431,0.0005308779341753212,5.531384190140764e-05,5.271038967717559,9.597560319920778,18078.65745037955,0.3574388304700239
4.950000000000002e-07,2.0,9.945132246187943e-05,0.7171410759078126,0.5422727336458816,0.5061583948482171,0.1763432105505374,0.0005296077190656994,5.402169356944618e-05,5.325295870165823,9.803611920919808,18511.08201031269,0.3659295230953442
5.000000000000002e-07,2.0,9.81816547943453e-05,0.7139999999999999,0.5493801269064468,0.5060622395594696,0.1749300185009056,0.0005282396894672551,5.276443617155301e-05,5.380227992208504,10.01128274638981,18952.15930572441,0.37445010840554116
5.050000000000001e-07,2.0,9.690862138515877e-05,0.7108589240921871,0.5565074005870831,0.5059659470593714,0.1735173901910967,0.000526775358867411,5.154171480886718e-05,5.43579456177748,10.22036928380941,19401.76037425827,0.38299001039598646
5.100000000000001e-07,2.0,9.563386372329998e-05,0.7077209480470686,0.5636453684916541,0.5058696421467186,0.1721067835262892,0.000525216602859002,5.035314434985595e-05,5.491952128047973,10.43066147388479,19859.73295037852,0.391538584965365
5.15e-07,2.0,9.435902999396449e-05,0.7045891686681486,0.5707848037459371,0.5057734495073084,0.1706996546020705,0.0005235656594263633,4.919831561183033e-05,5.548654519714998,10.6419427761967,20325.89912000032,0.4000851491438666
5.2e-07,2.0,9.308577024799542e-05,0.7014666766435695,0.5779164660628304,0.5056774933056885,0.1692974556952805,0.0005218251280589057,4.807680062965522e-05,5.60585281514032,10.85399030768758,20800.05297572089,0.4086190103675499
5.25e-07,2.0,9.181573152451472e-05,0.6983565534959769,0.5850311288718649,0.505581896860696,0.1679016331903062,0.0005199979671014007,4.69881571447334e-05,5.663495328372085,11.06657504144497,21281.95827982336,0.4171294956815587
5.299999999999999e-07,2.0,9.055055310111667e-05,0.6952618685414276,0.5921196061654056,0.5054867822533211,0.1665136255246197,0.0005180874896468205,4.593193238331083e-05,5.7215276075051,11.27946208148354,21771.34616620976,0.4256059806407859
5.349999999999999e-07,2.0,8.929186175886346e-05,0.6921856758603459,0.599172778873554,0.5053922700225992,0.1651348610861788,0.0005160973574205799,4.490766624211164e-05,5.779892449347176,11.4924109981163,22267.91289061157,0.4340379177873752
5.399999999999998e-07,2.0,8.804126723341094e-05,0.6891310112835146,0.6061816206185067,0.5052984787981638,0.1637667561478071,0.000514031573005764,4.391489394121932e-05,5.838529926612877,11.70517623687768,22771.31766135001,0.44241486447069955
5.449999999999998e-07,2.0,8.680035774239958e-05,0.6861008893960773,0.613137222662405,0.50520552502483,0.1624107127723583,0.0005118944699095808,4.295314824424631e-05,5.897377431578059,11.91750758288481,23281.18056245045,0.4507265098900467
5.499999999999997e-07,2.0,8.557069575602741e-05,0.6830983005625054,0.6200308179047904,0.5051135226278648,0.1610681167747472,0.0005096907008754176,4.202196129401447e-05,5.956369732177607,12.12915069121291,23797.08060276659,0.4589627011300432
5.549999999999997e-07,2.0,8.435381390201021e-05,0.6801262079754711,0.6268538037560106,0.5050225827738213,0.1597403356754834,0.0005074252240002692,4.112086614534531e-05,6.015439044454755,12.33984766290502,24318.55390558682,0.4671134680805272
5.599999999999996e-07,2.0,8.315121116641071e-05,0.6771875447315324,0.6335977637545792,0.5049328135755806,0.1584287167322897,0.000505103287122161,4.024939803127144e-05,6.074515117120836,12.54933767530449,24845.09207375122,0.4751690470222895
5.649999999999996e-07,2.0,8.196434928113948e-05,0.6742852109365222,0.6402544877737081,0.5048443198959134,0.1571345849847936,0.0005027304100987631,3.940709542717578e-05,6.133525332125876,12.75735764458478,25376.14074724177,0.4831199027889145
5.699999999999995e-07,2.0,8.07946494527687e-05,0.671422070843493,0.6468159907066517,0.5047572030980744,0.1558592413988144,0.000500312365502666,3.859350093820321e-05,6.192394816796964,12.96364292795768,25911.09838936931,0.49095674930783734
5.749999999999995e-07,2.0,7.964348932157844e-05,0.6686009500260456,0.6532745295022601,0.5046715608971062,0.1546039610450362,0.0004978551574125872,3.780816205950976e-05,6.251046571460438,13.16792804233559,26449.31532048576,0.49867056845722385
5.799999999999994e-07,2.0,7.851220029741259e-05,0.6658246325898288,0.6596226184687658,0.5045874871601861,0.1533699913979063,0.0004953649988813907,3.705063182543281e-05,6.309401607932232,13.36994740643951,26990.09303570273,0.5062526270708595
5.849999999999994e-07,2.0,7.740206515814933e-05,0.6630958584249632,0.6658530427507212,0.5045050718089867,0.1521585506887589,0.0004928482878099602,3.632046938462326e-05,6.367379102834426,13.5694360827455,27532.68382658521,0.5136944920619624
5.899999999999993e-07,2.0,7.631431604838327e-05,0.6604173205021007,0.671958869931067,0.5044244006721357,0.1509708263976883,0.0004903115818528893,3.561724050987771e-05,6.424896560978988,13.76613052650476,28076.29074247542,0.5209880435333787
5.949999999999993e-07,2.0,7.525013276006072e-05,0.6577916622147872,0.6779334597015503,0.5043455554400507,0.1498079738167845,0.0004877615721218833,3.494051806961467e-05,6.481869992843213,13.95976931853381,28620.06791106026,0.5281254858847657
5.999999999999992e-07,2.0,7.421064142316951e-05,0.6552214747707531,0.6837704715909805,0.5042686135699256,0.1486711147673608,0.000485205056343645,3.428988246424218e-05,6.538214101257477,14.15009388992866,29163.12125137231,0.5350993568236196
6.049999999999992e-07,2.0,7.319691348364536e-05,0.6527092946347027,0.6894638707350955,0.5041936482924678,0.147561336401865,0.0004826489112589343,3.366492204649067e-05,6.593842481409483,14.33684921629715,29704.50959663645,0.5419025343332305
6.099999999999991e-07,2.0,7.220996508704687e-05,0.6502576010251314,0.6950079317171071,0.5041207285678647,0.1464796901707029,0.0004801000649337484,3.306523352507819e-05,6.648667829175711,14.51978449115197,30243.2462556647,0.5485282415464041
6.149999999999991e-07,2.0,7.125075674049917e-05,0.6478688134676351,0.7003972405016666,0.5040499191419158,0.1454271908823392,0.0004775654687723621,3.249042236487558e-05,6.70260216195957,14.69865375738063,30778.30102575306,0.5549700496193274
6.19999999999999e-07,2.0,7.032019336231752e-05,0.6455452894071316,0.7056266945304496,0.5039812805495641,0.1444048159341223,0.0004750520698999714,3.194010318039389e-05,6.755557046928701,14.87321650831664,31308.60267896191,0.5612218785963272
6.24999999999999e-07,2.0,6.941912458755293e-05,0.6432893218813457,0.7106915010386784,0.5039148692161561,0.1434135046396196,0.0004725667836905996,3.141390013142228e-05,6.807443840880827,15.04323823891917,31833.04192782269,0.5672779963990588
6.299999999999989e-07,2.0,6.85483454305284e-05,0.6411031372578593,0.7155871736949028,0.5038507375034572,0.1424541577269335,0.0004701164670882776,3.091144731621704e-05,6.858173936482602,15.20849096061707,32350.47488298521,0.5731330159679693
6.349999999999989e-07,2.0,6.770859716912174e-05,0.6389888930369545,0.7203095276558683,0.5037889338502539,0.1415276369311014,0.0004677078924680065,3.043238916794418e-05,6.907659019115538,15.36875366199196,32859.726999461,0.5787818907247669
6.399999999999988e-07,2.0,6.690056854469571e-05,0.6369486757224214,0.7248546731671915,0.5037295028544401,0.1406347647520678,0.0004653477226512506,2.997638084916393e-05,6.955811328878143,15.52381273085639,33359.59751218236,0.5842199084151237
6.449999999999988e-07,2.0,6.612489714000426e-05,0.6349844987624313,0.7292190078273764,0.5036724854459963,0.1397763242987589,0.0004630424867817267,2.95430886478991e-05,7.002543931921072,15.67346232143724,33848.86434584466,0.5894426835286175
6.499999999999988e-07,2.0,6.538217102321204e-05,0.6330983005625057,0.7333992076674754,0.5036179189977195,0.1389530592879209,0.0004607985576334788,2.913219037002121e-05,7.047770995412626,15.81750468401677,34326.28948591042,0.5944461483795545
6.549999999999987e-07,2.0,6.467293051913003e-05,0.6312919425725443,0.7373922171815837,0.5035658375228186,0.1381656741159457,0.000458622130009097,2.874337573005206e-05,7.091408070188232,15.95575044199119,34790.62478226836,0.5992265430656379
6.599999999999987e-07,2.0,6.399767019157393e-05,0.6295672074497989,0.7411952384743281,0.5035162718062702,0.1374148340698701,0.0004565192007525706,2.837634673543308e-05,7.133372375074473,16.0880188351562,35240.61815721036,0.603780404404458
6.649999999999986e-07,2.0,6.335684089802972e-05,0.6279257972996061,0.744805719671713,0.5034692496188327,0.1367011655938793,0.0004544955499848073,2.803081806538774e-05,7.173583086759288,16.21413791508337,35675.02017484082,0.6081045540778338
6.699999999999986e-07,2.0,6.275085199775581e-05,0.6263693319956141,0.7482213427653038,0.5034247958607712,0.1360252566754839,0.0004525567240384512,2.770651744001876e-05,7.211961628855352,16.33394471240139,36092.59092792439,0.6121960860898199
6.749999999999985e-07,2.0,6.218007357583582e-05,0.6248993475811636,0.7514400110414594,0.5033829327840635,0.13538765726634,0.0004507080196529979,2.740318598010121e-05,7.248431963810092,16.44728536237644,36492.10718513346,0.6160523537751195
6.799999999999985e-07,2.0,6.1644838762962e-05,0.6235172947533985,0.7544598362615462,0.5033436801403475,0.1347888798004478,0.0004489544698633312,2.712057855392628e-05,7.282920880956522,16.55401520917538,36872.36973988628,0.6196709564610985
6.849999999999984e-07,2.0,6.114544601582156e-05,0.6222245374316022,0.7572791257430236,0.5033070554033522,0.1342293997239092,0.0004473008311019915,2.685846411123385e-05,7.315358284139827,16.65399887534533,37232.21089108141,0.6230497260191143
6.899999999999984e-07,2.0,6.068216143780837e-05,0.6210223514111752,0.7598963694983815,0.50327307391334,0.1337096560981797,0.0004457515719128418,2.66166260012944e-05,7.345677471891671,16.74711031710647,37570.50198441262,0.6261867134002017
6.949999999999983e-07,2.0,6.025522100810869e-05,0.6199119231045778,0.762310227572619,0.5032417490923362,0.1332300521908276,0.0004443108627648535,2.639486227495099e-05,7.373815413408622,16.83323285177773,37886.16093477445,0.6290801753817914
6.999999999999983e-07,2.0,5.986483279988998e-05,0.618894348370485,0.7645195177231198,0.5032130925779811,0.1327909561155598,0.00044298256733846,2.619298596833753e-05,7.399713013058925,16.91225917785562,38178.15964964112,0.63172856160756
7.049999999999982e-07,2.0,5.951117905944152e-05,0.617970631432306,0.7665232035690591,0.5031871144248716,0.1323927014359804,0.0004417702347526287,2.60108253679507e-05,7.423315366577885,16.98409137362312,38445.53126838307,0.6341305021330788
7.099999999999982e-07,2.0,5.919441822883552e-05,0.6171416838871371,0.7683203833371407,0.5031638232215487,0.1320355877952783,0.0004406770930910658,2.584822425539398e-05,7.444572001542558,17.04864089451351,38687.37713351125,0.6362847955418625
7.149999999999981e-07,2.0,5.891468678813467e-05,0.6164083238061255,0.7699102793133059,0.5031432262721484,0.1317198814873202,0.0004397060436865002,2.570504213141091e-05,7.463437105308472,17.10582855451501,38902.87340856077,0.6381903978259857
7.199999999999981e-07,2.0,5.867210100221894e-05,0.6157712749271314,0.7712922281091443,0.5031253296911796,0.1314458160323557,0.0004388596565187981,2.558115441801875e-05,7.479869733010097,17.15558451145097,39091.27726056115,0.6398464120767886
7.24999999999998e-07,2.0,5.846675845260333e-05,0.6152311659404863,0.7724656718311637,0.5031101385606356,0.1312135926743176,0.0004381401661873681,2.547645263837763e-05,7.49383399897163,17.19784824074587,39251.93252743531,0.6412520791568461
7.29999999999998e-07,2.0,5.829873944229776e-05,0.6147885298685524,0.773430150242831,0.5030976569982063,0.1310233808644317,0.0004375494688212336,2.539084457359846e-05,7.505299244301025,17.23256851708666,39384.27479642822,0.6424067693783994
7.349999999999979e-07,2.0,5.816810815848596e-05,0.6144438035396921,0.7741852939855738,0.5030878882860086,0.1308753186500309,0.000437089119398453,2.532425439615254e-05,7.514240184324668,17.25970338794491,39487.83582556048,0.6433099753355429
7.399999999999979e-07,2.0,5.807491368434472e-05,0.6141973271571729,0.7747308189266823,0.503080834908896,0.1307695130352179,0.0004367603298541776,2.527662277944438e-05,7.520637028964761,17.27922015789873,39562.24724820543,0.6439613058914644
7.449999999999978e-07,2.0,5.801919074918507e-05,0.6140493439634268,0.7750665216804347,0.5030764986519726,0.1307060402344988,0.0004365639674683669,2.524790698320964e-05,7.524475580160368,17.29109536717997,39607.24350992817,0.6443604814459358
7.499999999999978e-07,2.0,5.800096031169828e-05,0.614,0.7751922763458153,0.5030748806066789,0.1306849458882644,0.000436500553934543,2.52380809146225e-05,7.525747299900902,17.29531478289391,39622.66399663604,0.6445073304575509
7.549999999999977e-07,2.0,5.802022986979083e-05,0.6140493439634268,0.7751080324876878,0.503075981235273,0.1307062451637039,0.0004365702646255936,2.524713516479123e-05,7.524449353518841,17.29187338587307,39608.4543245352,0.6444017873239839
7.599999999999977e-07,2.0,5.807699359546164e-05,0.6141973271571727,0.7748138143806111,0.5030798003433787,0.1307699228124604,0.000436772928484368,2.527507702076935e-05,7.520584622375648,17.28077537114754,39564.66677344911,0.6440438915681508
7.649999999999977e-07,2.0,5.817123219234226e-05,0.6144438035396919,0.7743097215220989,0.5030863371106208,0.1308759331111834,0.0004371080280831736,2.532193045282497e-05,7.514161691192426,17.26203414457324,39491.45985781024,0.6434337884109155
7.699999999999976e-07,2.0,5.830291257819066e-05,0.614788529868552,0.7735959304098659,0.5030955900293229,0.1310241997588356,0.0004375747003079499,2.538773607728713e-05,7.505194804773517,17.23567233312392,39389.09704101735,0.6425717306510302
7.749999999999976e-07,2.0,5.847198729395598e-05,0.615231165940486,0.772672697570717,0.5031075569014865,0.131214615659479,0.0004381717372402145,2.547255109480498e-05,7.49370379998445,17.20172179101361,39257.94461175685,0.641458081911238
7.799999999999975e-07,2.0,5.86783937457053e-05,0.6157712749271308,0.7715403638105747,0.5031222347443163,0.1314470426669392,0.0004388975877198428,2.557644920448998e-05,7.479714008341295,17.1602236186403,39098.46875165333,0.6400933211436355
7.849999999999975e-07,2.0,5.892205318481103e-05,0.6164083238061249,0.7701993596530868,0.5031396197547544,0.1317213112225326,0.0004397503591887813,2.569952049394153e-05,7.463256135635018,17.11122817612295,38911.23183546334,0.6384780484305542
7.899999999999974e-07,2.0,5.920286953693695e-05,0.6171416838871364,0.7686502119139136,0.5031597071835061,0.1320372199647046,0.0004407278203233705,2.584187130569677e-05,7.444366114495335,17.05479510789968,38696.88801443542,0.636612991949209
7.949999999999974e-07,2.0,5.952072798872826e-05,0.6179706314323052,0.7668935513552813,0.5031824912693309,0.132394535243999,0.0004418274040777531,2.600362408038337e-05,7.423084936784075,16.99099335969324,38456.17814304509,0.6344990161112822
7.999999999999973e-07,2.0,5.987549344714168e-05,0.6188943483704841,0.7649301213468097,0.503207965084287,0.1327929906244343,0.0004430462116652582,2.618491717713434e-05,7.399458462166122,16.91990120374117,38189.92411682088,0.6321371307223754
8.049999999999973e-07,2.0,6.026700878362128e-05,0.6199119231045769,0.7627607874558966,0.5032361204409932,0.1332322863066353,0.0004443810171163286,2.638590467187327e-05,7.373537210077454,16.84160625313059,37899.02269547633,0.6295285011492613
8.099999999999972e-07,2.0,6.069509298247084e-05,0.6210223514111741,0.760386547871167,0.5032669477128164,0.1337120885557082,0.0004458282729510826,2.660675613405989e-05,7.345376131749284,16.75620548047073,37584.43889068754,0.6266744593154587
8.149999999999972e-07,2.0,6.115953910861759e-05,0.6222245374316011,0.7578085445624323,0.5033004357183495,0.1342320290707179,0.0004473841166126819,2.684765638289999e-05,7.315034369679144,16.66380522128677,37247.19900083821,0.6235765154917143
8.199999999999971e-07,2.0,6.166011221850893e-05,0.6235172947533972,0.7550280750605237,0.5033365715212765,0.1347917043802538,0.0004490443782013403,2.710880522358669e-05,7.282575001372062,16.56452117670748,36888.38337773459,0.6202363706802699
8.249999999999971e-07,2.0,6.21965471318518e-05,0.6248993475811623,0.7520466047410349,0.5033753402973025,0.1353906752019637,0.0004508045891524262,2.739041716507508e-05,7.248064774753918,16.45847839540163,36509.11900951542,0.6166559295390712
8.29999999999997e-07,2.0,6.276854619210563e-05,0.6263693319956127,0.7488657794764921,0.5034167251194177,0.1360284658515298,0.0004526599923891541,2.769272111991261e-05,7.211573832103706,16.3458112487063,36110.57200445876,0.6128373136249623
8.34999999999997e-07,2.0,6.337577693537616e-05,0.6279257972996046,0.7454874385258834,0.5034607068134542,0.1367045636394306,0.0004546055535797244,2.801596008816213e-05,7.173175429771812,16.22666337862944,35693.94005606612,0.6087828748864528
8.399999999999969e-07,2.0,6.401786979936776e-05,0.6295672074497974,0.7419136275095601,0.5035072637353515,0.1374184183413836,0.0004566359740084348,2.836039082585178e-05,7.132945650437581,16.10118763216022,35260.44496849651,0.6044952091681766
8.449999999999969e-07,2.0,6.469441579312877e-05,0.6312919425725427,0.7381466113261974,0.5035563716223701,0.1381694416806464,0.0004587457046656975,2.872628350059777e-05,7.090963114924326,15.96954596149381,34811.3253139478,0.599977169645551
8.499999999999968e-07,2.0,6.540496426239773e-05,0.633098300562504,0.7341888868483574,0.503608003369732,0.1389570069079021,0.000460928962034605,2.91139213346448e-05,7.047308690147975,15.8319093033377,34347.82929120668,0.5952318799404552
8.549999999999968e-07,2.0,6.614902067133695e-05,0.6349844987624297,0.7300431952467722,0.5036621288851715,0.1397804484160946,0.0004631797451440251,2.952360023858426e-05,7.002065199894855,15.68845741715123,33871.20784453329,0.5902627468306776
8.599999999999967e-07,2.0,6.692604453770801e-05,0.6369486757224198,0.7257125337724203,0.5037187148729059,0.1406390614751409,0.0004654918543243303,2.995562843569868e-05,6.955317134788501,15.53937869551069,33382.70809929934,0.5850734722972794
8.649999999999967e-07,2.0,6.773544744111088e-05,0.6389888930369526,0.7212001668469948,0.5037777246996598,0.1415321020224652,0.0004678589111931254,3.041032608076345e-05,6.907150367785983,15.38486992709615,32883.5671588726,0.5796680648245296
8.699999999999966e-07,2.0,6.857659124250751e-05,0.6411031372578574,0.7165096362901222,0.5038391181942196,0.1424587865928807,0.0004702743802589917,3.088802487273398e-05,6.857651871349603,15.22513602590759,32375.00630487829,0.5740508496972415
8.749999999999966e-07,2.0,6.944878643206327e-05,0.6432893218813437,0.7116447705413852,0.5039028515332306,0.143418292321774,0.0004727315916235758,3.138906766562062e-05,6.806909442287729,15.06038970827231,31858.22562978722,0.5682264782196111
8.799999999999966e-07,2.0,7.035129074348657e-05,0.6455452894071295,0.7066096927125103,0.5039688770645719,0.1444097571031943,0.0004752237651194226,3.191380807612604e-05,6.755011430231439,14.89085113208179,31334.39912951272,0.562199935609316
8.849999999999965e-07,2.0,7.128330794774448e-05,0.647868813467633,0.701408827342161,0.5040371432210504,0.145432279834331,0.0004777440353165967,3.246261009261991e-05,6.702046475433654,14.71674748128795,30804.67026979267,0.55597654750783
8.899999999999965e-07,2.0,7.224398696308491e-05,0.6502576010251293,0.6960469057053802,0.504107594375454,0.1464849208256604,0.000480285477687342,3.30358476826492e-05,6.648103251734149,14.53831251133881,30270.14804058475,0.5495619848797197
8.949999999999964e-07,2.0,7.323242118847363e-05,0.6527092946347005,0.6905289695700741,0.5041801707896981,0.1475667023054097,0.0004828411353188536,3.36339044035214e-05,6.593270220126297,14.35578604035936,29731.9034984027,0.5429622672646645
8.999999999999964e-07,2.0,7.424764819496845e-05,0.6552214747707508,0.684860373279031,0.5042548085086638,0.1486766090950577,0.0004854040464226844,3.425717301104637e-05,6.537635388710211,14.16941340332326,29190.96679920277,0.5361837641839733
9.049999999999963e-07,2.0,7.528864967491723e-05,0.657791662214785,0.6790467840761274,0.504331439351384,0.1498135893815018,0.0004879672719972134,3.490605507040201e-05,6.481286084274951,13.97944485600084,28648.32470994217,0.5292331946946256
9.099999999999963e-07,2.0,7.635435177999625e-05,0.6604173205020983,0.6730941805874545,0.5044099908496543,0.1509765556599407,0.000490523923862349,3.558096056119276e-05,6.424308731296957,13.7861349476144,28104.91859207068,0.5221176249275138
9.149999999999962e-07,2.0,7.744362573967138e-05,0.6630958584249608,0.667008849410725,0.5044903862865118,0.1521643857701321,0.0004930671924032988,3.628230747923162e-05,6.36678864344928,13.58974185105332,27561.64283576536,0.5148444636405929
9.199999999999962e-07,2.0,7.855528888669366e-05,0.6658246325898264,0.660797379758372,0.5045725446841213,0.153375924097462,0.000495590374227786,3.701052142294666e-05,6.30880982345959,13.39052667116757,27019.34373126655,0.50742145566091
9.249999999999961e-07,2.0,7.968810597216377e-05,0.6686009500260431,0.6544666561483006,0.5046563808931901,0.1546099828587301,0.0004980868990707085,3.77660351643848e-05,6.250454776290446,13.188752721928,26478.81874936791,0.4998566732895705
9.299999999999961e-07,2.0,8.084079089196325e-05,0.6714220708434904,0.6480238491252714,0.5047418056328483,0.1558653435417469,0.0005005503561530333,3.85492881870019e-05,6.19180433155585,12.9846847943047,25940.81621297436,0.4921585055835246
9.34999999999996e-07,2.0,8.201200869756948e-05,0.6742852109365196,0.6414764040476748,0.504828725632806,0.1571407584162488,0.0005029745193432558,3.93607261863233e-05,6.132937480036556,12.77858840719317,25406.03532735305,0.484335645631426
9.39999999999996e-07,2.0,8.320037800838195e-05,0.6771875447315298,0.634832027962973,0.5049170437260238,0.1584349521833124,0.0005053533713486635,4.020080050799588e-05,6.073931220285877,12.5707290641675,24875.12654881341,0.4763970757796606
9.449999999999959e-07,2.0,8.440447368907919e-05,0.6801262079754684,0.6280986746451496,0.5050066590434185,0.1597466236788785,0.0005076811263156428,4.1069967513817e-05,6.014860420068207,12.36137150936011,24348.69225702636,0.4683520509662711
9.499999999999959e-07,2.0,8.562282990495041e-05,0.6830983005625028,0.6212845278554437,0.505097467158139,0.1610744476971894,0.0005099522511026835,4.196868784039135e-05,5.955797688686703,12.15077900557799,23827.28771037687,0.4602100801582544
9.54999999999996e-07,2.0,8.685394340980602e-05,0.6861008893960746,0.6143979829360485,0.5051893603306583,0.1624170768484406,0.0005121614846508628,4.289742553359063e-05,5.896813264798069,11.93921262826873,23311.42224880033,0.45198090608760794
9.599999999999959e-07,2.0,8.809627717610399e-05,0.689131011283512,0.6074476268303654,0.5052822277015422,0.1637731435156579,0.0005143038557645383,4.385664701121151e-05,5.837974915812492,11.72693059807015,22801.56072452051,0.4436744833147075
9.649999999999958e-07,2.0,8.934826421396298e-05,0.6921856758603431,0.600442216671146,0.5053759555828983,0.1651412618244529,0.000516374698783199,4.48468198276135e-05,5.779347853302067,11.51418764514606,22298.12512556956,0.43530095484669307
9.699999999999958e-07,2.0,9.060831168661815e-05,0.6952618685414249,0.5933906570554124,0.5054704276947659,0.1665200296904444,0.0005183696675146525,4.586841117803738e-05,5.720994660531725,11.30123442694822,21801.49637445515,0.42687062736496795
9.749999999999957e-07,2.0,9.187480516225824e-05,0.6983565534959743,0.586301976171695,0.5055655254972761,0.1679080308579718,0.0005202847469720366,4.69218861052387e-05,5.662975236333338,11.0883169914593,21312.01626799807,0.4183939453137232
9.799999999999957e-07,2.0,9.314611310922752e-05,0.7014666766435668,0.5791853009168251,0.5056611284642976,0.1693038369952458,0.0005221162633457862,4.800770532925243e-05,5.605346751428715,10.87567630581265,20829.98954317177,0.4098814639215793
9.849999999999957e-07,2.0,9.442059146924276e-05,0.7045891686681458,0.5720498311833696,0.5057571144493309,0.1707060097600656,0.0005238608918143457,4.912632265065538e-05,5.54816362119856,10.66354784052531,20355.6860364076,0.401343821423304
9.899999999999956e-07,2.0,9.569658841650294e-05,0.7077209480470658,0.5649048134643696,0.5058533599889073,0.1721131029020892,0.000525515662683406,5.027818182996045e-05,5.491477490978926,10.45216122692517,19889.34292377506,0.3927917105622804
9.949999999999956e-07,2.0,9.697244913308575e-05,0.7108589240921843,0.5577595139663316,0.5059497406942348,0.1735236643167656,0.0005270779655136337,5.146371288124533e-05,5.435337237644056,10.24173997569682,19431.16701096833,0.38423584964956603
9.999999999999955e-07,2.0,9.824652071121558e-05,0.7139999999999972,0.550623191378347,0.5060461315760223,0.1749362381181002,0.0005285455517777518,5.268332766471496e-05,5.3797889835257,10.03250127139841,18981.33706291596,0.3756869532602468
1.004999999999995e-06,2.0,9.95171570099757e-05,0.71714107590781,0.5435050694873435,0.5061424074532956,0.1763493666467,0.0005299165357514693,5.393741470658008e-05,5.324876126183726,9.824655828133755,18540.00614304574,0.36715570284064347
1.009999999999995e-06,2.0,0.000100782723580396,0.7202790519529283,0.5364143097859696,0.506238443290849,0.1777615924817054,0.0005311893942187847,5.522633311566815e-05,5.270639380042656,9.618407818354358,18107.30395417638,0.3586527173042642
1.014999999999995e-06,2.0,0.0001020416024845986,0.7234108313318485,0.5293599842572196,0.5063341146163097,0.1791714603745915,0.0005323629647253064,5.65504055210967e-05,5.217116833162227,9.413954857082377,17683.33915177566,0.3501885238826281
1.019999999999995e-06,2.0,0.0001032921971273679,0.7265333233564275,0.5223510484743079,0.5064292978612108,0.1805775191750263,0.000533436442983059,5.790990989205302e-05,5.164344015117962,9.21148805061882,17268.20162324635,0.3417735292992816
1.024999999999995e-06,2.0,0.0001045329369243161,0.72964344650402,0.515396315191816,0.5065238707772871,0.1819783236684145,0.0005344093791704664,5.930507017038475e-05,5.112353979007563,9.011192089227729,16861.96470431581,0.33341799152340146
1.029999999999995e-06,2.0,0.000105762281929829,0.7327381314585695,0.5085044285561842,0.5066177127721665,0.1833724363968827,0.0005352816737343759,6.07360455808199e-05,5.061177393511676,8.813245390203916,16464.68732754959,0.32513199215930144
1.034999999999995e-06,2.0,0.0001069787272475705,0.7358143241396513,0.5016838391031678,0.50671070531591,0.1847584293849956,0.0005360535724259028,6.22029185724952e-05,5.0108426477583,8.617820268371364,16076.41607418367,0.31692540971817224
1.039999999999995e-06,2.0,0.0001081808073515101,0.7388689887164824,0.4949427796592126,0.5068027322624056,0.1861348858434499,0.0005367256611585764,6.370568127910027e-05,4.961375964852819,8.425083138301801,15697.18712557065,0.3088078938157627
1.044999999999995e-06,2.0,0.0001093671001386431,0.7418991106039199,0.4882892423078814,0.5068936802372561,0.1875004017736174,0.000537298860385325,6.524422049791726e-05,4.912801526530169,8.23519472353075,15327.02808568189,0.300788840534264
1.049999999999995e-06,2.0,0.0001105362308458619,0.7449016994374916,0.4817309565291031,0.5069834389360114,0.1888535875475171,0.0005377744195423793,6.681830112307806e-05,4.865141604693807,8.048310275830104,14965.95967260554,0.292877368981586
1.054999999999995e-06,2.0,0.000111686875649928,0.7478737920245262,0.475275368666367,0.5070719014845936,0.1901930693875158,0.0005381539111977149,6.842754811047804e-05,4.818416701970229,7.864579779021916,14613.99725130402,0.2850822992788512
1.059999999999995e-06,2.0,0.0001128177650873145,0.7508124552684649,0.4689296228259165,0.5071589647055339,0.1915174908214887,0.0005384392253924718,7.007142698849988e-05,4.772645696907744,7.684148140451605,14271.15220821919,0.2774121320044278
1.064999999999995e-06,2.0,0.0001139276871100423,0.753714789063475,0.4627005433575349,0.5072445294421012,0.1928255140389517,0.0005386325637336351,7.174922310384339e-05,4.727845995585128,7.507155345139649,13937.43314199639,0.2698750293185832
1.069999999999995e-06,2.0,0.0001150154899183683,0.7565779291565042,0.4565946190186776,0.5073285007837236,0.1941158212248342,0.0005387364336518814,7.346001972806486e-05,4.68403368509233,7.333736577340736,13612.84687510038,0.2624787977938434
1.074999999999995e-06,2.0,0.0001160800843835225,0.7593990499739518,0.4506179889677901,0.507410788344995,0.1953871157973731,0.0005387536422911478,7.520267535886537e-05,4.64122369026595,7.164022286710257,13297.39926442808,0.255230873170417
1.079999999999995e-06,2.0,0.000117120446205657,0.7621753674101686,0.4447764306849906,0.5074913064415079,0.1966381236274654,0.0005386872903638589,7.69758004798609e-05,4.599429928973524,6.998138207147258,12991.09582188273,0.2481383070575252
1.084999999999995e-06,2.0,0.0001181356176177377,0.7649041415750342,0.4390753499595278,0.5075699743150681,0.197867594166719,0.0005385407653457823,7.87777342798856e-05,4.558665466967736,6.836205309388905,12693.9421289669,0.2412077557928088
1.089999999999995e-06,2.0,0.0001191247087857869,0.7675826794978968,0.4335197730332586,0.5076467162514752,0.1990743015618849,0.0005383177342731093,8.060652174384758e-05,4.518942667488706,6.6783397004002,12405.94406464793,0.2344454714713737
1.094999999999995e-06,2.0,0.0001200868987151167,0.7702083377852103,0.4281143410269864,0.5077214617437928,0.2002570456834213,0.0005380221354387308,8.245989178291145e-05,4.480273336361581,6.524652455949836,12127.10783847081,0.22785729534356514
1.099999999999995e-06,2.0,0.0001210214358199799,0.7727785252292445,0.4228633067190272,0.5077941455444246,0.2014146531459628,0.0005376581692049639,8.433523694613445e-05,4.442668857779345,6.375249405516821,11857.43985801223,0.22144865357306442
1.104999999999995e-06,2.0,0.0001219276379674015,0.7752907053652949,0.4177705337786719,0.5078647077594608,0.2025459782486395,0.0005372302871863268,8.622959551424148e-05,4.406140321413624,6.230230861950397,11596.94643163254,0.2152245555300324
1.109999999999994e-06,2.0,0.0001228048921622477,0.7777423989748663,0.4128394984896154,0.5079330938289753,0.2036499039128604,0.0005367431800183855,8.81396365918537e-05,4.370698636264418,6.089691321327662,11345.63334576336,0.20918959457675498
1.114999999999994e-06,2.0,0.0001236526536882494,0.7801311865323625,0.408073294026275,0.5079992545475291,0.2047253425454462,0.0005362017629725414,9.00616490584626e-05,4.336354632031486,5.953719131041798,11103.50532612233,0.20334795148082882
1.119999999999994e-06,2.0,0.0001244704448846553,0.7824547105928662,0.4034746372667521,0.5080631459691585,0.2057712369042858,0.0005356111596884173,9.199153497401307e-05,4.303119143908176,5.822396156773811,10870.56543063982,0.19770340036246628
1.124999999999994e-06,2.0,0.0001252578533800701,0.7847106781186521,0.3990458781491996,0.5081247293521607,0.2067865608941409,0.0005349766833477826,9.392480825080796e-05,4.271003082003099,5.695797450224559,10646.81438933252,0.1922593172550587
1.129999999999994e-06,2.0,0.000126014529978525,0.7868968627421387,0.3947890114895721,0.5081839709888073,0.2077703203691196,0.0005343038156765717,9.585659904481409e-05,4.240017482056423,5.573990951074514,10432.2499438196,0.18701869112045247
1.134999999999994e-06,2.0,0.0001267401860283243,0.7890111069630436,0.3907056911971871,0.5082408420765034,0.2087215538690023,0.0005335981832154314,9.778166450484983e-05,4.210173539331964,5.457037225920465,10226.86620302318,0.18198413732818483
1.139999999999994e-06,2.0,0.0001274345904857374,0.7910513242775765,0.3867972467322389,0.5082953184765513,0.2096393333651738,0.0005328655314068048,9.969440606459284e-05,4.18148262332621,5.344989277147174,10030.65306745588,0.17715791336706513
1.144999999999994e-06,2.0,0.0001280975665137984,0.7930155012375667,0.3830647016659057,0.5083473805183153,0.21052276494282,0.0005321116960878515,0.000101588893630537,4.153956275998095,5.237892421813934,9843.59573436093,0.17254193672308574
1.149999999999994e-06,2.0,0.0001287289878450702,0.7949016994374926,0.3795087941138396,0.5083970126959759,0.211370989494333,0.0005313425731174351,0.0001034588964871515,4.127606192200281,5.135784269489305,9665.674330135438,0.1681378046195066
1.154999999999994e-06,2.0,0.0001293287747571803,0.7967080574274541,0.3761299988343834,0.5084442034168456,0.2121831833500638,0.0005305640858757549,0.0001052979209197152,4.102444185818185,5.038694793226598,9496.863672763815,0.1639468154843196
1.159999999999994e-06,2.0,0.0001298968899044591,0.7984327925501994,0.3729285507012106,0.5084889446492997,0.2129585589206406,0.0005297821515282046,0.0001070992539757504,4.07848214121824,4.946646515839959,9337.133200072725,0.15996999178057
1.164999999999994e-06,2.0,0.0001304333338597989,0.8000742027003923,0.369904469289391,0.5085312316302381,0.213696365276565,0.0005290026459056946,0.0001088560130139066,4.055731954110941,4.859654797738307,9186.447053432392,0.15620810401282603
1.169999999999994e-06,2.0,0.0001309381406204328,0.8016306680043845,0.3670575842462589,0.5085710624806237,0.2143958887387258,0.0005282313680059998,0.0001105612000975949,4.034205462061161,4.777728240465173,9044.764339725667,0.15266169550753309
1.174999999999994e-06,2.0,0.0001314113729324733,0.803100652418835,0.3643875611597393,0.508608437889604,0.2150564534052838,0.0005274740040188076,0.0001122077606031708,4.01391436900813,4.700869183943967,8912.039547215965,0.14933110775445552
1.179999999999994e-06,2.0,0.0001318531176930539,0.8044827052466003,0.361893927585348,0.5086433607158523,0.2156774216881866,0.0005267360919205627,0.0001137886448389046,3.994870164268266,4.629074304086186,8788.223125565313,0.1462165058971614
1.184999999999994e-06,2.0,0.0001322634812806076,0.8057754625683966,0.3595760989468363,0.5086758356667482,0.2162581947846973,0.0005260229865178386,0.0001152968718912952,3.977084040246537,4.562335281860782,8673.262193468923,0.143317904162139
1.189999999999994e-06,2.0,0.0001326425850721077,0.8069776485888236,0.3574334039902299,0.5087058689037404,0.2167982131570171,0.0005253398259541146,0.0001167255943743524,3.960566809181309,4.500639544993786,8567.101374467069,0.14063519083321277
1.194999999999994e-06,2.0,0.0001329905609891103,0.8080880768954212,0.3554651095343164,0.5087334677342198,0.2172969569454832,0.0005246914994693018,0.0001180681632898366,3.945328822672466,4.443971049005619,8469.683716051175,0.13816815258883322
1.199999999999994e-06,2.0,0.0001333075473272508,0.8091056516295141,0.3536704442385608,0.5087586402376093,0.2177539463884229,0.0005240826173399239,0.0001193181916949403,3.931379893876715,4.392311096030025,8380.95168720534,0.1359164978501379
1.204999999999994e-06,2.0,0.0001335936846993876,0.8100293685676931,0.3520486211772432,0.5087813949854204,0.2181687421743413,0.0005235174826590759,0.000120469616503814,3.918729225439236,4.345639156595984,8300.848205724476,0.13387987900290194
1.209999999999993e-06,2.0,0.0001338491123403962,0.8108583161128621,0.3505988589958067,0.5088017407021523,0.2185409457996334,0.0005230000657705205,0.0001215167572496191,3.907385342467348,4.303933692833627,8229.31768945912,0.13205791319617327
1.214999999999993e-06,2.0,0.000134073964591153,0.8115916761938738,0.349320401492118,0.5088196860260465,0.2188701998577727,0.0005225339808771285,0.0001224543713343361,3.897356032897204,4.267172949264984,8166.307083229465,0.13045020163434531
1.219999999999993e-06,2.0,0.0001342683678021826,0.812228725072868,0.3482125354558263,0.5088352392157061,0.2191561883332812,0.0005221224655281115,0.0001232777047828073,3.888648294004463,4.235335711741189,8111.766858101521,0.1290563471225451
1.224999999999993e-06,2.0,0.0001344324374626429,0.8127688340595132,0.3472746066616197,0.5088484079608471,0.2193986368267012,0.0005217683623870846,0.0001239825382576983,3.881268286804224,4.208402003373947,8065.651938190644,0.1278759698349185
1.229999999999993e-06,2.0,0.0001345662757882868,0.8132114701314472,0.3465060339016248,0.5088591991423801,0.2195973127840039,0.0005214741039040558,0.0001245652275501368,3.875221296684131,4.186353721339811,8027.922556457462,0.12690872111762092
1.234999999999993e-06,2.0,0.0001346699695640311,0.8135561964603075,0.3459063209965072,0.508867618699474,0.2197520256568341,0.0005212416992143561,0.000125022738515493,3.870511701617877,4.169175186878209,7998.544999684824,0.1261542953396731
1.239999999999993e-06,2.0,0.0001347435884695151,0.8138026728428268,0.345475066712922,0.5088736714481031,0.2198626270671133,0.0005210727238477362,0.0001253526758388697,3.867142946105903,4.156853616092975,7977.492249829716,0.1256124396458087
1.244999999999993e-06,2.0,0.0001347871836757045,0.813950656036573,0.3452119725590207,0.5088773610082856,0.2199290109025093,0.0005209683115378355,0.000125553305768161,3.865117522031144,4.149379487465056,7964.744487465253,0.1252829616565114
1.249999999999993e-06,2.0,0.0001348007869372689,0.814,0.3451168484162638,0.5088786896839863,0.2199511134163287,0.0005209291487163388,0.0001256235723252809,3.864436954586516,4.146746817289044,7960.289470280861,0.12516573499993508
1.254999999999993e-06,2.0,0.0001347844099635805,0.8139506560365732,0.3451896160005052,0.5088776584525563,0.2199289132583633,0.0005209554709901907,0.0001255631072520058,3.865101794511525,4.148953322289406,7964.122757753952,0.12526070274214188
1.259999999999993e-06,2.0,0.0001347380442906172,0.8138026728428274,0.3454303101323721,0.5088742669073405,0.219862431510234,0.0005210470622181779,0.000125372233288127,3.867111614958548,4.156000483940665,7976.247800434625,0.12556787862213808
1.264999999999993e-06,2.0,0.0001346616614330605,0.8135561964603084,0.3458390778232192,0.5088685133100578,0.2197517316517496,0.0005212032555198656,0.0001250519611208159,3.870465014411562,4.167893496818636,7996.675870071915,0.1260873461714696
1.269999999999993e-06,2.0,0.0001345552135368021,0.8132114701314483,0.346416175174366,0.5088603945962967,0.2195969195317829,0.0005214229368788627,0.0001246039796716231,3.875159624207861,4.184641118630419,8025.425854257343,0.12681925564258312
1.274999999999993e-06,2.0,0.000134418634308284,0.8127688340595145,0.3471619621068458,0.5088499064905319,0.2193981432701358,0.0005217045507154341,0.0001240306401312537,3.881192122311536,4.206255407239273,8062.523896851329,0.12776381883671
1.279999999999993e-06,2.0,0.0001342518404381343,0.8122287250728697,0.3480768949382959,0.5088370435736701,0.2191555931638951,0.000522046108129346,0.0001233349334867262,3.888558252083424,4.232751365496385,8108.002913121319,0.1289213017744008
1.284999999999993e-06,2.0,0.0001340547332924247,0.8115916761938757,0.3491615168393249,0.5088217994592756,0.2188695015247004,0.0005224451972177034,0.0001225204620383731,3.897252847862384,4.264146482357167,8161.901966112424,0.1302920153146245
1.289999999999993e-06,2.0,0.0001338272010844951,0.8108583161128642,0.3504164462107405,0.5088041669210857,0.2185401425204799,0.0005228989961811278,0.0001215914047645774,3.907269866164299,4.30046019448129,8224.265538638838,0.13187630369026057
1.294999999999993e-06,2.0,0.0001335691212965299,0.8100293685676956,0.3518423630380659,0.5087841381275521,0.2181678319480597,0.0005234042886232587,0.0001205524771559691,3.918602424331726,4.341713260243383,8295.142692971905,0.13367453109000618
1.299999999999993e-06,2.0,0.0001332803635569782,0.8091056516295168,0.353439993299856,0.5087617048255317,0.2177529270103318,0.000523957481729121,0.0001194088855389699,3.931242845297696,4.387927073970757,8374.586158193759,0.13568706628952418
1.304999999999993e-06,2.0,0.0001329607927373208,0.8080880768954242,0.3552100915212778,0.5087368586282401,0.2172958260244354,0.0005245546266871888,0.0001181662766776757,3.945182710110742,4.439122915906252,8462.651342799925,0.1379142654968424
1.309999999999993e-06,2.0,0.0001326102724649433,0.8069776485888268,0.3571534215955846,0.508709591248975,0.2167969681348196,0.0005251914419669316,0.0001168306828802958,3.960412916505778,4.49532116922607,8559.39531762042,0.140356453460765
1.314999999999992e-06,2.0,0.0001322286688086244,0.8057754625684,0.3592707360111808,0.5086798948349751,0.216256832957754,0.0005258633387364405,0.0001154084635942425,3.976923744775276,4.556540502829073,8664.875771293848,0.14301390305342682
1.319999999999992e-06,2.0,0.0001318158543220672,0.8044827052466039,0.3615627536606411,0.508647762242181,0.2156759402313964,0.0005265654489179988,0.0001139062439408988,3.994704928636877,4.622797053963186,8779.149986886221,0.1458868134292447
1.324999999999992e-06,2.0,0.0001313717121944515,0.8031006524188389,0.3640301364218002,0.5086131874044415,0.2150548493980962,0.0005272926550577716,0.0001123308513617867,4.01374573181072,4.694103611478092,8902.273844424768,0.14897528702370402
1.329999999999992e-06,2.0,0.0001308961406814578,0.8016306680043888,0.3666734647437757,0.5085761656371792,0.2143941591933198,0.0005280396223728718,0.0001106892510251526,4.034035027298165,4.770468834890588,9034.300898582856,0.1522793055504559
1.334999999999992e-06,2.0,0.0001303890575589218,0.8000742027003969,0.3694932124773789,0.5085366940282929,0.2136945071679436,0.0005288008320382723,0.0001089884812958409,4.055561379504221,4.851896510080572,9175.281535353965,0.15579870530943526
1.339999999999992e-06,2.0,0.0001298504047616939,0.798432792550204,0.3724897212333561,0.5084947717556738,0.2129565692185304,0.0005295706159501824,0.0001072355900359202,4.07831312552043,4.938384875513758,9325.26225355812,0.1595331520148257
1.344999999999992e-06,2.0,0.0001292801529455127,0.796708057427459,0.3756631745448009,0.5084504004835213,0.2121810590523047,0.0005303431919399616,0.0001054375730637392,4.102278455268092,5.029926017164281,9484.285069758569,0.16348211549249622
1.349999999999992e-06,2.0,0.0001286783061263645,0.7949016994374977,0.3790135721508883,0.5084035846764812,0.2113687276615705,0.0005311126995871852,0.0001036013155340525,4.127445486337078,5.126505361919029,9652.387084518365,0.16764484448931782
1.354999999999992e-06,2.0,0.0001280449061350204,0.7930155012375719,0.3825407046951091,0.5083543319835147,0.2105203627340854,0.0005318732355723218,0.0001017335374525021,4.153802333061034,5.228101262286742,9829.600199117083,0.1720203419610237
1.359999999999992e-06,2.0,0.0001273800370371895,0.7910513242775821,0.386244129162678,0.5083026535305354,0.209636788074108,0.0005326188886922933,9.984074394076645e-05,4.18133716550969,5.334684695541588,10015.95100887149,0.17660734108856999
1.364999999999992e-06,2.0,0.0001266838292620562,0.7890111069630492,0.3901231453411737,0.5082485642738547,0.2087188629602375,0.0005333437735178328,9.792918121169312e-05,4.210038258162437,5.446219062782785,10211.46084983907,0.1814042823809362
1.369999999999992e-06,2.0,0.0001259564635904136,0.7868968627421447,0.3941767736080976,0.5081920832539206,0.2077674815145464,0.0005340420628631993,9.600479859960994e-05,4.239894024174751,5.562660102964573,10416.14601131055,0.1864092920935512
1.374999999999992e-06,2.0,0.0001251981747553561,0.7847106781186584,0.3984037342925738,0.5081332339018942,0.206783572008553,0.0005347080181562631,9.407321724811619e-05,4.270893035611111,5.683955899435029,10630.01807796708,0.19162016228402082
1.379999999999992e-06,2.0,0.0001244092548118913,0.7824547105928725,0.402802428867962,0.5080720442394326,0.2057680961801201,0.0005353360179894866,9.213970545548475e-05,4.303024026130197,5.810046986183631,10853.08440109056,0.19703433268784193
1.384999999999992e-06,2.0,0.00012359005604274,0.780131186532369,0.4073709231632278,0.5080085471250182,0.2047220484861423,0.0005359205840997463,9.020916088375483e-05,4.336275877396556,5.940866524524525,11085.34865199132,0.2026488746770855
1.389999999999992e-06,2.0,0.0001227409935649041,0.7777423989748731,0.4121069327847903,0.5079427803883505,0.2036464553645859,0.0005364564052034109,8.828609928272481e-05,4.370637586487399,6.076340551477744,11326.81144737893,0.20846047742020443
1.394999999999992e-06,2.0,0.0001218625474208444,0.7752907053653018,0.4170078108642536,0.5078747870071465,0.2025423744299525,0.000536938358112605,8.637464957177434e-05,4.406098216597159,6.216388266402492,11577.47099360484,0.2144654364343011
1.399999999999992e-06,2.0,0.0001209552643282308,0.7727785252292515,0.4220705382510768,0.5078046151691066,0.2014108936752353,0.0005373615267058995,8.447855464554894e-05,4.442646829120438,6.36092235432454,11837.32373494968,0.22065964457584153
1.404999999999992e-06,2.0,0.0001200197588889344,0.7702083377852175,0.4272917161913813,0.507732318374405,0.2002531306036535,0.0005377212183402287,8.2601177475371e-05,4.480272400390484,6.509849311779602,12106.36495222078,0.2270385855877278
1.409999999999992e-06,2.0,0.0001190567144398819,0.7675826794979042,0.4326675615430424,0.5076579554226744,0.1990702313628122,0.0005380129783932048,8.074551169642887e-05,4.518963721829281,6.663069774279473,12384.58929778789,0.2335973301802302
1.414999999999992e-06,2.0,0.0001180668833617516,0.7649041415750416,0.4381939045017621,0.5075815904406944,0.1978633698039319,0.0005382326026388414,7.891419610434335e-05,4.558709287562584,6.820478813814055,12671.99121787621,0.2403305346978302
1.419999999999991e-06,2.0,0.0001170510870346061,0.7621753674101762,0.4438661888309184,0.507503292795818,0.1966337465385075,0.0005383761482102178,7.710953219844185e-05,4.599497168686549,6.981966209115411,12968.56525372886,0.2472324422924109
1.424999999999991e-06,2.0,0.000116010215269201,0.7593990499739595,0.4496794745182833,0.5074231370519563,0.1953825879146136,0.0005384399429106471,7.533350416836165e-05,4.641314878745384,7.14741666214406,13274.30618075479,0.25429688660366967
1.429999999999991e-06,2.0,0.0001149452254066734,0.756577929156512,0.4556284428101763,0.5073412028139989,0.1941111449851544,0.0005384205936340004,7.358780051667968e-05,4.684149229759258,7.31670996895688,13589.2089854396,0.26151729782502187
1.434999999999991e-06,2.0,0.0001138571409252327,0.7537147890634831,0.4617074035113487,0.5072575746178267,0.1928206923900983,0.0005383149936579285,7.187383678247333e-05,4.727986183600305,7.489721124630408,13913.26864915403,0.2688867111212504
1.439999999999991e-06,2.0,0.0001127470497473805,0.7508124552684728,0.4679103044739059,0.5071723417124102,0.1915125272251826,0.0005381203295281607,7.019277868818965e-05,4.772810697964394,7.666320376325302,14246.47974747089,0.2763977772487233
1.444999999999991e-06,2.0,0.0001116161020936326,0.7478737920245343,0.474230743143791,0.5070855978912817,0.1901879678192279,0.0005378340872556736,6.854556530036499e-05,4.818606571763876,7.84637321027112,14588.83584398239,0.2840427753245631
1.449999999999991e-06,2.0,0.0001104655080749552,0.7449016994375,0.4806619800726993,0.5069974412202563,0.1888483524930279,0.0005374540584685094,6.69329316915934e-05,4.865356288924209,8.029740292042403,14940.32869511373,0.2918136275796714
1.454999999999991e-06,2.0,0.0001092965348754184,0.7418991106039282,0.4871969542548517,0.5069079738186634,0.1874950382223186,0.000536978346171285,6.535543083995882e-05,4.913040865305575,8.21627735094009,15300.94725331674,0.2997019160325331
1.459999999999991e-06,2.0,0.0001081105037146791,0.7388689887164909,0.4938283001886014,0.5068173015412536,0.186129399278531,0.0005364053706619469,6.38134544200289e-05,4.961639697375904,8.405835031767019,15670.67649116537,0.3076989009100704
1.464999999999991e-06,2.0,0.0001069087864463334,0.7358143241396599,0.5005483665182541,0.5067255337178661,0.1847528257705075,0.0005357338751804372,6.230725235879418e-05,5.011130417194634,8.598258708238841,16049.49604006824,0.3157955407477466
1.469999999999991e-06,2.0,0.000105692801978741,0.7327381314585779,0.5073492361520773,0.5066327827982585,0.1833667221618495,0.0005349629317471196,6.083695095617471e-05,5.061488751951575,8.793388283585948,16437.37867008445,0.3239825139902278
1.474999999999991e-06,2.0,0.000104464012378588,0.7296434465040286,0.5142227477087056,0.5065391640589824,0.1819725056880107,0.0005340919466917548,5.94025695551154e-05,5.112688392456549,8.991057974288621,16834.288608882,0.33225024202069486
1.479999999999991e-06,2.0,0.000103223918840925,0.7265333233564362,0.5211605181833184,0.5064447952199176,0.1805716047490266,0.0005331206662512777,5.80040356741565e-05,5.164700868458135,9.191096103142488,17240.17972848649,0.3405889134342919
1.484999999999991e-06,2.0,0.0001019740573904068,0.7234108313318572,0.5281539666820511,0.5063497961271224,0.179165457203141,0.0005320491816778677,5.664119866706008e-05,5.217495435050833,9.393324897752969,17654.99360064839,0.34898850947891
1.489999999999991e-06,2.0,0.0001007159944950275,0.720279051952937,0.5351943391086683,0.5062542883498572,0.1777555086386456,0.0005308779341753237,5.531384190140978e-05,5.271038967717474,9.597560319920452,18078.65745037885,0.35743883047002273
1.494999999999991e-06,2.0,9.945132246188255e-05,0.7171410759078187,0.5422727336458655,0.5061583948482166,0.1763432105505408,0.0005296077190657044,5.402169356944796e-05,5.325295870165706,9.803611920919575,18511.08201031208,0.36592952309532467
1.499999999999991e-06,2.0,9.818165479434583e-05,0.7140000000000059,0.549380126906416,0.5060622395594712,0.1749300185009081,0.0005282396894672496,5.27644361715572e-05,5.380227992208419,10.01128274638891,18952.1593057229,0.3744501084055079
1.504999999999991e-06,2.0,9.690862138516388e-05,0.7108589240921931,0.5565074005871002,0.5059659470593699,0.1735173901911,0.0005267753588674254,5.154171480886693e-05,5.435794561777342,10.22036928380975,19401.76037425837,0.3829900103960002
1.509999999999991e-06,2.0,9.563386372329784e-05,0.7077209480470745,0.5636453684915699,0.505869642146721,0.1721067835262911,0.0005252166028589845,5.035314434986301e-05,5.491952128047913,10.43066147388298,19859.73295037573,0.39153858496527877
1.514999999999991e-06,2.0,9.435902999396938e-05,0.7045891686681545,0.5707848037459639,0.5057734495073074,0.1706996546020735,0.0005235656594263784,4.91983156118294e-05,5.548654519714871,10.64194277619721,20325.8991200007,0.4000851491438904
1.519999999999991e-06,2.0,9.308577024799468e-05,0.7014666766435754,0.5779164660627759,0.5056774933056909,0.1692974556952824,0.000521825128058895,4.807680062966006e-05,5.605852815140251,10.85399030768626,20800.05297571879,0.4086190103674935
1.52499999999999e-06,2.0,9.181573152451891e-05,0.6983565534959828,0.5850311288718634,0.5055818968606942,0.1679016331903095,0.0005199979671014109,4.698815714473434e-05,5.663495328371938,11.06657504144496,21281.95827982293,0.4171294956815539
1.52999999999999e-06,2.0,9.055055310111798e-05,0.6952618685414335,0.5921196061654026,0.5054867822533236,0.1665136255246219,0.0005180874896468215,4.59319323833126e-05,5.721527607505029,11.27946208148313,21771.34616620891,0.4256059806407807
1.53499999999999e-06,2.0,8.929186175886756e-05,0.6921856758603516,0.5991727788735447,0.505392270022597,0.1651348610861821,0.0005160973574205897,4.490766624211306e-05,5.779892449347021,11.49241099811616,22267.91289061087,0.43403791778736256
1.53999999999999e-06,2.0,8.804126723341291e-05,0.6891310112835205,0.6061816206185019,0.5052984787981651,0.1637667561478098,0.0005140315730057664,4.391489394122133e-05,5.838529926612773,11.7051762368772,22771.31766134897,0.4424148644706921
1.54499999999999e-06,2.0,8.680035774240162e-05,0.6861008893960828,0.6131372226623645,0.5052055250248292,0.1624107127723613,0.0005118944699095823,4.295314824424882e-05,5.897377431577939,11.91750758288415,23281.18056244909,0.4507265098900032
1.54999999999999e-06,2.0,8.55706957560287e-05,0.683098300562511,0.6200308179047821,0.5051135226278667,0.1610681167747492,0.0005096907008754185,4.202196129401631e-05,5.956369732177528,12.1291506912124,23797.08060276555,0.4589627011300329
1.55499999999999e-06,2.0,8.4353813902013e-05,0.6801262079754767,0.6268538037559832,0.50502258277382,0.1597403356754862,0.0005074252240002746,4.112086614534723e-05,6.01543904445462,12.33984766290457,24318.55390558568,0.46711346808049703
1.55999999999999e-06,2.0,8.315121116641323e-05,0.677187544731538,0.6335977637545938,0.5049328135755817,0.1584287167322919,0.0005051032871221675,4.024939803127241e-05,6.074515117120729,12.54933767530435,24845.09207375062,0.4751690470223019
1.56499999999999e-06,2.0,8.19643492811422e-05,0.6742852109365275,0.6402544877736883,0.5048443198959124,0.1571345849847964,0.0005027304100987693,3.940709542717721e-05,6.133525332125749,12.75735764458448,25376.14074724085,0.48311990278889194
1.56999999999999e-06,2.0,8.079464945277076e-05,0.6714220708434984,0.6468159907066577,0.5047572030980755,0.1558592413988165,0.0005003123655026709,3.859350093820443e-05,6.192394816796867,12.96364292795739,25911.09838936849,0.4909567493078413
1.57499999999999e-06,2.0,7.964348932158143e-05,0.6686009500260509,0.6532745295022492,0.5046715608971051,0.1546039610450387,0.0004978551574125954,3.78081620595108e-05,6.251046571460306,13.16792804233545,26449.31532048503,0.4986705684572105
1.57999999999999e-06,2.0,7.851220029741431e-05,0.665824632589834,0.6596226184687662,0.5045874871601874,0.1533699913979081,0.0004953649988813946,3.705063182543412e-05,6.309401607932144,13.36994740643915,26990.09303570178,0.5062526270708582
1.58499999999999e-06,2.0,7.740206515815277e-05,0.6630958584249683,0.665853042750716,0.504505071808985,0.1521585506887618,0.0004928482878099707,3.632046938462418e-05,6.367379102834279,13.56943608274545,27532.68382658451,0.5136944920619542
1.58999999999999e-06,2.0,7.631431604838485e-05,0.6604173205021057,0.6719588699310638,0.504424400672137,0.1509708263976904,0.0004903115818528927,3.561724050987908e-05,6.424896560978898,13.76613052650432,28076.29074247434,0.5209880435333734
1.59499999999999e-06,2.0,7.525013276006295e-05,0.6577916622147922,0.6779334597015136,0.5043455554400493,0.1498079738167872,0.000487761572121888,3.494051806961652e-05,6.481869992843083,13.95976931853321,28620.06791105875,0.5281254858847264
1.59999999999999e-06,2.0,7.421064142316963e-05,0.655221474770758,0.6837704715909378,0.5042686135699272,0.1486711147673623,0.0004852050563436407,3.428988246424465e-05,6.538214101257409,14.15009388992751,29163.12125137022,0.5350993568235756
1.60499999999999e-06,2.0,7.319691348364822e-05,0.6527092946347074,0.6894638707350972,0.5041936482924667,0.1475613364018674,0.000482648911258944,3.36649220464911e-05,6.593842481409358,14.33684921629725,29704.50959663607,0.5419025343332298
1.60999999999999e-06,2.0,7.22099650870474e-05,0.650257601025136,0.6950079317170775,0.5041207285678664,0.1464796901707047,0.0004801000649337469,3.306523352508014e-05,6.648667829175641,14.51978449115107,30243.24625566292,0.5485282415463728
1.61499999999999e-06,2.0,7.125075674050233e-05,0.6478688134676398,0.7003972405016559,0.5040499191419135,0.1454271908823421,0.000477565468772372,3.249042236487656e-05,6.702602161959412,14.69865375738049,30778.30102575212,0.5549700496193137
1.61999999999999e-06,2.0,7.03201933623167e-05,0.6455452894071358,0.7056266945303921,0.5039812805495668,0.1444048159341234,0.0004750520698999636,3.194010318039637e-05,6.75555704692867,14.87321650831525,31308.60267895948,0.5612218785962686
1.62499999999999e-06,2.0,6.941912458755599e-05,0.6432893218813498,0.710691501038693,0.5039148692161548,0.1434135046396218,0.0004725667836906114,3.141390013142233e-05,6.807443840880699,15.04323823891952,31833.04192782263,0.5672779963990713
1.629999999999989e-06,2.0,6.854834543052908e-05,0.6411031372578634,0.7155871736949013,0.5038507375034594,0.1424541577269346,0.000470116467088279,3.091144731621792e-05,6.858173936482554,15.20849096061668,32350.47488298429,0.5731330159679667
1.634999999999989e-06,2.0,6.770859716912415e-05,0.6389888930369585,0.7203095276558708,0.503788933850253,0.141527636931103,0.0004677078924680156,3.043238916794451e-05,6.907659019115425,15.36875366199209,32859.72699946065,0.5787818907247677
1.639999999999989e-06,2.0,6.690056854469556e-05,0.6369486757224252,0.7248546731671629,0.5037295028544423,0.1406347647520689,0.0004653477226512475,2.997638084916542e-05,6.955811328878111,15.52381273085551,33359.59751218071,0.584219908415094
1.644999999999989e-06,2.0,6.612489714000796e-05,0.6349844987624351,0.7292190078274076,0.503672485445994,0.1397763242987615,0.0004630424867817423,2.954308864789885e-05,7.002543931920916,15.6734623214379,33848.86434584495,0.589442683528646
1.649999999999989e-06,2.0,6.53821710232117e-05,0.6330983005625093,0.7333992076674257,0.5036179189977211,0.1389530592879222,0.0004607985576334737,2.913219037002324e-05,7.047770995412585,15.8175046840155,34326.28948590803,0.5944461483795035
1.654999999999989e-06,2.0,6.467293051913263e-05,0.6312919425725476,0.7373922171815914,0.5035658375228168,0.1381656741159477,0.0004586221300091073,2.874337573005224e-05,7.091408070188105,15.95575044199145,34790.62478226813,0.5992265430656437
1.659999999999989e-06,2.0,6.399767019157397e-05,0.6295672074498021,0.7411952384743026,0.5035162718062718,0.1374148340698708,0.0004565192007525684,2.837634673543439e-05,7.133372375074436,16.08801883515538,35240.61815720874,0.6037804044044318
1.664999999999989e-06,2.0,6.335684089803215e-05,0.6279257972996091,0.7448057196717092,0.5034692496188304,0.1367011655938815,0.0004544955499848161,2.803081806538822e-05,7.173583086759153,16.21413791508341,35675.0201748402,0.6081045540778276
1.669999999999989e-06,2.0,6.275085199775588e-05,0.626369331995617,0.748221342765287,0.5034247958607727,0.1360252566754846,0.0004525567240384499,2.770651744001976e-05,7.211961628855324,16.33394471240075,36092.59092792308,0.6121960860898024
1.674999999999989e-06,2.0,6.218007357583746e-05,0.6248993475811664,0.7514400110414504,0.5033829327840624,0.1353876572663417,0.0004507080196530041,2.740318598010162e-05,7.248431963810001,16.44728536237642,36492.10718513291,0.6160523537751087
1.679999999999989e-06,2.0,6.164483876296187e-05,0.6235172947534009,0.7544598362615359,0.5033436801403495,0.1347888798004482,0.0004489544698633293,2.712057855392701e-05,7.282920880956505,16.55401520917486,36872.36973988527,0.6196709564610877
1.684999999999989e-06,2.0,6.114544601582209e-05,0.6222245374316046,0.7572791257429831,0.5033070554033515,0.1342293997239102,0.0004473008311019918,2.685846411123481e-05,7.315358284139769,16.65399887534475,37232.21089108007,0.6230497260190728
1.689999999999989e-06,2.0,6.068216143780891e-05,0.6210223514111775,0.759896369498399,0.5032730739133415,0.1337096560981803,0.0004457515719128439,2.661662600129452e-05,7.345677471891642,16.74711031710648,37570.50198441245,0.6261867134002187
1.694999999999989e-06,2.0,6.025522100810956e-05,0.6199119231045798,0.7623102275725937,0.5032417490923352,0.1332300521908287,0.000444310862764856,2.639486227495162e-05,7.373815413408558,16.83323285177741,37886.16093477354,0.629080175381765
1.699999999999989e-06,2.0,5.986483279989028e-05,0.6188943483704867,0.764519517723124,0.5032130925779822,0.1327909561155605,0.0004429825673384605,2.619298596833793e-05,7.399713013058896,16.91225917785539,38178.15964964054,0.6317285616075635
1.704999999999989e-06,2.0,5.951117905944369e-05,0.6179706314323077,0.7665232035690785,0.5031871144248695,0.1323927014359816,0.0004417702347526388,2.601082536795046e-05,7.423315366577784,16.98409137362366,38445.53126838341,0.634130502133097
1.709999999999989e-06,2.0,5.919441822883483e-05,0.6171416838871386,0.7683203833371115,0.5031638232215504,0.1320355877952784,0.0004406770930910607,2.584822425539497e-05,7.444572001542559,17.04864089451266,38687.37713350977,0.6362847955418331
1.714999999999989e-06,2.0,5.891468678813603e-05,0.6164083238061268,0.7699102793133158,0.503143226272147,0.1317198814873209,0.0004397060436865066,2.570504213141071e-05,7.463437105308408,17.10582855451539,38902.87340856108,0.6381903978259948
1.719999999999989e-06,2.0,5.867210100221851e-05,0.6157712749271325,0.7712922281091322,0.5031253296911811,0.1314458160323561,0.0004388596565187953,2.558115441801935e-05,7.479869733010103,17.15558451145046,39091.27726056024,0.6398464120767762
1.724999999999989e-06,2.0,5.846675845260438e-05,0.6152311659404873,0.7724656718311653,0.5031101385606344,0.1312135926743184,0.0004381401661873731,2.547645263837755e-05,7.49383399897158,17.19784824074611,39251.93252743543,0.6412520791568469
1.729999999999989e-06,2.0,5.829873944229737e-05,0.6147885298685531,0.7734301502428229,0.5030976569982075,0.1310233808644318,0.0004375494688212309,2.539084457359894e-05,7.505299244301028,17.23256851708623,39384.27479642747,0.6424067693783911
1.734999999999988e-06,2.0,5.816810815848706e-05,0.6144438035396926,0.7741852939855743,0.5030878882860068,0.1308753186500316,0.0004370891193984579,2.532425439615248e-05,7.51424018432461,17.25970338794515,39487.83582556058,0.6433099753355427
1.739999999999988e-06,2.0,5.807491368434413e-05,0.6141973271571732,0.7747308189266778,0.5030808349088972,0.1307695130352179,0.0004367603298541741,2.527662277944469e-05,7.520637028964777,17.27922015789838,39562.24724820493,0.64396130589146
1.744999999999988e-06,2.0,5.801919074918596e-05,0.614049343963427,0.7750665216804334,0.5030764986519708,0.1307060402344992,0.0004365639674683713,2.524790698320957e-05,7.524475580160328,17.29109536718018,39607.24350992827,0.6443604814459343
1.749999999999988e-06,2.0,5.800096031169853e-05,0.614,0.7751922763458495,0.5030748806066796,0.1306849458882645,0.000436500553934545,2.523808091462204e-05,7.525747299900904,17.2953147828943,39622.66399663677,0.644507330457585
1.754999999999988e-06,2.0,5.802022986979071e-05,0.6140493439634266,0.7751080324876618,0.503075981235272,0.130706245163704,0.0004365702646255923,2.52471351647915e-05,7.524449353518834,17.29187338587283,39608.45432453477,0.6444017873239578
1.759999999999988e-06,2.0,5.807699359546132e-05,0.6141973271571723,0.7748138143806291,0.5030798003433798,0.13076992281246,0.0004367729284843669,2.527507702076914e-05,7.520584622375671,17.28077537114763,39564.66677344943,0.6440438915681691
1.764999999999988e-06,2.0,5.817123219234147e-05,0.6144438035396913,0.774309721522055,0.5030863371106202,0.1308759331111833,0.0004371080280831688,2.532193045282551e-05,7.514161691192444,17.26203414457268,39491.4598578094,0.6434337884108717
1.769999999999988e-06,2.0,5.83029125781907e-05,0.6147885298685513,0.7735959304099024,0.5030955900293237,0.1310241997588351,0.0004375747003079513,2.538773607728653e-05,7.505194804773535,17.23567233312439,39389.09704101829,0.6425717306510672
1.774999999999988e-06,2.0,5.847198729395579e-05,0.615231165940485,0.7726726975707001,0.5031075569014853,0.1312146156594788,0.0004381717372402135,2.547255109480498e-05,7.493703799984459,17.20172179101358,39257.94461175684,0.6414580819112213
1.779999999999988e-06,2.0,5.867839374570467e-05,0.6157712749271297,0.77154036381059,0.5031222347443173,0.1314470426669387,0.0004388975877198405,2.557644920448972e-05,7.479714008341334,17.16022361864038,39098.46875165372,0.6400933211436513
1.784999999999988e-06,2.0,5.892205318481174e-05,0.6164083238061235,0.7701993596531171,0.5031396197547529,0.1317213112225322,0.0004397503591887863,2.569952049394052e-05,7.463256135635012,17.11122817612381,38911.23183546487,0.638478048430585
1.789999999999988e-06,2.0,5.920286953693531e-05,0.617141683887135,0.7686502119138977,0.5031597071835076,0.1320372199647036,0.0004407278203233627,2.584187130569706e-05,7.44436611449541,17.0547951078992,38696.888014435,0.6366129919491941
1.794999999999988e-06,2.0,5.952072798872863e-05,0.6179706314323035,0.7668935513553018,0.5031824912693293,0.1323945352439986,0.0004418274040777564,2.600362408038251e-05,7.423084936784085,16.99099335969393,38456.17814304637,0.6344990161113032
1.799999999999988e-06,2.0,5.987549344714018e-05,0.6188943483704823,0.7649301213468076,0.5032079650842883,0.1327929906244332,0.0004430462116652518,2.618491717713429e-05,7.399458462166201,16.91990120374096,38189.92411682096,0.6321371307223744
1.804999999999988e-06,2.0,6.026700878362134e-05,0.6199119231045748,0.7627607874559107,0.5032361204409918,0.1332322863066349,0.0004443810171163304,2.638590467187247e-05,7.373537210077477,16.84160625313117,37899.02269547748,0.6295285011492758
1.809999999999988e-06,2.0,6.069509298246944e-05,0.621022351411172,0.7603865478711719,0.5032669477128175,0.1337120885557071,0.0004458282729510771,2.660675613405967e-05,7.345376131749364,16.75620548047067,37584.43889068786,0.6266744593154647
1.814999999999988e-06,2.0,6.11595391086165e-05,0.6222245374315988,0.7578085445624068,0.5033004357183485,0.134232029070717,0.0004473841166126773,2.684765638289995e-05,7.3150343696792,16.66380522128662,37247.19900083826,0.6235765154916898
1.819999999999988e-06,2.0,6.166011221850715e-05,0.6235172947533947,0.7550280750605243,0.5033365715212778,0.1347917043802524,0.0004490443782013332,2.710880522358648e-05,7.282575001372156,16.56452117670735,36888.38337773488,0.6202363706802718
1.824999999999988e-06,2.0,6.219654713185166e-05,0.6248993475811595,0.752046604741055,0.503375340297301,0.1353906752019625,0.0004508045891524278,2.739041716507398e-05,7.248064774753959,16.45847839540235,36509.11900951688,0.6166559295390925
1.829999999999988e-06,2.0,6.276854619210263e-05,0.6263693319956098,0.7488657794764632,0.5034167251194198,0.136028465851528,0.0004526599923891409,2.769272111991293e-05,7.211573832103839,16.34581124870564,36110.57200445834,0.6128373136249352
1.834999999999988e-06,2.0,6.337577693537698e-05,0.6279257972996016,0.7454874385259267,0.5034607068134516,0.13670456363943,0.0004546055535797309,2.801596008816055e-05,7.173175429771822,16.22666337863059,35693.94005606814,0.6087828748864967
1.839999999999987e-06,2.0,6.401786979936507e-05,0.6295672074497942,0.7419136275095491,0.5035072637353534,0.1374184183413815,0.0004566359740084242,2.836039082585167e-05,7.132945650437716,16.10118763215991,35260.44496849665,0.6044952091681677
1.844999999999987e-06,2.0,6.46944157931286e-05,0.6312919425725393,0.7381466113262236,0.5035563716223685,0.1381694416806452,0.0004587457046656994,2.872628350059637e-05,7.090963114924374,15.96954596149466,34811.32531394949,0.5999771696455785
1.849999999999987e-06,2.0,6.540496426239564e-05,0.6330983005625006,0.734188886848363,0.5036080033697332,0.1389570069079002,0.0004609289620345974,2.911392133464433e-05,7.047308690148083,15.8319093033377,34347.82929120725,0.5952318799404628
1.854999999999987e-06,2.0,6.614902067133539e-05,0.634984498762426,0.7300431952467554,0.5036621288851705,0.1397804484160932,0.0004631797451440198,2.952360023858379e-05,7.00206519989494,15.6884574171513,33871.20784453382,0.5902627468306623
1.859999999999987e-06,2.0,6.692604453770686e-05,0.6369486757224159,0.7257125337724614,0.5037187148729066,0.1406390614751392,0.0004654918543243284,2.99556284356973e-05,6.955317134788593,15.53937869551134,33382.70809930088,0.5850734722973222
1.864999999999987e-06,2.0,6.77354474411087e-05,0.6389888930369487,0.7212001668469615,0.5037777246996591,0.1415321020224636,0.0004678589111931168,3.041032608076334e-05,6.907150367786078,15.38486992709593,32883.56715887273,0.579668064824498
1.869999999999987e-06,2.0,6.85765912425056e-05,0.6411031372578533,0.7165096362901421,0.5038391181942204,0.1424587865928787,0.0004702743802589862,3.088802487273306e-05,6.857651871349712,15.22513602590786,32375.00630487925,0.5740508496972634
1.874999999999987e-06,2.0,6.944878643206071e-05,0.6432893218813395,0.7116447705413379,0.5039028515332294,0.1434182923217721,0.0004727315916235651,3.13890676656209e-05,6.806909442287827,15.06038970827183,31858.22562978693,0.5682264782195658
1.879999999999987e-06,2.0,7.035129074348493e-05,0.6455452894071252,0.7066096927125429,0.5039688770645726,0.1444097571031919,0.0004752237651194189,3.191380807612472e-05,6.755011430231543,14.89085113208229,31334.39912951402,0.562199935609351
1.884999999999987e-06,2.0,7.12833079477445e-05,0.6478688134676287,0.701408827342204,0.5040371432210486,0.1454322798343298,0.0004777440353166012,3.246261009261767e-05,6.702046475433717,14.7167474812891,30804.67026979479,0.5559765475078742
1.889999999999987e-06,2.0,7.224398696308112e-05,0.6502576010251246,0.6960469057053722,0.5041075943754566,0.1464849208256574,0.0004802854776873288,3.303584768264872e-05,6.648103251734314,14.53831251133862,30270.14804058519,0.5495619848797149
1.894999999999987e-06,2.0,7.32324211884735e-05,0.6527092946346958,0.6905289695701123,0.5041801707896963,0.1475667023054082,0.0004828411353188574,3.363390440351918e-05,6.593270220126361,14.35578604036042,29731.90349840467,0.5429622672647041
1.899999999999987e-06,2.0,7.424764819496447e-05,0.6552214747707459,0.684860373279007,0.5042548085086653,0.148676609095055,0.0004854040464226695,3.425717301104648e-05,6.537635388710362,14.16941340332278,29190.96679920268,0.536183764183952
1.904999999999987e-06,2.0,7.528864967491643e-05,0.6577916622147801,0.6790467840761442,0.504331439351382,0.1498135893815001,0.0004879672719972133,3.490605507040031e-05,6.48128608427502,13.97944485600152,28648.32470994356,0.529233194694644
1.909999999999987e-06,2.0,7.635435177999274e-05,0.6604173205020933,0.6730941805874467,0.5044099908496558,0.1509765556599379,0.0004905239238623372,3.55809605611924e-05,6.424308731297097,13.7861349476142,28104.91859207097,0.5221176249275088
1.914999999999987e-06,2.0,7.744362573967105e-05,0.6630958584249556,0.6670088494107655,0.50449038628651,0.1521643857701306,0.0004930671924033028,3.628230747922893e-05,6.366788643449358,13.58974185105444,27561.6428357674,0.514844463640635
1.919999999999987e-06,2.0,7.855528888668902e-05,0.665824632589821,0.6607973797583473,0.5045725446841235,0.1533759240974591,0.0004955903742277697,3.701052142294674e-05,6.308809823459756,13.3905266711671,27019.34373126648,0.5074214556608883
1.924999999999987e-06,2.0,7.968810597216416e-05,0.6686009500260379,0.6544666561483587,0.5046563808931881,0.1546099828587282,0.0004980868990707163,3.776603516438135e-05,6.250454776290513,13.18875272192941,26478.81874937033,0.49985667328963057
1.929999999999987e-06,2.0,8.084079089195854e-05,0.671422070843485,0.6480238491252358,0.5047418056328499,0.1558653435417444,0.0005005503561530158,3.854928818700259e-05,6.191804331555995,12.98468479430401,25940.8162129739,0.4921585055834914
1.934999999999987e-06,2.0,8.201200869756867e-05,0.6742852109365141,0.641476404047705,0.5048287256328045,0.1571407584162466,0.000502974519343258,3.936072618632062e-05,6.132937480036644,12.7785884071941,25406.03532735478,0.48433564563145837
1.939999999999987e-06,2.0,8.320037800837786e-05,0.6771875447315242,0.6348320279629617,0.5049170437260251,0.1584349521833092,0.0005053533713486509,4.020080050799563e-05,6.073931220286025,12.57072906416727,24875.12654881357,0.4763970757796525
1.944999999999986e-06,2.0,8.440447368907816e-05,0.6801262079754627,0.6280986746451637,0.5050066590434164,0.1597466236788766,0.000507681126315643,4.106996751381492e-05,6.014860420068284,12.36137150936074,24348.69225702759,0.46835205096628707
1.949999999999986e-06,2.0,8.562282990494678e-05,0.6830983005624971,0.6212845278554433,0.5050974671581401,0.1610744476971865,0.0005099522511026732,4.196868784039071e-05,5.955797688686835,12.15077900557793,23827.28771037723,0.4602100801582568
1.954999999999986e-06,2.0,8.685394340980492e-05,0.6861008893960688,0.6143979829360555,0.5051893603306558,0.1624170768484386,0.0005121614846508623,4.289742553358882e-05,5.896813264798138,11.93921262826922,23311.42224880131,0.45198090608761693
1.959999999999986e-06,2.0,8.809627717610027e-05,0.6891310112835062,0.6074476268303691,0.5052822277015435,0.163773143515655,0.0005143038557645285,4.385664701121057e-05,5.837974915812627,11.72693059807018,22801.56072452099,0.44367448331471415
1.964999999999986e-06,2.0,8.934826421396256e-05,0.6921856758603373,0.6004422166711842,0.5053759555828965,0.1651412618244507,0.0005163746987832038,4.484681982760984e-05,5.779347853302149,11.51418764514711,22298.12512557139,0.43530095484673353
1.969999999999986e-06,2.0,9.060831168661419e-05,0.695261868541419,0.5933906570554218,0.5054704276947677,0.1665200296904408,0.0005183696675146431,4.5868411178036e-05,5.720994660531872,11.30123442694835,21801.4963744558,0.42687062736498105
1.974999999999986e-06,2.0,9.187480516225834e-05,0.6983565534959681,0.5863019761717286,0.5055655254972732,0.1679080308579702,0.0005202847469720429,4.692188610523526e-05,5.662975236333401,11.08831699146026,21312.01626799964,0.4183939453137584
1.979999999999986e-06,2.0,9.314611310922421e-05,0.7014666766435609,0.5791853009168416,0.5056611284642988,0.1693038369952428,0.0005221162633457794,4.800770532925075e-05,5.605346751428841,10.87567630581289,20829.9895431725,0.40988146392159885
1.984999999999986e-06,2.0,9.442059146924177e-05,0.7045891686681399,0.5720498311833931,0.5057571144493295,0.1707060097600632,0.0005238608918143484,4.912632265065204e-05,5.548163621198647,10.66354784052609,20355.68603640898,0.4013438214233299
1.989999999999986e-06,2.0,9.569658841649999e-05,0.7077209480470598,0.5649048134643914,0.5058533599889082,0.1721131029020864,0.0005255156626834012,5.027818182995841e-05,5.491477490979045,10.45216122692549,19889.34292377588,0.392791710562305
1.994999999999986e-06,2.0,9.697244913308472e-05,0.7108589240921782,0.5577595139663546,0.5059497406942333,0.1735236643167631,0.000527077965513637,5.146371288124171e-05,5.435337237644147,10.2417399756976,19431.16701096969,0.38423584964959145
1.999999999999986e-06,2.0,9.824652071121255e-05,0.7139999999999912,0.5506231913783689,0.5060461315760233,0.1749362381180968,0.0005285455517777474,5.268332766471283e-05,5.379788983525821,10.03250127139873,18981.33706291673,0.3756869532602721
2.004999999999986e-06,2.0,9.951715700997486e-05,0.7171410759078036,0.5435050694873653,0.5061424074532936,0.1763493666466979,0.0005299165357514727,5.393741470657632e-05,5.324876126183805,9.824655828134503,18540.00614304703,0.36715570284066745
2.009999999999986e-06,2.0,0.0001007827235803931,0.7202790519529225,0.5364143097859919,0.50623844329085,0.1777615924817021,0.0005311893942187809,5.522633311566589e-05,5.270639380042769,9.618407818354683,18107.30395417712,0.3586527173042898
2.014999999999986e-06,2.0,0.0001020416024845963,0.7234108313318425,0.5293599842572108,0.5063341146163078,0.179171460374589,0.0005323629647253027,5.655040552109506e-05,5.217116833162308,9.413954857082585,17683.33915177618,0.3501885238826218
2.019999999999986e-06,2.0,0.0001032921971273646,0.7265333233564215,0.5223510484743281,0.5064292978612124,0.1805775191750231,0.0005334364429830543,5.790990989205061e-05,5.164344015118083,9.211488050619122,17268.20162324707,0.34177352929930505
2.024999999999986e-06,2.0,0.0001045329369243126,0.7296434465040141,0.5153963151917847,0.5065238707772857,0.1819783236684123,0.0005344093791704572,5.930507017038498e-05,5.112353979007642,9.011192089227539,16861.96470431574,0.3334179915233725
2.029999999999986e-06,2.0,0.0001057622819298288,0.7327381314585636,0.5085044285562501,0.5066177127721668,0.18337243639688,0.0005352816737343848,6.073604558081353e-05,5.061177393511769,8.813245390204985,16464.68732755132,0.3251319921593701
2.034999999999986e-06,2.0,0.0001069787272475657,0.7358143241396452,0.5016838391031245,0.5067107053159092,0.1847584293849931,0.0005360535724258896,6.220291857249644e-05,5.010842647758398,8.61782026837098,16076.41607418335,0.31692540971813143
2.039999999999986e-06,2.0,0.0001081808073515084,0.7388689887164764,0.4949427796592545,0.5068027322624064,0.186134885843447,0.0005367256611585791,6.370568127909556e-05,4.961375964852923,8.425083138302467,15697.18712557181,0.3088078938158075
2.044999999999986e-06,2.0,0.000109367100138642,0.7418991106039141,0.4882892423078845,0.5068936802372537,0.1875004017736154,0.0005372988603853261,6.524422049791439e-05,4.912801526530227,8.235194723531128,15327.02808568257,0.30078884053426913
2.049999999999985e-06,2.0,0.0001105362308458588,0.7449016994374861,0.4817309565291191,0.5069834389360124,0.1888535875475142,0.0005377744195423754,6.681830112307587e-05,4.86514160469391,8.04831027583031,14965.95967260604,0.29287736898160494
2.054999999999985e-06,2.0,0.0001116868756499265,0.7478737920245205,0.4752753686663623,0.5070719014845914,0.1901930693875137,0.0005381539111977145,6.842754811047582e-05,4.818416701970291,7.864579779022165,14613.9972513045,0.28508229927884854
2.059999999999985e-06,2.0,0.0001128177650873111,0.7508124552684593,0.468929622825927,0.5071589647055351,0.1915174908214856,0.0005384392253924666,7.007142698849827e-05,4.772645696907844,7.684148140451708,14271.15220821952,0.27741213200444137
2.064999999999985e-06,2.0,0.0001139276871100417,0.7537147890634694,0.4627005433575488,0.5072445294420997,0.1928255140389501,0.0005386325637336404,7.174922310383848e-05,4.7278459955852,7.507155345140236,13937.43314199734,0.2698750293185987
2.069999999999985e-06,2.0,0.0001150154899183639,0.7565779291564988,0.4565946190186739,0.5073285007837248,0.194115821224832,0.0005387364336518717,7.346001972806509e-05,4.684033685092424,7.333736577340582,13612.84687510034,0.26247879779384187
2.074999999999985e-06,2.0,0.0001160800843835236,0.7593990499739462,0.4506179889678182,0.5074107883449921,0.195387115797371,0.000538753642291159,7.520267535885833e-05,4.641223690266004,7.164022286711076,13297.39926442932,0.2552308731704472
2.079999999999985e-06,2.0,0.0001171204462056527,0.7621753674101631,0.44477643068499,0.5074913064415092,0.1966381236274627,0.00053868729036385,7.697580047986076e-05,4.599429928973618,6.998138207147156,12991.09582188276,0.24813830705752732
2.084999999999985e-06,2.0,0.0001181356176177373,0.7649041415750292,0.4390753499595452,0.5075699743150672,0.1978675941667166,0.0005385407653457889,7.877773427987918e-05,4.558665466967809,6.836205309389547,12693.94212896794,0.24120775579282863
2.089999999999985e-06,2.0,0.0001191247087857834,0.7675826794978917,0.4335197730332661,0.5076467162514764,0.1990743015618822,0.0005383177342731039,8.060652174384639e-05,4.518942667488795,6.678339700400231,12405.94406464811,0.23444547147138392
2.094999999999985e-06,2.0,0.0001200868987151159,0.7702083377852053,0.428114341026997,0.507721461743792,0.2002570456834195,0.0005380221354387359,8.245989178290564e-05,4.480273336361651,6.524652455950357,12127.10783847166,0.22785729534357752
2.099999999999985e-06,2.0,0.0001210214358199778,0.7727785252292396,0.42286330671905,0.5077941455444256,0.20141465314596,0.0005376581692049648,8.433523694613057e-05,4.442668857779428,6.375249405517125,11857.43985801277,0.22144865357309
2.104999999999985e-06,2.0,0.0001219276379674,0.7752907053652901,0.4177705337786687,0.5078647077594596,0.2025459782486372,0.0005372302871863281,8.622959551423809e-05,4.406140321413687,6.230230861950657,11596.946431633,0.21522455553003147
2.109999999999985e-06,2.0,0.0001228048921622457,0.7777423989748615,0.4128394984896461,0.5079330938289774,0.2036499039128579,0.0005367431800183888,8.813963659184753e-05,4.370698636264516,6.089691321328125,11345.63334576416,0.20918959457678818
2.114999999999985e-06,2.0,0.0001236526536882475,0.7801311865323579,0.4080732940262647,0.5079992545475279,0.2047253425454439,0.0005362017629725402,9.006164905846061e-05,4.33635463203154,5.953719131041917,11103.50532612258,0.2033479514808208
2.119999999999985e-06,2.0,0.0001244704448846534,0.7824547105928618,0.403474637266773,0.5080631459691594,0.2057712369042836,0.0005356111596884185,9.199153497400931e-05,4.303119143908249,5.822396156774062,10870.56543064026,0.19770340036248943
2.124999999999985e-06,2.0,0.000125257853380069,0.7847106781186479,0.3990458781491968,0.5081247293521595,0.2067865608941391,0.0005349766833477844,9.392480825080415e-05,4.271003082003149,5.695797450224809,10646.81438933295,0.19225931725505768
2.129999999999985e-06,2.0,0.0001260145299785222,0.7868968627421346,0.394789011489585,0.508183970988809,0.2077703203691177,0.0005343038156765691,9.58565990448118e-05,4.240017482056495,5.573990951074621,10432.24994381985,0.18701869112046732
2.134999999999985e-06,2.0,0.000126740186028324,0.7890111069630396,0.3907056911971898,0.5082408420765021,0.2087215538690005,0.0005335981832154363,9.778166450484453e-05,4.210173539332013,5.457037225920812,10226.86620302373,0.1819841373281893
2.139999999999985e-06,2.0,0.0001274345904857358,0.7910513242775726,0.386797246732259,0.5082953184765522,0.2096393333651716,0.0005328655314068058,9.969440606458881e-05,4.181482623326272,5.344989277147399,10030.65306745628,0.17715791336708742
2.144999999999985e-06,2.0,0.0001280975665137998,0.793015501237563,0.3830647016659225,0.5083473805183139,0.2105227649428186,0.0005321116960878632,0.0001015888936305275,4.153956275998143,5.237892421814538,9843.595734361848,0.1725419367231039
2.149999999999984e-06,2.0,0.0001287289878450666,0.7949016994374889,0.3795087941138396,0.5083970126959773,0.2113709894943308,0.0005313425731174272,0.0001034588964871531,4.127606192200335,5.135784269489149,9665.674330135289,0.16813780461950878
2.154999999999984e-06,2.0,0.000129328774757181,0.7967080574274505,0.3761299988343897,0.5084442034168437,0.2121831833500623,0.0005305640858757625,0.0001052979209197083,4.102444185818221,5.038694793227,9496.863672764437,0.16394681548432738
2.159999999999984e-06,2.0,0.0001298968899044563,0.7984327925501963,0.3729285507012149,0.508488944649301,0.212958558920639,0.0005297821515281993,0.0001070992539757512,4.078482141218288,4.946646515839874,9337.13320007266,0.1599699917805759
2.164999999999984e-06,2.0,0.000130433333859799,0.8000742027003893,0.3699044692893924,0.5085312316302368,0.2136963652765633,0.0005290026459057002,0.0001088560130139008,4.05573195411098,4.859654797738616,9186.44705343288,0.1562081040128291
2.169999999999984e-06,2.0,0.0001309381406204301,0.8016306680043815,0.3670575842462634,0.5085710624806249,0.2143958887387243,0.0005282313680059945,0.0001105612000975958,4.034205462061206,4.777728240465085,9044.764339725592,0.15266169550753908
2.174999999999984e-06,2.0,0.000131411372932475,0.8031006524188322,0.3643875611597523,0.5086084378896025,0.2150564534052826,0.0005274740040188199,0.000112207760603161,4.013914369008171,4.700869183944489,8912.03954721675,0.1493311077544697
2.179999999999984e-06,2.0,0.0001318531176930509,0.8044827052465977,0.3618939275853487,0.5086433607158536,0.2156774216881855,0.0005267360919205553,0.0001137886448389072,3.994870164268302,4.629074304086017,8788.223125565117,0.14621650589716323
2.184999999999984e-06,2.0,0.0001322634812806092,0.805775462568394,0.3595760989468462,0.5086758356667467,0.2162581947846964,0.0005260229865178493,0.0001152968718912859,3.977084040246572,4.562335281861242,8673.26219346962,0.14331790416214982
2.189999999999984e-06,2.0,0.0001326425850721031,0.8069776485888214,0.3574334039902194,0.5087058689037425,0.2167982131570156,0.000525339825954101,0.0001167255943743592,3.960566809181343,4.500639544993406,8567.101374466569,0.14063519083320378
2.194999999999984e-06,2.0,0.0001329905609891138,0.8080880768954191,0.355465109534339,0.5087334677342177,0.2172969569454829,0.0005246914994693205,0.0001180681632898224,3.9453288226725,4.44397104900631,8469.68371605219,0.13816815258885612
2.199999999999984e-06,2.0,0.000133307547327247,0.8091056516295122,0.353670444238553,0.5087586402376107,0.2177539463884219,0.0005240826173399119,0.0001193181916949469,3.931379893876735,4.392311096029681,8380.951687204875,0.13591649785013107
2.204999999999984e-06,2.0,0.0001335936846993883,0.8100293685676915,0.3520486211772422,0.5087813949854193,0.2181687421743404,0.0005235174826590821,0.0001204696165038087,3.91872922543926,4.345639156596227,8300.84820572484,0.13387987900290182
2.209999999999984e-06,2.0,0.0001338491123403939,0.8108583161128606,0.350598858995809,0.5088017407021537,0.2185409457996324,0.000523000065770514,0.0001215167572496221,3.907385342467367,4.303933692833466,8229.317689458914,0.1320579131961766
2.214999999999984e-06,2.0,0.0001340739645911555,0.8115916761938725,0.3493204014921267,0.5088196860260447,0.2188701998577724,0.0005225339808771403,0.000122454371334327,3.897356032897221,4.267172949265398,8166.307083230073,0.13045020163435428
2.219999999999984e-06,2.0,0.0001342683678021796,0.8122287250728669,0.3482125354558229,0.5088352392157075,0.2191561883332802,0.0005221224655281016,0.0001232777047828131,3.888648294004475,4.235335711740913,8111.766858101145,0.12905634712254271
2.224999999999984e-06,2.0,0.0001344324374626453,0.8127688340595122,0.3472746066616265,0.5088484079608451,0.219398636826701,0.0005217683623870958,0.0001239825382576901,3.881268286804237,4.208402003374315,8065.651938191175,0.12787596983492552
2.229999999999984e-06,2.0,0.0001345662757882853,0.8132114701314465,0.3465060339016361,0.5088591991423824,0.2195973127840032,0.0005214741039040544,0.0001245652275501359,3.875221296684165,4.18635372133983,8027.92255645752,0.12690872111763288
2.234999999999984e-06,2.0,0.0001346699695640314,0.8135561964603071,0.3459063209964974,0.5088676186994728,0.2197520256568339,0.0005212416992143579,0.0001250227385154918,3.870511701617882,4.169175186878263,7998.5449996849,0.12615429533966346
2.239999999999984e-06,2.0,0.000134743588469514,0.8138026728428265,0.3454750667129332,0.5088736714481052,0.2198626270671124,0.0005210727238477348,0.0001253526758388694,3.867142946105925,4.156853616092977,7977.492249829739,0.1256124396458208
2.244999999999984e-06,2.0,0.0001347871836757055,0.8139506560365728,0.3452119725590151,0.5088773610082845,0.2199290109025092,0.0005209683115378395,0.0001255533057681583,3.865117522031144,4.14937948746518,7964.74448746543,0.1252829616565059
2.249999999999984e-06,2.0,0.0001348007869372675,0.814,0.3451168484162685,0.5088786896839875,0.2199511134163284,0.000520929148716334,0.000125623572325284,3.864436954586519,4.146746817288904,7960.289470280664,0.1251657349999401
2.254999999999983e-06,2.0,0.0001347844099635826,0.8139506560365735,0.3451896160005026,0.5088776584525544,0.2199289132583638,0.000520955470990197,0.0001255631072520024,3.865101794511512,4.148953322289571,7964.122757754172,0.12526070274213877
2.259999999999983e-06,2.0,0.0001347380442906141,0.8138026728428278,0.3454303101323603,0.508874266907342,0.2198624315102341,0.000521047062218164,0.0001253722332881377,3.867111614958533,4.156000483940201,7976.247800433949,0.1255678786221262
2.264999999999983e-06,2.0,0.0001346616614330644,0.813556196460309,0.3458390778232295,0.5088685133100557,0.2197517316517507,0.0005212032555198797,0.0001250519611208071,3.870465014411555,4.167893496819041,7996.675870072477,0.1260873461714788
2.269999999999983e-06,2.0,0.0001345552135368001,0.8132114701314491,0.3464161751743643,0.5088603945962986,0.219596919531783,0.0005214229368788543,0.0001246039796716289,3.875159624207858,4.184641118630155,8025.425854256964,0.12681925564258129
2.274999999999983e-06,2.0,0.0001344186343082874,0.8127688340595154,0.3471619621068491,0.5088499064905294,0.2193981432701367,0.0005217045507154441,0.0001240306401312483,3.881192122311512,4.206255407239537,8062.523896851679,0.12776381883671237
2.279999999999983e-06,2.0,0.0001342518404381311,0.8122287250728708,0.3480768949382865,0.5088370435736728,0.2191555931638944,0.0005220461081293334,0.000123334933486735,3.888558252083424,4.232751365495979,8108.002913120738,0.12892130177439207
2.284999999999983e-06,2.0,0.0001340547332924277,0.8115916761938771,0.3491615168393292,0.5088217994592743,0.2188695015247013,0.0005224451972177135,0.0001225204620383671,3.897252847862371,4.264146482357458,8161.901966112825,0.13029201531462792
2.289999999999983e-06,2.0,0.0001338272010844921,0.8108583161128657,0.3504164462107214,0.5088041669210865,0.2185401425204806,0.0005228989961811106,0.0001215914047645913,3.907269866164258,4.300460194480658,8224.2655386379,0.13187630369024078
2.294999999999983e-06,2.0,0.0001335691212965339,0.8100293685676972,0.3518423630380764,0.5087841381275505,0.2181678319480608,0.0005234042886232724,0.0001205524771559612,3.918602424331711,4.341713260243783,8295.142692972455,0.13367453109001562
2.299999999999983e-06,2.0,0.0001332803635569768,0.8091056516295186,0.3534399932998539,0.5087617048255335,0.2177529270103322,0.0005239574817291131,0.0001194088855389761,3.931242845297677,4.38792707397046,8374.58615819332,0.13568706628952173
2.304999999999983e-06,2.0,0.0001329607927373222,0.8080880768954262,0.3552100915212667,0.5087368586282394,0.2172958260244365,0.0005245546266871907,0.0001181662766776764,3.945182710110715,4.439122915906242,8462.651342799874,0.1379142654968302
2.309999999999983e-06,2.0,0.0001326102724649428,0.806977648588829,0.3571534215955859,0.5087095912489762,0.2167969681348199,0.0005251914419669264,0.0001168306828803009,3.960412916505752,4.495321169225829,8559.395317620043,0.14035645346076597
2.314999999999983e-06,2.0,0.0001322286688086248,0.8057754625684024,0.359270736011157,0.5086798948349736,0.2162568329577549,0.0005258633387364357,0.0001154084635942483,3.976923744775227,4.556540502828804,8664.875771293417,0.14301390305340209
2.319999999999983e-06,2.0,0.0001318158543220682,0.8044827052466065,0.361562753660653,0.5086477622421821,0.2156759402313972,0.0005265654489179995,0.0001139062439409,3.994704928636853,4.622797053963141,8779.149986886125,0.1458868134292558
2.324999999999983e-06,2.0,0.0001313717121944521,0.8031006524188417,0.364030136421779,0.5086131874044406,0.2150548493980971,0.0005272926550577685,0.0001123308513617912,4.013745731810675,4.694103611477876,8902.273844424413,0.1489752870236819
2.329999999999983e-06,2.0,0.0001308961406814577,0.8016306680043915,0.366673464743777,0.5085761656371804,0.2143941591933205,0.0005280396223728669,0.0001106892510251574,4.034035027298131,4.770468834890337,9034.300898582467,0.1522793055504565
2.334999999999983e-06,2.0,0.0001303890575589238,0.8000742027004,0.3694932124773669,0.5085366940282917,0.213694507167945,0.0005288008320382736,0.0001089884812958425,4.055561379504171,4.851896510080514,9175.28153535383,0.1557987053094219
2.339999999999983e-06,2.0,0.000129850404761696,0.7984327925502074,0.3724897212333748,0.5084947717556748,0.2129565692185317,0.0005295706159501863,0.0001072355900359196,4.078313125520395,4.938384875513823,9325.262253558172,0.1595331520148431
2.344999999999983e-06,2.0,0.0001292801529455138,0.7967080574274623,0.3756631745447763,0.5084504004835197,0.2121810590523064,0.0005303431919399575,0.000105437573063745,4.102278455268025,5.029926017163964,9484.285069758045,0.16348211549246994
2.349999999999983e-06,2.0,0.0001286783061263658,0.7949016994375011,0.3790135721508986,0.5084035846764823,0.2113687276615719,0.0005311126995871859,0.0001036013155340545,4.127445486337041,5.126505361918936,9652.38708451818,0.1676448444893267
2.354999999999983e-06,2.0,0.0001280449061350231,0.7930155012375757,0.3825407046950946,0.5083543319835124,0.2105203627340879,0.0005318732355723231,0.0001017335374525051,4.153802333060954,5.228101262286599,9829.60019911679,0.1720203419610067
2.359999999999982e-06,2.0,0.0001273800370371895,0.791051324277586,0.3862441291626761,0.5083026535305373,0.2096367880741092,0.0005326188886922882,9.98407439407715e-05,4.181337165509652,5.334684695541267,10015.95100887098,0.17660734108856688
2.364999999999982e-06,2.0,0.0001266838292620592,0.7890111069630533,0.3901231453411678,0.5082485642738535,0.2087188629602396,0.0005333437735178376,9.79291812116934e-05,4.210038258162377,5.446219062782818,10211.46084983904,0.18140428238092823
2.369999999999982e-06,2.0,0.000125956463590414,0.7868968627421488,0.3941767736080937,0.5081920832539221,0.2077674815145484,0.0005340420628631938,9.600479859961539e-05,4.239894024174697,5.5626601029642,10416.14601130996,0.18640929209354531
2.374999999999982e-06,2.0,0.0001251981747553593,0.7847106781186626,0.3984037342925655,0.5081332339018926,0.206783572008555,0.0005347080181562675,9.407321724811737e-05,4.270893035611039,5.683955899435004,10630.01807796695,0.1916201622840105
2.379999999999982e-06,2.0,0.0001244092548118912,0.7824547105928771,0.4028024288679554,0.5080720442394346,0.2057680961801215,0.0005353360179894803,9.213970545549034e-05,4.303024026130152,5.81004698618321,10853.0844010899,0.1970343326878339
2.384999999999982e-06,2.0,0.0001235900560427419,0.7801311865323735,0.4073709231632074,0.5080085471250173,0.2047220484861444,0.000535920584099746,9.020916088375839e-05,4.336275877396487,5.940866524524287,11085.34865199089,0.202648874677063
2.389999999999982e-06,2.0,0.0001227409935649039,0.7777423989748776,0.4121069327847839,0.5079427803883529,0.2036464553645873,0.000536456405203405,8.828609928272983e-05,4.370637586487357,6.076340551477332,11326.81144737828,0.20846047742019658
2.394999999999982e-06,2.0,0.0001218625474208483,0.7752907053653065,0.4170078108642515,0.5078747870071452,0.2025423744299555,0.0005369383581126124,8.637464957177443e-05,4.406098216597078,6.21638826640257,11577.47099360483,0.21446543643429597
2.399999999999982e-06,2.0,0.0001209552643282298,0.7727785252292564,0.4220705382510518,0.5078046151691082,0.2014108936752371,0.0005373615267058881,8.447855464555732e-05,4.442646829120378,6.360922354323774,11837.32373494851,0.2206596445758147
2.404999999999982e-06,2.0,0.0001200197588889388,0.7702083377852224,0.4272917161913873,0.5077323183744037,0.2002531306036558,0.0005377212183402386,8.260117747536979e-05,4.480272400390401,6.509849311779818,12106.36495222096,0.2270385855877315
2.409999999999982e-06,2.0,0.0001190567144398817,0.7675826794979093,0.4326675615430229,0.507657955422676,0.199070231362814,0.0005380129783931967,8.074551169643578e-05,4.518963721829219,6.663069774278801,12384.58929778683,0.2335973301802089
2.414999999999982e-06,2.0,0.0001180668833617567,0.7649041415750469,0.4381939045017729,0.507581590440693,0.1978633698039352,0.0005382326026388535,7.891419610434177e-05,4.558709287562491,6.820478813814344,12671.99121787646,0.24033053469783772
2.419999999999982e-06,2.0,0.0001170510870346067,0.7621753674101815,0.4438661888309037,0.507503292795819,0.1966337465385099,0.0005383761482102119,7.710953219844765e-05,4.599497168686473,6.98196620911481,12968.56525372789,0.24723244229239377
2.424999999999982e-06,2.0,0.0001160102152692048,0.7593990499739648,0.4496794745182838,0.5074231370519556,0.195382587914616,0.0005384399429106555,7.533350416836165e-05,4.641314878745304,7.147416662144173,13274.30618075479,0.2542968866036678
2.429999999999982e-06,2.0,0.0001149452254066734,0.7565779291565176,0.4556284428101539,0.5073412028140005,0.1941111449851562,0.0005384205936339922,7.358780051668596e-05,4.684149229759186,7.316709968956142,13589.20898543843,0.2615172978249977
2.434999999999982e-06,2.0,0.0001138571409252366,0.7537147890634887,0.4617074035113458,0.5072575746178255,0.1928206923901011,0.000538314993657936,7.187383678247404e-05,4.727986183600208,7.489721124630439,13913.26864915389,0.26888671112124474
2.439999999999982e-06,2.0,0.0001127470497473809,0.7508124552684785,0.4679103044738884,0.5071723417124123,0.1915125272251846,0.0005381203295281551,7.019277868819476e-05,4.772810697964328,7.666320376324664,14246.47974746985,0.27639777724870385
2.444999999999982e-06,2.0,0.0001116161020936363,0.74787379202454,0.4742307431437828,0.5070855978912806,0.1901879678192313,0.0005378340872556798,6.854556530036635e-05,4.818606571763774,7.846373210271056,14588.8358439821,0.28404277532455147
2.449999999999982e-06,2.0,0.0001104655080749552,0.7449016994375057,0.4806619800726694,0.506997441220258,0.1888483524930303,0.0005374540584685006,6.693293169159956e-05,4.865356288924134,8.029740292041533,14940.32869511235,0.29181362757963913
2.454999999999982e-06,2.0,0.0001092965348754229,0.7418991106039342,0.4871969542548543,0.5069079738186621,0.1874950382223214,0.0005369783461712949,6.535543083995914e-05,4.913040865305465,8.2162773509402,15300.94725331666,0.29970191603253293
2.459999999999982e-06,2.0,0.0001081105037146788,0.7388689887164969,0.4938283001885628,0.5068173015412553,0.1861293992785334,0.0005364053706619367,6.381345442003554e-05,4.961639697375822,8.405835031765985,15670.67649116374,0.3076989009100294
2.464999999999981e-06,2.0,0.0001069087864463379,0.7358143241396656,0.5005483665182598,0.5067255337178648,0.1847528257705103,0.0005357338751804479,6.23072523587942e-05,5.011130417194525,8.59825870823901,16049.49604006824,0.3157955407477495
2.469999999999981e-06,2.0,0.0001056928019787422,0.7327381314585839,0.5073492361520641,0.5066327827982601,0.1833667221618519,0.000534962931747117,6.083695095617848e-05,5.061488751951492,8.79338828358536,16437.37867008343,0.32398251399021216
2.474999999999981e-06,2.0,0.0001044640123785901,0.7296434465040346,0.5142227477086713,0.5065391640589817,0.1819725056880133,0.0005340919466917547,5.94025695551189e-05,5.112688392456446,8.99105797428809,16834.28860888101,0.332250242020658
2.479999999999981e-06,2.0,0.0001032239188409281,0.726533323356442,0.5211605181833379,0.5064447952199187,0.1805716047490291,0.0005331206662512843,5.800403567415738e-05,5.164700868458043,9.191096103142463,17240.17972848623,0.34058891343430875
2.484999999999981e-06,2.0,0.0001019740573904107,0.7234108313318632,0.5281539666820543,0.5063497961271217,0.1791654572031439,0.0005320491816778772,5.66411986670604e-05,5.217495435050723,9.393324897753084,17654.99360064829,0.34898850947891036
2.489999999999981e-06,2.0,0.0001007159944950285,0.7202790519529432,0.5351943391086464,0.5062542883498587,0.1777555086386479,0.00053087793417532,5.531384190141374e-05,5.271038967717384,9.597560319919697,18078.65745037756,0.3574388304699986
2.494999999999981e-06,2.0,9.945132246188728e-05,0.7171410759078247,0.5422727336458695,0.5061583948482147,0.176343210550544,0.000529607719065716,5.402169356944857e-05,5.325295870165569,9.80361192091968,18511.08201031187,0.36592952309532545
2.499999999999981e-06,2.0,9.818165479434701e-05,0.7140000000000117,0.5493801269063981,0.5060622395594727,0.1749300185009099,0.0005282396894672476,5.276443617156056e-05,5.380227992208335,10.01128274638824,18952.1593057217,0.37445010840548826
2.504999999999981e-06,2.0,9.690862138516614e-05,0.710858924092199,0.5565074005870656,0.505965947059369,0.1735173901911028,0.0005267753588674266,5.154171480886985e-05,5.435794561777228,10.22036928380919,19401.76037425726,0.3829900103959628
2.509999999999981e-06,2.0,9.563386372330057e-05,0.7077209480470806,0.5636453684915861,0.5058696421467226,0.1721067835262935,0.0005252166028589904,5.035314434986404e-05,5.491952128047817,10.43066147388288,19859.73295037533,0.3915385849652926
2.514999999999981e-06,2.0,9.435902999397285e-05,0.7045891686681605,0.5707848037459406,0.5057734495073054,0.1706996546020765,0.0005235656594263845,4.919831561183169e-05,5.548654519714732,10.64194277619684,20325.89911999976,0.40008514914386417
2.519999999999981e-06,2.0,9.30857702479971e-05,0.7014666766435815,0.5779164660627791,0.5056774933056921,0.1692974556952849,0.0005218251280588991,4.807680062966192e-05,5.605852815140148,10.85399030768593,20800.05297571799,0.40861901036749426
2.524999999999981e-06,2.0,9.181573152452254e-05,0.6983565534959888,0.5850311288718483,0.5055818968606925,0.1679016331903127,0.0005199979671014186,4.698815714473602e-05,5.663495328371798,11.06657504144473,21281.95827982217,0.41712949568153557
2.529999999999981e-06,2.0,9.055055310111866e-05,0.6952618685414396,0.5921196061653667,0.5054867822533252,0.166513625524624,0.000518087489646817,4.593193238331636e-05,5.721527607504936,11.27946208148211,21771.34616620713,0.42560598064074273
2.534999999999981e-06,2.0,8.92918617588723e-05,0.6921856758603577,0.5991727788735615,0.5053922700225955,0.1651348610861853,0.0005160973574206038,4.490766624211304e-05,5.779892449346872,11.49241099811648,22267.91289061088,0.43403791778737616
2.539999999999981e-06,2.0,8.804126723341216e-05,0.6891310112835262,0.6061816206184467,0.5052984787981677,0.1637667561478114,0.0005140315730057567,4.391489394122549e-05,5.838529926612713,11.70517623687587,22771.31766134681,0.4424148644706353
2.544999999999981e-06,2.0,8.68003577424081e-05,0.6861008893960887,0.6131372226624279,0.5052055250248272,0.1624107127723644,0.0005118944699096063,4.295314824424673e-05,5.897377431577775,11.91750758288529,23281.18056245022,0.45072650989006346
2.549999999999981e-06,2.0,8.55706957560286e-05,0.683098300562517,0.620030817904725,0.5051135226278687,0.1610681167747514,0.0005096907008754107,4.202196129402051e-05,5.956369732177444,12.129150691211,23797.08060276317,0.4589627011299736
2.554999999999981e-06,2.0,8.435381390201764e-05,0.6801262079754823,0.6268538037560085,0.5050225827738183,0.1597403356754892,0.0005074252240002899,4.112086614534685e-05,6.015439044454471,12.33984766290505,24318.55390558591,0.46711346808051935
2.559999999999981e-06,2.0,8.315121116641266e-05,0.6771875447315436,0.633597763754537,0.5049328135755843,0.1584287167322934,0.0005051032871221591,4.024939803127615e-05,6.074515117120669,12.54933767530297,24845.09207374831,0.4751690470222436
2.564999999999981e-06,2.0,8.196434928114596e-05,0.6742852109365334,0.6402544877736894,0.5048443198959112,0.1571345849847991,0.0005027304100987806,3.940709542717791e-05,6.133525332125606,12.75735764458454,25376.1407472404,0.48311990278889033
2.56999999999998e-06,2.0,8.079464945277135e-05,0.6714220708435039,0.6468159907066208,0.5047572030980773,0.1558592413988187,0.0005003123655026676,3.85935009382073e-05,6.192394816796781,12.96364292795634,25911.09838936656,0.4909567493078021
2.57499999999998e-06,2.0,7.964348932158428e-05,0.6686009500260561,0.6532745295022363,0.504671560897104,0.1546039610450411,0.0004978551574126033,3.780816205951188e-05,6.251046571460182,13.16792804233528,26449.31532048428,0.4986705684571952
2.57999999999998e-06,2.0,7.851220029741465e-05,0.6658246325898394,0.6596226184687414,0.5045874871601901,0.1533699913979098,0.000495364998881392,3.705063182543621e-05,6.309401607932084,13.36994740643832,26990.09303570025,0.5062526270708316
2.58499999999998e-06,2.0,7.74020651581554e-05,0.6630958584249734,0.6658530427507006,0.504505071808984,0.1521585506887643,0.0004928482878099775,3.632046938462526e-05,6.367379102834151,13.56943608274523,27532.68382658369,0.5136944920619363
2.58999999999998e-06,2.0,7.63143160483853e-05,0.6604173205021109,0.6719588699310421,0.5044244006721397,0.1509708263976917,0.0004903115818528912,3.561724050988095e-05,6.424896560978842,13.76613052650356,28076.29074247287,0.5209880435333505
2.59499999999998e-06,2.0,7.525013276006587e-05,0.6577916622147973,0.6779334597014962,0.5043455554400478,0.1498079738167901,0.0004877615721218963,3.494051806961774e-05,6.481869992842943,13.95976931853296,28620.06791105775,0.5281254858847061
2.59999999999998e-06,2.0,7.421064142317283e-05,0.6552214747707628,0.6837704715909848,0.5042686135699279,0.1486711147673647,0.000485205056343653,3.428988246424445e-05,6.538214101257292,14.15009388992795,29163.12125137038,0.5350993568236201
2.60499999999998e-06,2.0,7.319691348364892e-05,0.6527092946347124,0.6894638707350228,0.5041936482924663,0.1475613364018695,0.0004826489112589409,3.36649220464939e-05,6.593842481409252,14.33684921629597,29704.5095966336,0.5419025343331533
2.60999999999998e-06,2.0,7.220996508705026e-05,0.6502576010251406,0.6950079317171267,0.5041207285678675,0.1464796901707064,0.0004801000649337584,3.306523352507982e-05,6.648667829175537,14.51978449115156,30243.24625566322,0.5485282415464203
2.61499999999998e-06,2.0,7.12507567405029e-05,0.647868813467644,0.7003972405015911,0.5040499191419132,0.145427190882344,0.0004775654687723694,3.249042236487879e-05,6.702602161959322,14.6986537573794,30778.30102575001,0.5549700496192471
2.61999999999998e-06,2.0,7.032019336231964e-05,0.6455452894071403,0.70562669453044,0.5039812805495674,0.1444048159341255,0.0004750520698999754,3.194010318039615e-05,6.755557046928554,14.87321650831572,31308.6026789597,0.5612218785963146
2.62499999999998e-06,2.0,6.941912458755778e-05,0.6432893218813542,0.7106915010386632,0.5039148692161539,0.143413504639624,0.0004725667836906157,3.141390013142359e-05,6.807443840880585,15.04323823891906,31833.04192782136,0.5672779963990392
2.62999999999998e-06,2.0,6.854834543052992e-05,0.6411031372578675,0.7155871736948879,0.5038507375034609,0.1424541577269361,0.0004701164670882798,3.091144731621924e-05,6.858173936482481,15.20849096061606,32350.47488298291,0.5731330159679517
2.63499999999998e-06,2.0,6.770859716912766e-05,0.6389888930369625,0.7203095276558904,0.5037889338502507,0.1415276369311057,0.0004677078924680294,3.043238916794452e-05,6.907659019115272,15.36875366199254,32859.72699946064,0.5787818907247847
2.63999999999998e-06,2.0,6.690056854469648e-05,0.6369486757224293,0.7248546731671506,0.5037295028544437,0.1406347647520703,0.0004653477226512489,2.997638084916668e-05,6.955811328878036,15.5238127308549,33359.5975121793,0.5842199084150803
2.64499999999998e-06,2.0,6.612489714000952e-05,0.6349844987624388,0.7292190078273826,0.5036724854459931,0.1397763242987632,0.0004630424867817466,2.95430886478998e-05,7.002543931920816,15.67346232143754,33848.86434584386,0.5894426835286194
2.64999999999998e-06,2.0,6.538217102321441e-05,0.6330983005625127,0.7333992076674878,0.5036179189977217,0.1389530592879236,0.0004607985576334862,2.91321903700226e-05,7.047770995412483,15.81750468401627,34326.28948590878,0.5944461483795642
2.65499999999998e-06,2.0,6.467293051913396e-05,0.6312919425725511,0.7373922171815529,0.5035658375228155,0.1381656741159496,0.0004586221300091101,2.87433757300535e-05,7.091408070188003,15.95575044199085,34790.62478226662,0.5992265430656033
2.65999999999998e-06,2.0,6.399767019157542e-05,0.6295672074498053,0.7411952384743324,0.5035162718062732,0.1374148340698722,0.0004565192007525744,2.837634673543442e-05,7.133372375074368,16.08801883515558,35240.6181572087,0.6037804044044602
2.66499999999998e-06,2.0,6.335684089803298e-05,0.6279257972996122,0.7448057196716651,0.5034692496188298,0.1367011655938828,0.0004544955499848173,2.803081806538947e-05,7.173583086759077,16.21413791508273,35675.02017483861,0.6081045540777823
2.66999999999998e-06,2.0,6.275085199775737e-05,0.62636933199562,0.7482213427653297,0.5034247958607745,0.1360252566754855,0.0004525567240384571,2.770651744001945e-05,7.211961628855267,16.33394471240119,36092.59092792349,0.6121960860898442
2.674999999999979e-06,2.0,6.218007357583915e-05,0.624899347581169,0.751440011041436,0.5033829327840609,0.1353876572663435,0.0004507080196530099,2.74031859801022e-05,7.248431963809896,16.44728536237628,36492.10718513214,0.6160523537750925
2.679999999999979e-06,2.0,6.164483876296218e-05,0.6235172947534036,0.7544598362615229,0.5033436801403508,0.1347888798004491,0.000448954469863329,2.712057855392795e-05,7.282920880956463,16.55401520917428,36872.36973988401,0.6196709564610738
2.684999999999979e-06,2.0,6.11454460158238e-05,0.622224537431607,0.7572791257429732,0.5033070554033497,0.1342293997239118,0.0004473008311019982,2.685846411123526e-05,7.315358284139669,16.65399887534471,37232.21089107945,0.6230497260190614
2.689999999999979e-06,2.0,6.068216143780909e-05,0.6210223514111796,0.7598963694983891,0.5032730739133427,0.133709656098181,0.0004457515719128435,2.661662600129529e-05,7.345677471891612,16.74711031710597,37570.50198441137,0.6261867134002082
2.694999999999979e-06,2.0,6.025522100811114e-05,0.6199119231045818,0.7623102275725864,0.5032417490923335,0.13323005219083,0.0004443108627648621,2.639486227495195e-05,7.373815413408464,16.83323285177744,37886.16093477308,0.6290801753817563
2.699999999999979e-06,2.0,5.986483279988977e-05,0.6188943483704887,0.7645195177231143,0.5032130925779847,0.1327909561155606,0.0004429825673384571,2.619298596833849e-05,7.399713013058902,16.9122591778549,38178.15964963973,0.6317285616075538
2.704999999999979e-06,2.0,5.951117905944511e-05,0.6179706314323092,0.7665232035690753,0.5031871144248679,0.1323927014359831,0.0004417702347526446,2.601082536795062e-05,7.423315366577705,16.98409137362378,38445.53126838319,0.6341305021330922
2.709999999999979e-06,2.0,5.919441822883483e-05,0.6171416838871402,0.7683203833371053,0.5031638232215516,0.1320355877952791,0.0004406770930910597,2.584822425539555e-05,7.444572001542542,17.04864089451224,38687.3771335089,0.6362847955418262
2.714999999999979e-06,2.0,5.891468678813799e-05,0.6164083238061282,0.7699102793133421,0.5031432262721454,0.131719881487322,0.0004397060436865162,2.570504213141026e-05,7.463437105308323,17.10582855451607,38902.87340856175,0.6381903978260202
2.719999999999979e-06,2.0,5.867210100221671e-05,0.6157712749271336,0.7712922281090664,0.5031253296911833,0.1314458160323559,0.0004388596565187839,2.558115441802096e-05,7.479869733010139,17.15558451144894,39091.27726055778,0.6398464120767104
2.724999999999979e-06,2.0,5.846675845260729e-05,0.6152311659404883,0.7724656718312388,0.5031101385606321,0.1312135926743194,0.000438140166187389,2.547645263837613e-05,7.49383399897148,17.1978482407477,39251.93252743762,0.6412520791569194
2.729999999999979e-06,2.0,5.829873944229633e-05,0.6147885298685538,0.7734301502428016,0.5030976569982095,0.1310233808644316,0.0004375494688212252,2.539084457359959e-05,7.505299244301064,17.23256851708556,39384.27479642646,0.6424067693783699
2.734999999999979e-06,2.0,5.816810815848883e-05,0.6144438035396932,0.7741852939856129,0.5030878882860051,0.1308753186500324,0.0004370891193984676,2.532425439615165e-05,7.514240184324549,17.2597033879461,39487.83582556188,0.6433099753355804
2.739999999999979e-06,2.0,5.807491368434303e-05,0.6141973271571737,0.7747308189266466,0.5030808349088989,0.1307695130352179,0.0004367603298541674,2.527662277944556e-05,7.520637028964805,17.27922015789752,39562.24724820358,0.6439613058914287
2.744999999999979e-06,2.0,5.801919074918708e-05,0.6140493439634273,0.7750665216804509,0.5030764986519694,0.1307060402344997,0.0004365639674683772,2.524790698320907e-05,7.524475580160285,17.29109536718076,39607.24350992905,0.6443604814459511
2.749999999999979e-06,2.0,5.800096031169675e-05,0.614,0.7751922763458021,0.5030748806066815,0.1306849458882637,0.000436500553934535,2.523808091462311e-05,7.525747299900962,17.29531478289316,39622.66399663507,0.6445073304575384
2.754999999999979e-06,2.0,5.802022986979203e-05,0.6140493439634264,0.775108032487696,0.5030759812352704,0.1307062451637045,0.0004365702646256001,2.524713516479063e-05,7.524449353518798,17.29187338587374,39608.45432453614,0.6444017873239916
2.759999999999979e-06,2.0,5.8076993595461e-05,0.6141973271571719,0.7748138143806448,0.5030798003433807,0.1307699228124596,0.000436772928484366,2.527507702076901e-05,7.520584622375696,17.28077537114769,39564.66677344964,0.6440438915681852
2.764999999999979e-06,2.0,5.817123219234242e-05,0.6144438035396907,0.7743097215220787,0.5030863371106187,0.1308759331111834,0.0004371080280831746,2.532193045282479e-05,7.514161691192424,17.26203414457341,39491.45985781052,0.6434337884108953
2.769999999999979e-06,2.0,5.830291257818939e-05,0.6147885298685505,0.7735959304098863,0.5030955900293251,0.1310241997588347,0.0004375747003079449,2.538773607728692e-05,7.505194804773594,17.23567233312387,39389.09704101767,0.6425717306510516
2.774999999999979e-06,2.0,5.847198729395678e-05,0.6152311659404841,0.7726726975707143,0.5031075569014829,0.1312146156594793,0.0004381717372402189,2.547255109480447e-05,7.493703799984424,17.20172179101413,39257.94461175763,0.641458081911235
2.779999999999978e-06,2.0,5.867839374570324e-05,0.6157712749271286,0.7715403638105861,0.5031222347443192,0.1314470426669375,0.0004388975877198342,2.557644920448976e-05,7.479714008341411,17.16022361864011,39098.46875165366,0.6400933211436486
2.784999999999978e-06,2.0,5.892205318481117e-05,0.6164083238061222,0.7701993596530933,0.5031396197547517,0.1317213112225319,0.0004397503591887835,2.569952049394059e-05,7.463256135635038,17.11122817612366,38911.23183546476,0.6384780484305614
2.789999999999978e-06,2.0,5.920286953693479e-05,0.6171416838871334,0.7686502119139277,0.5031597071835084,0.1320372199647028,0.000440727820323362,2.584187130569643e-05,7.444366114495463,17.05479510789958,38696.88801443593,0.6366129919492249
2.794999999999978e-06,2.0,5.952072798872755e-05,0.6179706314323018,0.7668935513552578,0.5031824912693282,0.1323945352439981,0.0004418274040777506,2.600362408038294e-05,7.423084936784122,16.99099335969342,38456.17814304573,0.6344990161112597
2.799999999999978e-06,2.0,5.987549344713993e-05,0.6188943483704803,0.7649301213468503,0.5032079650842889,0.1327929906244325,0.0004430462116652528,2.618491717713339e-05,7.399458462166248,16.91990120374158,38189.92411682227,0.6321371307224178
2.804999999999978e-06,2.0,6.026700878362061e-05,0.6199119231045728,0.7627607874558935,0.5032361204409908,0.1332322863066343,0.0004443810171163273,2.638590467187229e-05,7.373537210077515,16.84160625313117,37899.02269547773,0.6295285011492592
2.809999999999978e-06,2.0,6.069509298246824e-05,0.6210223514111698,0.7603865478711942,0.5032669477128191,0.1337120885557058,0.000445828272951073,2.660675613405903e-05,7.345376131749443,16.75620548047091,37584.43889068876,0.6266744593154884
2.814999999999978e-06,2.0,6.115953910861635e-05,0.6222245374315963,0.7578085445624092,0.5033004357183466,0.1342320290707163,0.0004473841166126777,2.684765638289937e-05,7.315034369679224,16.663805221287,37247.19900083906,0.6235765154916929
2.819999999999978e-06,2.0,6.166011221850578e-05,0.623517294753392,0.7550280750605383,0.5033365715212788,0.134791704380251,0.0004490443782013282,2.7108805223586e-05,7.282575001372237,16.56452117670746,36888.38337773553,0.6202363706802873
2.824999999999978e-06,2.0,6.219654713185044e-05,0.6248993475811568,0.7520466047410276,0.5033753402973,0.1353906752019617,0.0004508045891524225,2.739041716507395e-05,7.248064774754017,16.45847839540217,36509.11900951692,0.6166559295390659
2.829999999999978e-06,2.0,6.276854619210177e-05,0.6263693319956068,0.7488657794765018,0.5034167251194206,0.1360284658515263,0.0004526599923891396,2.769272111991186e-05,7.211573832103918,16.34581124870622,36110.57200445974,0.6128373136249755
2.834999999999978e-06,2.0,6.33757769353752e-05,0.6279257972995985,0.745487438525887,0.5034607068134508,0.1367045636394285,0.000454605553579723,2.801596008816073e-05,7.173175429771899,16.2266633786302,35693.94005606791,0.6087828748864584
2.839999999999978e-06,2.0,6.401786979936457e-05,0.6295672074497911,0.7419136275096003,0.5035072637353539,0.1374184183413802,0.0004566359740084248,2.836039082585028e-05,7.13294565043778,16.10118763216072,35260.44496849838,0.6044952091682201
2.844999999999978e-06,2.0,6.469441579312633e-05,0.631291942572536,0.738146611326177,0.5035563716223679,0.1381694416806436,0.0004587457046656894,2.872628350059664e-05,7.090963114924469,15.96954596149416,34811.32531394916,0.5999771696455334
2.849999999999978e-06,2.0,6.540496426239472e-05,0.6330983005624969,0.7341888868484191,0.5036080033697342,0.1389570069078987,0.0004609289620345973,2.911392133464261e-05,7.047308690148181,15.83190930333863,34347.82929120927,0.5952318799405204
2.854999999999978e-06,2.0,6.614902067133401e-05,0.6349844987624224,0.7300431952467449,0.5036621288851694,0.139780448416092,0.000463179745144015,2.952360023858318e-05,7.002065199895014,15.68845741715147,33871.20784453453,0.5902627468306529
2.859999999999978e-06,2.0,6.69260445377054e-05,0.636948675722412,0.7257125337724911,0.5037187148729073,0.1406390614751374,0.0004654918543243247,2.995562843569621e-05,6.955317134788689,15.53937869551178,33382.70809930209,0.5850734722973537
2.864999999999978e-06,2.0,6.773544744110751e-05,0.6389888930369445,0.7212001668469661,0.5037777246996576,0.141532102022462,0.0004678589111931139,3.041032608076225e-05,6.907150367786157,15.38486992709638,32883.5671588739,0.5796680648245041
2.869999999999978e-06,2.0,6.85765912425037e-05,0.6411031372578491,0.7165096362901636,0.5038391181942213,0.1424587865928769,0.0004702743802589807,3.088802487273207e-05,6.857651871349823,15.22513602590817,32375.00630488029,0.5740508496972867
2.874999999999978e-06,2.0,6.944878643205972e-05,0.643289321881335,0.7116447705413516,0.503902851533228,0.1434182923217706,0.000472731591623564,3.138906766561951e-05,6.806909442287908,15.06038970827246,31858.22562978835,0.5682264782195809
2.879999999999978e-06,2.0,7.035129074348277e-05,0.6455452894071207,0.7066096927125625,0.5039688770645737,0.14440975710319,0.0004752237651194127,3.191380807612369e-05,6.755011430231663,14.89085113208258,31334.39912951503,0.5621999356093724
2.884999999999977e-06,2.0,7.12833079477432e-05,0.6478688134676243,0.7014088273421876,0.5040371432210464,0.1454322798343285,0.0004777440353165967,3.246261009261722e-05,6.702046475433775,14.71674748128916,30804.67026979522,0.5559765475078591
2.889999999999977e-06,2.0,7.22439869630786e-05,0.65025760102512,0.6960469057053832,0.5041075943754576,0.1464849208256552,0.0004802854776873209,3.303584768264788e-05,6.648103251734437,14.53831251133875,30270.14804058596,0.549561984879728
2.894999999999977e-06,2.0,7.323242118847206e-05,0.6527092946346909,0.6905289695701051,0.5041801707896941,0.1475667023054066,0.0004828411353188533,3.363390440351831e-05,6.593270220126434,14.35578604036066,29731.90349840543,0.5429622672646985
2.899999999999977e-06,2.0,7.424764819496216e-05,0.6552214747707411,0.6848603732790449,0.5042548085086673,0.1486766090950524,0.0004854040464226648,3.425717301104463e-05,6.537635388710501,14.16941340332341,29190.96679920426,0.5361837641839925
2.904999999999977e-06,2.0,7.52886496749146e-05,0.6577916622147749,0.6790467840761535,0.5043314393513812,0.1498135893814978,0.0004879672719972098,3.490605507039865e-05,6.481286084275131,13.97944485600208,28648.32470994493,0.5292331946946557
2.909999999999977e-06,2.0,7.635435177998918e-05,0.6604173205020882,0.6730941805874446,0.5044099908496575,0.150976555659935,0.0004905239238623259,3.558096056119177e-05,6.42430873129725,13.78613494761413,28104.91859207146,0.5221176249275097
2.914999999999977e-06,2.0,7.744362573966958e-05,0.6630958584249507,0.6670088494107742,0.5044903862865088,0.1521643857701284,0.0004930671924033005,3.628230747922734e-05,6.366788643449449,13.58974185105497,27561.64283576861,0.5148444636406458
2.919999999999977e-06,2.0,7.855528888668706e-05,0.6658246325898158,0.6607973797583815,0.5045725446841243,0.1533759240974566,0.0004955903742277666,3.701052142294498e-05,6.308809823459874,13.39052667116766,27019.34373126777,0.5074214556609249
2.924999999999977e-06,2.0,7.96881059721631e-05,0.6686009500260324,0.6544666561483703,0.5046563808931857,0.1546099828587263,0.0004980868990707156,3.776603516437962e-05,6.250454776290586,13.18875272192999,26478.81874937154,0.499856673289644
2.929999999999977e-06,2.0,8.084079089195565e-05,0.6714220708434797,0.6480238491252609,0.5047418056328515,0.1558653435417415,0.0005005503561530094,3.854928818700087e-05,6.191804331556138,12.98468479430443,25940.81621297506,0.49215850558351937
2.934999999999977e-06,2.0,8.201200869756772e-05,0.6742852109365085,0.6414764040477244,0.5048287256328023,0.1571407584162448,0.0005029745193432585,3.936072618631846e-05,6.132937480036722,12.77858840719482,25406.03532735617,0.4843356456314796
2.939999999999977e-06,2.0,8.320037800837459e-05,0.6771875447315184,0.6348320279629859,0.5049170437260271,0.1584349521833061,0.0005053533713486437,4.020080050799377e-05,6.073931220286177,12.57072906416767,24875.12654881472,0.47639707577967977
2.944999999999977e-06,2.0,8.440447368907704e-05,0.6801262079754571,0.6280986746451865,0.5050066590434148,0.1597466236788744,0.0005076811263156438,4.106996751381241e-05,6.014860420068372,12.36137150936152,24348.69225702908,0.46835205096631216
2.949999999999977e-06,2.0,8.562282990494396e-05,0.6830983005624911,0.6212845278554677,0.5050974671581411,0.1610744476971837,0.0005099522511026678,4.196868784038886e-05,5.955797688686967,12.15077900557834,23827.28771037828,0.460210080158284
2.954999999999977e-06,2.0,8.685394340980369e-05,0.686100889396063,0.6143979829360785,0.5051893603306543,0.1624170768484364,0.0005121614846508633,4.289742553358608e-05,5.896813264798233,11.93921262827001,23311.42224880281,0.4519809060876421
2.959999999999977e-06,2.0,8.80962771760972e-05,0.6891310112835004,0.6074476268303917,0.5052822277015449,0.1637731435156519,0.0005143038557645224,4.385664701120869e-05,5.837974915812762,11.72693059807055,22801.56072452197,0.4436744833147398
2.964999999999977e-06,2.0,8.934826421395991e-05,0.6921856758603314,0.6004422166711756,0.5053759555828954,0.1651412618244482,0.0005163746987831979,4.484681982760842e-05,5.779347853302252,11.51418764514735,22298.12512557209,0.4353009548467274
2.969999999999977e-06,2.0,9.060831168661135e-05,0.6952618685414129,0.5933906570554427,0.5054704276947686,0.1665200296904384,0.0005183696675146382,4.58684111780342e-05,5.720994660531996,11.30123442694869,21801.49637445666,0.4268706273650043
2.974999999999977e-06,2.0,9.187480516225453e-05,0.6983565534959624,0.5863019761716936,0.5055655254972724,0.1679080308579674,0.0005202847469720315,4.692188610523521e-05,5.662975236333512,11.08831699146002,21312.01626799966,0.41839394531372615
2.979999999999977e-06,2.0,9.314611310922196e-05,0.7014666766435548,0.5791853009168807,0.5056611284642996,0.1693038369952398,0.0005221162633457781,4.800770532924778e-05,5.605346751428962,10.87567630581353,20829.98954317379,0.40988146392164093
2.984999999999977e-06,2.0,9.442059146924077e-05,0.7045891686681338,0.5720498311834123,0.5057571144493274,0.1707060097600612,0.0005238608918143506,4.912632265064901e-05,5.548163621198729,10.66354784052679,20355.68603641024,0.4013438214233511
2.989999999999976e-06,2.0,9.569658841649724e-05,0.7077209480470541,0.564904813464413,0.5058533599889092,0.1721131029020838,0.0005255156626833968,5.027818182995641e-05,5.491477490979157,10.45216122692582,19889.34292377666,0.3927917105623292
2.994999999999976e-06,2.0,9.697244913308196e-05,0.7108589240921723,0.5577595139663434,0.5059497406942322,0.1735236643167606,0.0005270779655136314,5.14637128812403e-05,5.435337237644245,10.24173997569778,19431.16701097022,0.3842358496495828
2.999999999999976e-06,2.0,9.824652071120914e-05,0.713999999999985,0.5506231913783896,0.5060461315760247,0.1749362381180935,0.0005285455517777418,5.268332766471053e-05,5.379788983525951,10.03250127139906,18981.33706291756,0.37568695326029605
3.004999999999976e-06,2.0,9.951715700997299e-05,0.717141075907798,0.5435050694873668,0.5061424074532923,0.1763493666466959,0.000529916535751471,5.393741470657409e-05,5.324876126183889,9.824655828134878,18540.00614304779,0.3671557028406709
3.009999999999976e-06,2.0,0.000100782723580388,0.7202790519529163,0.5364143097859724,0.5062384432908514,0.1777615924816992,0.0005311893942187667,5.522633311566658e-05,5.270639380042895,9.618407818354306,18107.3039541769,0.35865271730427317
3.014999999999976e-06,2.0,0.0001020416024845958,0.7234108313318363,0.5293599842572428,0.5063341146163063,0.1791714603745865,0.0005323629647253091,5.65504055210902e-05,5.217116833162398,9.413954857083507,17683.3391517777,0.3501885238826563
3.019999999999976e-06,2.0,0.0001032921971273596,0.7265333233564154,0.522351048474317,0.5064292978612138,0.1805775191750197,0.0005334364429830416,5.79099098920507e-05,5.164344015118211,9.21148805061889,17268.20162324705,0.3417735292992973
3.024999999999976e-06,2.0,0.0001045329369243134,0.729643446504008,0.5153963151918357,0.5065238707772838,0.18197832366841,0.0005344093791704692,5.930507017037816e-05,5.112353979007722,9.011192089228777,16861.96470431768,0.3334179915234257
3.029999999999976e-06,2.0,0.0001057622819298231,0.7327381314585576,0.5085044285562257,0.5066177127721685,0.1833724363968771,0.0005352816737343689,6.073604558081493e-05,5.061177393511895,8.813245390204523,16464.68732755094,0.3251319921593486
3.034999999999976e-06,2.0,0.0001069787272475679,0.7358143241396397,0.5016838391031845,0.5067107053159067,0.1847584293849917,0.0005360535724259061,6.220291857248852e-05,5.010842647758451,8.617820268372345,16076.4160741854,0.3169254097181928
3.039999999999976e-06,2.0,0.0001081808073515016,0.7388689887164708,0.4949427796592163,0.5068027322624087,0.1861348858434438,0.0005367256611585592,6.370568127909859e-05,4.961375964853049,8.425083138301753,15697.18712557106,0.3088078938157725
3.044999999999976e-06,2.0,0.000109367100138643,0.7418991106039081,0.4882892423079326,0.5068936802372518,0.187500401773613,0.0005372988603853395,6.524422049790658e-05,4.912801526530306,8.23519472353232,15327.0280856844,0.3007888405343196
3.049999999999976e-06,2.0,0.0001105362308458532,0.7449016994374803,0.4817309565290968,0.5069834389360139,0.1888535875475114,0.0005377744195423597,6.681830112307776e-05,4.865141604694014,8.048310275829847,14965.95967260561,0.29287736898158545
3.054999999999976e-06,2.0,0.0001116868756499281,0.7478737920245146,0.4752753686664147,0.5070719014845892,0.1901930693875119,0.0005381539111977305,6.84275481104669e-05,4.818416701970362,7.864579779023424,14613.9972513064,0.2850822992789028
3.059999999999976e-06,2.0,0.0001128177650873066,0.7508124552684533,0.4689296228259248,0.5071589647055363,0.1915174908214827,0.0005384392253924568,7.0071426988498e-05,4.772645696907947,7.684148140451597,14271.15220821958,0.27741213200444215
3.064999999999976e-06,2.0,0.0001139276871100417,0.7537147890634639,0.4627005433575682,0.5072445294420975,0.192825514038948,0.0005386325637336475,7.174922310383309e-05,4.727845995585262,7.507155345140899,13937.43314199839,0.26987502931862023
3.069999999999976e-06,2.0,0.0001150154899183604,0.7565779291564935,0.4565946190186803,0.507328500783726,0.1941158212248292,0.0005387364336518657,7.346001972806404e-05,4.684033685092516,7.333736577340605,13612.84687510053,0.2624787977938511
3.074999999999976e-06,2.0,0.0001160800843835224,0.7593990499739409,0.4506179889678285,0.5074107883449914,0.1953871157973686,0.0005387536422911625,7.520267535885338e-05,4.641223690266084,7.164022286711595,13297.3992644302,0.2552308731704599
3.079999999999976e-06,2.0,0.0001171204462056492,0.7621753674101581,0.4447764306850007,0.507491306441511,0.1966381236274599,0.0005386872903638452,7.697580047985893e-05,4.599429928973714,6.998138207147261,12991.09582188307,0.24813830705754084
3.084999999999976e-06,2.0,0.0001181356176177372,0.7649041415750237,0.4390753499595564,0.5075699743150648,0.1978675941667146,0.0005385407653457948,7.877773427987411e-05,4.558665466967864,6.836205309390061,12693.94212896875,0.2412077557928418
3.089999999999975e-06,2.0,0.0001191247087857794,0.7675826794978864,0.4335197730332761,0.5076467162514786,0.199074301561879,0.0005383177342730983,8.060652174384436e-05,4.5189426674889,6.678339700400332,12405.94406464842,0.2344454714713971
3.094999999999975e-06,2.0,0.0001200868987151157,0.7702083377852003,0.428114341027008,0.50772146174379,0.2002570456834175,0.0005380221354387419,8.245989178290011e-05,4.480273336361708,6.524652455950867,12127.10783847248,0.2278572953435905
3.099999999999975e-06,2.0,0.0001210214358199746,0.7727785252292345,0.4228633067190602,0.5077941455444267,0.2014146531459577,0.0005376581692049603,8.433523694612884e-05,4.442668857779511,6.375249405517202,11857.43985801302,0.2214486535731025
3.104999999999975e-06,2.0,0.0001219276379674002,0.7752907053652853,0.4177705337786756,0.507864707759457,0.2025459782486363,0.0005372302871863338,8.62295955142332e-05,4.406140321413726,6.230230861951077,11596.94643163365,0.21522455553003933
3.109999999999975e-06,2.0,0.0001228048921622425,0.7777423989748571,0.4128394984896527,0.5079330938289787,0.2036499039128556,0.0005367431800183831,8.813963659184676e-05,4.370698636264583,6.089691321328115,11345.63334576426,0.2091895945767971
3.114999999999975e-06,2.0,0.0001236526536882475,0.7801311865323535,0.4080732940262716,0.5079992545475259,0.2047253425454424,0.0005362017629725462,9.006164905845523e-05,4.336354632031588,5.953719131042339,11103.50532612324,0.20334795148082924
3.119999999999975e-06,2.0,0.0001244704448846509,0.7824547105928573,0.4034746372667933,0.5080631459691611,0.205771236904281,0.0005356111596884183,9.19915349740051e-05,4.303119143908336,5.822396156774325,10870.56543064076,0.19770340036251227
3.124999999999975e-06,2.0,0.0001252578533800689,0.7847106781186437,0.3990458781492036,0.508124729352158,0.2067865608941377,0.0005349766833477906,9.392480825079818e-05,4.271003082003202,5.695797450225237,10646.81438933363,0.19225931725506593
3.129999999999975e-06,2.0,0.0001260145299785203,0.7868968627421303,0.3947890114896008,0.5081839709888095,0.2077703203691159,0.0005343038156765685,9.585659904480912e-05,4.240017482056555,5.57399095107477,10432.24994382014,0.18701869112048491
3.134999999999975e-06,2.0,0.0001267401860283233,0.7890111069630353,0.3907056911971863,0.5082408420765003,0.208721553868999,0.0005335981832154386,9.778166450484091e-05,4.210173539332056,5.457037225921037,10226.86620302411,0.1819841373281873
3.139999999999975e-06,2.0,0.0001274345904857335,0.7910513242775687,0.3867972467322731,0.5082953184765533,0.2096393333651694,0.0005328655314068045,9.969440606458635e-05,4.181482623326336,5.344989277147518,10030.65306745653,0.1771579133671037
3.144999999999975e-06,2.0,0.0001280975665137993,0.7930155012375594,0.3830647016659214,0.5083473805183125,0.2105227649428172,0.0005321116960878669,0.000101588893630523,4.153956275998188,5.237892421814808,9843.595734362287,0.1725419367231042
3.149999999999975e-06,2.0,0.000128728987845064,0.7949016994374853,0.3795087941138476,0.5083970126959785,0.2113709894943296,0.0005313425731174235,0.0001034588964871525,4.127606192200387,5.135784269489144,9665.674330135347,0.168137804619518
3.154999999999975e-06,2.0,0.0001293287747571823,0.7967080574274473,0.3761299988344031,0.5084442034168423,0.2121831833500611,0.0005305640858757739,0.0001052979209196993,4.102444185818269,5.038694793227537,9496.863672765245,0.16394681548434203
3.159999999999975e-06,2.0,0.0001298968899044525,0.798432792550193,0.3729285507012175,0.5084889446493033,0.212958558920637,0.000529782151528192,0.0001070992539757518,4.07848214121835,4.946646515839777,9337.133200072605,0.1599699917805805
3.164999999999975e-06,2.0,0.0001304333338598006,0.8000742027003861,0.3699044692894074,0.5085312316302354,0.2136963652765625,0.0005290026459057123,0.0001088560130138907,4.055731954111024,4.859654797739179,9186.447053433732,0.1562081040128449
3.169999999999975e-06,2.0,0.0001309381406204268,0.8016306680043787,0.3670575842462682,0.5085710624806271,0.2143958887387222,0.0005282313680059887,0.0001105612000975961,4.034205462061263,4.77772824046502,9044.764339725569,0.15266169550754602
3.174999999999975e-06,2.0,0.0001314113729324755,0.8031006524188294,0.3643875611597508,0.5086084378896006,0.2150564534052821,0.0005274740040188248,0.0001122077606031565,4.013914369008192,4.700869183944721,8912.039547217104,0.1493311077544687
3.179999999999975e-06,2.0,0.0001318531176930493,0.8044827052465952,0.3618939275853672,0.5086433607158557,0.2156774216881835,0.0005267360919205569,0.0001137886448389028,3.994870164268363,4.629074304086211,8788.223125565457,0.1462165058971837
3.184999999999975e-06,2.0,0.0001322634812806093,0.8057754625683918,0.3595760989468421,0.5086758356667455,0.2162581947846959,0.0005260229865178532,0.000115296871891282,3.977084040246597,4.562335281861429,8673.262193469911,0.1433179041621462
3.189999999999975e-06,2.0,0.0001326425850721021,0.8069776485888192,0.3574334039902348,0.5087058689037435,0.2167982131570145,0.0005253398259541019,0.0001167255943743566,3.96056680918138,4.500639544993514,8567.10137446676,0.14063519083322032
3.194999999999974e-06,2.0,0.0001329905609891145,0.8080880768954171,0.3554651095343381,0.5087334677342163,0.2172969569454822,0.0005246914994693259,0.0001180681632898173,3.945328822672522,4.443971049006549,8469.68371605256,0.13816815258885587
3.199999999999974e-06,2.0,0.0001333075473272437,0.8091056516295103,0.353670444238549,0.5087586402376121,0.2177539463884204,0.0005240826173399022,0.0001193181916949519,3.931379893876759,4.392311096029417,8380.951687204524,0.13591649785012858
3.204999999999974e-06,2.0,0.0001335936846993904,0.8100293685676897,0.3520486211772477,0.5087813949854167,0.2181687421743401,0.0005235174826590918,0.0001204696165038014,3.918729225439271,4.345639156596571,8300.848205725344,0.13387987900290763
3.209999999999974e-06,2.0,0.0001338491123403917,0.810858316112859,0.3505988589958136,0.508801740702155,0.2185409457996315,0.0005230000657705089,0.000121516757249624,3.907385342467392,4.303933692833358,8229.317689458789,0.13205791319618213
3.214999999999974e-06,2.0,0.0001340739645911566,0.8115916761938712,0.3493204014921258,0.5088196860260433,0.2188701998577722,0.0005225339808771468,0.000122454371334322,3.897356032897236,4.267172949265627,8166.307083230407,0.13045020163435359
3.219999999999974e-06,2.0,0.0001342683678021782,0.8122287250728658,0.3482125354558295,0.5088352392157086,0.2191561883332798,0.0005221224655280978,0.0001232777047828146,3.888648294004489,4.235335711740829,8111.766858101045,0.12905634712254968
3.224999999999974e-06,2.0,0.0001344324374626466,0.8127688340595112,0.3472746066616251,0.5088484079608437,0.2193986368267008,0.0005217683623871021,0.0001239825382576854,3.881268286804247,4.208402003374528,8065.651938191485,0.12787596983492427
3.229999999999974e-06,2.0,0.0001345662757882819,0.8132114701314457,0.3465060339016279,0.5088591991423839,0.2195973127840022,0.0005214741039040419,0.0001245652275501439,3.875221296684169,4.186353721339464,8027.92255645701,0.12690872111762566
3.234999999999974e-06,2.0,0.0001346699695640338,0.8135561964603064,0.3459063209964987,0.5088676186994704,0.2197520256568348,0.0005212416992143662,0.0001250227385154866,3.870511701617873,4.169175186878503,7998.544999685233,0.1261542953396639
3.239999999999974e-06,2.0,0.0001347435884695122,0.813802672842826,0.3454750667129363,0.5088736714481065,0.2198626270671116,0.0005210727238477294,0.0001253526758388728,3.867142946105934,4.15685361609282,7977.492249829522,0.12561243964582472
3.244999999999974e-06,2.0,0.000134787183675707,0.8139506560365726,0.3452119725590119,0.5088773610082832,0.2199290109025092,0.0005209683115378449,0.0001255533057681546,3.865117522031144,4.149379487465344,7964.744487465662,0.12528296165650274
3.249999999999974e-06,2.0,0.0001348007869372661,0.814,0.3451168484162724,0.5088786896839887,0.2199511134163278,0.0005209291487163291,0.0001256235723252873,3.864436954586524,4.146746817288759,7960.289470280461,0.12516573499994457
3.254999999999974e-06,2.0,0.0001347844099635841,0.8139506560365737,0.3451896160004996,0.5088776584525532,0.2199289132583641,0.0005209554709902025,0.0001255631072519987,3.86510179451151,4.148953322289737,7964.122757754406,0.12526070274213547
3.259999999999974e-06,2.0,0.0001347380442906123,0.8138026728428281,0.345430310132362,0.5088742669073438,0.2198624315102337,0.0005210470622181576,0.0001253722332881418,3.867111614958537,4.156000483940014,7976.247800433688,0.12556787862212826
3.264999999999974e-06,2.0,0.0001346616614330667,0.8135561964603095,0.3458390778232286,0.5088685133100538,0.2197517316517513,0.0005212032555198866,0.0001250519611208031,3.87046501441154,4.167893496819233,7996.675870072739,0.1260873461714773
3.269999999999974e-06,2.0,0.0001345552135367984,0.8132114701314499,0.3464161751743625,0.5088603945963,0.2195969195317828,0.0005214229368788464,0.0001246039796716351,3.875159624207848,4.184641118629884,8025.425854256566,0.1268192556425797
3.274999999999974e-06,2.0,0.0001344186343082896,0.8127688340595163,0.3471619621068485,0.5088499064905281,0.2193981432701377,0.0005217045507154513,0.0001240306401312442,3.881192122311501,4.206255407239733,8062.523896851943,0.1277638188367108
3.279999999999974e-06,2.0,0.0001342518404381293,0.8122287250728719,0.3480768949382824,0.5088370435736742,0.2191555931638945,0.0005220461081293243,0.0001233349334867422,3.888558252083408,4.23275136549566,8108.002913120269,0.12892130177438793
3.284999999999974e-06,2.0,0.0001340547332924303,0.8115916761938784,0.3491615168393273,0.5088217994592725,0.2188695015247025,0.0005224451972177202,0.0001225204620383642,3.897252847862346,4.264146482357613,8161.901966113016,0.13029201531462478
3.289999999999974e-06,2.0,0.0001338272010844904,0.8108583161128673,0.3504164462107168,0.5088041669210885,0.2185401425204809,0.0005228989961811017,0.0001215914047645985,3.907269866164244,4.300460194480328,8224.265538637406,0.13187630369023592
3.294999999999974e-06,2.0,0.0001335691212965363,0.8100293685676989,0.3518423630380717,0.5087841381275487,0.2181678319480622,0.0005234042886232779,0.0001205524771559597,3.918602424331681,4.341713260243884,8295.142692972559,0.1336745310900095
3.299999999999973e-06,2.0,0.0001332803635569767,0.8091056516295205,0.3534399932998604,0.5087617048255347,0.2177529270103327,0.0005239574817291101,0.000119408885538979,3.931242845297657,4.387927073970329,8374.586158193119,0.13568706628952773
3.304999999999973e-06,2.0,0.0001329607927373246,0.8080880768954282,0.3552100915212594,0.5087368586282371,0.2172958260244375,0.0005245546266871949,0.0001181662766776764,3.945182710110673,4.43912291590628,8462.65134279988,0.13791426549682187
3.309999999999973e-06,2.0,0.0001326102724649413,0.8069776485888314,0.3571534215955774,0.5087095912489776,0.2167969681348212,0.0005251914419669155,0.0001168306828803097,3.960412916505716,4.495321169225399,8559.395317619403,0.1403564534607562
3.314999999999973e-06,2.0,0.0001322286688086291,0.8057754625684048,0.3592707360111664,0.5086798948349721,0.216256832957757,0.0005258633387364485,0.000115408463594242,3.976923744775196,4.556540502829161,8664.875771293882,0.14301390305340939
3.319999999999973e-06,2.0,0.0001318158543220653,0.8044827052466091,0.3615627536606281,0.5086477622421832,0.2156759402313983,0.0005265654489179813,0.0001139062439409146,3.994704928636803,4.622797053962388,8779.149986884997,0.14588681342922982
3.324999999999973e-06,2.0,0.000131371712194458,0.8031006524188445,0.3640301364217969,0.508613187404438,0.2150548493980992,0.0005272926550577861,0.000112330851361783,4.013745731810629,4.694103611478373,8902.273844425057,0.14897528702369767
3.329999999999973e-06,2.0,0.0001308961406814545,0.8016306680043945,0.3666734647437453,0.5085761656371817,0.2143941591933223,0.0005280396223728463,0.0001106892510251737,4.034035027298073,4.770468834889449,9034.300898581138,0.152279305550423
3.334999999999973e-06,2.0,0.0001303890575589304,0.8000742027004029,0.3694932124773987,0.50853669402829,0.2136945071679469,0.000528800832038297,0.00010898848129583,4.055561379504144,4.851896510081286,9175.281535354883,0.15579870530945178
3.339999999999973e-06,2.0,0.0001298504047616927,0.7984327925502106,0.3724897212333431,0.5084947717556765,0.2129565692185324,0.000529570615950166,0.0001072355900359347,4.078313125520343,4.938384875512941,9325.262253556864,0.15953315201481072
3.344999999999973e-06,2.0,0.0001292801529455176,0.7967080574274658,0.3756631745447793,0.5084504004835184,0.2121810590523085,0.0005303431919399668,0.0001054375730637423,4.102278455267977,5.029926017164185,9484.285069758294,0.16348211549247083
3.349999999999973e-06,2.0,0.0001286783061263655,0.7949016994375047,0.3790135721508969,0.5084035846764843,0.2113687276615731,0.0005311126995871802,0.0001036013155340596,4.127445486337008,5.126505361918628,9652.3870845177,0.16764484448932382
3.354999999999973e-06,2.0,0.0001280449061350259,0.7930155012375795,0.3825407046950867,0.5083543319835112,0.2105203627340896,0.0005318732355723273,0.0001017335374525058,4.153802333060898,5.228101262286604,9829.600199116723,0.1720203419609971
3.359999999999973e-06,2.0,0.00012738003703719,0.79105132427759,0.3862441291626749,0.5083026535305385,0.2096367880741107,0.0005326188886922838,9.984074394077675e-05,4.1813371655096,5.334684695540943,10015.95100887046,0.1766073410885642
3.364999999999973e-06,2.0,0.0001266838292620606,0.7890111069630573,0.3901231453411437,0.5082485642738525,0.2087188629602418,0.0005333437735178351,9.792918121169839e-05,4.210038258162309,5.446219062782515,10211.46084983852,0.18140428238090187
3.369999999999973e-06,2.0,0.0001259564635904141,0.7868968627421528,0.3941767736080901,0.5081920832539234,0.2077674815145496,0.0005340420628631888,9.600479859962076e-05,4.23989402417465,5.562660102963837,10416.14601130938,0.1864092920935405
3.374999999999973e-06,2.0,0.0001251981747553616,0.7847106781186669,0.3984037342925487,0.5081332339018915,0.2067835720085572,0.0005347080181562684,9.40732172481205e-05,4.270893035610969,5.683955899434824,10630.0180779666,0.1916201622839915
3.379999999999973e-06,2.0,0.0001244092548118923,0.7824547105928813,0.4028024288679591,0.5080720442394359,0.2057680961801233,0.0005353360179894788,9.213970545549378e-05,4.303024026130099,5.810046986182977,10853.08440108949,0.1970343326878358
3.384999999999973e-06,2.0,0.0001235900560427451,0.7801311865323781,0.4073709231631919,0.5080085471250151,0.204722048486147,0.0005359205840997483,9.02091608837616e-05,4.336275877396393,5.940866524524102,11085.34865199049,0.2026488746770449
3.389999999999973e-06,2.0,0.0001227409935649045,0.7777423989748824,0.4121069327847775,0.5079427803883542,0.2036464553645892,0.0005364564052034004,8.828609928273529e-05,4.370637586487297,6.076340551476903,11326.81144737758,0.2084604774201883
3.394999999999973e-06,2.0,0.0001218625474208511,0.7752907053653113,0.4170078108642387,0.507874787007144,0.2025423744299576,0.0005369383581126156,8.63746495717766e-05,4.406098216597002,6.216388266402451,11577.47099360453,0.21446543643428112
3.399999999999973e-06,2.0,0.0001209552643282305,0.7727785252292614,0.4220705382510435,0.5078046151691096,0.2014108936752391,0.0005373615267058827,8.447855464556285e-05,4.442646829120308,6.360922354323294,11837.32373494773,0.22065964457580442
3.404999999999972e-06,2.0,0.0001200197588889413,0.7702083377852273,0.427291716191363,0.5077323183744021,0.2002531306036591,0.0005377212183402384,8.260117747537407e-05,4.480272400390309,6.509849311779478,12106.36495222033,0.22703858558770393
3.409999999999972e-06,2.0,0.0001190567144398822,0.7675826794979141,0.4326675615430119,0.5076579554226774,0.199070231362816,0.0005380129783931912,8.07455116964412e-05,4.518963721829156,6.663069774278286,12384.589297786,0.23359733018019588
3.414999999999972e-06,2.0,0.0001180668833617591,0.764904141575052,0.4381939045017518,0.507581590440692,0.1978633698039375,0.0005382326026388543,7.891419610434515e-05,4.558709287562404,6.820478813814063,12671.99121787592,0.24033053469781426
3.419999999999972e-06,2.0,0.0001170510870346073,0.7621753674101869,0.4438661888308892,0.5075032927958204,0.1966337465385119,0.0005383761482102064,7.710953219845337e-05,4.599497168686403,6.981966209114221,12968.56525372693,0.24723244229237729
3.424999999999972e-06,2.0,0.0001160102152692088,0.7593990499739701,0.4496794745182787,0.507423137051954,0.1953825879146191,0.0005384399429106625,7.533350416836265e-05,4.641314878745205,7.147416662144169,13274.30618075462,0.2542968866036596
3.429999999999972e-06,2.0,0.0001149452254066737,0.7565779291565231,0.4556284428101381,0.5073412028140025,0.1941111449851583,0.000538420593633986,7.358780051669118e-05,4.684149229759122,7.31670996895554,13589.20898543747,0.2615172978249798
3.434999999999972e-06,2.0,0.0001138571409252403,0.7537147890634943,0.4617074035113389,0.5072575746178243,0.1928206923901037,0.0005383149936579423,7.187383678247528e-05,4.727986183600109,7.489721124630396,13913.26864915365,0.2688867111212352
3.439999999999972e-06,2.0,0.0001127470497473826,0.7508124552684842,0.4679103044738876,0.5071723417124137,0.1915125272251871,0.0005381203295281546,7.019277868819791e-05,4.772810697964252,7.666320376324311,14246.47974746921,0.2763977772487005
3.444999999999972e-06,2.0,0.0001116161020936387,0.7478737920245455,0.474230743143757,0.5070855978912795,0.190187967819234,0.0005378340872556804,6.854556530036976e-05,4.818606571763674,7.846373210270674,14588.83584398137,0.28404277532452304
3.449999999999972e-06,2.0,0.0001104655080749576,0.7449016994375115,0.4806619800726812,0.5069974412202595,0.1888483524930328,0.0005374540584685044,6.693293169160111e-05,4.865356288924059,8.029740292041403,14940.32869511201,0.29181362757964835
3.454999999999972e-06,2.0,0.0001092965348754258,0.7418991106039398,0.4871969542548363,0.5069079738186612,0.1874950382223241,0.0005369783461712981,6.535543083996145e-05,4.913040865305366,8.21627735093996,15300.94725331612,0.2997019160325122
3.459999999999972e-06,2.0,0.0001081105037146802,0.7388689887165026,0.4938283001885646,0.5068173015412577,0.1861293992785355,0.0005364053706619368,6.381345442003778e-05,4.961639697375761,8.405835031765692,15670.67649116319,0.3076989009100291
3.464999999999972e-06,2.0,0.000106908786446341,0.7358143241396717,0.5005483665182354,0.5067255337178633,0.1847528257705135,0.0005357338751804506,6.23072523587973e-05,5.011130417194404,8.598258708238628,16049.49604006744,0.3157955407477219
3.469999999999972e-06,2.0,0.0001056928019787419,0.7327381314585899,0.5073492361520285,0.5066327827982622,0.1833667221618539,0.0005349629317471081,6.083695095618412e-05,5.061488751951421,8.793388283584399,16437.37867008191,0.32398251399017464
3.474999999999972e-06,2.0,0.0001044640123785958,0.7296434465040408,0.5142227477086934,0.5065391640589801,0.1819725056880167,0.0005340919466917702,5.940256955511783e-05,5.112688392456317,8.991057974288513,16834.28860888131,0.33225024202067666
3.479999999999972e-06,2.0,0.0001032239188409286,0.726533323356448,0.5211605181833097,0.5064447952199203,0.180571604749031,0.0005331206662512786,5.800403567416214e-05,5.164700868457961,9.19109610314161,17240.17972848481,0.34058891343427866
3.484999999999972e-06,2.0,0.0001019740573904138,0.7234108313318689,0.5281539666820307,0.5063497961271202,0.1791654572031472,0.0005320491816778813,5.664119866706299e-05,5.217495435050607,9.393324897752727,17654.99360064749,0.34898850947888355
3.489999999999972e-06,2.0,0.0001007159944950296,0.7202790519529491,0.5351943391086272,0.5062542883498603,0.1777555086386504,0.0005308779341753173,5.531384190141743e-05,5.271038967717301,9.597560319919008,18078.65745037635,0.3574388304699768
3.494999999999972e-06,2.0,9.945132246189006e-05,0.7171410759078308,0.5422727336458449,0.5061583948482138,0.1763432105505469,0.0005296077190657195,5.402169356945101e-05,5.325295870165456,9.803611920919302,18511.08201031104,0.365929523095298
3.499999999999972e-06,2.0,9.818165479434972e-05,0.7140000000000178,0.5493801269064099,0.506062239559474,0.1749300185009128,0.0005282396894672527,5.276443617156193e-05,5.380227992208238,10.01128274638807,18952.1593057212,0.3744501084054971
3.504999999999972e-06,2.0,9.690862138516994e-05,0.7108589240922052,0.5565074005870466,0.5059659470593669,0.1735173901911064,0.0005267753588674334,5.154171480887203e-05,5.435794561777086,10.22036928380889,19401.76037425645,0.3829900103959402
3.509999999999971e-06,2.0,9.563386372330281e-05,0.7077209480470869,0.5636453684915844,0.5058696421467239,0.1721067835262959,0.0005252166028589931,5.035314434986627e-05,5.491952128047717,10.43066147388247,19859.73295037444,0.3915385849652885
3.514999999999971e-06,2.0,9.435902999397483e-05,0.7045891686681666,0.5707848037458952,0.5057734495073046,0.1706996546020799,0.0005235656594263841,4.919831561183513e-05,5.54865451971461,10.64194277619609,20325.89911999834,0.4000851491438153
3.519999999999971e-06,2.0,9.308577024800025e-05,0.7014666766435873,0.5779164660628008,0.5056774933056931,0.1692974556952875,0.0005218251280589071,4.807680062966264e-05,5.605852815140045,10.85399030768593,20800.05297571768,0.40861901036751325
3.524999999999971e-06,2.0,9.181573152452505e-05,0.6983565534959948,0.5850311288718206,0.5055818968606918,0.1679016331903154,0.0005199979671014222,4.698815714473819e-05,5.663495328371682,11.0665750414443,21281.95827982119,0.41712949568150526
3.529999999999971e-06,2.0,9.055055310112093e-05,0.6952618685414451,0.5921196061653731,0.5054867822533264,0.1665136255246264,0.0005180874896468215,4.593193238331779e-05,5.721527607504843,11.27946208148185,21771.34616620645,0.4256059806407467
3.534999999999971e-06,2.0,8.929186175887561e-05,0.6921856758603634,0.5991727788735496,0.5053922700225942,0.1651348610861882,0.0005160973574206115,4.490766624211439e-05,5.779892449346744,11.4924109981163,22267.91289061021,0.4340379177873614
3.539999999999971e-06,2.0,8.804126723341573e-05,0.6891310112835323,0.6061816206184754,0.5052984787981685,0.163766756147814,0.0005140315730057669,4.391489394122598e-05,5.838529926612592,11.70517623687597,22771.31766134655,0.44241486447066136
3.544999999999971e-06,2.0,8.680035774240949e-05,0.6861008893960945,0.6131372226623597,0.5052055250248257,0.1624107127723673,0.0005118944699096032,4.295314824425069e-05,5.897377431577645,11.91750758288412,23281.18056244808,0.4507265098899924
3.549999999999971e-06,2.0,8.557069575603217e-05,0.6830983005625227,0.6200308179047654,0.5051135226278699,0.1610681167747539,0.0005096907008754226,4.202196129402039e-05,5.956369732177334,12.12915069121132,23797.08060276324,0.45896270113001153
3.554999999999971e-06,2.0,8.43538139020203e-05,0.6801262079754883,0.6268538037559713,0.505022582773817,0.1597403356754923,0.0005074252240002939,4.11208661453493e-05,6.015439044454329,12.33984766290442,24318.55390558446,0.46711346808047904
3.559999999999971e-06,2.0,8.31512111664152e-05,0.677187544731549,0.6335977637545499,0.5049328135755853,0.1584287167322961,0.0005051032871221654,4.024939803127717e-05,6.074515117120559,12.54933767530281,24845.09207374768,0.4751690470222538
3.564999999999971e-06,2.0,8.196434928114881e-05,0.6742852109365387,0.6402544877736746,0.50484431989591,0.1571345849848018,0.0005027304100987876,3.940709542717915e-05,6.133525332125477,12.75735764458432,25376.14074723959,0.48311990278887273
3.569999999999971e-06,2.0,8.079464945277301e-05,0.6714220708435094,0.6468159907066228,0.504757203098079,0.1558592413988206,0.000500312365502671,3.859350093820857e-05,6.192394816796696,12.96364292795601,25911.09838936571,0.4909567493078022
3.574999999999971e-06,2.0,7.964348932158748e-05,0.6686009500260616,0.65327452950223,0.5046715608971029,0.1546039610450441,0.0004978551574126122,3.78081620595128e-05,6.251046571460043,13.1679280423352,26449.31532048364,0.4986705684571859
3.579999999999971e-06,2.0,7.851220029741643e-05,0.6658246325898447,0.6596226184687394,0.5045874871601914,0.153369991397912,0.0004953649988813955,3.705063182543764e-05,6.309401607931986,13.3699474064379,26990.09303569921,0.5062526270708274
3.584999999999971e-06,2.0,7.740206515815891e-05,0.6630958584249789,0.6658530427506941,0.5045050718089822,0.1521585506887675,0.0004928482878099879,3.632046938462626e-05,6.367379102833996,13.56943608274515,27532.68382658294,0.5136944920619266
3.589999999999971e-06,2.0,7.631431604838579e-05,0.660417320502116,0.6719588699310057,0.5044244006721413,0.1509708263976936,0.0004903115818528879,3.561724050988341e-05,6.424896560978757,13.76613052650251,28076.29074247093,0.5209880435333121
3.594999999999971e-06,2.0,7.525013276006967e-05,0.6577916622148023,0.6779334597015196,0.5043455554400463,0.1498079738167926,0.0004877615721219101,3.494051806961756e-05,6.481869992842798,13.95976931853343,28620.06791105789,0.5281254858847271
3.599999999999971e-06,2.0,7.421064142317111e-05,0.6552214747707676,0.6837704715908998,0.5042686135699312,0.1486711147673657,0.0004852050563436398,3.428988246424809e-05,6.538214101257267,14.15009388992607,29163.12125136729,0.535099356823534
3.604999999999971e-06,2.0,7.319691348365452e-05,0.6527092946347168,0.6894638707350875,0.5041936482924632,0.1475613364018728,0.0004826489112589642,3.366492204649267e-05,6.593842481409068,14.33684921629719,29704.50959663469,0.5419025343332147
3.609999999999971e-06,2.0,7.220996508704931e-05,0.6502576010251453,0.6950079317170496,0.5041207285678697,0.1464796901707082,0.0004801000649337484,3.306523352508315e-05,6.648667829175486,14.51978449114979,30243.24625566017,0.5485282415463414
3.61499999999997e-06,2.0,7.125075674050763e-05,0.6478688134676489,0.7003972405016406,0.5040499191419112,0.1454271908823468,0.0004775654687723894,3.249042236487805e-05,6.702602161959158,14.69865375738036,30778.30102575072,0.5549700496192939
3.61999999999997e-06,2.0,7.032019336231974e-05,0.6455452894071447,0.7056266945304066,0.5039812805495696,0.1444048159341265,0.0004750520698999725,3.194010318039806e-05,6.755557046928502,14.87321650831474,31308.60267895782,0.5612218785962801
3.62499999999997e-06,2.0,6.941912458756124e-05,0.6432893218813586,0.7106915010386826,0.5039148692161523,0.1434135046396265,0.0004725667836906292,3.14139001314236e-05,6.807443840880439,15.04323823891948,31833.04192782135,0.5672779963990562
3.62999999999997e-06,2.0,6.854834543053084e-05,0.6411031372578718,0.7155871736948751,0.5038507375034623,0.1424541577269376,0.0004701164670882809,3.091144731622055e-05,6.858173936482405,15.20849096061545,32350.47488298154,0.5731330159679375
3.63499999999997e-06,2.0,6.770859716912941e-05,0.6389888930369663,0.7203095276558635,0.5037889338502496,0.1415276369311078,0.0004677078924680341,3.043238916794561e-05,6.907659019115163,15.36875366199214,32859.72699945945,0.5787818907247557
3.63999999999997e-06,2.0,6.690056854469712e-05,0.636948675722433,0.724854673167144,0.5037295028544455,0.1406347647520714,0.0004653477226512494,2.997638084916765e-05,6.955811328877978,15.52381273085442,33359.59751217822,0.5842199084150727
3.64499999999997e-06,2.0,6.61248971400116e-05,0.6349844987624425,0.7292190078273649,0.5036724854459915,0.1397763242987653,0.0004630424867817534,2.954308864790065e-05,7.002543931920698,15.67346232143732,33848.86434584289,0.5894426835285996
3.64999999999997e-06,2.0,6.538217102321517e-05,0.6330983005625163,0.7333992076674766,0.503617918997723,0.138953059287925,0.0004607985576334873,2.913219037002373e-05,7.047770995412418,15.8175046840157,34326.28948590746,0.5944461483795516
3.65499999999997e-06,2.0,6.467293051913669e-05,0.6312919425725544,0.7373922171815722,0.5035658375228139,0.1381656741159515,0.0004586221300091216,2.874337573005338e-05,7.091408070187883,15.95575044199131,34790.62478226676,0.5992265430656207
3.65999999999997e-06,2.0,6.399767019157525e-05,0.6295672074498087,0.7411952384742944,0.5035162718062749,0.1374148340698731,0.0004565192007525708,2.837634673543606e-05,7.133372375074329,16.08801883515452,35240.61815720666,0.6037804044044213
3.66499999999997e-06,2.0,6.335684089803608e-05,0.6279257972996153,0.7448057196717036,0.503469249618828,0.1367011655938846,0.0004544955499848313,2.803081806538891e-05,7.173583086758947,16.21413791508355,35675.02017483933,0.608104554077819
3.66999999999997e-06,2.0,6.275085199775663e-05,0.6263693319956228,0.7482213427652807,0.5034247958607764,0.1360252566754864,0.0004525567240384506,2.770651744002117e-05,7.211961628855249,16.33394471239994,36092.59092792126,0.6121960860897944
3.67499999999997e-06,2.0,6.21800735758422e-05,0.6248993475811718,0.7514400110414812,0.5033829327840591,0.1353876572663451,0.0004507080196530245,2.740318598010147e-05,7.248431963809776,16.44728536237726,36492.10718513312,0.6160523537751361
3.67999999999997e-06,2.0,6.164483876296194e-05,0.623517294753406,0.7544598362615066,0.5033436801403528,0.1347888798004495,0.0004489544698633264,2.712057855392882e-05,7.282920880956449,16.55401520917365,36872.36973988282,0.6196709564610571
3.68499999999997e-06,2.0,6.114544601582701e-05,0.6222245374316094,0.7572791257430314,0.5033070554033479,0.1342293997239133,0.0004473008311020142,2.685846411123424e-05,7.315358284139546,16.65399887534594,37232.21089108087,0.6230497260191181
3.68999999999997e-06,2.0,6.068216143780863e-05,0.6210223514111819,0.759896369498361,0.5032730739133445,0.1337096560981815,0.0004457515719128392,2.661662600129638e-05,7.345677471891597,16.74711031710513,37570.50198440983,0.6261867134001795
3.69499999999997e-06,2.0,6.025522100811347e-05,0.6199119231045839,0.7623102275726192,0.503241749092332,0.1332300521908313,0.0004443108627648735,2.639486227495139e-05,7.373815413408369,16.83323285177823,37886.16093477387,0.629080175381788
3.69999999999997e-06,2.0,5.986483279988995e-05,0.6188943483704905,0.7645195177231119,0.503213092577986,0.132790956115561,0.0004429825673384571,2.619298596833905e-05,7.399713013058879,16.91225917785453,38178.15964963891,0.6317285616075509
3.70499999999997e-06,2.0,5.951117905944612e-05,0.6179706314323111,0.7665232035690591,0.5031871144248667,0.1323927014359838,0.0004417702347526482,2.601082536795102e-05,7.42331536657764,16.98409137362365,38445.53126838258,0.6341305021330753
3.70999999999997e-06,2.0,5.919441822883476e-05,0.6171416838871415,0.7683203833371051,0.503163823221553,0.1320355877952792,0.0004406770930910587,2.584822425539593e-05,7.444572001542535,17.04864089451195,38687.37713350833,0.6362847955418258
3.71499999999997e-06,2.0,5.891468678813884e-05,0.6164083238061294,0.7699102793133336,0.5031432262721443,0.131719881487323,0.0004397060436865197,2.57050421314104e-05,7.463437105308273,17.10582855451611,38902.87340856155,0.6381903978260106
3.719999999999969e-06,2.0,5.867210100221696e-05,0.6157712749271347,0.7712922281090991,0.5031253296911851,0.1314458160323557,0.0004388596565187859,2.558115441802059e-05,7.47986973301014,17.15558451144926,39091.27726055835,0.6398464120767434
3.724999999999969e-06,2.0,5.846675845260755e-05,0.6152311659404892,0.7724656718312098,0.5031101385606312,0.1312135926743199,0.0004381401661873888,2.547645263837663e-05,7.493833998971443,17.19784824074735,39251.93252743685,0.64125207915689
3.729999999999969e-06,2.0,5.829873944229643e-05,0.6147885298685546,0.7734301502428171,0.5030976569982106,0.1310233808644317,0.0004375494688212258,2.53908445735996e-05,7.505299244301061,17.23256851708559,39384.27479642646,0.6424067693783855
3.734999999999969e-06,2.0,5.816810815848872e-05,0.6144438035396937,0.7741852939855668,0.5030878882860039,0.1308753186500328,0.0004370891193984652,2.532425439615245e-05,7.514240184324522,17.25970338794546,39487.83582556064,0.643309975335534
3.739999999999969e-06,2.0,5.807491368434307e-05,0.614197327157174,0.7747308189266763,0.5030808349089003,0.1307695130352175,0.0004367603298541686,2.527662277944518e-05,7.520637028964821,17.27922015789783,39562.24724820416,0.6439613058914588
3.744999999999969e-06,2.0,5.801919074918831e-05,0.6140493439634274,0.7750665216804641,0.5030764986519674,0.1307060402345004,0.0004365639674683834,2.524790698320872e-05,7.524475580160233,17.29109536718125,39607.24350992961,0.6443604814459637
3.749999999999969e-06,2.0,5.800096031169674e-05,0.614,0.7751922763458237,0.5030748806066825,0.1306849458882638,0.0004365005539345355,2.523808091462291e-05,7.525747299900972,17.29531478289332,39622.66399663538,0.6445073304575599
3.754999999999969e-06,2.0,5.802022986979257e-05,0.6140493439634263,0.7751080324876779,0.5030759812352683,0.1307062451637051,0.0004365702646256018,2.524713516479086e-05,7.524449353518756,17.29187338587365,39608.45432453579,0.6444017873239728
3.759999999999969e-06,2.0,5.807699359545965e-05,0.6141973271571716,0.7748138143806198,0.5030798003433823,0.130769922812459,0.0004367729284843588,2.527507702076961e-05,7.520584622375748,17.28077537114699,39564.6667734487,0.6440438915681608
3.764999999999969e-06,2.0,5.817123219234233e-05,0.6144438035396901,0.7743097215220641,0.5030863371106176,0.1308759331111831,0.000437108028083174,2.532193045282476e-05,7.514161691192424,17.2620341445734,39491.45985781057,0.6434337884108811
3.769999999999969e-06,2.0,5.830291257818779e-05,0.6147885298685497,0.7735959304098697,0.5030955900293271,0.1310241997588337,0.0004375747003079369,2.538773607728724e-05,7.505194804773663,17.23567233312334,39389.09704101719,0.642571730651036
3.774999999999969e-06,2.0,5.847198729395752e-05,0.6152311659404831,0.7726726975707346,0.5031075569014813,0.1312146156594791,0.0004381717372402236,2.547255109480377e-05,7.493703799984409,17.20172179101479,39257.94461175871,0.6414580819112555
3.779999999999969e-06,2.0,5.867839374570199e-05,0.6157712749271274,0.7715403638105777,0.5031222347443204,0.131447042666937,0.0004388975877198283,2.557644920448996e-05,7.479714008341468,17.16022361863975,39098.46875165336,0.6400933211436407
3.784999999999969e-06,2.0,5.892205318481171e-05,0.616408323806121,0.7701993596531035,0.50313961975475,0.1317213112225316,0.0004397503591887867,2.569952049394005e-05,7.463256135635023,17.11122817612414,38911.23183546557,0.6384780484305719
3.789999999999969e-06,2.0,5.920286953693313e-05,0.617141683887132,0.768650211913928,0.5031597071835107,0.1320372199647014,0.0004407278203233551,2.584187130569631e-05,7.444366114495555,17.05479510789939,38696.88801443612,0.6366129919492266
3.794999999999969e-06,2.0,5.952072798872772e-05,0.6179706314323001,0.7668935513552678,0.5031824912693268,0.1323945352439977,0.0004418274040777526,2.60036240803823e-05,7.423084936784135,16.99099335969392,38456.17814304667,0.6344990161112701
3.799999999999969e-06,2.0,5.987549344713808e-05,0.6188943483704785,0.7649301213468561,0.5032079650842912,0.1327929906244307,0.0004430462116652451,2.618491717713303e-05,7.399458462166348,16.91990120374151,38189.92411682278,0.6321371307224254
3.804999999999969e-06,2.0,6.026700878362097e-05,0.6199119231045707,0.7627607874559047,0.5032361204409884,0.133232286306634,0.00044438101711633,2.638590467187161e-05,7.373537210077517,16.84160625313171,37899.02269547871,0.6295285011492707
3.809999999999969e-06,2.0,6.069509298246561e-05,0.6210223514111675,0.7603865478711678,0.5032669477128212,0.1337120885557039,0.0004458282729510611,2.660675613405934e-05,7.345376131749565,16.75620548047027,37584.43889068833,0.6266744593154638
3.814999999999969e-06,2.0,6.115953910861676e-05,0.622224537431594,0.7578085445624438,0.503300435718345,0.1342320290707158,0.0004473841166126819,2.684765638289805e-05,7.315034369679244,16.66380522128798,37247.1990008409,0.6235765154917281
3.819999999999969e-06,2.0,6.166011221850364e-05,0.6235172947533895,0.7550280750605324,0.5033365715212806,0.1347917043802493,0.0004490443782013191,2.710880522358588e-05,7.282575001372343,16.5645211767072,36888.3833777357,0.6202363706802831
3.824999999999968e-06,2.0,6.219654713185128e-05,0.6248993475811542,0.7520466047410822,0.5033753402972981,0.1353906752019611,0.0004508045891524298,2.739041716507213e-05,7.248064774754035,16.45847839540353,36509.11900951935,0.6166559295391211
3.829999999999968e-06,2.0,6.276854619209906e-05,0.6263693319956041,0.7488657794764813,0.5034167251194226,0.1360284658515246,0.0004526599923891275,2.769272111991201e-05,7.211573832104038,16.3458112487057,36110.57200445954,0.6128373136249566
3.834999999999968e-06,2.0,6.337577693537627e-05,0.6279257972995954,0.7454874385259526,0.5034607068134487,0.1367045636394279,0.0004546055535797318,2.801596008815856e-05,7.173175429771916,16.22666337863177,35693.94005607067,0.6087828748865247
3.839999999999968e-06,2.0,6.40178697993612e-05,0.6295672074497877,0.7419136275095729,0.5035072637353561,0.1374184183413779,0.0004566359740084103,2.836039082585047e-05,7.132945650437929,16.1011876321601,35260.44496849814,0.604495209168195
3.844999999999968e-06,2.0,6.469441579312714e-05,0.6312919425725325,0.7381466113262172,0.503556371622365,0.1381694416806429,0.0004587457046656955,2.872628350059507e-05,7.090963114924474,15.96954596149524,34811.32531395106,0.5999771696455742
3.849999999999968e-06,2.0,6.540496426239117e-05,0.6330983005624934,0.7341888868483835,0.5036080033697364,0.1389570069078961,0.0004609289620345815,2.911392133464305e-05,7.047308690148323,15.83190930333785,34347.82929120876,0.5952318799404873
3.854999999999968e-06,2.0,6.614902067133427e-05,0.6349844987624185,0.7300431952467953,0.5036621288851676,0.1397804484160904,0.0004631797451440202,2.952360023858105e-05,7.002065199895066,15.68845741715277,33871.20784453698,0.5902627468307049
3.859999999999968e-06,2.0,6.69260445377028e-05,0.6369486757224084,0.725712533772485,0.5037187148729088,0.1406390614751352,0.0004654918543243146,2.9955628435696e-05,6.955317134788808,15.53937869551156,33382.70809930233,0.5850734722973499
3.864999999999968e-06,2.0,6.773544744110735e-05,0.6389888930369407,0.7212001668469941,0.503777724699656,0.1415321020224608,0.0004678589111931163,3.041032608076068e-05,6.907150367786208,15.38486992709726,32883.5671588756,0.5796680648245333
3.869999999999968e-06,2.0,6.857659124250068e-05,0.641103137257845,0.7165096362901694,0.5038391181942237,0.1424587865928741,0.0004702743802589703,3.088802487273134e-05,6.857651871349972,15.22513602590819,32375.00630488105,0.5740508496972954
3.874999999999968e-06,2.0,6.944878643205929e-05,0.643289321881331,0.711644770541374,0.5039028515332264,0.1434182923217692,0.0004727315916235651,3.138906766561796e-05,6.806909442287966,15.06038970827324,31858.22562978991,0.5682264782196048
3.879999999999968e-06,2.0,7.035129074347986e-05,0.6455452894071163,0.7066096927125775,0.5039688770645759,0.1444097571031873,0.0004752237651194036,3.191380807612264e-05,6.755011430231812,14.89085113208279,31334.39912951606,0.5621999356093902
3.884999999999968e-06,2.0,7.128330794774104e-05,0.6478688134676194,0.7014088273421745,0.5040371432210455,0.1454322798343263,0.0004777440353165901,3.246261009261638e-05,6.702046475433886,14.71674748128934,30804.67026979602,0.5559765475078482
3.889999999999968e-06,2.0,7.224398696307604e-05,0.6502576010251153,0.6960469057053943,0.5041075943754587,0.1464849208256528,0.0004802854776873131,3.303584768264707e-05,6.648103251734566,14.53831251133887,30270.1480405867,0.5495619848797415
3.894999999999968e-06,2.0,7.323242118847032e-05,0.6527092946346861,0.6905289695701009,0.5041801707896929,0.1475667023054044,0.0004828411353188488,3.363390440351724e-05,6.593270220126529,14.35578604036099,29731.90349840638,0.5429622672646965
3.899999999999968e-06,2.0,7.424764819495935e-05,0.6552214747707362,0.6848603732790515,0.5042548085086684,0.1486766090950499,0.0004854040464226559,3.425717301104389e-05,6.537635388710629,14.16941340332346,29190.96679920489,0.5361837641840016
3.904999999999968e-06,2.0,7.52886496749131e-05,0.6577916622147703,0.6790467840761512,0.5043314393513798,0.1498135893814959,0.0004879672719972065,3.490605507039756e-05,6.481286084275216,13.97944485600243,28648.32470994582,0.5292331946946552
3.909999999999968e-06,2.0,7.635435177998849e-05,0.6604173205020831,0.6730941805875137,0.5044099908496578,0.1509765556599328,0.0004905239238623287,3.5580960561189e-05,6.424308731297345,13.78613494761528,28104.91859207365,0.522117624927581
3.914999999999968e-06,2.0,7.744362573966706e-05,0.6630958584249451,0.6670088494107562,0.5044903862865077,0.1521643857701263,0.0004930671924032928,3.628230747922654e-05,6.366788643449557,13.58974185105505,27561.64283576921,0.51484446364063
3.919999999999968e-06,2.0,7.855528888668391e-05,0.6658246325898105,0.6607973797583946,0.5045725446841258,0.1533759240974539,0.0004955903742277578,3.701052142294382e-05,6.308809823460014,13.39052667116784,27019.34373126862,0.5074214556609407
3.924999999999968e-06,2.0,7.968810597216095e-05,0.6686009500260269,0.6544666561483719,0.504656380893185,0.1546099828587238,0.0004980868990707113,3.776603516437803e-05,6.250454776290702,13.18875272193044,26478.81874937265,0.49985667328964806
3.929999999999967e-06,2.0,8.084079089195228e-05,0.6714220708434738,0.6480238491252699,0.5047418056328526,0.1558653435417382,0.0005005503561530002,3.85492881869998e-05,6.191804331556281,12.98468479430455,25940.81621297577,0.4921585055835317
3.934999999999967e-06,2.0,8.201200869756587e-05,0.674285210936503,0.6414764040477287,0.504828725632801,0.1571407584162423,0.0005029745193432556,3.936072618631676e-05,6.132937480036824,12.7785884071953,25406.03532735727,0.48433564563148634
3.939999999999967e-06,2.0,8.32003780083713e-05,0.6771875447315131,0.634832027962991,0.5049170437260283,0.1584349521833033,0.0005053533713486345,4.020080050799292e-05,6.073931220286306,12.57072906416771,24875.12654881524,0.4763970757796877
3.944999999999967e-06,2.0,8.440447368907642e-05,0.6801262079754513,0.6280986746452235,0.505006659043413,0.159746623678872,0.0005076811263156475,4.106996751380925e-05,6.01486042006846,12.36137150936256,24348.69225703095,0.4683520509663515
3.949999999999967e-06,2.0,8.562282990494072e-05,0.6830983005624857,0.6212845278554786,0.5050974671581423,0.161074447697181,0.0005099522511026594,4.19686878403877e-05,5.955797688687095,12.15077900557847,23827.28771037894,0.4602100801582976
3.954999999999967e-06,2.0,8.685394340980145e-05,0.6861008893960572,0.614397982936074,0.505189360330653,0.1624170768484336,0.0005121614846508591,4.289742553358458e-05,5.896813264798336,11.93921262827033,23311.42224880362,0.45198090608764036
3.959999999999967e-06,2.0,8.809627717609381e-05,0.6891310112834942,0.6074476268304073,0.505282227701546,0.1637731435156489,0.0005143038557645149,4.385664701120715e-05,5.837974915812901,11.72693059807079,22801.56072452277,0.44367448331475845
3.964999999999967e-06,2.0,8.934826421396005e-05,0.6921856758603254,0.6004422166712103,0.5053759555828925,0.1651412618244464,0.0005163746987832042,4.484681982760519e-05,5.779347853302315,11.51418764514831,22298.1251255737,0.4353009548467639
3.969999999999967e-06,2.0,9.060831168660746e-05,0.6952618685414069,0.5933906570554521,0.5054704276947702,0.1665200296904351,0.000518369667514629,4.586841117803286e-05,5.720994660532142,11.30123442694882,21801.4963744573,0.426870627365017
3.974999999999967e-06,2.0,9.187480516225376e-05,0.6983565534959564,0.5863019761717246,0.5055655254972707,0.1679080308579649,0.0005202847469720352,4.692188610523162e-05,5.662975236333599,11.08831699146095,21312.01626800129,0.41839394531375973
3.979999999999967e-06,2.0,9.314611310921696e-05,0.7014666766435491,0.5791853009168698,0.505661128464302,0.1693038369952366,0.0005221162633457645,4.800770532924748e-05,5.605346751429116,10.87567630581331,20829.98954317392,0.4098814639216332
3.984999999999967e-06,2.0,9.442059146923961e-05,0.7045891686681278,0.5720498311834329,0.5057571144493258,0.1707060097600588,0.0005238608918143522,4.912632265064579e-05,5.548163621198813,10.66354784052752,20355.68603641157,0.4013438214233741
3.989999999999967e-06,2.0,9.569658841649255e-05,0.7077209480470477,0.5649048134644145,0.5058533599889111,0.1721131029020799,0.0005255156626833855,5.027818182995536e-05,5.491477490979308,10.45216122692582,19889.34292377708,0.39279171056233453
3.994999999999967e-06,2.0,9.697244913308227e-05,0.7108589240921663,0.5577595139663891,0.5059497406942302,0.1735236643167581,0.0005270779655136402,5.146371288123537e-05,5.435337237644318,10.24173997569893,19431.16701097209,0.384235849649631
3.999999999999967e-06,2.0,9.824652071120544e-05,0.7139999999999789,0.5506231913783983,0.5060461315760258,0.1749362381180907,0.0005285455517777343,5.268332766470926e-05,5.379788983526077,10.03250127139916,18981.33706291802,0.37568695326030765
4.004999999999967e-06,2.0,9.951715700997256e-05,0.7171410759077919,0.5435050694873963,0.5061424074532901,0.1763493666466935,0.0005299165357514769,5.393741470656981e-05,5.324876126183971,9.824655828135768,18540.00614304926,0.36715570284070276
4.009999999999967e-06,2.0,0.0001007827235803842,0.7202790519529106,0.5364143097859877,0.5062384432908537,0.1777615924816962,0.0005311893942187601,5.522633311566465e-05,5.270639380043026,9.618407818354521,18107.30395417753,0.3586527173042915
4.014999999999967e-06,2.0,0.0001020416024845956,0.7234108313318306,0.5293599842572675,0.5063341146163041,0.1791714603745845,0.0005323629647253147,5.655040552108615e-05,5.217116833162463,9.413954857084281,17683.33915177896,0.35018852388268296
4.019999999999967e-06,2.0,0.0001032921971273567,0.7265333233564094,0.5223510484743373,0.5064292978612148,0.180577519175017,0.0005334364429830378,5.79099098920485e-05,5.16434401511832,9.211488050619174,17268.2016232477,0.34177352929932037
4.024999999999967e-06,2.0,0.0001045329369243129,0.7296434465040024,0.5153963151918544,0.5065238707772816,0.181978323668408,0.000534409379170474,5.930507017037428e-05,5.112353979007787,9.011192089229448,16861.96470431879,0.33341799152344637
4.029999999999966e-06,2.0,0.0001057622819298201,0.7327381314585516,0.5085044285562459,0.5066177127721695,0.1833724363968744,0.0005352816737343657,6.073604558081256e-05,5.061177393512006,8.813245390204813,16464.68732755158,0.3251319921593715
4.034999999999966e-06,2.0,0.0001069787272475631,0.7358143241396333,0.5016838391031455,0.506710705315906,0.1847584293849882,0.0005360535724258937,6.220291857248919e-05,5.01084264775856,8.617820268372052,16076.41607418523,0.3169254097181573
4.039999999999966e-06,2.0,0.0001081808073515006,0.7388689887164649,0.4949427796592661,0.5068027322624091,0.1861348858434416,0.0005367256611585645,6.370568127909327e-05,4.961375964853144,8.42508313830254,15697.18712557238,0.3088078938158245
4.044999999999966e-06,2.0,0.0001093671001386398,0.7418991106039023,0.4882892423079133,0.5068936802372508,0.1875004017736104,0.0005372988603853333,6.524422049790566e-05,4.912801526530392,8.23519472353234,15327.02808568462,0.3007888405343029
4.049999999999966e-06,2.0,0.000110536230845851,0.7449016994374742,0.4817309565291339,0.5069834389360148,0.1888535875475081,0.0005377744195423614,6.681830112307311e-05,4.865141604694125,8.048310275830431,14965.95967260665,0.29287736898162575
4.054999999999966e-06,2.0,0.0001116868756499253,0.747873792024509,0.4752753686664004,0.5070719014845881,0.1901930693875095,0.0005381539111977262,6.842754811046546e-05,4.818416701970444,7.864579779023527,14613.99725130671,0.28508229927889095
4.059999999999966e-06,2.0,0.0001128177650873032,0.7508124552684476,0.468929622825944,0.507158964705538,0.1915174908214794,0.0005384392253924534,7.00714269884951e-05,4.772645696908061,7.684148140451867,14271.15220822017,0.27741213200446463
4.064999999999966e-06,2.0,0.0001139276871100407,0.7537147890634583,0.4627005433575809,0.5072445294420962,0.1928255140389455,0.0005386325637336515,7.174922310382814e-05,4.727845995585338,7.507155345141473,13937.43314199935,0.2698750293186354
4.069999999999966e-06,2.0,0.0001150154899183579,0.7565779291564882,0.4565946190187074,0.5073285007837276,0.1941158212248265,0.0005387364336518656,7.346001972806008e-05,4.684033685092615,7.333736577340999,13612.84687510127,0.2624787977938809
4.074999999999966e-06,2.0,0.0001160800843835206,0.7593990499739358,0.4506179889678252,0.5074107883449902,0.1953871157973663,0.0005387536422911625,7.520267535885046e-05,4.641223690266154,7.164022286711874,13297.39926443072,0.2552308731704589
4.079999999999966e-06,2.0,0.0001171204462056468,0.7621753674101528,0.4447764306850225,0.507491306441512,0.1966381236274578,0.0005386872903638444,7.697580047985567e-05,4.5994299289738,6.998138207147547,12991.09582188362,0.24813830705756468
4.084999999999966e-06,2.0,0.0001181356176177362,0.7649041415750188,0.4390753499595605,0.5075699743150635,0.1978675941667126,0.000538540765345798,7.877773427986993e-05,4.55866546696793,6.836205309390464,12693.94212896943,0.2412077557928479
4.089999999999966e-06,2.0,0.0001191247087857765,0.7675826794978816,0.4335197730332882,0.5076467162514798,0.1990743015618768,0.0005383177342730945,8.06065217438426e-05,4.518942667488979,6.67833970040043,12405.94406464869,0.2344454714714114
4.094999999999966e-06,2.0,0.0001200868987151161,0.7702083377851952,0.4281143410270308,0.5077214617437885,0.2002570456834152,0.0005380221354387521,8.245989178289226e-05,4.480273336361778,6.524652455951611,12127.10783847363,0.22785729534361557
4.099999999999966e-06,2.0,0.0001210214358199698,0.77277852522923,0.4228633067190563,0.5077941455444293,0.2014146531459551,0.0005376581692049502,8.43352369461296e-05,4.442668857779602,6.375249405517025,11857.43985801291,0.2214486535731012
4.104999999999966e-06,2.0,0.0001219276379674009,0.7752907053652806,0.4177705337786967,0.5078647077594555,0.2025459782486343,0.0005372302871863445,8.622959551422512e-05,4.40614032141379,6.230230861951783,11596.94643163474,0.21522455553006242
4.109999999999966e-06,2.0,0.0001228048921622385,0.7777423989748521,0.4128394984896545,0.5079330938289799,0.2036499039128534,0.0005367431800183758,8.813963659184676e-05,4.370698636264664,6.089691321328031,11345.63334576426,0.2091895945768011
4.114999999999966e-06,2.0,0.0001236526536882484,0.7801311865323489,0.4080732940262958,0.5079992545475249,0.2047253425454406,0.0005362017629725585,9.006164905844556e-05,4.336354632031659,5.953719131043116,11103.50532612444,0.2033479514808552
4.119999999999966e-06,2.0,0.0001244704448846466,0.7824547105928529,0.4034746372667866,0.5080631459691624,0.2057712369042788,0.0005356111596884075,9.199153497400748e-05,4.303119143908397,5.822396156774058,10870.56543064048,0.19770340036250783
4.124999999999966e-06,2.0,0.0001252578533800702,0.7847106781186391,0.3990458781492227,0.5081247293521559,0.2067865608941363,0.0005349766833478024,9.392480825078942e-05,4.271003082003252,5.695797450225895,10646.81438933462,0.1922593172550864
4.129999999999966e-06,2.0,0.0001260145299785166,0.7868968627421261,0.3947890114896003,0.5081839709888107,0.2077703203691137,0.0005343038156765604,9.585659904481036e-05,4.240017482056617,5.573990951074614,10432.24994382001,0.18701869112048664
4.134999999999965e-06,2.0,0.0001267401860283249,0.7890111069630313,0.3907056911972081,0.5082408420764988,0.2087215538689978,0.0005335981832154528,9.778166450483065e-05,4.210173539332114,5.457037225921755,10226.86620302519,0.1819841373282103
4.139999999999965e-06,2.0,0.0001274345904857302,0.791051324277565,0.3867972467322755,0.5082953184765545,0.2096393333651677,0.0005328655314067979,9.969440606458717e-05,4.181482623326392,5.344989277147407,10030.65306745645,0.1771579133671078
4.144999999999965e-06,2.0,0.0001280975665137993,0.7930155012375559,0.3830647016659238,0.5083473805183112,0.2105227649428159,0.0005321116960878724,0.0001015888936305174,4.153956275998231,5.237892421815152,9843.59573436283,0.1725419367231079
4.149999999999965e-06,2.0,0.0001287289878450614,0.794901699437482,0.379508794113856,0.5083970126959796,0.2113709894943276,0.0005313425731174193,0.0001034588964871519,4.127606192200438,5.135784269489132,9665.6743301354,0.16813780461952843
4.154999999999965e-06,2.0,0.0001293287747571828,0.7967080574274439,0.3761299988344057,0.5084442034168404,0.2121831833500604,0.0005305640858757802,0.0001052979209196936,4.102444185818302,5.038694793227871,9496.863672765763,0.16394681548434528
4.159999999999965e-06,2.0,0.0001298968899044511,0.79843279255019,0.3729285507012347,0.5084889446493045,0.2129585589206354,0.0005297821515281931,0.0001070992539757488,4.078482141218402,4.946646515839927,9337.133200072867,0.1599699917805993
4.164999999999965e-06,2.0,0.0001304333338598014,0.8000742027003832,0.3699044692894078,0.5085312316302328,0.2136963652765614,0.0005290026459057187,0.0001088560130138858,4.055731954111045,4.859654797739457,9186.447053434147,0.15620810401284638
4.169999999999965e-06,2.0,0.0001309381406204233,0.8016306680043757,0.3670575842462661,0.5085710624806284,0.2143958887387205,0.0005282313680059798,0.0001105612000975993,4.034205462061303,4.7777282404648,9044.764339725303,0.1526616955075456
4.174999999999965e-06,2.0,0.0001314113729324777,0.8031006524188269,0.3643875611597679,0.5086084378895991,0.215056453405281,0.0005274740040188391,0.000112207760603145,4.013914369008234,4.700869183945329,8912.039547218017,0.14933110775448688
4.179999999999965e-06,2.0,0.0001318531176930446,0.8044827052465926,0.3618939275853533,0.5086433607158573,0.215677421688182,0.0005267360919205419,0.0001137886448389107,3.99487016426839,4.629074304085756,8788.223125564844,0.14621650589717133
4.184999999999965e-06,2.0,0.0001322634812806121,0.8057754625683893,0.3595760989468563,0.5086758356667428,0.2162581947846955,0.0005260229865178671,0.0001152968718912717,3.977084040246619,4.562335281861959,8673.26219347069,0.14331790416216084
4.189999999999965e-06,2.0,0.0001326425850720997,0.8069776485888169,0.3574334039902368,0.5087058689037441,0.216798213157013,0.0005253398259540954,0.0001167255943743595,3.960566809181402,4.500639544993346,8567.101374466545,0.14063519083322382
4.194999999999965e-06,2.0,0.0001329905609891159,0.808088076895415,0.3554651095343412,0.5087334677342146,0.2172969569454819,0.0005246914994693347,0.0001180681632898106,3.945328822672545,4.443971049006874,8469.683716053036,0.13816815258885928
4.199999999999965e-06,2.0,0.0001333075473272432,0.8091056516295084,0.3536704442385689,0.5087586402376132,0.2177539463884192,0.0005240826173399049,0.0001193181916949477,3.931379893876795,4.392311096029593,8380.951687204819,0.13591649785014973
4.204999999999965e-06,2.0,0.0001335936846993915,0.810029368567688,0.3520486211772472,0.5087813949854155,0.21816874217434,0.0005235174826590982,0.0001204696165037959,3.918729225439288,4.345639156596821,8300.84820572572,0.1338798790029072
4.209999999999965e-06,2.0,0.0001338491123403894,0.8108583161128575,0.3505988589958174,0.5088017407021567,0.2185409457996305,0.0005230000657705031,0.0001215167572496264,3.907385342467417,4.303933692833224,8229.317689458623,0.1320579131961869
4.214999999999965e-06,2.0,0.0001340739645911588,0.8115916761938698,0.3493204014921315,0.5088196860260413,0.2188701998577726,0.000522533980877157,0.0001224543713343141,3.897356032897249,4.267172949265984,8166.307083230933,0.13045020163435891
4.219999999999965e-06,2.0,0.0001342683678021751,0.8122287250728647,0.3482125354558276,0.5088352392157106,0.2191561883332789,0.0005221224655280889,0.0001232777047828196,3.888648294004511,4.235335711740586,8111.766858100716,0.12905634712254868
4.224999999999965e-06,2.0,0.0001344324374626488,0.8127688340595103,0.3472746066616316,0.5088484079608424,0.219398636826701,0.0005217683623871129,0.0001239825382576769,3.881268286804263,4.2084020033749,8065.651938192033,0.12787596983493063
4.229999999999965e-06,2.0,0.0001345662757882797,0.813211470131445,0.3465060339016279,0.5088591991423852,0.2195973127840018,0.0005214741039040343,0.0001245652275501488,3.875221296684176,4.186353721339238,8027.922556456691,0.12690872111762608
4.234999999999965e-06,2.0,0.0001346699695640373,0.8135561964603059,0.3459063209965135,0.5088676186994688,0.2197520256568348,0.0005212416992143821,0.0001250227385154745,3.870511701617892,4.169175186879033,7998.544999686006,0.12615429533967873
4.239999999999964e-06,2.0,0.0001347435884695087,0.8138026728428257,0.3454750667129249,0.5088736714481081,0.2198626270671112,0.0005210727238477151,0.0001253526758388827,3.867142946105931,4.156853616092376,7977.492249828889,0.12561243964581367
4.244999999999964e-06,2.0,0.0001347871836757102,0.8139506560365725,0.3452119725590236,0.5088773610082817,0.2199290109025095,0.0005209683115378593,0.0001255533057681439,3.865117522031158,4.149379487465811,7964.744487466338,0.1252829616565141
4.249999999999964e-06,2.0,0.0001348007869372635,0.814,0.3451168484162665,0.5088786896839903,0.2199511134163281,0.0005209291487163177,0.0001256235723252951,3.864436954586516,4.14674681728841,7960.289470279964,0.1251657349999384
4.254999999999964e-06,2.0,0.0001347844099635864,0.8139506560365738,0.3451896160005027,0.5088776584525518,0.2199289132583641,0.0005209554709902118,0.0001255631072519921,3.865101794511512,4.148953322290029,7964.122757754823,0.12526070274213857
4.259999999999964e-06,2.0,0.0001347380442906099,0.8138026728428286,0.3454303101323589,0.5088742669073457,0.2198624315102335,0.0005210470622181483,0.0001253722332881484,3.867111614958537,4.156000483939721,7976.247800433266,0.12556787862212543
4.264999999999964e-06,2.0,0.000134661661433069,0.8135561964603101,0.3458390778232296,0.5088685133100526,0.2197517316517519,0.000521203255519895,0.0001250519611207976,3.870465014411537,4.167893496819482,7996.675870073087,0.12608734617147768
4.269999999999964e-06,2.0,0.0001345552135367963,0.8132114701314506,0.3464161751743593,0.5088603945963017,0.219596919531783,0.0005214229368788371,0.000124603979671642,3.875159624207838,4.184641118629577,8025.425854256122,0.1268192556425763
4.274999999999964e-06,2.0,0.0001344186343082918,0.8127688340595174,0.3471619621068468,0.5088499064905269,0.219398143270138,0.0005217045507154582,0.0001240306401312403,3.88119212231149,4.206255407239921,8062.523896852199,0.1277638188367088
4.279999999999964e-06,2.0,0.0001342518404381279,0.8122287250728731,0.348076894938281,0.5088370435736754,0.2191555931638952,0.0005220461081293163,0.0001233349334867486,3.888558252083389,4.232751365495376,8108.002913119847,0.12892130177438577
4.284999999999964e-06,2.0,0.0001340547332924322,0.8115916761938797,0.3491615168393222,0.5088217994592713,0.2188695015247033,0.0005224451972177253,0.000122520462038362,3.897252847862328,4.264146482357731,8161.901966113162,0.13029201531461887
4.289999999999964e-06,2.0,0.0001338272010844904,0.8108583161128687,0.350416446210727,0.5088041669210897,0.2185401425204809,0.0005228989961811003,0.0001215914047646,3.907269866164233,4.300460194480264,8224.265538637306,0.13187630369024608
4.294999999999964e-06,2.0,0.0001335691212965385,0.8100293685677006,0.3518423630380677,0.5087841381275475,0.2181678319480633,0.0005234042886232833,0.0001205524771559573,3.918602424331656,4.341713260244013,8295.142692972722,0.1336745310900044
4.299999999999964e-06,2.0,0.0001332803635569749,0.8091056516295223,0.3534399932998533,0.5087617048255363,0.2177529270103336,0.0005239574817290999,0.0001194088855389875,3.931242845297633,4.387927073969933,8374.586158192526,0.1356870662895197
4.304999999999964e-06,2.0,0.000132960792737326,0.8080880768954302,0.3552100915212461,0.508736858628236,0.217295826024439,0.0005245546266871953,0.000118166276677678,3.945182710110636,4.439122915906223,8462.651342799765,0.1379142654968071
4.309999999999964e-06,2.0,0.0001326102724649411,0.8069776485888334,0.3571534215955823,0.5087095912489787,0.2167969681348213,0.0005251914419669122,0.0001168306828803134,3.960412916505697,4.495321169225226,8559.395317619128,0.14035645346076098
4.314999999999964e-06,2.0,0.0001322286688086321,0.8057754625684072,0.3592707360111637,0.5086798948349702,0.2162568329577581,0.0005258633387364552,0.0001154084635942402,3.976923744775156,4.556540502829293,8664.875771294024,0.1430139030534056
4.319999999999964e-06,2.0,0.000131815854322064,0.8044827052466117,0.3615627536606252,0.5086477622421856,0.2156759402313988,0.0005265654489179733,0.0001139062439409208,3.994704928636781,4.622797053962069,8779.149986884524,0.14588681342922638
4.324999999999964e-06,2.0,0.0001313717121944598,0.8031006524188471,0.3640301364217849,0.5086131874044368,0.2150548493981009,0.0005272926550577878,0.0001123308513617844,4.013745731810586,4.694103611478331,8902.27384442495,0.14897528702368398
4.329999999999964e-06,2.0,0.0001308961406814551,0.8016306680043974,0.3666734647437562,0.5085761656371833,0.2143941591933227,0.0005280396223728461,0.0001106892510251752,4.034035027298054,4.770468834889383,9034.300898581014,0.15227930555043348
4.334999999999964e-06,2.0,0.0001303890575589315,0.8000742027004061,0.3694932124773744,0.5085366940282886,0.2136945071679489,0.0005288008320382934,0.0001089884812958358,4.055561379504081,4.851896510080995,9175.2815353544,0.15579870530942547
4.339999999999964e-06,2.0,0.0001298504047616918,0.7984327925502138,0.372489721233335,0.5084947717556779,0.2129565692185338,0.0005295706159501569,0.0001072355900359425,4.078313125520299,4.938384875512494,9325.262253556179,0.15953315201480123
4.344999999999963e-06,2.0,0.0001292801529455218,0.7967080574274692,0.3756631745447866,0.5084504004835171,0.2121810590523102,0.0005303431919399785,0.0001054375730637381,4.102278455267935,5.029926017164496,9484.285069758673,0.1634821154924764
4.349999999999963e-06,2.0,0.0001286783061263629,0.7949016994375084,0.3790135721508677,0.5084035846764858,0.2113687276615746,0.0005311126995871621,0.0001036013155340733,4.12744548633695,5.126505361917775,9652.387084516424,0.16764484448929307
4.354999999999963e-06,2.0,0.0001280449061350302,0.7930155012375832,0.3825407046950913,0.5083543319835098,0.2105203627340918,0.0005318732355723378,0.0001017335374525031,4.15380233306084,5.228101262286846,9829.600199116985,0.17202034196099952
4.359999999999963e-06,2.0,0.0001273800370371893,0.7910513242775938,0.3862441291626669,0.5083026535305406,0.2096367880741122,0.0005326188886922756,9.98407439407835e-05,4.18133716550956,5.3346846955405,10015.95100886978,0.17660734108855472
4.364999999999963e-06,2.0,0.0001266838292620646,0.7890111069630613,0.3901231453411403,0.5082485642738501,0.2087188629602439,0.000533343773517842,9.792918121169843e-05,4.210038258162233,5.446219062782584,10211.46084983852,0.1814042823808964
4.369999999999963e-06,2.0,0.0001259564635904142,0.7868968627421572,0.3941767736080818,0.5081920832539248,0.2077674815145517,0.0005340420628631817,9.600479859962763e-05,4.239894024174593,5.562660102963364,10416.14601130863,0.18640929209353008
4.374999999999963e-06,2.0,0.0001251981747553659,0.7847106781186709,0.3984037342925534,0.5081332339018896,0.2067835720085593,0.0005347080181562785,9.407321724811841e-05,4.270893035610901,5.683955899435058,10630.01807796683,0.1916201622839941
4.379999999999963e-06,2.0,0.0001244092548118899,0.7824547105928857,0.4028024288679255,0.5080720442394381,0.2057680961801247,0.0005353360179894617,9.21397054555056e-05,4.303024026130045,5.810046986182045,10853.0844010881,0.1970343326878008
4.384999999999963e-06,2.0,0.0001235900560427503,0.7801311865323823,0.4073709231632082,0.5080085471250135,0.2047220484861492,0.000535920584099763,9.020916088375736e-05,4.33627587739633,5.940866524524544,11085.34865199101,0.20264887467705903
4.389999999999963e-06,2.0,0.0001227409935649035,0.7777423989748868,0.4121069327847552,0.5079427803883559,0.2036464553645912,0.0005364564052033882,8.828609928274387e-05,4.370637586487237,6.076340551476176,11326.81144737648,0.208460477420164
4.394999999999963e-06,2.0,0.0001218625474208545,0.7752907053653161,0.4170078108642275,0.5078747870071423,0.2025423744299603,0.0005369383581126197,8.637464957177851e-05,4.406098216596912,6.216388266402362,11577.47099360428,0.21446543643426721
4.399999999999963e-06,2.0,0.0001209552643282297,0.772778525229266,0.42207053825103,0.5078046151691122,0.2014108936752401,0.0005373615267058743,8.44785546455688e-05,4.442646829120268,6.360922354322747,11837.3237349469,0.22065964457578993
4.404999999999963e-06,2.0,0.0001200197588889452,0.7702083377852323,0.427291716191362,0.5077323183744009,0.2002531306036613,0.000537721218340246,8.260117747537396e-05,4.480272400390228,6.509849311779578,12106.36495222035,0.22703858558770074
4.409999999999963e-06,2.0,0.0001190567144398826,0.7675826794979196,0.4326675615429981,0.5076579554226789,0.1990702313628185,0.0005380129783931845,8.074551169644738e-05,4.518963721829084,6.663069774277694,12384.58929778505,0.2335973301801796
4.414999999999963e-06,2.0,0.0001180668833617642,0.7649041415750573,0.4381939045017574,0.5075815904406896,0.1978633698039405,0.0005382326026388654,7.891419610434448e-05,4.558709287562302,6.82047881381426,12671.99121787603,0.24033053469781687
4.419999999999963e-06,2.0,0.0001170510870346064,0.7621753674101922,0.4438661888308626,0.5075032927958226,0.1966337465385138,0.0005383761482101949,7.710953219846066e-05,4.599497168686341,6.981966209113412,12968.5652537257,0.2472324422923488
4.424999999999963e-06,2.0,0.0001160102152692122,0.7593990499739759,0.4496794745182652,0.5074231370519529,0.1953825879146219,0.0005384399429106667,7.533350416836484e-05,4.641314878745104,7.147416662144018,13274.30618075423,0.25429688660364325
4.429999999999963e-06,2.0,0.000114945225406675,0.7565779291565287,0.4556284428101326,0.5073412028140039,0.1941111449851607,0.0005384205936339836,7.35878005166954e-05,4.684149229759045,7.316709968955088,13589.20898543669,0.2615172978249719
4.434999999999963e-06,2.0,0.0001138571409252438,0.7537147890634999,0.4617074035113198,0.5072575746178221,0.1928206923901071,0.0005383149936579456,7.187383678247829e-05,4.727986183599991,7.489721124630128,13913.26864915307,0.26888671112121265
4.439999999999963e-06,2.0,0.0001127470497473834,0.7508124552684898,0.4679103044738796,0.5071723417124157,0.191512527225189,0.0005381203295281509,7.01927786882019e-05,4.772810697964182,7.666320376323823,14246.4797474684,0.27639777724869063
4.444999999999963e-06,2.0,0.0001116161020936421,0.7478737920245516,0.4742307431437422,0.5070855978912785,0.1901879678192369,0.0005378340872556848,6.854556530037194e-05,4.818606571763568,7.846373210270489,14588.83584398091,0.2840427753245053
4.449999999999962e-06,2.0,0.0001104655080749585,0.7449016994375169,0.4806619800726694,0.5069974412202611,0.1888483524930347,0.0005374540584685007,6.693293169160528e-05,4.865356288923987,8.029740292040847,14940.32869511108,0.2918136275796347
4.454999999999962e-06,2.0,0.0001092965348754285,0.7418991106039455,0.4871969542548079,0.5069079738186597,0.1874950382223273,0.0005369783461712991,6.535543083996494e-05,4.913040865305254,8.216277350939535,15300.94725331531,0.29970191603248064
4.459999999999962e-06,2.0,0.0001081105037146821,0.7388689887165081,0.4938283001885663,0.5068173015412589,0.1861293992785379,0.0005364053706619378,6.381345442004034e-05,4.961639697375682,8.40583503176537,15670.67649116257,0.30769890091002844
4.464999999999962e-06,2.0,0.0001069087864463429,0.7358143241396773,0.5005483665181973,0.5067255337178624,0.1847528257705167,0.0005357338751804491,6.230725235880135e-05,5.011130417194301,8.598258708238044,16049.4960400664,0.3157955407476807
4.469999999999962e-06,2.0,0.0001056928019787453,0.7327381314585958,0.5073492361520515,0.5066327827982634,0.1833667221618567,0.0005349629317471152,6.08369509561847e-05,5.061488751951328,8.79338828358443,16437.37867008175,0.32398251399019484
4.474999999999962e-06,2.0,0.0001044640123785963,0.7296434465040464,0.5142227477086232,0.5065391640589788,0.1819725056880199,0.000534091946691761,5.940256955512444e-05,5.112688392456204,8.991057974287356,16834.28860887944,0.33225024202060327
4.479999999999962e-06,2.0,0.0001032239188409309,0.726533323356454,0.5211605181833235,0.5064447952199225,0.1805716047490336,0.0005331206662512827,5.800403567416327e-05,5.164700868457884,9.1910961031415,17240.17972848448,0.34058891343428993
4.484999999999962e-06,2.0,0.0001019740573904157,0.7234108313318753,0.5281539666819861,0.5063497961271195,0.1791654572031499,0.0005320491816778794,5.664119866706715e-05,5.217495435050492,9.393324897752002,17654.99360064619,0.3489885094788362
4.489999999999962e-06,2.0,0.0001007159944950324,0.7202790519529552,0.5351943391086506,0.5062542883498623,0.1777555086386524,0.0005308779341753238,5.531384190141787e-05,5.271038967717218,9.59756031991905,18078.65745037621,0.35743883046999814
4.494999999999962e-06,2.0,9.945132246189282e-05,0.7171410759078368,0.5422727336458186,0.5061583948482128,0.1763432105505497,0.0005296077190657226,5.402169356945355e-05,5.325295870165339,9.803611920918899,18511.08201031017,0.36592952309526894
4.499999999999962e-06,2.0,9.818165479435083e-05,0.7140000000000243,0.5493801269063854,0.5060622395594756,0.1749300185009153,0.0005282396894672498,5.276443617156589e-05,5.380227992208147,10.01128274638727,18952.15930571978,0.3744501084054701
4.504999999999962e-06,2.0,9.690862138517297e-05,0.7108589240922112,0.5565074005870255,0.505965947059366,0.1735173901911093,0.0005267753588674382,5.154171480887413e-05,5.435794561776964,10.22036928380857,19401.76037425566,0.38299001039591624
4.509999999999962e-06,2.0,9.563386372330484e-05,0.7077209480470928,0.5636453684915886,0.5058696421467257,0.1721067835262985,0.000525216602858996,5.035314434986798e-05,5.491952128047631,10.43066147388218,19859.73295037377,0.39153858496529015
4.514999999999962e-06,2.0,9.435902999397805e-05,0.7045891686681726,0.5707848037458803,0.5057734495073036,0.1706996546020826,0.0005235656594263905,4.919831561183669e-05,5.548654519714488,10.64194277619588,20325.89911999769,0.40008514914379767
4.519999999999962e-06,2.0,9.30857702480007e-05,0.7014666766435937,0.5779164660627691,0.5056774933056953,0.1692974556952895,0.0005218251280589022,4.807680062966633e-05,5.605852815139966,10.853990307685,20800.05297571608,0.4086190103674796
4.524999999999962e-06,2.0,9.181573152452992e-05,0.6983565534960005,0.5850311288718387,0.5055818968606901,0.1679016331903185,0.0005199979671014366,4.698815714473802e-05,5.663495328371539,11.06657504144465,21281.95827982127,0.41712949568152025
4.529999999999962e-06,2.0,9.055055310112216e-05,0.6952618685414511,0.592119606165351,0.5054867822533279,0.166513625524629,0.0005180874896468198,4.593193238332081e-05,5.721527607504746,11.27946208148108,21771.34616620502,0.42560598064072197
4.534999999999962e-06,2.0,8.929186175887793e-05,0.692185675860369,0.5991727788735195,0.5053922700225935,0.1651348610861909,0.0005160973574206146,4.490766624211648e-05,5.779892449346628,11.49241099811583,22267.91289060917,0.4340379177873286
4.539999999999962e-06,2.0,8.804126723341669e-05,0.6891310112835378,0.6061816206184597,0.5052984787981706,0.1637667561478158,0.0005140315730057661,4.391489394122833e-05,5.838529926612519,11.70517623687532,22771.31766134534,0.44241486447064393
4.544999999999962e-06,2.0,8.680035774241227e-05,0.6861008893961004,0.6131372226623344,0.5052055250248247,0.1624107127723704,0.0005118944699096087,4.295314824425257e-05,5.897377431577518,11.91750758288372,23281.18056244706,0.450726509889964
4.549999999999962e-06,2.0,8.557069575603309e-05,0.6830983005625282,0.6200308179047451,0.5051135226278716,0.1610681167747559,0.0005096907008754213,4.20219612940228e-05,5.956369732177255,12.12915069121059,23797.08060276187,0.4589627011299892
4.554999999999961e-06,2.0,8.435381390202298e-05,0.6801262079754937,0.6268538037559501,0.505022582773816,0.1597403356754948,0.0005074252240003001,4.112086614535083e-05,6.015439044454211,12.33984766290411,24318.55390558355,0.4671134680804553
4.559999999999961e-06,2.0,8.315121116641642e-05,0.677187544731555,0.6335977637545275,0.504932813575587,0.1584287167322983,0.000505103287122165,4.024939803127968e-05,6.074515117120467,12.54933767530202,24845.09207374613,0.4751690470222292
4.564999999999961e-06,2.0,8.1964349281152e-05,0.6742852109365443,0.6402544877736507,0.5048443198959081,0.157134584984805,0.0005027304100987947,3.940709542718091e-05,6.133525332125325,12.75735764458393,25376.14074723846,0.48311990278884565
4.569999999999961e-06,2.0,8.079464945277411e-05,0.6714220708435149,0.6468159907065998,0.5047572030980807,0.1558592413988227,0.0005003123655026704,3.85935009382109e-05,6.192394816796604,12.96364292795521,25911.09838936414,0.4909567493077771
4.574999999999961e-06,2.0,7.964348932159089e-05,0.6686009500260673,0.6532745295022065,0.5046715608971007,0.1546039610450473,0.0004978551574126207,3.780816205951455e-05,6.251046571459881,13.16792804233481,26449.31532048242,0.49867056845715924
4.579999999999961e-06,2.0,7.851220029741747e-05,0.6658246325898499,0.6596226184687153,0.5045874871601929,0.1533699913979141,0.0004953649988813951,3.705063182543988e-05,6.309401607931897,13.36994740643708,26990.09303569758,0.5062526270708012
4.584999999999961e-06,2.0,7.740206515816154e-05,0.6630958584249842,0.6658530427506728,0.5045050718089812,0.15215855068877,0.0004928482878099945,3.632046938462762e-05,6.367379102833866,13.56943608274482,27532.6838265819,0.5136944920619029
4.589999999999961e-06,2.0,7.631431604838805e-05,0.6604173205021211,0.6719588699310186,0.5044244006721423,0.1509708263976959,0.0004903115818528944,3.561724050988433e-05,6.424896560978652,13.76613052650234,28076.2907424702,0.5209880435333227
4.594999999999961e-06,2.0,7.525013276007244e-05,0.6577916622148074,0.6779334597015046,0.5043455554400452,0.1498079738167951,0.0004877615721219181,3.494051806961867e-05,6.481869992842665,13.95976931853321,28620.06791105698,0.5281254858847095
4.599999999999961e-06,2.0,7.421064142317381e-05,0.6552214747707723,0.6837704715909367,0.5042686135699321,0.1486711147673676,0.0004852050563436497,3.428988246424813e-05,6.538214101257163,14.15009388992634,29163.12125136725,0.5350993568235691
4.604999999999961e-06,2.0,7.319691348365633e-05,0.6527092946347216,0.6894638707350547,0.5041936482924624,0.1475613364018749,0.0004826489112589679,3.366492204649414e-05,6.593842481408954,14.33684921629667,29704.50959663339,0.5419025343331798
4.609999999999961e-06,2.0,7.220996508705115e-05,0.6502576010251497,0.6950079317170694,0.5041207285678712,0.1464796901707098,0.0004801000649337548,3.306523352508365e-05,6.648667829175405,14.51978449114976,30243.24625565971,0.5485282415463596
4.614999999999961e-06,2.0,7.125075674050981e-05,0.6478688134676531,0.700397240501629,0.5040499191419102,0.1454271908823488,0.0004775654687723961,3.249042236487876e-05,6.702602161959046,14.69865375738024,30778.30102575004,0.5549700496192802
4.619999999999961e-06,2.0,7.032019336232023e-05,0.6455452894071491,0.7056266945303808,0.5039812805495713,0.1444048159341284,0.000475052069899971,3.194010318039977e-05,6.755557046928434,14.8732165083139,31308.60267895615,0.5612218785962524
4.624999999999961e-06,2.0,6.941912458756334e-05,0.6432893218813626,0.7106915010386722,0.5039148692161513,0.1434135046396283,0.000472566783690636,3.141390013142425e-05,6.807443840880333,15.04323823891939,31833.04192782069,0.5672779963990439
4.629999999999961e-06,2.0,6.854834543053148e-05,0.6411031372578757,0.7155871736948574,0.5038507375034638,0.1424541577269391,0.0004701164670882809,3.091144731622196e-05,6.858173936482343,15.20849096061476,32350.47488298006,0.5731330159679182
4.634999999999961e-06,2.0,6.770859716913261e-05,0.6389888930369705,0.7203095276558846,0.5037889338502481,0.14152763693111,0.0004677078924680471,3.043238916794552e-05,6.907659019115028,15.36875366199261,32859.72699945956,0.5787818907247746
4.639999999999961e-06,2.0,6.690056854469693e-05,0.6369486757224369,0.7248546731670987,0.5037295028544473,0.1406347647520729,0.0004653477226512451,2.997638084916968e-05,6.955811328877933,15.52381273085323,33359.59751217596,0.5842199084150258
4.644999999999961e-06,2.0,6.612489714001507e-05,0.6349844987624462,0.7292190078274016,0.5036724854459899,0.1397763242987675,0.0004630424867817686,2.954308864790015e-05,7.002543931920561,15.6734623214381,33848.86434584346,0.589442683528634
4.649999999999961e-06,2.0,6.53821710232147e-05,0.63309830056252,0.7333992076674234,0.5036179189977249,0.1389530592879262,0.0004607985576334813,2.913219037002583e-05,7.047770995412376,15.81750468401435,34326.28948590498,0.5944461483794972
4.654999999999961e-06,2.0,6.467293051913846e-05,0.6312919425725578,0.7373922171815472,0.5035658375228125,0.1381656741159533,0.0004586221300091273,2.874337573005433e-05,7.091408070187775,15.95575044199098,34790.6247822656,0.599226543065594
4.65999999999996e-06,2.0,6.399767019157708e-05,0.629567207449812,0.7411952384743269,0.5035162718062757,0.1374148340698746,0.0004565192007525783,2.837634673543612e-05,7.133372375074241,16.08801883515475,35240.61815720659,0.6037804044044524
4.66499999999996e-06,2.0,6.335684089803578e-05,0.6279257972996184,0.7448057196716212,0.5034692496188278,0.1367011655938858,0.0004544955499848259,2.803081806539097e-05,7.173583086758897,16.21413791508217,35675.0201748367,0.6081045540777354
4.66999999999996e-06,2.0,6.275085199775842e-05,0.6263693319956257,0.7482213427653185,0.5034247958607772,0.1360252566754877,0.0004525567240384585,2.770651744002106e-05,7.211961628855169,16.33394471240029,36092.59092792139,0.6121960860898308
4.67499999999996e-06,2.0,6.218007357584188e-05,0.6248993475811744,0.7514400110414069,0.5033829327840588,0.1353876572663461,0.0004507080196530195,2.74031859801032e-05,7.248431963809733,16.44728536237603,36492.10718513082,0.6160523537750608
4.67999999999996e-06,2.0,6.164483876296352e-05,0.6235172947534087,0.7544598362615422,0.5033436801403536,0.1347888798004506,0.0004489544698633337,2.712057855392872e-05,7.28292088095638,16.55401520917398,36872.36973988295,0.6196709564610916
4.68499999999996e-06,2.0,6.114544601582669e-05,0.6222245374316117,0.7572791257429601,0.5033070554033475,0.1342293997239144,0.0004473008311020095,2.685846411123582e-05,7.315358284139508,16.65399887534478,37232.21089107868,0.6230497260190457
4.68999999999996e-06,2.0,6.068216143780886e-05,0.621022351411184,0.7598963694983639,0.5032730739133462,0.1337096560981818,0.0004457515719128396,2.661662600129683e-05,7.345677471891576,16.74711031710486,37570.50198440919,0.6261867134001822
4.69499999999996e-06,2.0,6.025522100811382e-05,0.619911923104586,0.7623102275725769,0.5032417490923313,0.1332300521908323,0.000444310862764873,2.639486227495233e-05,7.373815413408318,16.83323285177761,37886.16093477252,0.6290801753817447
4.69999999999996e-06,2.0,5.986483279989066e-05,0.6188943483704923,0.7645195177231311,0.503213092577987,0.1327909561155618,0.0004429825673384601,2.619298596833915e-05,7.399713013058843,16.91225917785459,38178.15964963876,0.6317285616075693
4.70499999999996e-06,2.0,5.951117905944683e-05,0.6179706314323127,0.7665232035690368,0.5031871144248657,0.1323927014359847,0.0004417702347526502,2.601082536795151e-05,7.423315366577584,16.98409137362341,38445.53126838186,0.6341305021330521
4.70999999999996e-06,2.0,5.91944182288351e-05,0.6171416838871432,0.7683203833371103,0.5031638232215541,0.1320355877952798,0.0004406770930910593,2.584822425539631e-05,7.444572001542501,17.04864089451172,38687.37713350776,0.6362847955418305
4.71499999999996e-06,2.0,5.891468678813986e-05,0.6164083238061308,0.7699102793133213,0.5031432262721428,0.1317198814873235,0.0004397060436865237,2.570504213141068e-05,7.463437105308213,17.10582855451608,38902.87340856113,0.6381903978259978
4.71999999999996e-06,2.0,5.867210100221682e-05,0.6157712749271358,0.7712922281090959,0.5031253296911863,0.1314458160323559,0.0004388596565187844,2.558115441802102e-05,7.479869733010132,17.15558451144891,39091.27726055769,0.63984641207674
4.72499999999996e-06,2.0,5.84667584526084e-05,0.6152311659404902,0.772465671831203,0.50311013856063,0.1312135926743206,0.0004381401661873925,2.547645263837672e-05,7.493833998971398,17.19784824074744,39251.93252743671,0.6412520791568823
4.72999999999996e-06,2.0,5.829873944229508e-05,0.6147885298685554,0.7734301502427815,0.5030976569982128,0.1310233808644314,0.0004375494688212179,2.539084457360053e-05,7.5052992443011,17.23256851708464,39384.27479642501,0.6424067693783501
4.73499999999996e-06,2.0,5.816810815849018e-05,0.6144438035396944,0.7741852939855893,0.5030878882860024,0.1308753186500337,0.0004370891193984728,2.532425439615195e-05,7.514240184324463,17.2597033879461,39487.83582556141,0.6433099753355556
4.73999999999996e-06,2.0,5.807491368434215e-05,0.6141973271571743,0.7747308189266588,0.5030808349089018,0.1307695130352173,0.0004367603298541634,2.527662277944572e-05,7.520637028964848,17.27922015789725,39562.24724820333,0.6439613058914415
4.74499999999996e-06,2.0,5.801919074918829e-05,0.6140493439634276,0.7750665216804394,0.5030764986519665,0.1307060402345006,0.0004365639674683829,2.524790698320901e-05,7.524475580160225,17.29109536718103,39607.24350992915,0.6443604814459388
4.74999999999996e-06,2.0,5.800096031169628e-05,0.614,0.7751922763458448,0.5030748806066845,0.1306849458882632,0.0004365005539345341,2.523808091462262e-05,7.525747299901008,17.29531478289347,39622.66399663586,0.6445073304575816
4.75499999999996e-06,2.0,5.802022986979267e-05,0.614049343963426,0.7751080324876672,0.5030759812352673,0.1307062451637049,0.0004365702646256024,2.52471351647908e-05,7.524449353518754,17.29187338587371,39608.45432453587,0.6444017873239624
4.75999999999996e-06,2.0,5.807699359545869e-05,0.6141973271571712,0.7748138143806295,0.5030798003433845,0.1307699228124584,0.0004367729284843547,2.527507702076945e-05,7.520584622375801,17.28077537114694,39564.66677344894,0.6440438915681711
4.764999999999959e-06,2.0,5.817123219234264e-05,0.6144438035396895,0.7743097215220636,0.5030863371106163,0.1308759331111833,0.0004371080280831759,2.53219304528245e-05,7.514161691192416,17.26203414457365,39491.45985781097,0.6434337884108803
4.769999999999959e-06,2.0,5.83029125781879e-05,0.6147885298685489,0.7735959304099097,0.5030955900293278,0.1310241997588333,0.0004375747003079388,2.538773607728656e-05,7.505194804773682,17.23567233312388,39389.09704101823,0.6425717306510764
4.774999999999959e-06,2.0,5.847198729395696e-05,0.6152311659404822,0.7726726975707084,0.5031075569014805,0.131214615659479,0.0004381717372402205,2.547255109480391e-05,7.493703799984429,17.20172179101458,39257.9446117585,0.6414580819112294
4.779999999999959e-06,2.0,5.867839374570129e-05,0.6157712749271262,0.771540363810602,0.5031222347443218,0.1314470426669361,0.0004388975877198264,2.557644920448946e-05,7.479714008341526,17.16022361864001,39098.46875165412,0.6400933211436659
4.784999999999959e-06,2.0,5.89220531848115e-05,0.6164083238061195,0.7701993596530984,0.5031396197547489,0.1317213112225315,0.0004397503591887866,2.569952049393972e-05,7.463256135635048,17.11122817612435,38911.23183546607,0.6384780484305669
4.789999999999959e-06,2.0,5.92028695369322e-05,0.6171416838871304,0.7686502119139403,0.5031597071835118,0.1320372199647006,0.0004407278203233515,2.584187130569602e-05,7.444366114495612,17.05479510789944,38696.88801443655,0.6366129919492397
4.794999999999959e-06,2.0,5.952072798872869e-05,0.6179706314322985,0.7668935513553035,0.5031824912693247,0.1323945352439976,0.0004418274040777589,2.60036240803812e-05,7.42308493678412,16.99099335969488,38456.1781430483,0.6344990161113059
4.799999999999959e-06,2.0,5.987549344713618e-05,0.6188943483704765,0.7649301213468381,0.5032079650842928,0.1327929906244297,0.0004430462116652363,2.61849171771333e-05,7.399458462166436,16.91990120374101,38189.9241168224,0.6321371307224084
4.804999999999959e-06,2.0,6.026700878362134e-05,0.6199119231045687,0.7627607874559263,0.5032361204409868,0.1332322863066334,0.0004443810171163336,2.63859046718707e-05,7.373537210077529,16.84160625313242,37899.02269548002,0.6295285011492929
4.809999999999959e-06,2.0,6.069509298246319e-05,0.6210223514111652,0.7603865478711328,0.5032669477128229,0.1337120885557028,0.0004458282729510495,2.660675613405993e-05,7.345376131749666,16.75620548046946,37584.43889068749,0.62667445931543
4.814999999999959e-06,2.0,6.115953910861681e-05,0.6222245374315916,0.7578085445624524,0.5033004357183432,0.1342320290707152,0.0004473841166126834,2.684765638289736e-05,7.315034369679262,16.66380522128846,37247.19900084185,0.6235765154917372
4.819999999999959e-06,2.0,6.166011221850232e-05,0.6235172947533869,0.7550280750605465,0.5033365715212816,0.1347917043802482,0.0004490443782013146,2.710880522358541e-05,7.282575001372426,16.56452117670732,36888.38337773633,0.6202363706802982
4.824999999999959e-06,2.0,6.219654713185043e-05,0.6248993475811515,0.7520466047410533,0.5033753402972962,0.1353906752019605,0.0004508045891524255,2.739041716507222e-05,7.248064774754067,16.45847839540333,36509.11900951924,0.6166559295390929
4.829999999999959e-06,2.0,6.276854619209724e-05,0.6263693319956012,0.7488657794764845,0.5034167251194238,0.1360284658515232,0.0004526599923891205,2.76927211199117e-05,7.211573832104134,16.34581124870563,36110.57200445994,0.6128373136249613
4.834999999999959e-06,2.0,6.337577693537513e-05,0.6279257972995925,0.7454874385259378,0.5034607068134476,0.1367045636394269,0.0004546055535797276,2.801596008815818e-05,7.173175429771979,16.22666337863184,35693.94005607115,0.608782874886511
4.839999999999959e-06,2.0,6.40178697993603e-05,0.6295672074497847,0.7419136275096078,0.5035072637353569,0.1374184183413767,0.0004566359740084088,2.836039082584945e-05,7.132945650438006,16.10118763216062,35260.4449684994,0.6044952091682311
4.844999999999959e-06,2.0,6.469441579312602e-05,0.6312919425725292,0.7381466113262143,0.5035563716223639,0.1381694416806417,0.0004587457046656924,2.872628350059431e-05,7.090963114924548,15.96954596149556,34811.32531395199,0.5999771696455726
4.849999999999959e-06,2.0,6.54049642623896e-05,0.63309830056249,0.7341888868484048,0.5036080033697374,0.1389570069078944,0.0004609289620345772,2.911392133464223e-05,7.047308690148426,15.83190930333815,34347.82929120972,0.5952318799405104
4.854999999999959e-06,2.0,6.614902067133318e-05,0.6349844987624149,0.7300431952467699,0.5036621288851655,0.1397804484160895,0.0004631797451440155,2.952360023858099e-05,7.00206519989511,15.68845741715264,33871.20784453704,0.5902627468306804
4.859999999999959e-06,2.0,6.692604453769997e-05,0.6369486757224043,0.7257125337724925,0.5037187148729111,0.1406390614751329,0.0004654918543243051,2.995562843569525e-05,6.95531713478896,15.53937869551163,33382.70809930316,0.5850734722973596
4.864999999999959e-06,2.0,6.773544744110632e-05,0.6389888930369367,0.721200166846985,0.5037777246996539,0.1415321020224595,0.0004678589111931131,3.041032608076007e-05,6.907150367786266,15.38486992709746,32883.56715887626,0.5796680648245255
4.869999999999958e-06,2.0,6.857659124249824e-05,0.6411031372578408,0.7165096362901728,0.5038391181942249,0.1424587865928719,0.0004702743802589616,3.088802487273082e-05,6.85765187135009,15.22513602590817,32375.0063048816,0.5740508496973009
4.874999999999958e-06,2.0,6.94487864320591e-05,0.6432893218813265,0.711644770541402,0.5039028515332239,0.1434182923217678,0.0004727315916235674,3.138906766561627e-05,6.806909442288017,15.06038970827412,31858.22562979163,0.5682264782196341
4.879999999999958e-06,2.0,7.035129074347655e-05,0.6455452894071119,0.7066096927125513,0.5039688770645769,0.1444097571031852,0.0004752237651193904,3.191380807612293e-05,6.755011430231942,14.89085113208223,31334.39912951578,0.5621999356093661
4.884999999999958e-06,2.0,7.128330794774113e-05,0.6478688134676149,0.7014088273422232,0.5040371432210436,0.1454322798343247,0.0004777440353165951,3.246261009261395e-05,6.702046475433947,14.7167474812906,30804.67026979833,0.5559765475078985
4.889999999999958e-06,2.0,7.224398696307306e-05,0.6502576010251107,0.6960469057053941,0.50410759437546,0.1464849208256503,0.0004802854776873028,3.303584768264651e-05,6.648103251734697,14.5383125113388,30270.14804058721,0.5495619848797437
4.894999999999958e-06,2.0,7.323242118847083e-05,0.6527092946346813,0.6905289695701637,0.5041801707896909,0.1475667023054029,0.0004828411353188565,3.363390440351424e-05,6.593270220126589,14.3557860403625,29731.90349840903,0.5429622672647608
4.899999999999958e-06,2.0,7.424764819495588e-05,0.6552214747707316,0.6848603732790354,0.5042548085086698,0.1486766090950474,0.0004854040464226433,3.425717301104385e-05,6.537635388710765,14.1694134033231,29190.96679920492,0.5361837641839879
4.904999999999958e-06,2.0,7.52886496749134e-05,0.6577916622147651,0.6790467840761936,0.504331439351377,0.1498135893814946,0.0004879672719972119,3.490605507039512e-05,6.481286084275262,13.97944485600356,28648.32470994782,0.529233194694699
4.909999999999958e-06,2.0,7.635435177998404e-05,0.6604173205020782,0.673094180587485,0.50440999084966,0.1509765556599301,0.0004905239238623125,3.558096056118926e-05,6.424308731297506,13.78613494761473,28104.91859207345,0.522117624927555
4.914999999999958e-06,2.0,7.744362573966616e-05,0.6630958584249402,0.6670088494107784,0.5044903862865062,0.1521643857701244,0.0004930671924032935,3.628230747922452e-05,6.36678864344964,13.58974185105583,27561.64283577075,0.5148444636406541
4.919999999999958e-06,2.0,7.85552888866813e-05,0.6658246325898052,0.66079737975842,0.5045725446841269,0.1533759240974512,0.0004955903742277518,3.701052142294224e-05,6.308809823460148,13.39052667116825,27019.34373126977,0.5074214556609689
4.924999999999958e-06,2.0,7.968810597215854e-05,0.6686009500260218,0.6544666561483549,0.504656380893184,0.1546099828587219,0.0004980868990707042,3.776603516437726e-05,6.250454776290802,13.18875272193052,26478.8187493732,0.49985667328963296
4.929999999999958e-06,2.0,8.084079089195099e-05,0.6714220708434687,0.6480238491253207,0.5047418056328532,0.1558653435417363,0.0005005503561530005,3.854928818699735e-05,6.191804331556384,12.98468479430538,25940.81621297742,0.4921585055835844
4.934999999999958e-06,2.0,8.201200869756399e-05,0.6742852109364974,0.6414764040477293,0.5048287256327997,0.1571407584162403,0.0005029745193432519,3.936072618631523e-05,6.13293748003692,12.7785884071957,25406.03532735826,0.484335645631489
4.939999999999958e-06,2.0,8.320037800836909e-05,0.6771875447315074,0.634832027963026,0.5049170437260291,0.1584349521833006,0.0005053533713486313,4.020080050799083e-05,6.073931220286429,12.57072906416828,24875.12654881654,0.47639707577972534
4.944999999999958e-06,2.0,8.440447368907424e-05,0.6801262079754457,0.6280986746452063,0.505006659043411,0.1597466236788701,0.0005076811263156414,4.106996751380849e-05,6.014860420068544,12.36137150936264,24348.6922570314,0.4683520509663362
4.949999999999958e-06,2.0,8.562282990493705e-05,0.6830983005624796,0.6212845278554986,0.5050974671581444,0.1610744476971775,0.0005099522511026514,4.196868784038586e-05,5.955797688687257,12.15077900557882,23827.28771037999,0.4602100801583211
4.954999999999958e-06,2.0,8.685394340980053e-05,0.6861008893960513,0.6143979829361061,0.5051893603306514,0.1624170768484316,0.0005121614846508618,4.289742553358137e-05,5.89681326479843,11.93921262827129,23311.42224880536,0.45198090608767455
4.959999999999958e-06,2.0,8.809627717609073e-05,0.6891310112834883,0.6074476268304239,0.5052822277015471,0.1637731435156461,0.0005143038557645082,4.385664701120564e-05,5.837974915813029,11.72693059807104,22801.56072452356,0.44367448331477777
4.964999999999958e-06,2.0,8.93482642139575e-05,0.6921856758603195,0.6004422166712035,0.5053759555828914,0.1651412618244438,0.000516374698783199,4.484681982760367e-05,5.77934785330242,11.51418764514859,22298.12512557445,0.4353009548467597
4.969999999999957e-06,2.0,9.060831168660399e-05,0.6952618685414009,0.593390657055471,0.5054704276947719,0.1665200296904316,0.0005183696675146219,4.586841117803102e-05,5.720994660532281,11.30123442694912,21801.49637445817,0.42687062736503945
4.974999999999957e-06,2.0,9.187480516225284e-05,0.69835655349595,0.5863019761717578,0.5055655254972692,0.1679080308579622,0.0005202847469720389,4.692188610522787e-05,5.662975236333696,11.08831699146191,21312.01626800299,0.41839394531379565
4.979999999999957e-06,2.0,9.314611310921361e-05,0.701466676643543,0.5791853009168854,0.5056611284643031,0.1693038369952334,0.0005221162633457577,4.800770532924582e-05,5.605346751429246,10.87567630581355,20829.98954317464,0.4098814639216519
4.984999999999957e-06,2.0,9.442059146923921e-05,0.7045891686681222,0.57204983118346,0.5057571144493236,0.1707060097600568,0.0005238608918143569,4.912632265064242e-05,5.548163621198887,10.66354784052835,20355.68603641297,0.4013438214234032
4.989999999999957e-06,2.0,9.569658841648797e-05,0.707720948047042,0.5649048134644,0.5058533599889126,0.1721131029020772,0.0005255156626833729,5.027818182995551e-05,5.491477490979439,10.45216122692553,19889.34292377702,0.3927917105623228
4.994999999999957e-06,2.0,9.697244913308095e-05,0.7108589240921602,0.557759513966408,0.5059497406942287,0.1735236643167559,0.0005270779655136423,5.146371288123199e-05,5.435337237644413,10.24173997569964,19431.16701097336,0.3842358496496521
4.999999999999957e-06,2.0,9.824652071120128e-05,0.7139999999999732,0.5506231913783974,0.5060461315760273,0.1749362381180875,0.0005285455517777242,5.268332766470855e-05,5.379788983526201,10.0325012713991,18981.33706291827,0.37568695326030993
