x,VIN - 0.714 V,VOUT - 0.55 V
0.0,0.0,0.0011741707666157453
2e-11,0.45880671701770126,-0.04346608259953033
4e-11,0.9166471205636073,-0.13178029633265087
6e-11,1.3725569323620457,-0.24135548791559547
8e-11,1.8255759402435734,-0.3923645554579913
9.999999999999999e-11,2.2747500204910454,-0.5826359070072451
1.2e-10,2.7191331473622737,-0.8099948717333882
1.4e-10,3.1577893855577743,-1.0722645530657493
1.6e-10,3.5897948614356245,-1.3672671392568336
1.8e-10,4.0142397088240855,-1.692825138205123
2e-10,4.430229985331047,-2.0467630386088453
2.2e-10,4.83688955511663,-2.4269088778217096
2.400000000000001e-10,5.2333619341623505,-2.8310962069166834
2.6e-10,5.618812094150383,-3.2571659432463207
2.8e-10,5.992428221154311,-3.702968590809097
3e-10,6.353423425437543,-4.16636632850087
3.2e-10,6.701037398756382,-4.645235436692152
3.4e-10,7.034538015679659,-5.137468571893344
3.599999999999999e-10,7.353222875551624,-5.640977350399701
3.799999999999999e-10,7.656420781848805,-6.153694760297035
3.999999999999999e-10,7.943493155817549,-6.673577853487878
4.199999999999999e-10,8.213835381413514,-7.198610246688442
4.399999999999999e-10,8.466878078710716,-7.7268048741439
4.599999999999999e-10,8.702088303098154,-8.256206530536602
4.799999999999999e-10,8.918970667738169,-8.784894638243944
4.999999999999999e-10,9.1170683869235,-9.310985786894044
5.2e-10,9.295964238133948,-9.832636471085898
5.4e-10,9.455281440767461,-10.348045583665755
5.6e-10,9.59468444969447,-10.855457082413643
5.800000000000001e-10,9.713879661965352,-11.353162396914307
6.000000000000001e-10,9.8126160351798,-11.839502985725447
6.200000000000001e-10,9.89068561621953,-12.312872619941405
6.400000000000002e-10,9.947923979226836,-12.771719795751535
6.600000000000002e-10,9.984210571909792,-13.214549861339187
6.800000000000002e-10,9.999468969442926,-13.639927253423556
7.000000000000003e-10,9.993667035428366,-14.046477437937966
7.200000000000003e-10,9.966816989580574,-14.432888943030742
7.400000000000003e-10,9.91897538198927,-14.797915087919499
7.600000000000004e-10,9.850242974016933,-15.140375788830763
7.800000000000004e-10,9.760764526080656,-15.459159054444838
8.000000000000004e-10,9.65072849276616,-15.753222545271894
8.200000000000005e-10,9.52036662591449,-16.021594818119823
8.400000000000005e-10,9.369953486519256,-16.26337662336097
8.600000000000005e-10,9.199805866461741,-16.47774188475848
8.800000000000006e-10,9.010282121300616,-16.663938722929927
9.000000000000006e-10,8.80178141552368,-16.82129016062095
9.200000000000006e-10,8.57474288184945,-16.949194864314453
9.400000000000007e-10,8.329644696349781,-17.047127568582955
9.600000000000006e-10,8.067003071342004,-17.11463953123038
9.800000000000005e-10,7.7873711681707425,-17.151358673649696
1e-09,7.49133793217005,-17.15698974804414
1.02e-09,7.179526852258977,-17.13131419376701
1.04e-09,6.85259464778365,-17.074190018067537
1.06e-09,6.511229885371006,-16.98555137114466
1.08e-09,6.156151528707854,-16.86540814450177
1.1e-09,5.788107424298583,-16.71384526995179
1.12e-09,5.4078727263927595,-16.53102204203083
1.14e-09,5.016248264397172,-16.317171148444775
1.16e-09,4.614058856213243,-16.072597725121373
1.18e-09,4.202151571051194,-15.79767812760824
1.2e-09,3.78139394537913,-15.492858729259652
1.22e-09,3.3526721557654016,-15.158654444898833
1.24e-09,2.916889152462576,-14.795647284355006
1.26e-09,2.474962757663013,-14.404484641333703
1.28e-09,2.0278237324324877,-13.985877616051079
1.299999999999999e-09,1.5764138163920638,-13.540599083716298
1.319999999999999e-09,1.1216837442783456,-13.069481801401551
1.339999999999999e-09,0.6645912435577772,-12.57341627184383
1.359999999999999e-09,0.20609901731416524,-12.053348650915341
1.379999999999999e-09,-0.2528272833437484,-11.51027842362662
1.399999999999999e-09,-0.711221093083525,-10.945256129658688
1.419999999999999e-09,-1.1681169680760606,-10.359380869471636
1.439999999999999e-09,-1.6225526193598405,-9.753797866317582
1.459999999999999e-09,-2.0735709395610646,-9.129695821242123
1.479999999999999e-09,-2.520222018701057,-8.488304330813822
1.499999999999999e-09,-2.961565144843803,-7.830891110541471
1.519999999999999e-09,-3.39667078537198,-7.1587592882154105
1.539999999999999e-09,-3.824622544717382,-6.4732445158577345
1.559999999999999e-09,-4.244519094422916,-5.775712159075463
1.579999999999998e-09,-4.6554760714709875,-5.067554318088363
1.599999999999998e-09,-5.056627940880132,-4.350186933838707
1.619999999999998e-09,-5.447129818647478,-3.6250467388978524
1.639999999999998e-09,-5.826159251196561,-2.8935883012721764
1.659999999999998e-09,-6.192917947584142,-2.157280926096572
1.679999999999998e-09,-6.54663346081652,-1.4176056580891272
1.699999999999998e-09,-6.886560814735043,-0.676052154888529
1.719999999999998e-09,-7.211984073043576,0.06588433100651603
1.739999999999998e-09,-7.5222178471746615,0.8067060865868392
1.759999999999998e-09,-7.816608739816933,1.5449159563379888
1.779999999999998e-09,-8.094536721064415,2.2790204639223655
1.799999999999998e-09,-8.35541643428983,3.0075328099132825
1.819999999999998e-09,-8.598698428990193,3.7289759608649664
1.839999999999998e-09,-8.823870318009464,4.441885607009199
1.859999999999998e-09,-9.030457856699869,5.144813199244425
1.879999999999998e-09,-9.218025941750252,5.8363288475229425
1.899999999999998e-09,-9.386179527576699,6.515024286801285
1.919999999999998e-09,-9.534564458345551,7.179515697362859
1.939999999999997e-09,-9.662868213877186,7.828446581283455
1.959999999999997e-09,-9.770820567858717,8.46049048645181
1.979999999999997e-09,-9.85819415697986,9.074353775600287
1.999999999999997e-09,-9.924804959792976,9.668778236248453
2.019999999999997e-09,-9.970512684288835,10.242543724809927
2.039999999999997e-09,-9.995221063372362,10.794470645122956
2.059999999999997e-09,-9.998878057614347,11.323422450538967
2.079999999999997e-09,-9.98147596485477,11.828307974074415
2.099999999999997e-09,-9.943051436424156,12.30808377173731
2.119999999999997e-09,-9.883685399950991,12.761756287665404
2.139999999999997e-09,-9.80350288891585,13.18838402225142
2.159999999999997e-09,-9.70267277931336,13.587079515923527
2.179999999999997e-09,-9.581407433974288,13.957011325917424
2.199999999999997e-09,-9.439962255299307,14.297405812644492
2.219999999999996e-09,-9.278635147343838,14.607548909262857
2.239999999999996e-09,-9.097765888389176,14.886787694899152
2.259999999999996e-09,-8.897735415320241,15.134531941529916
2.279999999999996e-09,-8.678965021317374,15.35025545874058
2.299999999999996e-09,-8.441915468551443,15.533497402896113
2.319999999999996e-09,-8.187086017752199,15.683863378659568
2.339999999999996e-09,-7.915013376692537,15.80102649607018
2.359999999999996e-09,-7.626270569804472,15.884728214797361
2.379999999999996e-09,-7.32146573130632,15.934779135599708
2.399999999999996e-09,-7.001240824383914,15.95105957427534
2.419999999999996e-09,-6.666270289122922,15.933520075123608
2.439999999999996e-09,-6.31725962204055,15.882181702848719
2.459999999999996e-09,-5.954943890207343,15.79713626710122
2.479999999999996e-09,-5.580086183089361,15.678546322241417
2.499999999999996e-09,-5.193476005371345,15.526645093862257
2.519999999999995e-09,-4.795927614145046,15.341736178322796
2.539999999999995e-09,-4.38827830396582,15.124193164364641
2.559999999999995e-09,-3.971386643389141,14.87445902673523
2.579999999999995e-09,-3.546130666700398,14.593045438596853
2.599999999999995e-09,-3.1134060246473805,14.280531856341927
2.619999999999995e-09,-2.6741240980705516,13.937564521469215
2.639999999999995e-09,-2.229210078401822,13.56485523683293
2.659999999999995e-09,-1.7796010190780365,13.163180059964862
2.679999999999995e-09,-1.3262438619705552,12.733377774473254
2.699999999999995e-09,-0.8700934429876073,12.27634828037405
2.719999999999995e-09,-0.4121104810523857,11.793050768070135
2.739999999999995e-09,0.046740445310944345,11.284501815080784
2.759999999999995e-09,0.5054929295191801,10.751773273914079
2.779999999999995e-09,0.9631807723226027,10.195990088537666
2.799999999999994e-09,1.4188400167608473,9.618327911429247
2.819999999999994e-09,1.871510978395441,9.020010657103672
2.839999999999994e-09,2.3202402665450927,8.402307867605764
2.859999999999994e-09,2.7640827922644773,7.7665320243117675
2.879999999999994e-09,3.202103758838226,7.114035684946507
2.899999999999994e-09,3.6333806305988148,6.446208578611223
2.919999999999994e-09,4.057005075920328,5.764474541018361
2.939999999999994e-09,4.472084880296379,5.0702884211321075
2.959999999999994e-09,4.877745825473401,4.365132844555419
2.979999999999994e-09,5.273133530681151,3.650514963223661
2.999999999999994e-09,5.657415252081965,2.927963079708884
3.019999999999994e-09,6.0297816366510215,2.1990232739692583
3.039999999999994e-09,6.389448426790012,1.4652559236191243
3.059999999999994e-09,6.735658112088205,0.7282322437434097
3.079999999999993e-09,7.067681524748681,-0.010469260098844302
3.099999999999993e-09,7.384819375322094,-0.7492663016011036
3.119999999999993e-09,7.68640372551066,-1.4865763901502627
3.139999999999993e-09,7.971799394944079,-2.2208203519537006
3.159999999999993e-09,8.240405298960752,-2.950425897708109
3.179999999999993e-09,8.491655714579771,-3.673831116934312
3.199999999999993e-09,8.725021471995053,-4.389487998912367
3.219999999999993e-09,8.940011069084154,-5.095865862642768
3.239999999999993e-09,9.136171706582541,-5.791454794014217
3.259999999999993e-09,9.31309024174476,-6.474768975042955
3.279999999999993e-09,9.470394058483155,-7.144350001785149
3.299999999999993e-09,9.607751852151125,-7.798770078327522
3.319999999999993e-09,9.724874327318389,-8.436635182061835
3.339999999999993e-09,9.821514807069942,-9.056588090242567
3.359999999999993e-09,9.897469752542797,-9.657311361811693
3.379999999999992e-09,9.952579191608525,-10.237530167145792
3.399999999999992e-09,9.986727055797617,-10.796015058585962
3.419999999999992e-09,9.99984142475685,-11.331584577134457
3.439999999999992e-09,9.991894677723545,-11.843107787135487
3.459999999999992e-09,9.962903551699377,-12.329506637062448
3.479999999999992e-09,9.91292910619923,-12.789758237285342
3.499999999999992e-09,9.842076594651527,-13.22289695565071
3.519999999999992e-09,9.750495242719094,-13.62801642085698
3.539999999999992e-09,9.638377934008012,-14.004271337152208
3.559999999999992e-09,9.505960803827374,-14.350879199451994
3.579999999999992e-09,9.353522741853414,-14.667121815075902
3.599999999999992e-09,9.181384804747728,-14.952346720310539
3.619999999999992e-09,8.98990953996548,-15.205968400597957
3.639999999999992e-09,8.77950022217766,-15.427469401675275
3.659999999999991e-09,8.550600003916387,-15.61640124298236
3.679999999999991e-09,8.303690982231382,-15.772385219758544
3.699999999999991e-09,8.039293183323416,-15.895113007584506
3.719999999999991e-09,7.75796346729396,-15.984347154847423
3.739999999999992e-09,7.460294355317143,-16.039921379244927
3.759999999999992e-09,7.146912781703985,-16.06174075283029
3.779999999999992e-09,6.818478773488179,-16.049781693975863
3.799999999999993e-09,6.475684060313069,-16.00409184976115
3.819999999999993e-09,6.119250617549032,-15.924789789316328
3.839999999999993e-09,5.749929145708377,-15.812064590608244
3.859999999999994e-09,5.368497489361523,-15.666175243279511
3.879999999999994e-09,4.975758998883473,-15.487449948965448
3.899999999999994e-09,4.572540838481132,-15.276285243705168
3.919999999999995e-09,4.159692244065982,-15.033145022779525
3.939999999999995e-09,3.738082734639825,-14.758559394532078
3.959999999999995e-09,3.3086002809620263,-14.453123442395688
3.979999999999996e-09,2.8721494353536325,-14.117495823541827
3.999999999999996e-09,2.4296494265799717,-13.752397282259189
4.019999999999996e-09,1.9820322238209842,-13.358609008273126
4.039999999999997e-09,1.5302405738087943,-12.936970916990864
4.059999999999997e-09,1.0752260152671056,-12.48837978361339
4.079999999999997e-09,0.617946874832187,-12.013787306962676
4.099999999999998e-09,0.15936624867818328,-11.514198036649548
4.119999999999998e-09,-0.2995500259033168,-10.990667238284345
4.139999999999999e-09,-0.7578354046962055,-10.444298631975935
4.159999999999999e-09,-1.2145246722425895,-9.876242077669906
4.179999999999999e-09,-1.6686559747260965,-9.287691144133747
4.2e-09,-2.1192728457760657,-8.679880633983949
4.22e-09,-2.5654262209234835,-8.054084003062734
4.24e-09,-3.0061764364692767,-7.41161074538943
4.260000000000001e-09,-3.4405952085517777,-6.753803683432702
4.280000000000001e-09,-3.8677675882474727,-6.0820362337465905
4.300000000000001e-09,-4.2867938885856605,-5.397709589100463
4.320000000000002e-09,-4.6967915794201565,-4.702249885938814
4.340000000000002e-09,-5.096897146165347,-3.997105299616832
4.360000000000002e-09,-5.486267908483389,-3.2837431350436486
4.380000000000003e-09,-5.8640837950911795,-2.5636468564100845
4.400000000000003e-09,-6.22954907094897,-1.8383131224273264
4.420000000000003e-09,-6.5818940131943116,-1.109248771926974
4.440000000000004e-09,-6.920376532289718,-0.3779678250104279
4.460000000000004e-09,-7.244283734970991,0.3540115542650657
4.480000000000004e-09,-7.55293342570329,1.0851700697370736
4.500000000000005e-09,-7.845675543484809,1.8139903324455586
4.520000000000005e-09,-8.121893530968261,2.5389598647296285
4.540000000000005e-09,-8.381005633021466,3.258574121013158
4.560000000000006e-09,-8.622466121986584,3.9713394638344335
4.580000000000006e-09,-8.84576644706292,4.6757761460608505
4.600000000000006e-09,-9.05043630538771,5.370421239051071
4.620000000000007e-09,-9.236044632562779,6.05383155675987
4.640000000000007e-09,-9.402200510538417,6.724586516767772
4.660000000000007e-09,-9.548553990943232,7.38129098728868
4.680000000000008e-09,-9.674796832126798,8.022578062326978
4.700000000000008e-09,-9.78066314836068,8.647111813128161
4.720000000000009e-09,-9.865929969832376,9.253589959246632
4.740000000000009e-09,-9.93041771225256,9.8407465064696
4.760000000000009e-09,-9.973990555084967,10.407354296042225
4.78000000000001e-09,-9.9965567276048,10.952227511549895
4.80000000000001e-09,-9.998068702180563,11.4742240889667
4.82000000000001e-09,-9.978523294374764,11.972248075358237
4.840000000000011e-09,-9.937961669649997,12.445251882789776
4.860000000000011e-09,-9.876469256669518,12.89223848205745
4.880000000000011e-09,-9.794175567371166,13.312263483803433
4.900000000000012e-09,-9.691253924197007,13.70443715079328
4.920000000000012e-09,-9.567921095051002,14.067926289890952
4.940000000000012e-09,-9.424436836754202,14.401956066702915
4.960000000000013e-09,-9.261103347959487,14.705811692387716
4.980000000000013e-09,-9.078264632677246,14.97884002482175
5.000000000000013e-09,-8.876305775752936,15.220451034594461
5.020000000000014e-09,-8.655652131822734,15.430119177287871
5.040000000000014e-09,-8.416768429455157,15.607384623493203
5.060000000000014e-09,-8.160157792364785,15.751854387363483
5.080000000000015e-09,-7.8863606797612285,15.863203306151652
5.100000000000015e-09,-7.595953748063544,15.941174910951151
5.120000000000015e-09,-7.289548636378207,15.985582142144295
5.140000000000016e-09,-6.967790678298447,15.99630794927065
5.160000000000016e-09,-6.631357542737915,15.973305729931386
5.180000000000016e-09,-6.280957806662268,15.91659964704717
5.200000000000017e-09,-5.917329462722498,15.826284780258714
5.220000000000017e-09,-5.541238364936363,15.702527150501467
5.240000000000017e-09,-5.153476615688102,15.545563574795196
5.260000000000018e-09,-4.754860897445812,15.35570139010356
5.280000000000018e-09,-4.346230752710678,15.133318004640127
5.300000000000019e-09,-3.928446815817832,14.878860315412412
5.320000000000019e-09,-3.502389000315853,14.592843951789503
5.340000000000019e-09,-3.0689546457416395,14.275852383937803
5.36000000000002e-09,-2.6290566276927496,13.928535857393843
5.38000000000002e-09,-2.1836214351792504,13.55161019276807
5.40000000000002e-09,-1.7335872193037227,13.145855413392638
5.420000000000021e-09,-1.2799018173784704,12.712114240153504
5.440000000000021e-09,-0.8235207566432701,12.251290417898296
5.460000000000021e-09,-0.3654052417861875,11.764346912984113
5.480000000000022e-09,0.09347986949292952,11.252303947967835
5.500000000000022e-09,0.5521680986125821,10.716236913353328
5.520000000000022e-09,1.0096933816535758,10.15727412403933
5.540000000000023e-09,1.465092104029786,9.576594460749988
5.560000000000023e-09,1.9174051300002715,8.975424865685477
5.580000000000023e-09,2.365679822748046,8.35503773306967
5.600000000000024e-09,2.8089720507713523,7.716748165376819
5.620000000000024e-09,3.246348176361935,7.061911136248322
5.640000000000024e-09,3.676887021980768,6.391918532375862
5.660000000000025e-09,4.099681810391775,5.70819611564144
5.680000000000025e-09,4.51384207446659,5.012200379162168
5.700000000000025e-09,4.918495532636902,4.305415338736518
5.720000000000026e-09,5.31278992604578,3.5893492345874245
5.740000000000026e-09,5.695894813529279,2.86553118499433
5.760000000000026e-09,6.067003320644915,2.1355077678190115
5.780000000000027e-09,6.425333839067071,1.4008395714660837
5.800000000000027e-09,6.770131672766855,0.6630976922507026
5.820000000000027e-09,7.10067062751174,-0.07613978048637282
5.840000000000028e-09,7.416254540335565,-0.8152913137524642
5.860000000000028e-09,7.716218745759118,-1.5527754737766353
5.880000000000028e-09,7.999931475671684,-2.287014484008476
5.900000000000029e-09,8.266795189926569,-3.0164377577528434
5.920000000000029e-09,8.516247834846835,-3.739485426642486
5.94000000000003e-09,8.74776402699229,-4.454611825122079
5.96000000000003e-09,8.960856159693108,-5.160288951879144
5.98000000000003e-09,9.15507543001981,-5.855009869209948
6.000000000000031e-09,9.330012784028007,-6.53729206116338
6.020000000000031e-09,9.485299778284606,-7.205680712399132
6.040000000000031e-09,9.620609355863285,-7.85875192865193
6.060000000000032e-09,9.735656535174385,-8.495115861806957
6.080000000000032e-09,9.830199010176678,-9.113419760665709
6.100000000000032e-09,9.904037660709243,-9.712350911573964
6.120000000000033e-09,9.957016971867683,-10.290639490267871
6.140000000000033e-09,9.989025361540893,-10.847061290377935
6.160000000000033e-09,9.999995415419072,-11.380440350305165
6.180000000000034e-09,9.989904028978147,-11.889651445212035
6.200000000000034e-09,9.958772456141073,-12.373622466271051
6.220000000000034e-09,9.906666264514307,-12.831336655255821
6.240000000000035e-09,9.833695197292824,-13.261834717060662
6.260000000000035e-09,9.740012942124565,-13.664216779596284
6.280000000000035e-09,9.625816807422805,-14.037644224108249
6.300000000000036e-09,9.491347306805231,-14.381341356695664
6.320000000000036e-09,9.336887652538039,-14.694596944539008
6.340000000000036e-09,9.162763159049181,-14.976765588915253
6.360000000000037e-09,8.969340557769767,-15.227268958948548
6.380000000000037e-09,8.757027224743696,-15.445596859417932
6.400000000000037e-09,8.52627032263542,-15.631308156968004
6.420000000000038e-09,8.277555858939856,-15.784031539251565
6.440000000000038e-09,8.0114076623804,-15.903466131682809
6.460000000000038e-09,7.728386279650001,-15.989381947469461
6.480000000000039e-09,7.429087794818101,-16.04162019589095
6.500000000000039e-09,7.114142573891091,-16.06009342556114
6.52000000000004e-09,6.784213937170658,-16.044785527875803
6.54000000000004e-09,6.439996762204525,-15.99575157837496
6.56000000000004e-09,6.082216020273812,-15.913117541416444
6.580000000000041e-09,5.711625249498309,-15.79707981680456
6.600000000000041e-09,5.3290049677759965,-15.647904653912192
6.620000000000041e-09,4.935161028899238,-15.465927412807723
6.640000000000042e-09,4.530922925309544,-15.251551698000853
6.660000000000042e-09,4.117142041066835,-15.005248345148047
6.680000000000042e-09,3.694689858710243,-14.727554286358302
6.700000000000043e-09,3.264456123790449,-14.41907127520925
6.720000000000043e-09,2.8273469709360066,-14.08046449712408
6.740000000000043e-09,2.3842830154026107,-13.71246104692836
6.760000000000044e-09,1.9361974141236526,-13.315848299215283
6.780000000000044e-09,1.4840339003467928,-12.891472154019311
6.800000000000044e-09,1.028744795994574,-12.440235183359905
6.820000000000045e-09,0.5712890059366149,-11.963094661799456
6.840000000000045e-09,0.11262999839667387,-11.461060506497201
6.860000000000045e-09,-0.3462662242509351,-10.935193110495177
6.880000000000046e-09,-0.8044331600225441,-10.386601094612757
6.900000000000046e-09,-1.2609058429183806,-9.816438962246155
6.920000000000046e-09,-1.7147228752808497,-9.225904682310325
6.940000000000047e-09,-2.1649284526374935,-8.61623718514104
6.960000000000047e-09,-2.610574376763597,-7.988713796433511
6.980000000000047e-09,-3.0507220527254963,-7.344647594507148
7.000000000000048e-09,-3.4844444656974005,-6.685384715779508
7.020000000000048e-09,-3.910828133388722,-6.012301594173763
7.040000000000048e-09,-4.328975029970983,-5.326802159112964
7.060000000000049e-09,-4.738004477449431,-4.6303149782189745
7.080000000000049e-09,-5.137055000499768,-3.9242903691008024
7.10000000000005e-09,-5.525286140858787,-3.210197466692044
7.12000000000005e-09,-5.901880227452638,-2.4895212702383818
7.14000000000005e-09,-6.2660440985295995,-1.763759656685182
7.160000000000051e-09,-6.617010772174359,-1.0344203842339583
7.180000000000051e-09,-6.954041061682958,-0.3030180730831944
7.200000000000051e-09,-7.276425132397124,0.42892881322853516
7.220000000000052e-09,-7.583483996719043,1.1599009986617004
7.240000000000052e-09,-7.874570944157666,1.8883814146443134
7.260000000000052e-09,-8.149072903394838,2.6128582217603835
7.280000000000053e-09,-8.406411733502427,3.331827810521104
7.300000000000053e-09,-8.646045441590534,4.043797793632287
7.320000000000053e-09,-8.867469324323697,4.747289967530599
7.340000000000054e-09,-9.070217030899164,5.440843255460792
7.360000000000054e-09,-9.253861545248654,6.123016610264265
7.380000000000054e-09,-9.418016085397163,6.792391889027138
7.400000000000055e-09,-9.562334918081117,7.44757667815843
7.420000000000055e-09,-9.68651408691301,8.087207080906268
7.440000000000055e-09,-9.790292052557659,8.709950446278093
7.460000000000055e-09,-9.87345024357178,9.314508051238901
7.480000000000054e-09,-9.935813516747327,9.899617715522947
7.500000000000054e-09,-9.977250525988634,10.464056360793506
7.520000000000053e-09,-9.9976739989458,11.006642493841646
7.540000000000053e-09,-9.99704092082354,11.526238625399031
7.560000000000052e-09,-9.975352624976175,12.02175360459401
7.580000000000052e-09,-9.932654790099527,12.492144880482892
7.600000000000052e-09,-9.869037344024889,12.936420670979443
7.620000000000051e-09,-9.784634274317972,13.353642050472514
7.64000000000005e-09,-9.679623346081968,13.742924936755884
7.66000000000005e-09,-9.554225727557931,14.103441988405073
7.68000000000005e-09,-9.408705524312943,14.434424393540146
7.700000000000049e-09,-9.243369222994957,14.735163560956943
7.720000000000049e-09,-9.058565045828026,15.005012694889853
7.740000000000048e-09,-8.854682217205312,15.243388264282398
7.760000000000048e-09,-8.632150143926488,15.449771348155728
7.780000000000047e-09,-8.391437510804401,15.623708867889995
7.800000000000047e-09,-8.133051293547133,15.764814688384309
7.820000000000046e-09,-7.857535690993678,15.872770598890696
7.840000000000046e-09,-7.565470978951994,15.947327155930502
7.860000000000045e-09,-7.25747228805429,15.988304399121356
7.880000000000045e-09,-6.934188308202582,15.995592422834882
7.900000000000044e-09,-6.596299922334015,15.96915181464842
7.920000000000044e-09,-6.244518772381968,15.909013944072958
7.940000000000043e-09,-5.879585760455663,15.815281112754764
7.960000000000043e-09,-5.502269488392719,15.688126550294834
7.980000000000042e-09,-5.11336463897194,15.527794267202522
8.000000000000042e-09,-4.713690302196372,15.334598749884965
8.020000000000041e-09,-4.304088250171145,15.108924509607103
8.040000000000041e-09,-3.885421164209091,14.851225471173457
8.06000000000004e-09,-3.4585708178987984,14.562024213797375
8.08000000000004e-09,-3.0244362199619568,14.241911050832723
8.10000000000004e-09,-2.583931720810173,13.89154296145334
8.120000000000039e-09,-2.137985086790861,13.511642361976218
8.140000000000038e-09,-1.6875355461761776,13.1029957306108
8.160000000000038e-09,-1.2335318110128224,12.66645207441075
8.180000000000038e-09,-0.776930078996485,12.202921252970622
8.200000000000037e-09,-0.31869201958079074,11.713372148786206
8.220000000000037e-09,0.1402172514375355,11.198830699622132
8.240000000000036e-09,0.5988312045933641,10.660377783966446
8.260000000000036e-09,1.056183932403143,10.09914697575265
8.280000000000035e-09,1.5113121837073695,9.516322160581625
8.300000000000035e-09,1.9632573924160956,8.913135030454988
8.320000000000034e-09,2.411067696389102,8.290862450397562
8.340000000000034e-09,2.8537999421947013,7.6508237147665525
8.360000000000033e-09,3.2905216715282126,6.99437768771205
8.380000000000033e-09,3.720313085104121,6.3229198463374825
8.400000000000032e-09,4.142268979886676,5.637879222017084
8.420000000000032e-09,4.555500655579081,4.940715259075135
8.440000000000031e-09,4.959137786354484,4.2329145871981
8.46000000000003e-09,5.35233025388937,3.5159877273205353
8.48000000000003e-09,5.734249937835112,2.791465728134046
8.50000000000003e-09,6.104092459959909,2.060896753374175
8.52000000000003e-09,6.461078878285842,1.3258426176725457
8.540000000000029e-09,6.80445732765389,0.5878752913935914
8.560000000000028e-09,7.133504603260676,-0.15142662728084844
8.580000000000028e-09,7.447527683832722,-0.8904814524967053
8.600000000000027e-09,7.745865191229773,-1.6277079645174997
8.620000000000027e-09,8.027888783402993,-2.3615289567119335
8.640000000000026e-09,8.293004477774701,-3.0903747770052448
8.660000000000026e-09,8.54065390225134,-3.812686843561952
8.680000000000025e-09,8.770315471236412,-4.526921136018824
8.700000000000025e-09,8.981505484165208,-5.231551642402521
8.720000000000024e-09,9.173779144248662,-5.925073763242139
8.740000000000024e-09,9.346731495279425,-6.606007653556234
8.760000000000024e-09,9.499998274528409,-7.2729015045492895
8.780000000000023e-09,9.633256679935197,-7.9243347463821
8.800000000000023e-09,9.746226049976103,-8.558921174308676
8.820000000000022e-09,9.838668454777434,-9.17531198033561
8.840000000000022e-09,9.91038919723064,-9.772198693275502
8.860000000000021e-09,9.961237223052976,-10.348316010236225
8.88000000000002e-09,9.991105438929004,-10.90244452307565
8.90000000000002e-09,9.999930938065503,-11.433413323826414
8.92000000000002e-09,9.987695132681495,-11.94010249334887
8.940000000000019e-09,9.954423793157364,-12.421445458209224
8.960000000000019e-09,9.900186993758275,-12.87643122081883
8.980000000000018e-09,9.825098965048017,-13.304106448858267
9.000000000000018e-09,9.729317853302666,-13.703577429788671
9.020000000000017e-09,9.613045387431573,-14.074011877525106
9.040000000000017e-09,9.476526454107015,-14.414640597831706
9.060000000000016e-09,9.320048581997643,-14.724759000528831
9.080000000000016e-09,9.143941336190785,-15.003728465835087
9.100000000000015e-09,8.948575624081357,-15.250977553882938
9.120000000000015e-09,8.734362914186612,-15.46600306547019
9.140000000000014e-09,8.50175436953382,-15.648370944004064
9.160000000000014e-09,8.251239897445807,-15.797717027354107
9.180000000000013e-09,7.983347117724637,-15.913747640455277
9.200000000000013e-09,7.698640251408095,-15.996240037969178
9.220000000000012e-09,7.397718932438679,-16.045042688672908
9.240000000000012e-09,7.081216944746838,-16.060075411407414
9.260000000000011e-09,6.7498008874106175,-16.04132935500935
9.280000000000011e-09,6.404168770701268,-15.988866832554294
9.30000000000001e-09,6.045048545972431,-15.902821003002776
9.32000000000001e-09,5.673196572488992,-15.78339541100826
9.34000000000001e-09,5.289396024424464,-15.630863378605309
9.360000000000009e-09,4.894455241383433,-15.445567259916748
9.380000000000009e-09,4.489206025920178,-15.227917553157887
9.400000000000008e-09,4.074501891642823,-14.978391881403152
9.420000000000008e-09,3.6512162655890634,-14.697533836927734
9.440000000000007e-09,3.2202406486627755,-14.38595170085466
9.460000000000007e-09,2.782482738003633,-14.04431703340958
9.480000000000006e-09,2.3388645152452314,-13.673363146753381
9.500000000000006e-09,1.8903203046881645,-13.273883456141778
9.520000000000005e-09,1.4377948054776768,-12.846729721579187
9.540000000000005e-09,0.9822411019303479,-12.39281017612981
9.560000000000004e-09,0.5246186561997934,-11.913087553226841
9.580000000000004e-09,0.06589128751088857,-11.408577009512811
9.600000000000003e-09,-0.3929748577836678,-10.880343955708248
9.620000000000003e-09,-0.851013341047202,-10.329501792352591
9.640000000000002e-09,-1.3072594668197546,-9.757209563055923
9.660000000000002e-09,-1.760752314605929,-9.164669522400025
9.680000000000001e-09,-2.210536762712767,-8.553124631202614
9.700000000000001e-09,-2.6556654998750595,-7.9238559765515415
9.72e-09,-3.0952010204298164,-7.27818012936976
9.74e-09,-3.528217598839145,-6.617446437151009
9.76e-09,-3.9538032394025313,-5.943034264637603
9.779999999999999e-09,-4.37106159705225,-5.256350180251945
9.799999999999998e-09,-4.779113865185591,-4.5588251010459935
9.819999999999998e-09,-5.1771006265594055,-3.851911394119889
9.839999999999997e-09,-5.564183663346989,-3.137079947200583
9.859999999999997e-09,-5.939547722546901,-2.415817206442683
9.879999999999996e-09,-6.302402233023474,-1.6896221940536638
9.899999999999996e-09,-6.651982970564907,-0.9600035038437316
9.919999999999996e-09,-6.987553667449409,-0.2284762871890278
9.939999999999995e-09,-7.308407563132557,0.5034407724650025
9.959999999999995e-09,-7.613868892786924,1.2342284842524753
9.979999999999994e-09,-7.9032943105612485,1.9623701755425715
9.999999999999994e-09,-8.176074244559572,2.686354706489813
1.001999999999999e-08,-8.431634180688597,3.4046794753648246
1.003999999999999e-08,-8.66943587266733,4.115853402759551
1.005999999999999e-08,-8.888978475651733,4.8183998965868335
1.007999999999999e-08,-9.089799601086801,5.510859786185263
1.009999999999999e-08,-9.271476290563797,6.191794227510483
1.011999999999999e-08,-9.433625906632104,6.859787567934483
1.013999999999999e-08,-9.575906938688927,7.513450172680569
1.015999999999999e-08,-9.698019722250372,8.151421201643249
1.017999999999999e-08,-9.799707070088148,8.77237133865616
1.019999999999999e-08,-9.88075481390338,9.375005462162079
1.021999999999999e-08,-9.940992255395908,9.958065259390914
1.023999999999999e-08,-9.980292525779477,10.520331773178349
1.025999999999999e-08,-9.998572852986442,11.060627883568763
1.027999999999999e-08,-9.995794735997098,11.577820713500664
1.029999999999999e-08,-9.971964025928482,12.07082396072423
1.031999999999999e-08,-9.927130913711446,12.53860014542263
1.033999999999999e-08,-9.861389824381117,12.980162775691916
1.035999999999998e-08,-9.774879218203747,13.394578420473868
1.037999999999998e-08,-9.667781299059875,13.780968692135186
1.039999999999998e-08,-9.54032163069618,14.138512128417435
1.041999999999998e-08,-9.392768661655392,14.466445975949593
1.043999999999998e-08,-9.225433159885332,14.76406786522466
1.045999999999998e-08,-9.038667558215918,15.030737379247094
1.047999999999998e-08,-8.832865212084705,15.265877505933112
1.049999999999998e-08,-8.60845957107359,15.468975976526412
1.051999999999998e-08,-8.365923266000607,15.639586480322931
1.053999999999998e-08,-8.105767113491646,15.777329758073222
1.055999999999998e-08,-7.828539040125704,15.881894564618747
1.057999999999998e-08,-7.534822928422669,15.953038503283556
1.059999999999998e-08,-7.225237387102013,15.990588722917698
1.061999999999998e-08,-6.9004344482027635,15.99444248033488
1.063999999999998e-08,-6.561098193810011,15.964567559445086
1.065999999999998e-08,-6.207943315278186,15.901002550154475
1.067999999999998e-08,-5.8417136079882415,15.803856978801267
1.069999999999998e-08,-5.463180404805978,15.673311293626258
1.071999999999998e-08,-5.073140951543764,15.509616697627514
1.073999999999998e-08,-4.672416727844797,15.31309483279042
1.075999999999998e-08,-4.26185171702842,15.0841373087367
1.077999999999997e-08,-3.842310628538015,14.823205080385481
1.079999999999997e-08,-3.4146770767385926,14.5308276684325
1.081999999999997e-08,-2.9798517198958985,14.20760222795192
1.083999999999997e-08,-2.5387503632601227,13.854192459780034
1.085999999999997e-08,-2.0923020302469064,13.471327370761731
1.087999999999997e-08,-1.641447005779395,13.059799878479495
1.089999999999997e-08,-1.187134855911931,12.620465267366932
1.091999999999997e-08,-0.7303224279064935,12.154239492846663
1.093999999999997e-08,-0.2719718349728506,11.662097341300193
1.095999999999997e-08,0.18695157008041807,11.145070443525418
1.097999999999997e-08,0.645481228019662,10.604245150451552
1.099999999999997e-08,1.1026514088994244,10.040760269805716
1.101999999999997e-08,1.557499246030436,9.455804673448753
1.103999999999997e-08,2.009066763915879,8.850614775113286
1.105999999999997e-08,2.456402895886778,8.226471889183461
1.107999999999997e-08,2.8985654871866995,7.5846994712671645
1.109999999999997e-08,3.3346232792859087,6.926660252051908
1.111999999999997e-08,3.763657871246884,6.2537532661578465
1.113999999999997e-08,4.1847656540100475,5.567410788266947
1.115999999999997e-08,4.597059713525309,4.8690951790925086
1.117999999999997e-08,4.9996716987218415,4.16029565416709
1.119999999999996e-08,5.391753650380915,3.4425249787514156
1.121999999999996e-08,5.772479787061524,2.7173161024204306
1.123999999999996e-08,6.141048244315495,1.9862187372194917
1.125999999999996e-08,6.496682763530437,1.2507958933845043
1.127999999999996e-08,6.838634326842619,0.5126203769848514
1.129999999999996e-08,7.166182734677506,-0.22672873626816692
1.131999999999996e-08,7.47863812259475,-0.9656696463760106
1.133999999999996e-08,7.775342414242048,-1.7026213792258327
1.135999999999996e-08,8.055670707359685,-2.4360073367921675
1.137999999999996e-08,8.31903258991562,-3.164258833071143
1.139999999999996e-08,8.564873383598348,-3.8858186110085624
1.141999999999996e-08,8.792675312049969,-4.599144326349114
1.143999999999996e-08,9.001958591378646,-5.302711993874665
1.145999999999996e-08,9.192282440652399,-5.995019382343703
1.147999999999996e-08,9.363246010248183,-6.674589353950489
1.149999999999996e-08,9.51448922609921,-7.339973135153333
1.151999999999996e-08,9.645693548062994,-7.989753515186826
1.153999999999996e-08,9.75658264081314,-8.622547959752813
1.155999999999996e-08,9.846922955841775,-9.237011636824999
1.157999999999996e-08,9.916524223346212,-9.831840342825693
1.159999999999995e-08,9.965239852965158,-10.405773326815249
1.161999999999995e-08,9.992967242518969,-10.957596001806568
1.163999999999995e-08,9.999647994104798,-11.486142541612509
1.165999999999995e-08,9.9852680370911,-11.99029835325871
1.167999999999995e-08,9.94985765775247,-12.46900242419946
1.169999999999995e-08,9.893491435482238,-12.921249535294388
1.171999999999995e-08,9.816288085717439,-13.346092339661553
1.173999999999995e-08,9.718410209906935,-13.742643299301083
1.175999999999995e-08,9.600063953049244,-14.110076480464361
1.177999999999995e-08,9.461498569521165,-14.447629200617262
1.179999999999995e-08,9.303005898112172,-14.754603528799981
1.181999999999995e-08,9.124919747369177,-15.03036763316057
1.183999999999995e-08,8.9276151925477,-15.27435697825885
1.185999999999995e-08,8.711507785648998,-15.48607536680391
1.187999999999995e-08,8.477052680206821,-15.665095829181963
1.189999999999995e-08,8.224743672668788,-15.811061356250878
1.191999999999995e-08,7.955112162388978,-15.923685479473981
1.193999999999995e-08,7.668726032423745,-16.002752694629805
1.195999999999995e-08,7.366188453488132,-16.048118733812842
1.197999999999995e-08,7.048136613590716,-16.05971068267276
1.199999999999995e-08,6.715240376022891,-16.037526948178062
1.201999999999994e-08,6.368200868530183,-15.981637074502174
1.203999999999994e-08,6.0077490066351436,-15.892181412835992
1.205999999999994e-08,5.634643954223639,-15.769370643306413
1.207999999999994e-08,5.24967152463518,-15.6134851552725
1.209999999999994e-08,4.8536425256267,-15.42487428470607
1.211999999999994e-08,4.447391051693228,-15.203955415335368
1.213999999999994e-08,4.0317727273443404,-14.95121294273838
1.215999999999994e-08,3.607662905034781,-14.667197108441222
1.217999999999994e-08,3.1759548215450906,-14.352522703622972
1.219999999999994e-08,2.7375577166957044,-14.007867649822536
1.221999999999994e-08,2.2933949183560065,-13.633971456631588
1.223999999999994e-08,1.8444018977817889,-13.231633564060207
1.225999999999994e-08,1.391524299377056,-12.801711569926265
1.227999999999994e-08,0.9357159490304134,-12.345119350188781
1.229999999999994e-08,0.4779368452184629,-11.86282507291958
1.231999999999994e-08,0.019151137111039773,-11.355849114042972
1.233999999999994e-08,-0.43967490606811044,-10.825261875831881
1.235999999999994e-08,-0.8975749301431968,-10.272181516482014
1.237999999999994e-08,-1.3535845312694361,-9.697771592005576
1.239999999999994e-08,-1.8067432871063938,-9.10323861893092
1.241999999999994e-08,-2.256096779607475,-8.489829559258254
1.243999999999993e-08,-2.7006986051623105,-7.85882923629555
1.245999999999993e-08,-3.1396123678600896,-7.211557682998637
1.247999999999993e-08,-3.571913651675307,-6.549367431534225
1.249999999999993e-08,-3.996691967421584,-5.873640745833075
1.251999999999993e-08,-4.4130526703741735,-5.185786805897985
1.253999999999993e-08,-4.820118844521271,-4.487238845745756
1.255999999999993e-08,-5.217033149476746,-3.779451253753563
1.257999999999993e-08,-5.60295962616264,-3.063896637355956
1.259999999999993e-08,-5.9770854574606735,-2.342062860834493
1.261999999999993e-08,-6.338622680122974,-1.615450058174206
1.263999999999993e-08,-6.686809844336561,-0.8855676296618542
1.265999999999993e-08,-7.0209136174472775,-0.15393122418660976
1.267999999999993e-08,-7.3402303284647585,0.5779402841677994
1.269999999999993e-08,-7.6440874500955935,1.3085278233326836
1.271999999999993e-08,-7.931845015182848,2.0363151458058226
1.273999999999993e-08,-8.202896964570549,2.7597918446878866
1.275999999999993e-08,-8.456672423551414,3.477456354907371
1.277999999999993e-08,-8.692636904211959,4.187818937863685
1.279999999999993e-08,-8.910293431141692,4.889404641345019
1.281999999999993e-08,-9.109183588135172,5.580756233052542
1.283999999999993e-08,-9.288888483683255,6.260437099760652
1.285999999999992e-08,-9.44902963321914,6.927034110541741
1.287999999999992e-08,-9.589269756261842,7.579160436252286
1.289999999999992e-08,-9.709313486777837,8.215458323806768
1.291999999999992e-08,-9.80890799526457,8.834601817606092
1.293999999999992e-08,-9.887843521246165,9.435299426720833
1.295999999999992e-08,-9.945953815059472,10.016296730351758
1.297999999999992e-08,-9.983116487999988,10.576378920252205
1.299999999999992e-08,-9.99925327008977,11.114373272756994
1.301999999999992e-08,-9.994330174926237,11.629151549173432
1.303999999999992e-08,-9.968357571261354,12.119632317293071
1.305999999999992e-08,-9.921390161164556,12.584783192835957
1.307999999999992e-08,-9.853526864811668,13.023622993704077
1.309999999999992e-08,-9.764910612144796,13.435223805884245
1.311999999999992e-08,-9.655728041841227,13.818712953981294
1.313999999999992e-08,-9.526209108225103,14.173274875297404
1.315999999999992e-08,-9.376626596950599,14.49815289051337
1.317999999999992e-08,-9.207295550475614,14.792650869958845
1.319999999999992e-08,-9.018572604536534,15.056134788665299
1.321999999999992e-08,-8.810855237021965,15.28803416924851
1.323999999999992e-08,-8.584580930826146,15.48784340598608
1.325999999999991e-08,-8.340226252447458,15.655122969250645
1.327999999999991e-08,-8.078305848269075,15.789500483862184
1.329999999999991e-08,-7.799371360640239,15.890671680699686
1.331999999999991e-08,-7.5040102660365315,15.95840121537828
1.333999999999991e-08,-7.192844637749829,15.992523353581811
1.335999999999991e-08,-6.866529835711677,15.99294251719019
1.337999999999991e-08,-6.525753126209843,15.959633691088214
1.339999999999991e-08,-6.17123223440641,15.892642685223834
1.341999999999991e-08,-5.8037138327040605,15.79208625220263
1.343999999999991e-08,-5.423971968146146,15.65815205548815
1.345999999999991e-08,-5.0328064321609745,15.491098488991328
1.347999999999991e-08,-4.631041076085363,15.291254343723581
1.349999999999991e-08,-4.2195220760140595,15.059018322887807
1.351999999999991e-08,-3.799116150630555,14.79485840178607
1.353999999999991e-08,-3.3707087357716103,14.499311034596563
1.355999999999991e-08,-2.935202119570768,14.172980205193975
1.357999999999991e-08,-2.493513542109138,13.816536324854356
1.359999999999991e-08,-2.0465732635747136,13.430714974873691
1.361999999999991e-08,-1.595322604999061,13.016315497804577
1.363999999999991e-08,-1.1407119656996478,12.574199436285461
1.365999999999991e-08,-0.6836988215999096,12.105288824076798
1.36799999999999e-08,-0.22524570864734805,11.61056432926788
1.36999999999999e-08,0.2336818044276212,11.09106325523257
1.37199999999999e-08,0.6921171497392686,10.547877400308604
1.37399999999999e-08,1.149094795978245,9.982150782759325
1.37599999999999e-08,1.603652281961021,9.3950772330047
1.37799999999999e-08,2.054832243712501,8.787897860648597
1.37999999999999e-08,2.5016844308131114,8.161898399295598
1.38199999999999e-08,2.943267707764541,7.518406437590497
1.38399999999999e-08,3.3786520361569483,6.858788540439642
1.38599999999999e-08,3.8069204334651996,6.184447269698801
1.38799999999999e-08,4.227170904346544,5.496818109158141
1.38999999999999e-08,4.638518340374209,4.797366303882833
1.39199999999999e-08,5.040096384203441,4.087583619502011
1.39399999999999e-08,5.431059254246251,3.3689850321583226
1.39599999999999e-08,5.810583526009605,2.6431053553642725
1.39799999999999e-08,6.177869866347163,1.9114958149871741
1.39999999999999e-08,6.5321447169706115,1.1757205791048664
1.40199999999999e-08,6.872661923675527,0.43735325434235417
1.40399999999999e-08,7.198704307850301,-0.3020266442510522
1.40599999999999e-08,7.509585176958766,-1.0408372379471231
1.40799999999999e-08,7.80464977081341,-1.7774978364826222
1.409999999999989e-08,8.08327664059616,-2.510432485721026
1.411999999999989e-08,8.34487895771896,-3.2380735035941743
1.413999999999989e-08,8.588905749770227,-3.9588649925886843
1.415999999999989e-08,8.814843060942712,-4.671266321672918
1.417999999999989e-08,9.022215034498737,-5.373755566238869
1.419999999999989e-08,9.210584914993492,-6.064832899262185
1.421999999999989e-08,9.379555968145548,-6.743023922697877
1.423999999999989e-08,9.528772316416578,-7.406882932771364
1.425999999999989e-08,9.657919688541128,-8.054996108759482
1.427999999999989e-08,9.766726081427478,-8.685984619515864
1.429999999999989e-08,9.85496233303551,-9.298507638020869
1.431999999999989e-08,9.922442605025395,-9.89126525890416
1.433999999999989e-08,9.96902477415973,-10.463001310007659
1.435999999999989e-08,9.994610731636211,-11.01250605371973
1.437999999999989e-08,9.999146589718233,-11.538618769998399
1.439999999999989e-08,9.9826227952311,-12.040230217653436
1.441999999999989e-08,9.945074149682043,-12.516284966713641
1.443999999999989e-08,9.886579735962853,-12.965783599308667
1.445999999999989e-08,9.807262751790446,-13.387784772829093
1.447999999999989e-08,9.707290250234312,-13.781407143676926
1.449999999999988e-08,9.586872787878399,-14.145831146287978
1.451999999999988e-08,9.446263981358616,-14.480300626618426
1.453999999999988e-08,9.285759973209572,-14.784124325683656
1.455999999999988e-08,9.105698808144936,-15.056677213189706
1.457999999999988e-08,8.906459721086947,-15.297401667722976
1.459999999999988e-08,8.688462338442005,-15.505808504328368
1.461999999999988e-08,8.452165794307076,-15.681477846777426
1.463999999999988e-08,8.198067763466433,-15.824059846115013
1.465999999999988e-08,7.9267034132166625,-15.933275243550815
1.467999999999988e-08,7.638644276226403,-16.008915779966216
1.469999999999988e-08,7.334497046806332,-16.050844450828492
1.471999999999988e-08,7.0149023031218505,-16.058995609412264
1.473999999999988e-08,6.680533158043844,-16.033374917760245
1.475999999999988e-08,6.332093841474484,-15.97405914885497
1.477999999999988e-08,5.970318217137116,-15.881195840024231
1.479999999999988e-08,5.595968236953297,-15.755002801564943
1.481999999999988e-08,5.209832336261155,-15.595767481131562
1.483999999999988e-08,4.8127237732562556,-15.403846188328686
1.485999999999988e-08,4.405478916151839,-15.179663180545756
1.487999999999988e-08,3.9889554816666672,-14.92370961486822
1.489999999999988e-08,3.564030728548606,-14.636542367534533
1.491999999999987e-08,3.131599609940694,-14.318782726141732
1.493999999999987e-08,2.692572888480127,-13.971114956464081
1.495999999999987e-08,2.247875218100104,-13.594284749398057
1.497999999999987e-08,1.7984431965745173,-13.189097550258765
1.499999999999987e-08,1.3452233929072133,-12.756416776233625
1.501999999999987e-08,0.88917035372027,-12.297161924529343
1.503999999999987e-08,0.4312445928410513,-11.812306577275944
1.505999999999987e-08,-0.027589431680019594,-11.30287630601301
1.507999999999987e-08,-0.4863653488577091,-10.769946482045768
1.509999999999987e-08,-0.944116910088888,-10.214639995741681
1.511999999999987e-08,-1.399880024212763,-9.638124891253153
1.513999999999987e-08,-1.852694788026632,-9.041611919951675
1.515999999999987e-08,-2.3016075079808074,-8.426352019222927
1.517999999999987e-08,-2.7456727087958877,-7.793633720087567
1.519999999999987e-08,-3.1839551247705433,-7.144780490416447
1.521999999999987e-08,-3.6155316695869466,-6.4811480173504465
1.523999999999987e-08,-4.039493380464165,-5.804121435789011
1.525999999999987e-08,-4.454947332565684,-5.115112506649089
1.527999999999987e-08,-4.861018519628613,-4.415556751806049
1.529999999999987e-08,-5.256851696853748,-3.70691054950123
1.531999999999987e-08,-5.641613182174932,-2.9906481971128107
1.533999999999986e-08,-6.01449261211473,-2.268258945105739
1.535999999999986e-08,-6.374704648527074,-1.541244009044096
1.537999999999986e-08,-6.721490632633387,-0.8111135634391031
1.539999999999986e-08,-7.054120182868107,-0.07938372427751528
1.541999999999986e-08,-7.371892733167962,0.6524264760543463
1.543999999999986e-08,-7.674139008465808,1.382798114708761
1.545999999999986e-08,-7.96022243428085,2.110215401519566
1.547999999999986e-08,-8.22954047743707,2.8331686927455246
1.549999999999986e-08,-8.481525915084998,3.550157491845507
1.551999999999986e-08,-8.71564802935576,4.259693430818667
1.553999999999986e-08,-8.931413725129623,4.960303228660701
1.555999999999986e-08,-9.128368568565804,5.650531620609356
1.557999999999986e-08,-9.306097744205989,6.328944254848312
1.559999999999986e-08,-9.464226928636021,6.994130550507793
1.561999999999986e-08,-9.602423078865163,7.644706513735056
1.563999999999986e-08,-9.720395133762882,8.279317505818785
1.565999999999986e-08,-9.81789462707605,8.896640960261104
1.567999999999986e-08,-9.894716210734455,9.495389042919467
1.569999999999986e-08,-9.950698087343945,10.07431125219982
1.571999999999986e-08,-9.985722350955296,10.632196953557882
1.573999999999986e-08,-9.999715235390783,11.1678778453701
1.575999999999985e-08,-9.992647269606913,11.680230350543663
1.577999999999985e-08,-9.964533339764436,12.168177931003555
1.579999999999985e-08,-9.915432657876089,12.630693319516272
1.581999999999985e-08,-9.845448637097354,13.066800666053036
1.583999999999985e-08,-9.754728673923463,13.475577593251575
1.585999999999985e-08,-9.643463837751165,13.85615715822508
1.587999999999985e-08,-9.511888468458407,14.207729715378758
1.589999999999985e-08,-9.360279682851136,14.529544677548301
1.591999999999985e-08,-9.188956791014725,14.820912170219302
1.593999999999985e-08,-8.998280623800593,15.08120457622486
1.595999999999985e-08,-8.78865277286478,15.309857965811414
1.597999999999985e-08,-8.56051474485653,15.506373409584606
1.599999999999985e-08,-8.314347031542546,15.670318169385578
1.601999999999985e-08,-8.050668097820623,15.801326764769307
1.603999999999985e-08,-7.770033289758005,15.899101910355263
1.605999999999985e-08,-7.473033664951778,15.96341532194312
1.607999999999985e-08,-7.160294747675988,15.994108386941154
1.609999999999985e-08,-6.832475211436928,15.99109269728849
1.611999999999985e-08,-6.490265491710723,15.954350440794629
1.613999999999985e-08,-6.134386331786756,15.883934649437714
1.615999999999984e-08,-5.765587264777383,15.779969301000897
1.617999999999984e-08,-5.384645034992586,15.64264927305592
1.619999999999984e-08,-4.992361962004255,15.472240146219285
1.621999999999984e-08,-4.589564250843892,15.269077856249202
1.623999999999984e-08,-4.177100251895882,15.033568192548419
1.625999999999984e-08,-3.755838674148415,14.766186143315373
1.627999999999984e-08,-3.3266667555659213,14.467475085627512
1.629999999999984e-08,-2.890488394437951,14.138045821463496
1.631999999999984e-08,-2.4482222456376768,13.778575458768593
1.633999999999984e-08,-2.000799785801921,13.389806139400108
1.635999999999984e-08,-1.5491633515064551,12.972543613970267
1.637999999999984e-08,-1.0942641545678145,12.527655666312754
1.639999999999984e-08,-0.6370602786540669,12.05607038855061
1.641999999999984e-08,-0.17851466142138062,11.558774310457821
1.643999999999984e-08,0.2804069335724524,11.036810385076535
1.645999999999984e-08,0.7387379509058434,10.49127583525844
1.647999999999984e-08,1.195513078999455,9.923319864125869
1.649999999999984e-08,1.6497702832023453,9.334141235080695
1.651999999999984e-08,2.100552831976188,8.724985725365508
1.653999999999984e-08,2.546911311911093,8.097143459767198
1.655999999999984e-08,2.987905627327314,7.451946129425457
1.657999999999983e-08,3.4226069802535397,6.790764103236424
1.659999999999983e-08,3.8500998266099984,6.115003437719091
1.661999999999983e-08,4.26948380447667,5.426102793657739
1.663999999999983e-08,4.679875630386743,4.725530266186162
1.665999999999983e-08,5.080410959648951,4.014780137355567
1.667999999999983e-08,5.470246206783269,3.2953695585413723
1.669999999999983e-08,5.848560322234131,2.5688351723205383
1.671999999999983e-08,6.214556521619841,1.8367296817322076
1.673999999999983e-08,6.567463963875864,1.100618377000595
1.675999999999983e-08,6.906539374758158,0.3620756280404702
1.677999999999983e-08,7.231068612286284,-0.3773186468876144
1.679999999999983e-08,7.540368170830147,-1.1159825278145297
1.681999999999983e-08,7.83378662067169,-1.8523356444911654
1.683999999999983e-08,8.110705980010735,-2.5848027239805393
1.685999999999983e-08,8.370543016523847,-3.3118171239607808
1.687999999999983e-08,8.612750475736286,-4.03182434320104
1.689999999999983e-08,8.836818233619814,-4.743285498957195
1.691999999999983e-08,9.042274370986704,-5.444680763023846
1.693999999999983e-08,9.228686167421118,-6.134512746541976
1.695999999999983e-08,9.395661012650658,-6.811309825706102
1.697999999999983e-08,9.542847233440344,-7.4736293989809965
1.699999999999982e-08,9.66993483426737,-8.120061068510708
1.701999999999982e-08,9.776656150217168,-8.74922973697534
1.703999999999982e-08,9.862786410723912,-9.359798613219006
1.705999999999982e-08,9.928144212970391,-9.950472118652298
1.707999999999982e-08,9.972591903948391,-10.51999868850606
1.709999999999982e-08,9.996035870375785,-11.06717346075592
1.711999999999982e-08,9.998426735859933,-11.59084084761397
1.713999999999982e-08,9.979759464891714,-12.089896983293546
1.715999999999982e-08,9.940073373450264,-12.563292043797137
1.717999999999982e-08,9.879452046198555,-13.010032433355079
1.719999999999982e-08,9.798023160441872,-13.429182834153842
1.721999999999982e-08,9.695958217220358,-13.819868114886225
1.723999999999982e-08,9.573472180103849,-14.181275095674128
1.725999999999982e-08,9.430823022446578,-14.512654165794503
1.727999999999982e-08,9.268311184058241,-14.813320752622428
1.729999999999982e-08,9.0862789384345,-15.082656639118674
1.731999999999982e-08,8.885109671878721,-15.320111129094926
1.733999999999982e-08,8.665227076035231,-15.525202058437104
1.735999999999982e-08,8.427094255533563,-15.697516652292688
1.737999999999982e-08,8.171212752622115,-15.836712227198513
1.739999999999982e-08,7.898121490848231,-15.942516738886138
1.741999999999981e-08,7.608395640006815,-16.01472917545599
1.743999999999981e-08,7.302645404749342,-16.053219797340535
1.745999999999981e-08,6.9815147394041155,-16.057930224410487
1.747999999999981e-08,6.645679991715614,-16.028873372243456
1.749999999999981e-08,6.295848478357513,-15.966133238523472
1.751999999999981e-08,5.932756995221888,-15.869864542127466
1.753999999999981e-08,5.5571702656193045,-15.740292216422258
1.755999999999981e-08,5.169879329661731,-15.577710759812625
1.757999999999981e-08,4.77169987821624,-15.382483445557149
1.759999999999981e-08,4.363470534942571,-15.155041394328883
1.761999999999981e-08,3.9460510900302115,-14.895882511980263
1.763999999999981e-08,3.5203206893547057,-14.605570296385428
1.765999999999981e-08,3.087175982869672,-14.28473251620732
1.767999999999981e-08,2.6475292361319847,-13.934059765827511
1.769999999999981e-08,2.2023064089379263,-13.554303899638075
1.771999999999981e-08,1.7524452051177475,-13.146276350243458
1.773999999999981e-08,1.2988930975953439,-12.710846334104687
1.775999999999981e-08,0.8426053328731697,-12.248938949447673
1.777999999999981e-08,0.38454291914435945,-11.761533170259963
1.779999999999981e-08,-0.07432939772999969,-11.249659741446871
1.78199999999998e-08,-0.5330451661150759,-10.7143989792301
1.78399999999998e-08,-0.9906382640901823,-10.156878482069587
1.78599999999998e-08,-1.4461449342410004,-9.57827075642359
1.78799999999998e-08,-1.8986058134728978,-8.979790762807195
1.78999999999998e-08,-2.347067953568538,-8.362693386653186
1.79199999999998e-08,-2.7905868282350754,-7.72827083958294
1.79399999999998e-08,-3.228228322413207,-7.077849995748786
1.79599999999998e-08,-3.659070699659317,-6.412789668962415
1.79799999999998e-08,-4.082206543455813,-5.734477835380614
1.79999999999998e-08,-4.49674466836214,-5.044328807551901
1.80199999999998e-08,-4.901811996980143,-4.343780364651217
1.80399999999998e-08,-5.2965553987821545,-3.634290844746979
1.80599999999998e-08,-5.680143486926914,-2.9173362039655037
1.80799999999998e-08,-6.051768369281785,-2.1944070483909117
1.80999999999998e-08,-6.410647349959664,-1.4670056435578394
1.81199999999998e-08,-6.756024577790676,-0.7366429073271119
1.81399999999998e-08,-7.087172638254313,-0.004835390982727006
1.81599999999998e-08,-7.403394085519488,0.7268977457545178
1.81799999999998e-08,-7.704022911366959,1.457037761029123
1.81999999999998e-08,-7.988425947899058,2.1840693528610844
1.82199999999998e-08,-8.25600420108319,2.906483672200033
1.823999999999979e-08,-8.506194112319898,3.6227813215525817
1.825999999999979e-08,-8.738468745379201,4.331475334609425
1.827999999999979e-08,-8.952338896204726,5.031094131554337
1.829999999999979e-08,-9.147354123248185,5.720184445606735
1.831999999999979e-08,-9.323103696164514,6.3973142156091845
1.833999999999979e-08,-9.479217460870215,7.061075440353948
1.835999999999979e-08,-9.61536661914042,7.710086989598519
1.837999999999979e-08,-9.731264421106722,8.342997367576487
1.839999999999979e-08,-9.826666769193304,8.958487424099658
1.841999999999979e-08,-9.901372732221802,9.555273009166587
1.843999999999979e-08,-9.955224968602018,10.132107566295346
1.845999999999979e-08,-9.988110057715716,10.687784660599497
1.847999999999979e-08,-9.999958738796998,11.221140436926568
1.849999999999979e-08,-9.990746056805389,11.731056004167794
1.851999999999979e-08,-9.960491414985007,12.216459741160367
1.853999999999979e-08,-9.909258533998377,12.676329520347362
1.855999999999979e-08,-9.837155317721447,13.10969484472524
1.857999999999979e-08,-9.744333625982593,13.515638894297076
1.859999999999979e-08,-9.630988954723474,13.893300477642923
1.861999999999979e-08,-9.497360024256384,14.241875884902665
1.863999999999979e-08,-9.343728276484885,14.560620637866117
1.865999999999978e-08,-9.170417282145849,14.848851133554053
1.867999999999978e-08,-8.977792059323143,15.105946177082608
1.869999999999978e-08,-8.766258304666263,15.331348400300705
1.871999999999978e-08,-8.536261538934165,15.524565562145876
1.873999999999978e-08,-8.288286168664506,15.685171727337966
1.875999999999978e-08,-8.022854465942974,15.812808319544459
1.877999999999978e-08,-7.74052546842241,15.907185045834993
1.879999999999978e-08,-7.441893801908517,15.968080688806285
1.881999999999978e-08,-7.127588427991882,15.995343763458902
1.883999999999978e-08,-6.7982713193633915,15.988893035517648
1.885999999999978e-08,-6.454636065604036,15.948717898626729
1.887999999999978e-08,-6.097406412384543,15.874878607518571
1.889999999999978e-08,-5.727334737151812,15.767506365007232
1.891999999999978e-08,-5.345200464513478,15.626803260408773
1.893999999999978e-08,-4.951808424656257,15.4530420577631
1.895999999999978e-08,-4.547987158256883,15.246565832048532
1.897999999999978e-08,-4.134587171455428,15.007787452399835
1.899999999999978e-08,-3.712479144566183,14.737188911191467
1.901999999999978e-08,-3.282552098298308,14.435320498723424
1.903999999999978e-08,-2.845711521349603,14.102799823153989
1.905999999999977e-08,-2.402877463315911,13.740310676218947
1.907999999999977e-08,-1.9549825969332746,13.348601745244547
1.909999999999977e-08,-1.502970253733804,12.92848517287004
1.911999999999977e-08,-1.047792437253059,12.480834965922893
1.913999999999977e-08,-0.5904078179722605,12.006585255794233
1.915999999999977e-08,-0.13177971421918233,11.506728412743916
1.917999999999977e-08,0.3271259367197965,10.982313017444788
1.919999999999977e-08,0.785342613003559,10.434441693216169
1.921999999999977e-08,1.2419052438716882,9.864268803234655
1.923999999999977e-08,1.6958522422231281,9.272998017173517
1.925999999999977e-08,2.146227529858047,8.66187975254884
1.927999999999977e-08,2.592082551117425,8.032208496190796
1.929999999999977e-08,3.0324782706788733,7.38532001205805
1.931999999999977e-08,3.466487151300379,6.722588441735455
1.933999999999977e-08,3.893195107349312,6.045423304703479
1.935999999999977e-08,4.311703429998537,5.355266405575709
1.937999999999977e-08,4.721130680038099,4.653588656147067
1.939999999999977e-08,5.120614544313451,3.9418868202004687
1.941999999999977e-08,5.5093136518821195,3.221680189575804
1.943999999999977e-08,5.886409346063215,2.4945072000533974
1.945999999999977e-08,6.251107408646983,1.7619219960857135
1.947999999999976e-08,6.602639732633198,1.0254909533897738
1.949999999999976e-08,6.94026593997632,0.28678916880675587
1.951999999999976e-08,7.263274940928599,-0.4526030732502351
1.953999999999976e-08,7.570986431698734,-1.1911038481465797
1.955999999999976e-08,7.862752327269629,-1.9271331427097582
1.957999999999976e-08,8.137958126359868,-2.6591164015953295
1.959999999999976e-08,8.396024205652441,-3.385488058901154
1.961999999999976e-08,8.636407040565452,-4.104695045494489
1.963999999999976e-08,8.85860034999375,-4.8152002628152335
1.965999999999976e-08,9.062136162610091,-5.515486013922599
1.967999999999976e-08,9.246585802480944,-6.204057382869221
1.969999999999976e-08,9.41156079191996,-6.879445553629848
1.971999999999976e-08,9.556713669678473,-7.540211060154012
1.973999999999976e-08,9.681738722749134,-8.184946959337914
1.975999999999976e-08,9.786372630241846,-8.812281919103327
1.977999999999976e-08,9.870395017975708,-9.420883214070198
1.979999999999976e-08,9.933628922619286,-10.009459621722394
1.981999999999976e-08,9.975941164400481,-10.576764212338885
1.983999999999976e-08,9.997242627602931,-11.121597026385821
1.985999999999976e-08,9.997488448256542,-11.642807633494122
1.987999999999976e-08,9.976678108627457,-12.139297567564933
1.989999999999975e-08,9.934855438308187,-12.610022633033457
1.991999999999975e-08,9.872108521906785,-13.053995077713765
1.993999999999975e-08,9.788569513527134,-13.470285628161772
1.995999999999975e-08,9.684414358434035,-13.858025383887473
1.997999999999975e-08,9.559862422486297,-14.2164075672625
1.999999999999975e-08,9.415176030120653,-14.544689126335776
2.001999999999975e-08,9.250659911858694,-14.842192188294522
2.003999999999975e-08,9.066660562499829,-15.108305361648643
2.005999999999975e-08,8.863565511353366,-15.342484885717656
2.007999999999975e-08,8.641802506045071,-15.544255626322222
2.009999999999975e-08,8.401838611619471,-15.71321191706554
2.011999999999975e-08,8.144179226832193,-15.849018245858936
2.013999999999975e-08,7.86936701970764,-15.951409786832071
2.015999999999975e-08,7.577980784601146,-16.02019277799005
2.017999999999975e-08,7.270634223173977,-16.05524474543707
2.019999999999975e-08,6.947974651849154,-16.056514575171544
2.021999999999975e-08,6.610681638468563,-16.02402243390033
2.023999999999975e-08,6.25946557102508,-15.957859540450592
2.025999999999975e-08,5.895066161482276,-15.858187789803303
2.027999999999975e-08,5.518250887833531,-15.725239231842213
2.029999999999975e-08,5.1298133776823684,-15.559315407344233
2.031999999999974e-08,4.730571736747846,-15.360786543779813
2.033999999999974e-08,4.321366825814632,-15.130090613909575
2.035999999999974e-08,3.9030604897589694,-14.86773226015159
2.037999999999974e-08,3.4765337423778853,-14.574281588133008
2.039999999999974e-08,3.0426849108465825,-14.250372832766756
2.041999999999974e-08,2.602427743711444,-13.89670290063072
2.043999999999974e-08,2.1566894864024633,-13.51402979233396
2.045999999999974e-08,1.7064089283205242,-13.103170908991046
2.047999999999974e-08,1.2525344256105742,-12.665001246771613
2.049999999999974e-08,0.7960219037860261,-12.20045148394866
2.051999999999974e-08,0.3378328444108014,-11.710505964695251
2.053999999999974e-08,-0.12106773991960029,-11.196200584306816
2.055999999999974e-08,-0.5797133380351926,-10.658620580333288
2.057999999999974e-08,-1.037137975803959,-10.098898234544574
2.059999999999974e-08,-1.4923782506132133,-9.518210490405687
2.061999999999974e-08,-1.9444753604356269,-8.917776491187634
2.063999999999974e-08,-2.3924771232048947,-8.298855043565535
2.065999999999974e-08,-2.8354399822495546,-7.662742011982693
2.067999999999974e-08,-3.272430993559894,-7.010767648777838
2.069999999999974e-08,-3.7025297907035126,-6.344293865474415
2.071999999999973e-08,-4.1248305232503,-5.664711450324766
2.073999999999973e-08,-4.538443764625089,-4.973437237595912
2.075999999999973e-08,-4.942498385368532,-4.271911233741821
2.077999999999973e-08,-5.336143387862591,-3.5615937060137215
2.079999999999973e-08,-5.718549698654374,-2.843962238640696
2.081999999999973e-08,-6.088911914605366,-2.1205087621655183
2.083999999999973e-08,-6.446449999187309,-1.3927365610396647
2.085999999999973e-08,-6.790410925351931,-0.662157265024943
2.087999999999973e-08,-7.120070261515066,0.06971217053886036
2.089999999999973e-08,-7.434733697315177,0.8013524901229196
2.091999999999973e-08,-7.733738505930954,1.5312451640765445
2.093999999999973e-08,-8.016454939880568,2.257875409987675
2.095999999999973e-08,-8.282287557360934,2.9797352044748093
2.097999999999973e-08,-8.530676476334541,3.6953262801227016
2.099999999999973e-08,-8.761098553722313,4.403163102842833
2.101999999999973e-08,-8.973068487218573,5.101775824488897
2.103999999999973e-08,-9.166139837408327,5.789713206139413
2.105999999999973e-08,-9.339905968033136,6.465545507024939
2.107999999999973e-08,-9.49400090242647,7.12786733463644
2.109999999999973e-08,-9.628100094312808,7.775300451126843
2.111999999999973e-08,-9.741921111350194,8.406496531676355
2.113999999999972e-08,-9.835224229972962,9.020139870056676
2.115999999999972e-08,-9.907812940284533,9.614950027191593
2.117999999999972e-08,-9.959534359935795,10.18968441805046
2.119999999999972e-08,-9.990279556117532,10.743140832787713
2.121999999999972e-08,-9.999983774988674,11.274159887565528
2.123999999999972e-08,-9.98862657805699,11.781627401068139
2.125999999999972e-08,-9.956231885226208,12.264476692215865
2.127999999999972e-08,-9.902867924416414,12.721690795189478
2.129999999999972e-08,-9.828647087866681,13.1523045873434
2.131999999999972e-08,-9.733725695420858,13.555406826186056
2.133999999999972e-08,-9.618303665294592,13.930142091087006
2.135999999999972e-08,-9.482624093019254,14.275712625971826
2.137999999999972e-08,-9.326972739447381,14.591380078735394
2.139999999999972e-08,-9.151677428898552,14.876467133735582
2.141999999999972e-08,-8.957107358714133,15.130359033182605
2.143999999999972e-08,-8.743672321674168,15.35250498392382
2.145999999999972e-08,-8.511821842914102,15.54241944555046
2.147999999999972e-08,-8.262044233160125,15.699683296493184
2.149999999999972e-08,-7.994865560275399,15.823944874213126
2.151999999999972e-08,-7.710848541285231,15.91492088635893
2.153999999999972e-08,-7.410591357213447,15.97239718922805
2.155999999999971e-08,-7.0947263932261695,15.996229430704112
2.157999999999971e-08,-6.763918906737221,15.986343554295846
2.159999999999971e-08,-6.4188656262793575,15.942736161820292
2.161999999999971e-08,-6.060293284093188,15.865474731750485
2.163999999999971e-08,-5.688957085523416,15.75469769121296
2.165999999999971e-08,-5.305639118446948,15.610614339151452
2.167999999999971e-08,-4.911146706082614,15.433504619178251
2.169999999999971e-08,-4.506310706651306,15.223718740215109
2.171999999999971e-08,-4.091983763468199,14.981676644091113
2.173999999999971e-08,-3.6690385091516786,14.707867318875966
2.175999999999971e-08,-3.2383657277336164,14.402847957848186
2.177999999999971e-08,-2.800872478537886,14.0672429636588
2.179999999999971e-08,-2.3574801857829675,13.701742798399529
2.181999999999971e-08,-1.9091226979280895,13.307102680001236
2.183999999999971e-08,-1.4567443208532982,12.884141126554894
2.185999999999971e-08,-1.0012978290144803,12.433738349908463
2.187999999999971e-08,-0.5437424587622086,11.956834501093194
2.189999999999971e-08,-0.08504188805047441,11.454427769878816
2.191999999999971e-08,0.37383779320832033,10.927572342021797
2.193999999999971e-08,0.8319301178691951,10.377376217483135
2.19599999999997e-08,1.2882702770741217,9.804998894190064
2.19799999999997e-08,1.741897152279348,9.211648921609306
2.19999999999997e-08,2.191855339511384,8.598581329687605
2.20199999999997e-08,2.6371971615846146,7.967094938392094
2.20399999999997e-08,3.0769846640488208,7.318529554365849
2.20599999999997e-08,3.510291590655301,6.654263060819621
2.20799999999997e-08,3.9362053341884806,5.975708408061942
2.20999999999997e-08,4.353828858547848,5.284310511622481
2.21199999999997e-08,4.7622825880370145,4.581543066139004
2.21399999999997e-08,5.160706259876635,3.86890528269368
2.21599999999997e-08,5.54826073604342,3.147918558439766
2.21799999999997e-08,5.924129770616293,2.420123086772308
2.21999999999997e-08,6.28752172890823,1.6870744174388719
2.22199999999997e-08,6.637671254764332,0.950339975281933
2.22399999999997e-08,6.973840882511961,0.21149554736943355
2.22599999999997e-08,7.295322590171738,-0.527878252487124
2.22799999999997e-08,7.601439290653156,-1.2661995318719033
2.22999999999997e-08,7.891546257798754,-2.0018886714371353
2.23199999999997e-08,8.165032484271029,-2.733371870105139
2.23399999999997e-08,8.421321968422046,-3.4590846747371007
2.23599999999997e-08,8.659874927437139,-4.177475484370197
2.237999999999969e-08,8.880188934194845,-4.8870090201871275
2.239999999999969e-08,9.081799975451998,-5.586169751596537
2.241999999999969e-08,9.264283429122555,-6.273465269962197
2.243999999999969e-08,9.427254958593645,-6.947429600782207
2.245999999999969e-08,9.570371322193516,-7.606626446377551
2.247999999999969e-08,9.693331096109038,-8.249652350452719
2.249999999999969e-08,9.79587530922743,-8.87513977722243
2.251999999999969e-08,9.8777879885672,-9.481760097146852
2.253999999999969e-08,9.938896614148485,-10.068226472703001
2.255999999999969e-08,9.979072482345419,-10.63329663701007
2.257999999999969e-08,9.998230976953959,-11.175775559552514
2.259999999999969e-08,9.99633174740655,-11.694517992650756
2.261999999999969e-08,9.973378793756149,-12.188430893806057
2.263999999999969e-08,9.929420458251181,-12.656475718435756
2.265999999999969e-08,9.864549323519988,-13.097670579037768
2.267999999999969e-08,9.778902017578584,-13.511092266195623
2.269999999999969e-08,9.672658926071831,-13.895878128379003
2.271999999999969e-08,9.546043812355464,-14.251227806841293
2.273999999999969e-08,9.399323346217958,-14.576404823472666
2.275999999999969e-08,9.232806542234906,-14.870738018784246
2.277999999999969e-08,9.046844108940189,-15.133622838752192
2.279999999999968e-08,8.841827710182159,-15.364522468535258
2.281999999999968e-08,8.61818914022372,-15.56296881261343
2.283999999999968e-08,8.376399414320224,-15.728563320164257
2.285999999999968e-08,8.11696777669313,-15.860977655987929
2.287999999999968e-08,7.840440627988388,-15.959954216530958
2.289999999999968e-08,7.547400374476876,-16.0253064920286
2.291999999999968e-08,7.238464201422601,-16.056919274998528
2.293999999999968e-08,6.9142827732009415,-16.054748716746282
2.295999999999968e-08,6.575538862905295,-16.018822232728102
2.297999999999968e-08,6.222945914327593,-15.94923825902339
2.299999999999968e-08,5.857246539342831,-15.846165861300832
2.301999999999968e-08,5.47921095386017,-15.709844199081612
2.303999999999968e-08,5.089635355636779,-15.540581847160674
2.305999999999968e-08,4.689340247370111,-15.338755977466146
2.307999999999968e-08,4.27916870859979,-15.104811403672592
2.309999999999968e-08,3.8599846200605414,-14.839259492265722
2.311999999999968e-08,3.4326708442232734,-14.542676942773669
2.313999999999968e-08,2.99812736585936,-14.215704441254529
2.315999999999968e-08,2.5572693965421056,-13.859045190095953
2.317999999999968e-08,2.1110254470779743,-13.473463318580903
2.319999999999968e-08,1.6603353719291114,-13.05978217758419
2.321999999999967e-08,1.206148389742312,-12.618882523161679
2.323999999999967e-08,0.7494210841583193,-12.151700592697434
2.325999999999967e-08,0.2911153891067553,-11.659226078637008
2.327999999999967e-08,-0.1678034371650483,-11.142500003726742
2.329999999999967e-08,-0.6263688450672822,-10.602612503036625
2.331999999999967e-08,-1.0836150293599411,-10.040700516903422
2.333999999999967e-08,-1.5385789632791358,-9.457945400292322
2.335999999999967e-08,-1.990302426811641,-8.85557045289065
2.337999999999967e-08,-2.437834024844321,-8.234838375617892
2.339999999999967e-08,-2.8802311909410516,-7.59704865801436
2.341999999999967e-08,-3.3165621725231853,-6.943534902332793
2.343999999999967e-08,-3.745907993276898,-6.27566208891539
2.345999999999967e-08,-4.167364388649397,-5.594823788779513
2.347999999999967e-08,-4.580043710362136,-4.902439328065777
2.349999999999967e-08,-4.9830767959260225,-4.199950910347416
2.351999999999967e-08,-5.375614799223882,-3.488820701483597
2.353999999999967e-08,-5.756830978303928,-2.7705278830324476
2.355999999999967e-08,-6.125922436617581,-2.0465656789162567
2.357999999999967e-08,-6.482111814036462,-1.318438361338381
2.359999999999967e-08,-6.824648924084853,-0.5876582405955899
2.361999999999966e-08,-7.152812333942271,0.1442573552551396
2.363999999999966e-08,-7.465910883884486,0.8757891063058132
2.365999999999966e-08,-7.76328514296698,1.6054187264069597
2.367999999999966e-08,-8.044308797881317,2.3316319840019917
2.369999999999966e-08,-8.308389972062846,3.05292171241367
2.371999999999966e-08,-8.55497247226744,3.76779080523848
2.373999999999966e-08,-8.783536959995896,4.474755191184898
2.375999999999966e-08,-8.993602045295756,5.172346784144244
2.377999999999966e-08,-9.184725300638409,5.85911640297454
2.379999999999966e-08,-9.356504192735816,6.533636656903985
2.381999999999966e-08,-9.508576930333689,7.1945047911829985
2.383999999999966e-08,-9.64062322619641,7.8403454890201285
2.385999999999966e-08,-9.752364971678528,8.469813624555456
2.387999999999966e-08,-9.843566822461902,9.081596963045335
2.389999999999966e-08,-9.914036694224638,9.67441880311981
2.391999999999966e-08,-9.963626167198814,10.247040557400222
2.393999999999966e-08,-9.992230798764101,10.79826426645203
2.395999999999966e-08,-9.999790343418802,11.326935042456409
2.397999999999966e-08,-9.986288879665683,11.831943437667135
2.399999999999966e-08,-9.951754843545157,12.312227734121773
2.401999999999966e-08,-9.896260968744519,12.766776149753746
2.403999999999965e-08,-9.819924133410819,13.194628957460598
2.405999999999965e-08,-9.722905113987657,13.594880512339369
2.407999999999965e-08,-9.605408246597612,13.966681183721906
2.409999999999965e-08,-9.467680996680162,14.30923918730409
2.411999999999965e-08,-9.310013437793586,14.621822314080934
2.413999999999965e-08,-9.132737640678457,14.903759551465168
2.415999999999965e-08,-8.936226973867978,15.154442593422136
2.417999999999965e-08,-8.720895317320121,15.373327235089217
2.419999999999965e-08,-8.48719619072591,15.559934648876062
2.421999999999965e-08,-8.235621798331927,15.713852537649341
2.423999999999965e-08,-7.966701992286107,15.834736162184115
2.425999999999965e-08,-7.681003156692734,15.92230923871396
2.427999999999965e-08,-7.379127014725095,15.976364703979451
2.429999999999965e-08,-7.061709361309565,15.99676534390393
2.431999999999965e-08,-6.7294187240489745,15.983444283617644
2.433999999999965e-08,-6.382954955206688,15.936405335301608
2.435999999999965e-08,-6.023047757716227,15.855723201993243
2.437999999999965e-08,-5.650455148321298,15.741543534261604
2.439999999999965e-08,-5.26596186108208,15.59408283840047
2.441999999999965e-08,-4.870377694612182,15.413628233584276
2.443999999999965e-08,-4.464535806524839,15.200537057232676
2.445999999999964e-08,-4.04929095868245,14.955236316671394
2.447999999999964e-08,-3.625517716944082,14.678221987019956
2.449999999999964e-08,-3.1941086092028836,14.370058154131392
2.451999999999964e-08,-2.755972245592875,14.031376003298956
2.453999999999964e-08,-2.3120314048246104,13.662872653373848
2.455999999999964e-08,-1.8632210906789348,13.265309837869665
2.457999999999964e-08,-1.4104865627539986,12.83951243358672
2.459999999999964e-08,-0.9547813456108889,12.386366839276741
2.461999999999964e-08,-0.497065220513071,11.9068192058156
2.463999999999964e-08,-0.03830220398759465,11.401873521379668
2.465999999999964e-08,0.4205414825332321,10.872589554090094
2.467999999999964e-08,0.8784994477143426,10.32008065661194
2.469999999999964e-08,1.3346071656783476,9.745511436160314
2.471999999999964e-08,1.7879040074367802,9.150095295411775
2.473999999999964e-08,2.2374352641140183,8.535091848745902
2.475999999999964e-08,2.6822541577024017,7.901804220278308
2.477999999999964e-08,3.1214238351146006,7.25157622905892
2.479999999999964e-08,3.5540193413313714,6.585789468799175
2.481999999999964e-08,3.9791295674913574,5.90586028836626
2.483999999999964e-08,4.395859169818439,5.213236681246958
2.485999999999963e-08,4.803330455345423,4.50939509098458
2.487999999999963e-08,5.200685230462465,3.7958371415103276
2.489999999999963e-08,5.5870866083979065,3.074086300027923
2.491999999999963e-08,5.961720771822332,2.3456844819623734
2.493999999999963e-08,6.323798686866944,1.6121886061467583
2.495999999999963e-08,6.672557764941911,0.8751671102054104
2.497999999999963e-08,7.007263468859826,0.13619643466111775
2.499999999999963e-08,7.327210859876754,-0.6031425139844115
2.501999999999963e-08,7.631726082395485,-1.3412679124766846
2.503999999999963e-08,7.920167783203591,-2.0766005719674574
2.505999999999963e-08,8.191928462255692,-2.8075674823628827
2.507999999999963e-08,8.44643575215731,-3.532605339535033
2.509999999999963e-08,8.683153623652684,-4.250164046791238
2.511999999999963e-08,8.901583514581368,-4.958710180488768
2.513999999999963e-08,9.101265379920843,-5.656730411492172
2.515999999999963e-08,9.281778660709673,-6.34273487272341
2.517999999999963e-08,9.442743169804423,-7.015260464951156
2.519999999999963e-08,9.58381989260937,-7.672874091583903
2.521999999999963e-08,9.704711701090773,-8.314175815188118
2.523999999999963e-08,9.805163979570652,-8.937801927130561
2.525999999999963e-08,9.88496516098547,-9.542427923759034
2.527999999999962e-08,9.943947172476042,-10.126771381250954
2.529999999999962e-08,9.981985789373926,-10.68959472333242
2.531999999999962e-08,9.999000896836474,-11.229707874802376
2.533999999999962e-08,9.9949566585803,-11.745970795918549
2.535999999999962e-08,9.969861592357354,-12.237295891443068
2.537999999999962e-08,9.923768552016043,-12.702650290292938
2.539999999999962e-08,9.856774616182618,-13.141057990491035
2.541999999999962e-08,9.76902088379994,-13.551601866269802
2.543999999999962e-08,9.660692176952423,-13.933425532929755
2.545999999999962e-08,9.532016651604081,-14.28573506720121
2.547999999999962e-08,9.3832653170689,-14.607800579603092
2.549999999999962e-08,9.214751465226101,-14.898957637446975
2.551999999999962e-08,9.026830010681607,-15.158608535805751
2.553999999999962e-08,8.819896743266886,-15.386223415968182
2.555999999999962e-08,8.594387494447965,-15.581341229507828
2.557999999999962e-08,8.350777219401028,-15.74357054826281
2.559999999999962e-08,8.089578996688385,-15.87259021914722
2.561999999999962e-08,7.811342947639965,-15.968149864804438
2.563999999999962e-08,7.516655077718704,-16.030070229734683
2.565999999999962e-08,7.206136042307576,-16.058243373581305
2.567999999999962e-08,6.880439839519692,-16.052632711846204
2.569999999999961e-08,6.540252432783222,-16.01327290633947
2.571999999999961e-08,6.1862903061030705,-15.940269606199319
2.573999999999961e-08,5.819298955041852,-15.833799042359598
2.575999999999961e-08,5.440051316597416,-15.694107476805108
2.577999999999961e-08,5.049346141286493,-15.521510509995728
2.579999999999961e-08,4.648006310859376,-15.316392248270416
2.581999999999961e-08,4.236877105192494,-15.079204335059494
2.583999999999961e-08,3.8168244220053715,-14.810464848123427
2.585999999999961e-08,3.388732953155671,-14.510757067062286
2.587999999999961e-08,2.9535043213486656,-14.180728113689089
2.589999999999961e-08,2.5120551811901315,-13.82108746985644
2.591999999999961e-08,2.065315288578562,-13.43260537568769
2.593999999999961e-08,1.6142255425035668,-13.01611111311718
2.595999999999961e-08,1.1597360033774873,-12.572491177989974
2.597999999999961e-08,0.7028038920693369,-12.102687345925677
2.599999999999961e-08,0.24439157385980348,-11.607694635458742
2.601999999999961e-08,-0.2145354684405243,-11.088559173924818
2.603999999999961e-08,-0.673010667937235,-10.54637596983532
2.605999999999961e-08,-1.1300684093823454,-9.982286597444157
2.607999999999961e-08,-1.5847460629002663,-9.397476797449844
2.609999999999961e-08,-2.036086011425353,-8.79317399971924
2.61199999999996e-08,-2.483137667583235,-8.17064477217
2.61399999999996e-08,-2.9249594757642106,-7.531192201828851
2.61599999999996e-08,-3.360620895177635,-6.8761532123502445
2.61799999999996e-08,-3.7892043597040903,-6.206895824130365
2.61999999999996e-08,-4.209807210423966,-5.524816361388796
2.62199999999996e-08,-4.621543596747157,-4.831336612443615
2.62399999999996e-08,-5.0235463421433035,-4.127900947596741
2.62599999999996e-08,-5.414968770541373,-3.4159734009031606
2.62799999999996e-08,-5.794986489551679,-2.6970347202546208
2.62999999999996e-08,-6.162799126756546,-1.9725793920517543
2.63199999999996e-08,-6.517632015409891,-1.2441126448720086
2.63399999999996e-08,-6.858737825998662,-0.5131474383727186
2.63599999999996e-08,-7.185398140226007,0.21879855821282934
2.63799999999996e-08,-7.496924964105367,0.9502059918271577
2.63999999999996e-08,-7.7926621769750515,1.6795568513110481
2.64199999999996e-08,-8.0719869133834,2.405337487027648
2.64399999999996e-08,-8.334310874934303,3.1260416202348873
2.64599999999996e-08,-8.579081569328517,3.840173336236874
2.64799999999996e-08,-8.805783473992301,4.546250057298473
2.64999999999996e-08,-9.01393912184334,5.242805489477975
2.651999999999959e-08,-9.203110106905221,5.928392539496619
2.653999999999959e-08,-9.372898007654062,6.601586195940312
2.655999999999959e-08,-9.522945226152046,7.260986371038891
2.657999999999959e-08,-9.65293574120063,7.9052206974538075
2.659999999999959e-08,-9.762595773926686,8.532947276451598
2.661999999999959e-08,-9.85169436440103,9.14285737202103
2.663999999999959e-08,-9.92004385807288,9.733678047424643
2.665999999999959e-08,-9.967500300998132,10.304174738852812
2.667999999999959e-08,-9.993963743026967,10.853153762788391
2.669999999999959e-08,-9.999378448313223,11.379464751838707
2.671999999999959e-08,-9.983733012702611,11.882003015739496
2.673999999999959e-08,-9.94706038775095,12.359711822365838
2.675999999999959e-08,-9.889437811323898,12.811584595545877
2.677999999999959e-08,-9.810986644922416,13.236667024588256
2.679999999999959e-08,-9.711872118078336,13.634059082381578
2.681999999999959e-08,-9.592302980356404,14.002916947061683
2.683999999999959e-08,-9.452531061697966,14.342454824192053
2.685999999999959e-08,-9.292850742030346,14.651946664517856
2.687999999999959e-08,-9.113598331259908,14.93072777433968
2.689999999999959e-08,-8.915151360954887,15.17819631367412
2.691999999999959e-08,-8.697927789209192,15.393814679359519
2.693999999999958e-08,-8.46238512036157,15.577110768415391
2.695999999999958e-08,-8.209019441425935,15.727679118972215
2.697999999999958e-08,-7.938364377259366,15.845181924262096
2.699999999999958e-08,-7.650989966671351,15.929349917208068
2.701999999999958e-08,-7.3475014618391565,15.97998312134652
2.703999999999958e-08,-7.028538053559075,15.996951465898523
2.705999999999958e-08,-6.69477152501774,15.9801952610521
2.707999999999958e-08,-6.346904836919576,15.92972553164229
2.709999999999958e-08,-5.98567064694977,15.84562420568636
2.711999999999958e-08,-5.611829766690057,15.728044156418264
2.713999999999958e-08,-5.226169559240601,15.577209094789879
2.715999999999958e-08,-4.829502280917719,15.393413311622028
2.717999999999958e-08,-4.422663370525659,15.177021266970957
2.719999999999958e-08,-4.006509689800097,14.928467026551374
2.721999999999958e-08,-3.5819177187339513,14.648253543470213
2.723999999999958e-08,-3.1497817095830216,14.336951785841045
2.725999999999958e-08,-2.7110118034412434,13.995199709332496
2.727999999999958e-08,-2.2665321133517047,13.623701076051042
2.729999999999958e-08,-1.8172787779897615,13.223224119654486
2.731999999999958e-08,-1.3641979900206325,12.794600059014115
2.733999999999958e-08,-0.9082440032791572,12.338721461248703
2.735999999999957e-08,-0.4503771229736886,11.856540457396259
2.737999999999957e-08,0.008438316856373973,11.349066812520348
2.739999999999957e-08,0.4672359843674867,10.817365854516092
2.741999999999957e-08,0.9250495851474971,10.262556264401091
2.743999999999957e-08,1.3809148973714658,9.685807733353258
2.745999999999957e-08,1.8338718025922018,9.088338490274905
2.747999999999957e-08,2.282966307889933,8.471412706134274
2.749999999999957e-08,2.727252555118742,7.83633777981485
2.751999999999957e-08,3.165794813021927,7.184461512663831
2.753999999999957e-08,3.5976694480163163,6.517169177385651
2.755999999999957e-08,4.021966869500293,5.835880489325818
2.757999999999957e-08,4.437793445582039,5.142046486605212
2.759999999999957e-08,4.844273385198328,4.437146327941233
2.761999999999957e-08,5.240550582657932,3.7226840153100627
2.763999999999957e-08,5.625790420723753,3.0001850509357997
2.765999999999957e-08,5.999181528438036,2.271193036350483
2.767999999999957e-08,6.359937489987089,1.537266223513245
2.769999999999957e-08,6.707298501007375,0.7999740261711574
2.771999999999957e-08,7.040532968842883,0.0608935018007184
2.773999999999957e-08,7.358939053386471,-0.6783941874136667
2.775999999999956e-08,7.661846145256002,-1.4163073240259783
2.777999999999956e-08,7.9486162781949865,-2.1512671866467103
2.779999999999956e-08,8.218645472722773,-2.881701592560626
2.781999999999956e-08,8.471365008201893,-3.6060484231658085
2.783999999999956e-08,8.70624262064712,-4.322759121795361
2.785999999999956e-08,8.922783623749876,-5.030302155670352
2.787999999999956e-08,9.12053195075979,-5.727166431846786
2.789999999999956e-08,9.299071115027036,-6.4118646592931094
2.791999999999956e-08,9.458025087184186,-7.082936647407778
2.793999999999956e-08,9.59705908711772,-7.738952533626886
2.795999999999956e-08,9.715880289064227,-8.378515931022235
2.797999999999956e-08,9.814238438343835,-9.000266989182549
2.799999999999956e-08,9.89192637843217,-9.602885359965896
2.801999999999956e-08,9.948780487262997,-10.18509306215909
2.803999999999956e-08,9.98468102183947,-10.745657237420382
2.805999999999956e-08,9.999552370430266,-11.283392792353686
2.807999999999956e-08,9.993363211818874,-11.797164919940206
2.809999999999956e-08,9.966126581270718,-12.28589149605208
2.811999999999956e-08,9.917899843079114,-12.748545345150909
2.813999999999956e-08,9.848784569747359,-13.184156371808143
2.815999999999956e-08,9.758926328062522,-13.59181355304473
2.817999999999955e-08,9.64851437251102,-13.970666789039132
2.819999999999955e-08,9.517781246680679,-14.319928608101273
2.821999999999955e-08,9.367002293490302,-14.638875724349077
2.823999999999955e-08,9.196495075277976,-14.92685044486386
2.825999999999955e-08,9.006618704968439,-15.183261925628578
2.827999999999955e-08,8.797773089729066,-15.407587273852275
2.829999999999955e-08,8.570398088707742,-15.599372496808982
2.831999999999955e-08,8.324972586625346,-15.758233295581125
2.833999999999955e-08,8.062013485175324,-15.883855704595607
2.835999999999955e-08,7.782074614353762,-15.975996576076179
2.837999999999955e-08,7.485745566013002,-16.0344839109976
2.839999999999955e-08,7.173650452096059,-16.05921703634161
2.841999999999955e-08,6.846446590165534,-16.050166630878326
2.843999999999955e-08,6.504823118998471,-16.007374599873113
2.845999999999955e-08,6.149499547159931,-15.930953801529423
2.847999999999955e-08,5.7812242376128475,-15.821087626117558
2.849999999999955e-08,5.400772831558487,-15.678029431113183
2.851999999999955e-08,5.008946614822207,-15.502101833792082
2.853999999999955e-08,4.6065708302306385,-15.293695865067791
2.855999999999955e-08,4.194492939529115,-15.053269986469608
2.857999999999955e-08,3.7735808385062075,-14.78134897446559
2.859999999999954e-08,3.3447210290774576,-14.478522674407746
2.861999999999954e-08,2.9088167521853503,-14.145444628704041
2.863999999999954e-08,2.466786085442041,-13.782830581839267
2.865999999999954e-08,2.0195600095249677,-13.391456867190454
2.867999999999954e-08,1.568080447396758,-12.972158678573265
2.869999999999954e-08,1.1132982804784586,-12.525828231776504
2.871999999999954e-08,0.6561713459561913,-12.053412819309273
2.873999999999954e-08,0.1976624194359733,-11.555912763875686
2.875999999999954e-08,-0.2612628127999228,-11.034379274074135
2.877999999999954e-08,-0.7196377876698135,-10.489912208061503
2.879999999999954e-08,-1.1764971010131964,-9.923657748900139
2.881999999999954e-08,-1.6308785408725157,-9.336805997543385
2.883999999999954e-08,-2.0818251140516386,-8.730588487358082
2.885999999999954e-08,-2.5283870616810145,-8.106275626312275
2.887999999999954e-08,-2.969623859548909,-7.465174070876324
2.889999999999954e-08,-3.404606198980309,-6.808624037904831
2.891999999999954e-08,-3.8324179440974993,-6.137996558658432
2.893999999999954e-08,-4.252158061333278,-5.45469068132598
2.895999999999954e-08,-4.662942517139834,-4.760130626283221
2.897999999999954e-08,-5.063906139890273,-4.055762900512239
2.899999999999954e-08,-5.454204442056243,-3.343053375446048
2.901999999999953e-08,-5.833015398821417,-2.623484334670634
2.903999999999953e-08,-6.199541179383927,-1.898551495761125
2.905999999999953e-08,-6.553009827304779,-1.169761012657644
2.907999999999953e-08,-6.892676886359306,-0.4386264628161163
2.909999999999953e-08,-7.217826968470398,0.2933341745150475
2.911999999999953e-08,-7.527775260419034,1.024601544736825
2.913999999999953e-08,-7.82186896616055,1.7536579427772647
2.915999999999953e-08,-8.099488681708067,2.4789903323615414
2.917999999999953e-08,-8.36004969968629,3.1990933535011035
2.919999999999953e-08,-8.603003240810757,3.912472314272386
2.921999999999953e-08,-8.827837609696187,4.6176461608335995
2.923999999999953e-08,-9.034079272561279,5.313150421891399
2.925999999999953e-08,-9.221293854559498,5.997540121691847
2.927999999999953e-08,-9.389087054635482,6.669392657879025
2.929999999999953e-08,-9.537105475980301,7.327310638446605
2.931999999999953e-08,-9.665037370336416,7.969924674239626
2.933999999999953e-08,-9.772613294584342,8.595896121371238
2.935999999999953e-08,-9.859606678229383,9.203919770135794
2.937999999999953e-08,-9.925834300591907,9.79272647489604
2.939999999999953e-08,-9.971156676696236,10.361085721646624
2.941999999999952e-08,-9.99547835104675,10.907808127826657
2.943999999999952e-08,-9.99874809867074,11.431747871188058
2.945999999999952e-08,-9.980959033005332,11.931805042377896
2.947999999999952e-08,-9.942148620402547,12.406927918136912
2.949999999999952e-08,-9.882398601218423,12.85611514984164
2.951999999999952e-08,-9.801834817657173,13.278417864372338
2.953999999999952e-08,-9.70062694872853,13.672941672112081
2.955999999999952e-08,-9.578988152879164,14.038848579133067
2.957999999999952e-08,-9.437174619050692,14.375358798455085
2.959999999999952e-08,-9.27548502710762,14.681752457507802
2.961999999999952e-08,-9.094259918775549,14.957371196789971
2.963999999999952e-08,-8.893880980409662,15.201619656949216
2.965999999999952e-08,-8.674770239108454,15.41396684939711
2.967999999999952e-08,-8.43738917386383,15.593947407830932
2.969999999999952e-08,-8.182237743618703,15.741162715931289
2.971999999999952e-08,-7.909853334281625,15.85528190879737
2.973999999999952e-08,-7.620809626913583,15.936042743602052
2.975999999999952e-08,-7.315715389473065,15.983252337290367
2.977999999999952e-08,-6.995213194661898,15.996787767078358
2.979999999999952e-08,-6.659978066574257,15.976596531907973
2.981999999999952e-08,-6.310716058998467,15.922696870992791
2.983999999999952e-08,-5.948162768364296,15.835177938000822
2.985999999999952e-08,-5.5730817844711344,15.714199827484677
2.987999999999952e-08,-5.186263082257003,15.559993452615606
2.989999999999953e-08,-4.788521357996567,15.372860271365862
2.991999999999953e-08,-4.380694313432798,15.15317186081977
2.993999999999953e-08,-3.963640891454845,14.90136933740127
2.995999999999954e-08,-3.5382394670416817,14.617962623387882
2.997999999999954e-08,-3.1053859972751674,14.303529558263751
2.999999999999954e-08,-2.665992134325057,13.958714856058595
3.001999999999954e-08,-2.2209833053780104,13.584228908051887
3.003999999999955e-08,-1.7712967635526988,13.180846432866433
3.005999999999955e-08,-1.3178796139098337,12.749404974229162
3.007999999999955e-08,-0.861686818710794,12.290803249354386
3.009999999999955e-08,-0.40367918612915776,11.805999349186136
3.011999999999956e-08,0.05517865335114003,11.296008794429602
3.013999999999956e-08,0.5139202785865438,10.761902449595407
3.015999999999956e-08,0.9715795131980398,10.2048042999896
3.017999999999957e-08,1.4271924604781772,9.625889094866169
3.019999999999957e-08,1.8797995334972617,9.026379862669408
3.021999999999957e-08,2.328447476132478,8.407545302561825
3.023999999999957e-08,2.77219137076401,7.770697059123921
3.025999999999958e-08,3.210096628407877,7.117186885358118
3.027999999999958e-08,3.641240957096503,6.4484037017853435
3.029999999999958e-08,4.064716304358562,5.765770557622618
3.031999999999959e-08,4.479630769709697,5.070741502650966
3.033999999999959e-08,4.885110483124899,4.364798376522483
3.035999999999959e-08,5.280301445533819,3.6494475248222136
3.037999999999959e-08,5.6643713274679985,2.926216449274377
3.03999999999996e-08,6.0365112220668316,2.1966504019832467
3.04199999999996e-08,6.395937348752878,1.4623089316041504
3.04399999999996e-08,6.7418927039877286,0.724762391754008
3.045999999999961e-08,7.073648655630316,-0.014411580093964815
3.047999999999961e-08,7.390506477542913,-0.7536316026464096
3.049999999999961e-08,7.69179882120874,-1.4913161013496712
3.051999999999961e-08,7.97689112126565,-2.225886858775561
3.053999999999962e-08,8.245182931992057,-2.955772556405223
3.055999999999962e-08,8.496109191932666,-3.6794122972018117
3.057999999999962e-08,8.729141414000608,-4.395259100682503
3.059999999999963e-08,8.943788798546958,-5.101783360117795
3.061999999999963e-08,9.139599267056653,-5.797476253879497
3.063999999999963e-08,9.316160414290952,-6.480853100952144
3.065999999999963e-08,9.473100376872768,-7.150456653090997
3.067999999999964e-08,9.610088616485157,-7.804860314162054
3.069999999999964e-08,9.726836616032465,-8.442671279742964
3.071999999999964e-08,9.823098487299454,-9.06253358815956
3.073999999999965e-08,9.898671488827503,-9.663131076745657
3.075999999999965e-08,9.953396452917485,-10.243190235234678
3.077999999999965e-08,9.987158120860151,-10.80148295087291
3.079999999999965e-08,9.999885385687302,-11.336829137972293
3.081999999999966e-08,9.991551441933977,-11.84809924734942
3.083999999999966e-08,9.962173842093968,-12.334216649233841
3.085999999999966e-08,9.91181445965228,-12.794159885994084
3.087999999999967e-08,9.840579358770253,-13.226964789164075
3.089999999999967e-08,9.748618570899371,-13.631726458001259
3.091999999999967e-08,9.636125778792914,-14.007601094996325
3.093999999999967e-08,9.503337908582154,-14.353807696448118
3.095999999999968e-08,9.35053463077573,-14.669629594411425
3.097999999999968e-08,9.178037771232939,-14.954415849023794
3.099999999999968e-08,8.986210633351366,-15.207582488350969
3.101999999999968e-08,8.775457232897965,-15.428613595620643
3.103999999999969e-08,8.546221447092716,-15.617062241785273
3.105999999999969e-08,8.298986079739223,-15.772551264059075
3.107999999999969e-08,8.034271844369666,-15.894773889149727
3.10999999999997e-08,7.75263626754652,-15.983494202547966
3.11199999999997e-08,7.4546725146311665,-16.03854746328515
3.11399999999997e-08,7.141008140491012,-16.05984026620455
3.11599999999997e-08,6.81230376777886,-16.047350551785854
3.117999999999971e-08,6.469251695564671,-16.001127466167997
3.119999999999971e-08,6.112574441254348,-15.92129107199558
3.121999999999971e-08,5.743023218862775,-15.808031913273846
3.123999999999972e-08,5.361376356848413,-15.661610435372285
3.125999999999972e-08,4.968437658840363,-15.482356263859742
3.127999999999972e-08,4.5650347107116795,-15.270667343770361
3.129999999999972e-08,4.152017137563746,-15.027008943419462
3.131999999999973e-08,3.7302548142919,-14.751912524794797
3.133999999999973e-08,3.3006360335037233,-14.445974485029156
3.135999999999973e-08,2.864065634644919,-14.1098547713584
3.137999999999974e-08,2.421463098277288,-13.744275374428462
3.139999999999974e-08,1.9737606095184823,-13.350018702676604
3.141999999999974e-08,1.5219010947258305,-12.92792584299085
3.143999999999974e-08,1.0668362355558125,-12.478894710664989
3.145999999999975e-08,0.609524464584954,-12.003878094128172
3.147999999999975e-08,0.15092894671231427,-11.503881597753619
3.149999999999975e-08,-0.3079844494064954,-10.979961488465362
3.151999999999976e-08,-0.76624918561774,-10.433222449689916
3.153999999999976e-08,-1.2229000899399711,-9.864815248591174
3.155999999999976e-08,-1.6769753893552952,-9.275934320336688
3.157999999999976e-08,-2.127518735443479,-8.66781527552174
3.159999999999977e-08,-2.57358121858986,-8.041732334664209
3.161999999999977e-08,-3.0142233665271245,-7.398995696055732
3.163999999999977e-08,-3.4485171229996503,-6.740948841007066
3.165999999999978e-08,-3.875547802384638,-6.068965782885849
3.167999999999978e-08,-4.294416016153213,-5.384448264079578
3.169999999999978e-08,-4.7042395671123005,-4.6888229073557275
3.171999999999978e-08,-5.104155307439906,-3.9835383258037815
3.173999999999979e-08,-5.493320956600489,-3.2700621978730693
3.175999999999979e-08,-5.870916875308607,-2.549878311689291
3.177999999999979e-08,-6.2361477918090324,-1.824483585170955
3.17999999999998e-08,-6.588244476834149,-1.0953850661102882
3.18199999999998e-08,-6.926465363712109,-0.36409691867944627
3.18399999999998e-08,-7.250098110214043,0.36786259951382405
3.18599999999998e-08,-7.5584610988497225,1.0989741634414019
3.187999999999981e-08,-7.850904872453435,1.827720405698341
3.189999999999981e-08,-8.126813502034146,2.5525889343029906
3.191999999999981e-08,-8.385605884011937,3.272075339317393
3.193999999999981e-08,-8.626736964106207,3.984686182131214
3.195999999999982e-08,-8.849698885298851,4.688941963604143
3.197999999999982e-08,-9.054022057454869,5.383380065040577
3.199999999999982e-08,-9.239276146347342,6.0665576583252
3.201999999999983e-08,-9.40507098000376,6.737054579324275
3.203999999999983e-08,-9.551057370464576,7.393476161023482
3.205999999999983e-08,-9.676927849223693,8.034456020634572
3.207999999999983e-08,-9.782417314802228,8.658658797270014
3.209999999999984e-08,-9.867303591089671,9.264782834544238
3.211999999999984e-08,-9.93140789528002,9.851562804818359
3.213999999999984e-08,-9.974595214413684,10.417772269555758
3.215999999999985e-08,-9.99677458973447,10.96222617260989
3.217999999999985e-08,-9.997899308262003,11.483783261012515
3.219999999999985e-08,-9.977967001176037,11.981348430170735
3.221999999999985e-08,-9.937019648805334,12.453874988123781
3.223999999999986e-08,-9.875143492211302,12.900366835854049
3.225999999999986e-08,-9.792468851551606,13.319880558374741
3.227999999999986e-08,-9.68916985160706,13.711527423667214
3.229999999999987e-08,-9.565464055049656,14.074475284260979
3.231999999999987e-08,-9.42161200422409,14.407950378609646
3.233999999999987e-08,-9.257916672407497,14.711239027145663
3.235999999999987e-08,-9.074722825704097,14.98368922025728
3.237999999999988e-08,-8.872416296917706,15.224712093173999
3.239999999999988e-08,-8.651423172931771,15.433783285129564
3.241999999999988e-08,-8.412208897309092,15.610444177932447
3.243999999999989e-08,-8.155277289999429,15.754303011469073
3.245999999999989e-08,-7.881169486222195,15.865035871470369
3.247999999999989e-08,-7.590462796757236,15.942387547279168
3.249999999999989e-08,-7.283769492044123,15.986172255211928
3.25199999999999e-08,-6.961735512652556,15.99627422553529
3.25399999999999e-08,-6.625039108836939,15.972648148985357
3.25599999999999e-08,-6.274389412044279,15.915319481228485
3.257999999999991e-08,-5.910524941379003,15.8243846015923
3.259999999999991e-08,-5.534212048175946,15.700010824948428
3.261999999999991e-08,-5.146243301952458,15.542436263581983
3.263999999999991e-08,-4.747435821142676,15.351969538471732
3.265999999999992e-08,-4.338629552127382,15.128989337450328
3.267999999999992e-08,-3.920685500184873,14.873943820308044
3.269999999999992e-08,-3.494483916089308,14.587349869011558
3.271999999999993e-08,-3.0609224421749293,14.269792183870145
3.273999999999993e-08,-2.6209142217715753,13.921922224586659
3.275999999999993e-08,-2.1753859759910954,13.544456997881426
3.277999999999993e-08,-1.725276051919522,13.13817769149317
3.279999999999994e-08,-1.2715324463218325,12.703928157140387
3.281999999999994e-08,-0.8151108090233006,12.242613243197308
3.283999999999994e-08,-0.35697243017196456,11.755196980619997
3.285999999999994e-08,0.10191778437740329,11.242700623849021
3.287999999999995e-08,0.560593345295124,10.706200551219847
3.289999999999995e-08,1.0180882153429938,10.146826027610079
3.291999999999995e-08,1.4734388439890944,9.565756834846283
3.293999999999996e-08,1.9256861967847927,8.96422077358694
3.295999999999996e-08,2.3738777752305706,8.343491043188433
3.297999999999996e-08,2.8170696228752012,7.7048835042309305
3.299999999999996e-08,3.2543283134260914,7.04975383113482
3.301999999999997e-08,3.6847329166792564,6.37949456044451
3.303999999999997e-08,4.107376938133123,5.695532043072826
3.305999999999997e-08,4.521370228195765,4.999323306882797
3.307999999999998e-08,4.925840856970565,4.292352838667579
3.309999999999998e-08,5.319936950665904,3.5761292926013155
3.311999999999998e-08,5.702828485765754,2.8521821348492793
3.313999999999998e-08,6.073709037178632,2.122058231990187
3.315999999999999e-08,6.4317974766866515,1.3873183934246525
3.317999999999999e-08,6.776339618114191,0.6495338758436553
3.319999999999999e-08,7.1066098057538385,-0.08971713973016104
3.322e-08,7.421912442701961,-0.8288530900009139
3.324e-08,7.721583455887027,-1.5662925798634042
3.326e-08,8.00499169470359,-2.300457932864153
3.328e-08,8.27154026030752,-3.0297787309492286
3.330000000000001e-08,8.520667762770607,-3.7526953351745274
3.332000000000001e-08,8.75184950344976,-4.467662376832604
3.334000000000001e-08,8.964598580078476,-5.173152210902532
3.336000000000002e-08,9.158466912253193,-5.867658321605074
3.338000000000002e-08,9.333046185156068,-6.549698672365434
3.340000000000002e-08,9.487968709524509,-7.217818990418512
3.342000000000002e-08,9.622908196059043,-7.870595978901607
3.344000000000003e-08,9.737580442635174,-8.506640447271675
3.346000000000003e-08,9.831743932874337,-9.124600353532465
3.348000000000003e-08,9.90520034481257,-9.723163749814967
3.350000000000004e-08,9.9577949685955,-10.301061625551222
3.352000000000004e-08,9.989417032319148,-10.85707064057595
3.354000000000004e-08,9.999999935332404,-11.39001574321763
3.356000000000004e-08,9.989521388506839,-11.89877266656425
3.358000000000005e-08,9.958003461181475,-12.382270298850528
3.360000000000005e-08,9.905512534681415,-12.839492922034236
3.362000000000005e-08,9.832159162508791,-13.269482315409586
3.364000000000006e-08,9.738097837501458,-13.671339719232844
3.366000000000006e-08,9.623526666448612,-14.044227656118235
3.368000000000006e-08,9.48868695284888,-14.387371606070953
3.370000000000006e-08,9.333862688690742,-14.700061533803321
3.372000000000007e-08,9.159379956323432,-14.98165326508727
3.374000000000007e-08,8.965606241680968,-15.231569711630089
3.376000000000007e-08,8.752949660303045,-15.44930194207006
3.378000000000007e-08,8.521858097784829,-15.634410099390262
3.380000000000008e-08,8.272818266464643,-15.786524163120985
3.382000000000008e-08,8.00635468033728,-15.905344557397783
3.384000000000008e-08,7.723028550351896,-15.990642603961213
3.386000000000009e-08,7.423436602419509,-16.042260821862552
3.388000000000009e-08,7.108209820622768,-16.060113073625757
3.390000000000009e-08,6.778012118271226,-16.044184560267794
3.392000000000009e-08,6.433538939603856,-15.994531665520896
3.39400000000001e-08,6.075515795082587,-15.911281652234766
3.39600000000001e-08,5.70469673336238,-15.794632211851178
3.39800000000001e-08,5.321862753154938,-15.644850870433768
3.400000000000011e-08,4.9278201583325965,-15.462274252636355
3.402000000000011e-08,4.523398859735295,-15.247307207557625
3.404000000000011e-08,4.10945062725776,-15.00042179830019
3.406000000000011e-08,3.686847295899187,-14.722156159596377
3.408000000000012e-08,3.2564789295520535,-14.413113225713591
3.410000000000012e-08,2.8192519463978716,-14.07395933336697
3.412000000000012e-08,2.376087209860045,-13.705422702215975
3.414000000000013e-08,1.9279180891315084,-13.308291798000859
3.416000000000013e-08,1.4756884933639913,-12.883413581209258
3.418000000000013e-08,1.020350883658372,-12.431691646637821
3.420000000000013e-08,0.5628642670435502,-11.95408425701694
3.422000000000014e-08,0.10419217666823855,-11.451602276329687
3.424000000000014e-08,-0.3546993575386237,-10.925307006248275
3.426000000000014e-08,-0.8128438434680252,-10.37630793155342
3.428000000000015e-08,-1.2692763624027048,-9.805760378172824
3.430000000000015e-08,-1.7230356012764014,-9.214863089913482
3.432000000000015e-08,-2.173165877337957,-8.604855727704862
3.434000000000015e-08,-2.6187191509581265,-7.977016297593842
3.436000000000016e-08,-3.0587570223384875,-7.332658511459922
3.438000000000016e-08,-3.492352707918034,-6.67312908681672
3.440000000000016e-08,-3.918592992312231,-5.999804989783031
3.442000000000017e-08,-4.336580151678371,-5.314090627678514
3.444000000000017e-08,-4.745433844451918,-4.617414995400693
3.446000000000017e-08,-5.144292965472919,-3.9112287820909364
3.448000000000017e-08,-5.532317459599145,-3.197001442273195
3.450000000000018e-08,-5.908690090983271,-2.476218237986161
3.452000000000018e-08,-6.272618164290478,-1.750377256093949
3.454000000000018e-08,-6.623335194229751,-1.0209864072630026
3.456000000000019e-08,-6.960102519883105,-0.28956041074523764
3.458000000000019e-08,-7.282210860432126,0.44238222859860343
3.460000000000019e-08,-7.58898180900669,1.1733222469680893
3.462000000000019e-08,-7.879769261508129,1.901742645647797
3.46400000000002e-08,-8.153960777398051,2.6261317084157465
3.46600000000002e-08,-8.410978869586971,3.344986006111106
3.46800000000002e-08,-8.65028222070563,4.056813384504587
3.47000000000002e-08,-8.871366823198112,4.760135929381071
3.472000000000021e-08,-9.073767040835179,5.453492905109769
3.474000000000021e-08,-9.257056589410674,6.135443660737594
3.476000000000021e-08,-9.420849434558786,6.804570500018925
3.478000000000022e-08,-9.56480060479825,7.4594815095605504
3.480000000000022e-08,-9.688606918091924,8.098813341618438
3.482000000000022e-08,-9.79200762039234,8.721233945848894
3.484000000000022e-08,-9.87478493482763,9.325445246686549
3.486000000000023e-08,-9.936764520371067,9.910185760767742
3.488000000000023e-08,-9.97781583902868,10.4742331511688
3.490000000000023e-08,-9.997852430771005,11.016406712984317
3.492000000000024e-08,-9.996832095630626,11.535569787135547
3.494000000000024e-08,-9.974756982581212,12.030632096991734
3.496000000000024e-08,-9.93167358501168,12.500552004788833
3.498000000000024e-08,-9.867672642804415,12.944338682523092
3.500000000000025e-08,-9.782888951223478,13.361054194360289
3.502000000000025e-08,-9.677501077016926,13.749815485319616
3.504000000000025e-08,-9.551730982328866,14.109796273356068
3.506000000000026e-08,-9.405843557214855,14.440228839668446
3.508000000000026e-08,-9.240146061745612,14.74040571444657
3.510000000000026e-08,-9.054987478872345,15.009681252985407
3.512000000000026e-08,-8.850757779418128,15.247473099477492
3.514000000000027e-08,-8.627887100742582,15.45326353354637
3.516000000000027e-08,-8.386844840811092,15.626600696964976
3.518000000000027e-08,-8.128138669573293,15.76709969579082
3.520000000000028e-08,-7.852313459737581,15.87444357556489
3.522000000000028e-08,-7.559950139189753,15.948384165025974
3.524000000000028e-08,-7.251664467475161,15.988742786231969
3.526000000000028e-08,-6.928105738918888,15.995410826854073
3.528000000000029e-08,-6.58995541511842,15.9683501728618
3.530000000000029e-08,-6.23792568968673,15.907593497740514
3.532000000000029e-08,-5.872757988268917,15.813244406884364
3.53400000000003e-08,-5.495221406992656,15.685477433773908
3.53600000000003e-08,-5.106111092640031,15.524537887093071
3.53800000000003e-08,-4.706246567952821,15.330741545965921
3.54000000000003e-08,-4.2964700055995175,15.10447420308414
3.542000000000031e-08,-3.877644454437168,14.846191053548786
3.544000000000031e-08,-3.4506520218051673,14.556415929924293
3.546000000000031e-08,-3.016392015679159,14.235740382078198
3.548000000000032e-08,-2.575779050598803,13.884822603095648
3.550000000000032e-08,-2.1297411213564432,13.504386200687835
3.552000000000032e-08,-1.6792176485054267,13.09521881625364
3.554000000000032e-08,-1.2251574998042303,12.658170591930308
3.556000000000033e-08,-0.7685169917637236,12.194152488716137
3.558000000000033e-08,-0.3102578755055374,11.704134456976822
3.560000000000033e-08,0.14865468882507837,11.18914346338995
3.562000000000033e-08,0.6072541648264318,10.650261376628055
3.564000000000034e-08,1.06457467550658,10.088622716843298
3.566000000000034e-08,1.5196530375591877,9.505412272239777
3.568000000000034e-08,1.9715307899689227,8.901862588793442
3.570000000000035e-08,2.4192562126678085,8.279251337378057
3.572000000000035e-08,2.8618863309969322,7.638898565317631
3.574000000000035e-08,3.2984889017464436,6.982163837548683
3.576000000000035e-08,3.7281443765964095,6.31044327530772
3.578000000000036e-08,4.149947838817503,5.625166498374856
3.580000000000036e-08,4.563010909158116,4.927793479597264
3.582000000000036e-08,4.966463616899008,4.219811318481925
3.584000000000037e-08,5.359456232137738,3.5027309432674736
3.586000000000037e-08,5.741161055443866,2.7780837488895482
3.588000000000037e-08,6.110774161113386,2.0474181808156633
3.590000000000037e-08,6.467517090352648,1.3122962726502818
3.592000000000038e-08,6.81063849082586,0.5742901478961171
3.594000000000038e-08,7.139415699111806,-0.16502150590280706
3.596000000000038e-08,7.453156262738014,-0.9040569799935172
3.598000000000039e-08,7.7511993985860395,-1.6412350958352473
3.600000000000039e-08,8.032917384595994,-2.3749787543837497
3.602000000000039e-08,8.297716881841222,-3.1037184748543556
3.604000000000039e-08,8.545040184185115,-3.825895912327737
3.60600000000004e-08,8.774366392891753,-4.539967345976725
3.60800000000004e-08,8.985212513713758,-5.2444071275344895
3.61000000000004e-08,9.177134474148584,-5.937711082107056
3.612000000000041e-08,9.349728058719254,-6.61839985134538
3.614000000000041e-08,9.502629760311244,-7.285022171566458
3.616000000000041e-08,9.635517545770522,-7.9361580773689155
3.618000000000041e-08,9.748111534152448,-8.570422023931656
3.620000000000042e-08,9.840174586191797,-9.186465919205467
3.622000000000042e-08,9.91151280375191,-9.782982059896806
3.624000000000042e-08,9.961975938202805,-10.35870596320143
3.626000000000043e-08,9.991457706866269,-10.912419088984105
3.628000000000043e-08,9.999896016862797,-11.44295144519647
3.630000000000043e-08,9.987273095887872,-11.949184072074459
3.632000000000043e-08,9.953615529643468,-12.43005139879072
3.634000000000044e-08,9.898994205844392,-12.884543468996812
3.636000000000044e-08,9.823524164918386,-13.311708029830726
3.638000000000044e-08,9.727364357714707,-13.71065248172565
3.640000000000045e-08,9.610717310730156,-14.080545684509005
3.642000000000045e-08,9.473828699559373,-14.42061961801755
3.644000000000045e-08,9.316986831465869,-14.730170893611948
3.646000000000045e-08,9.14052203816551,-15.008562115688463
3.648000000000046e-08,8.944805980099947,-15.255223090419157
3.650000000000046e-08,8.730250863665967,-15.469651881653057
3.652000000000046e-08,8.497308573048645,-15.651415712022331
3.654000000000046e-08,8.246469718487969,-15.800151709966404
3.656000000000047e-08,7.978262602982622,-15.915567501459282
3.658000000000047e-08,7.6932521096073625,-15.997441647886191
3.660000000000047e-08,7.392038511786936,-16.04562392954445
3.662000000000048e-08,7.075256209033709,-16.06003547687451
3.664000000000048e-08,6.743572390809915,-16.040668749526144
3.666000000000048e-08,6.397685631329808,-15.987587365961286
3.668000000000048e-08,6.038324418261909,-15.900925784273046
3.670000000000049e-08,5.6662456184271015,-15.78088883746609
3.672000000000049e-08,5.282232883728533,-15.627751124373756
3.674000000000049e-08,4.887095000666197,-15.441856259952536
3.67600000000005e-08,4.481664186915979,-15.223615986597828
3.67800000000005e-08,4.066794338558166,-14.973509150636
3.68000000000005e-08,3.64335923164838,-14.692080546062748
3.68200000000005e-08,3.2122506819185492,-14.379939630071114
3.684000000000051e-08,2.7743766664843905,-14.037759112809024
3.686000000000051e-08,2.330659411513003,-13.666273426255371
3.688000000000051e-08,1.8820334498812485,-13.266277074999277
3.690000000000052e-08,1.4294436529136423,-12.838622874117188
3.692000000000052e-08,0.9738432403476605,-12.384220077224729
3.694000000000052e-08,0.5161917727124488,-11.904032400201991
3.696000000000052e-08,0.05745313035743216,-11.39907594391476
3.698000000000053e-08,-0.40140651662079474,-10.870417021682899
3.700000000000053e-08,-0.8594207432719436,-10.319169895059987
3.702000000000053e-08,-1.3156249052239666,-9.74649442388731
3.704000000000054e-08,-1.7690581703632136,-9.153593634384617
3.706000000000054e-08,-2.218765542486789,-8.541711211424996
3.708000000000054e-08,-2.663799872662298,-7.912128918921457
3.710000000000054e-08,-3.1032238540618096,-7.266163954618876
3.712000000000055e-08,-3.53611199606485,-6.605166243349836
3.714000000000055e-08,-3.9615525734768564,-5.930515675147685
3.716000000000055e-08,-4.378649546754043,-5.243619292381152
3.718000000000056e-08,-4.786524449192475,-4.5459084323522525
3.720000000000056e-08,-5.184318237106633,-3.838835829585774
3.722000000000056e-08,-5.57119309910048,-3.1238726842864883
3.724000000000056e-08,-5.946334220618743,-2.4025057011832773
3.726000000000057e-08,-6.308951500064719,-1.6762341052435348
3.728000000000057e-08,-6.658281212869266,-0.9465666384451676
3.730000000000057e-08,-6.99358762000557,-0.21501854404881726
3.732000000000058e-08,-7.3141645175613945,0.5168914575088834
3.734000000000058e-08,-7.619336724107639,1.247644194738995
3.736000000000058e-08,-7.908461502728281,1.9757230691991312
3.738000000000058e-08,-8.180929914717083,2.699617071307281
3.740000000000059e-08,-8.436168102091134,3.4178237839536108
3.742000000000059e-08,-8.673638496218938,4.128852367763058
3.744000000000059e-08,-8.892840950017856,4.831226524208976
3.746000000000059e-08,-9.093313791336378,5.523487430585727
3.74800000000006e-08,-9.27463479530266,6.204196643153415
3.75000000000006e-08,-9.436422073591189,6.871938962608737
3.75200000000006e-08,-9.578334878735163,7.525325258327387
3.754000000000061e-08,-9.700074321790098,8.162995245658555
3.756000000000061e-08,-9.801384001836722,8.783620212857945
3.758000000000061e-08,-9.882050545999444,9.385905692048446
3.760000000000061e-08,-9.941904058839658,9.968594070917437
3.762000000000062e-08,-9.980818480180842,10.53046713964989
3.764000000000062e-08,-9.998711850609077,11.070348569907296
3.766000000000062e-08,-9.995546484091733,11.587106320449902
3.768000000000063e-08,-9.971329047349764,12.079654966298925
3.770000000000063e-08,-9.92611054581638,12.546957946122038
3.772000000000063e-08,-9.859986216212313,12.988029724814055
3.774000000000063e-08,-9.773095325963599,13.40193786603583
3.776000000000064e-08,-9.665620879883985,13.787805011756248
3.778000000000064e-08,-9.53778923474069,14.14481076364249
3.780000000000064e-08,-9.389869622513425,14.472193463408223
3.782000000000065e-08,-9.22217358335342,14.769251867066124
3.784000000000065e-08,-9.035054309435075,15.035346710285724
3.786000000000065e-08,-8.828905901080763,15.269902159909531
3.788000000000065e-08,-8.604162536729465,15.472407148958034
3.790000000000066e-08,-8.361297558493796,15.642416590316511
3.792000000000066e-08,-8.100822475232805,15.779552466614998
3.794000000000066e-08,-7.82328588523995,15.883504791677883
3.796000000000067e-08,-7.529272320816016,15.954032441285682
3.798000000000067e-08,-7.219401017158789,15.990963848896534
3.800000000000067e-08,-6.894324608164415,15.994197564354828
3.802000000000067e-08,-6.55472775188537,15.963702671585533
3.804000000000068e-08,-6.201325688541814,15.89951906367415
3.806000000000068e-08,-5.834862734121482,15.801757571762721
3.808000000000068e-08,-5.456110712742546,15.670599946633779
3.810000000000069e-08,-5.065867331080276,15.506298689932363
3.812000000000069e-08,-4.664954498280638,15.309176734471631
3.814000000000069e-08,-4.254216594901106,15.079626971182257
3.816000000000069e-08,-3.8345186945216714,14.818111622825647
3.81800000000007e-08,-3.4067447417761576,14.525161462737524
3.82000000000007e-08,-2.971795690634993,14.201374879487583
3.82200000000007e-08,-2.530587606866419,13.847416786516021
3.824000000000071e-08,-2.084049738668714,13.464017378485016
3.826000000000071e-08,-1.6331225595397347,13.05197073427422
3.828000000000071e-08,-1.1787557875014842,12.612133269271908
3.830000000000071e-08,-0.7219063848582508,12.145422037845632
3.832000000000072e-08,-0.2635365426936209,11.652812889585196
3.834000000000072e-08,0.19538834564192253,11.135338481194413
3.836000000000072e-08,0.6539017177906725,10.594086148618342
3.838000000000072e-08,1.1110378781076236,10.030195642281136
3.840000000000073e-08,1.5658340315556352,9.444856731004702
3.842000000000073e-08,2.017332311491149,8.839306678490534
3.844000000000073e-08,2.464581797070431,8.214827598900909
3.846000000000074e-08,2.9066405160270703,7.572743696368733
3.848000000000074e-08,3.3425774286012233,6.91441839591167
3.850000000000074e-08,3.771474388445606,6.24125137145537
3.852000000000074e-08,4.192428076373433,5.554675479299442
3.854000000000075e-08,4.604551902880782,4.85615360352587
3.856000000000075e-08,5.00697787543225,4.147175422427707
3.858000000000075e-08,5.398858426578945,3.4292541031508694
3.860000000000076e-08,5.779368199058221,2.703922934245595
3.862000000000076e-08,6.147705784116275,1.9727319038692626
3.864000000000076e-08,6.503095409391202,1.2372442338249856
3.866000000000076e-08,6.8447885728013524,0.4990328775673625
3.868000000000077e-08,7.172065618999968,-0.24032300730580936
3.870000000000077e-08,7.4842372550734115,-0.979241603707659
3.872000000000077e-08,7.780646002292002,-1.7161419861962957
3.874000000000078e-08,8.060667580855775,-2.4494476701292234
3.876000000000078e-08,8.323712224717505,-3.1775901481975177
3.878000000000078e-08,8.569225923716562,-3.8990124059729014
3.880000000000078e-08,8.796691590404082,-4.612172406000314
3.882000000000079e-08,9.005630149103826,-5.315546532325466
3.884000000000079e-08,9.195601544915831,-6.007632985335243
3.886000000000079e-08,9.366205670535145,-6.686955119197147
3.88800000000008e-08,9.517083208935851,-7.352064712257911
3.89000000000008e-08,9.647916390145394,-8.001545163248135
3.89200000000008e-08,9.758429660513546,-8.634014604238182
3.89400000000008e-08,9.84839026306883,-9.248128923865838
3.896000000000081e-08,9.91760872773817,-9.842584692502099
3.898000000000081e-08,9.965939270398462,-10.416121983627624
3.900000000000081e-08,9.993280099919065,-10.9675270838806
3.902000000000082e-08,9.999573632548774,-11.495635086886558
3.904000000000082e-08,9.984806613195119,-11.999332364190707
3.906000000000082e-08,9.949010143342152,-12.47755890927149
3.908000000000082e-08,9.89225961554574,-12.929310548862261
3.910000000000083e-08,9.814674554646242,-13.353641018450823
3.912000000000083e-08,9.71641836603132,-13.749663897098973
3.914000000000083e-08,9.597697991481247,-14.116554399351333
3.916000000000084e-08,9.458763473318976,-14.45355102027468
3.918000000000084e-08,9.29990742778486,-14.759957032281278
3.920000000000084e-08,9.12146442874462,-15.035141830647913
3.922000000000084e-08,8.923810303028024,-15.278542127240557
3.924000000000085e-08,8.707361338882947,-15.48966299018495
3.926000000000085e-08,8.472573409212703,-15.668078729794033
3.928000000000085e-08,8.219941011440746,-15.813433629268904
3.930000000000085e-08,7.949996226027878,-15.92544252124628
3.932000000000086e-08,7.663307595833335,-16.00389120941148
3.934000000000086e-08,7.360478928681746,-16.048636736953448
3.936000000000086e-08,7.0421480256552815,-16.059607501725303
3.938000000000087e-08,6.708985337792961,-16.0368032205227
3.940000000000087e-08,6.361692554023191,-15.980294742943713
3.942000000000087e-08,6.001001123305039,-15.890223717788032
3.944000000000087e-08,5.627670714091204,-15.766802113018286
3.946000000000088e-08,5.242487614355307,-15.610311592742509
3.948000000000088e-08,4.846263075556134,-15.421102752720683
3.950000000000088e-08,4.439831604023725,-15.199594218307855
3.952000000000089e-08,4.024049203368851,-14.946271606778417
3.954000000000089e-08,3.599791571614497,-14.661686358346637
3.956000000000089e-08,3.1679522568497376,-14.346454438222466
3.958000000000089e-08,2.7294407752866956,-14.0012549143832
3.96000000000009e-08,2.2851806956889487,-13.626828413740967
3.96200000000009e-08,1.8361076942008392,-13.22397546173626
3.96400000000009e-08,1.3831675836775137,-12.793554708332543
3.966000000000091e-08,0.9273143216669277,-12.33648104574847
3.968000000000091e-08,0.46950800123690684,-11.853723621184308
3.970000000000091e-08,0.010712828878767233,-11.34630375013379
3.972000000000091e-08,-0.44810490625035726,-10.81529273379589
3.974000000000092e-08,-0.9059788674727898,-10.261809586403103
3.976000000000092e-08,-1.361944705835727,-9.687018676204918
3.978000000000092e-08,-1.8150420911694498,-9.092127286102535
3.980000000000093e-08,-2.2643167346827475,-8.478383097873078
3.982000000000093e-08,-2.708822398832522,-7.847071606136957
3.984000000000093e-08,-3.1476228902380665,-7.199513466148999
3.986000000000093e-08,-3.579794031439154,-6.537061781690556
3.988000000000094e-08,-4.004425607348927,-5.861099337256537
3.990000000000094e-08,-4.420623282297753,-5.17303578090289
3.992000000000094e-08,-4.827510483634945,-4.474304761999726
3.994000000000095e-08,-5.224230247916739,-3.766361030328791
3.996000000000095e-08,-5.6099470257959805,-3.05067750078003
3.998000000000095e-08,-5.9838484418106574,-2.328742290095054
4.000000000000095e-08,-6.345147005364038,-1.6020557299146754
4.002000000000096e-08,-6.693081769293396,-0.8721273625275083
4.004000000000096e-08,-7.026919932536679,-0.14047292355745533
4.006000000000096e-08,-7.34595838351626,0.59138868209474
4.008000000000097e-08,-7.64952518099471,1.3219384068986484
4.010000000000097e-08,-7.936980969279972,2.049660083685234
4.012000000000097e-08,-8.207720324801437,2.7730434409475313
4.014000000000097e-08,-8.46117303122007,3.490587104313936
4.016000000000098e-08,-8.696805280386076,4.200801580274138
4.018000000000098e-08,-8.914120796616576,4.902212216157165
4.020000000000098e-08,-9.112661881924279,5.5933621325715555
4.022000000000098e-08,-9.292010379995496,6.272815122436715
4.024000000000099e-08,-9.451788556888218,6.939158512962229
4.026000000000099e-08,-9.591659896594496,7.591005984822097
4.028000000000099e-08,-9.711329809791835,8.227000345022773
4.0300000000001e-08,-9.810546254291342,8.845816247846638
4.0320000000001e-08,-9.889100265874639,9.446162860470174
4.0340000000001e-08,-9.946826398403275,10.026786467774663
4.0360000000001e-08,-9.983603072271974,10.586473013044495
4.038000000000101e-08,-9.99935283047304,11.124050569180866
4.040000000000101e-08,-9.99404250173197,11.6383917372217
4.042000000000101e-08,-9.96768327037123,12.128415966875416
4.044000000000102e-08,-9.920330652753883,12.593091795949473
4.046000000000102e-08,-9.852084380358894,13.031439003457045
4.048000000000102e-08,-9.76308818973115,13.442530673364539
4.050000000000102e-08,-9.653529519752624,13.825495163831135
4.052000000000103e-08,-9.523639116867821,14.179517978978208
4.054000000000103e-08,-9.373690549099202,14.503843538127171
4.056000000000103e-08,-9.203999629872506,14.797776839625465
4.058000000000104e-08,-9.014923752868388,15.060685014300024
4.060000000000104e-08,-8.806861139299404,15.291998765764593
4.062000000000104e-08,-8.580249999198264,15.491213692752526
4.064000000000104e-08,-8.335567608483974,15.6578914908464
4.066000000000105e-08,-8.073329303749821,15.79166102894558
4.068000000000105e-08,-7.794087396889582,15.892219298050293
4.070000000000105e-08,-7.498430011848356,15.959332227927892
4.072000000000106e-08,-7.186979845948516,15.992835369506132
4.074000000000106e-08,-6.8603928583990115,15.99263443886423
4.076000000000106e-08,-6.519356888749939,15.958705721010213
4.078000000000106e-08,-6.164590208202814,15.891096329696763
4.080000000000107e-08,-5.796840006827009,15.789924321893633
4.082000000000107e-08,-5.416880819869685,15.65537866366773
4.084000000000107e-08,-5.025512896471462,15.48771904658297
4.086000000000108e-08,-4.623560514226521,15.287275551961965
4.088000000000108e-08,-4.211870243133964,15.054448162754808
4.090000000000108e-08,-3.7913091625987327,14.789706121006274
4.092000000000108e-08,-3.3627630352366378,14.493587131396257
4.094000000000109e-08,-2.9271344413301925,14.166696409613543
4.096000000000109e-08,-2.48534087786334,13.809705576830144
4.098000000000109e-08,-2.03831282613931,13.423351399893924
4.10000000000011e-08,-1.5869917920530163,13.00843437938537
4.10200000000011e-08,-1.1323283231430281,12.565817186066198
4.10400000000011e-08,-0.6752800065997766,12.096422948819407
4.10600000000011e-08,-0.2168094524486186,11.60123339556507
4.108000000000111e-08,0.24211773384619217,11.08128685123344
4.110000000000111e-08,0.7005349850870424,10.53767609527867
4.112000000000111e-08,1.1574768080734321,9.9715460838119
4.114000000000111e-08,1.6119808170709238,9.384091539828221
4.116000000000112e-08,2.063089760734327,8.776554417595728
4.118000000000112e-08,2.5098535382189757,8.150221245656786
4.120000000000112e-08,2.951331200229612,7.5064203554652265
4.122000000000113e-08,3.3865929307967946,6.846519001017293
4.124000000000113e-08,3.8147220056041764,6.171920377392004
4.126000000000113e-08,4.234816722742951,5.484060544413971
4.128000000000113e-08,4.645992301825608,4.784405264127267
4.130000000000114e-08,5.047382747463303,4.07444675905122
4.132000000000114e-08,5.438142673177104,3.355700400578754
4.134000000000114e-08,5.817449081904291,2.62970133510787
4.136000000000115e-08,6.184503099349148,1.898001057804799
4.138000000000115e-08,6.5385316565294005,1.162163942069916
4.140000000000115e-08,6.878789117970352,0.42376373499275477
4.142000000000115e-08,7.204558852121679,-0.3156199728183706
4.144000000000116e-08,7.515154740687535,-1.0544052925087755
4.146000000000116e-08,7.809922623690735,-1.7910115888245537
4.148000000000116e-08,8.088241677229323,-2.5238630279371677
4.150000000000117e-08,8.349525721020878,-3.251392112755158
4.152000000000117e-08,8.593224452983605,-3.972043195210828
4.154000000000117e-08,8.81882460825234,-4.684275957223316
4.156000000000117e-08,9.025851040188716,-5.3865688500955855
4.158000000000118e-08,9.21386772110866,-6.0774224843871405
4.160000000000118e-08,9.38247866062014,-6.755362960433775
4.162000000000118e-08,9.53132873963658,-7.418945132041221
4.164000000000119e-08,9.66010445830845,-8.06675579409033
4.166000000000119e-08,9.768534596300228,-8.697416787175616
4.168000000000119e-08,9.85639078401912,-9.30958801069115
4.170000000000119e-08,9.923487983594992,-9.901970338212607
4.17200000000012e-08,9.969684878596397,-10.473308427343731
4.17400000000012e-08,9.994884171664275,-11.022393418673836
4.17600000000012e-08,9.999032789433372,-11.548065516861383
4.178000000000121e-08,9.982121994313363,-12.049216449347199
4.180000000000121e-08,9.944187402890492,-12.524791796580947
4.182000000000121e-08,9.885308910914992,-12.97379319017633
4.184000000000121e-08,9.80561052502804,-13.395280373768802
4.186000000000122e-08,9.705260101586454,-13.78837312390624
4.188000000000122e-08,9.584468993132479,-14.152253026645356
4.190000000000122e-08,9.443491603254973,-14.486165108076875
4.192000000000123e-08,9.282624850778465,-14.789419315349384
4.194000000000123e-08,9.102207544408824,-15.06139184727151
4.196000000000123e-08,8.902619669153399,-15.30152633191928
4.198000000000123e-08,8.684281586017196,-15.509334851151579
4.200000000000124e-08,8.447653146661738,-15.684398810269284
4.202000000000124e-08,8.193232724890919,-15.826369653486383
4.204000000000124e-08,7.921556167003296,-15.934969424201473
4.206000000000124e-08,7.633195663222181,-16.009991171457628
4.208000000000125e-08,7.328758542579972,-16.051299202253233
4.210000000000125e-08,7.008885993795455,-16.058829181756053
4.212000000000125e-08,6.674251714837154,-16.0325880817056
4.214000000000126e-08,6.325560494017668,-15.972653979642647
4.216000000000126e-08,5.963546725607283,-15.87917570982167
4.218000000000126e-08,5.5889728630935664,-15.7523723689732
4.220000000000126e-08,5.202627813343019,-15.592532678279202
4.222000000000127e-08,4.805325275049621,-15.40001420521242
4.224000000000127e-08,4.3979020249668155,-15.175242447054703
4.226000000000127e-08,3.981216155534484,-14.91870978016907
4.228000000000128e-08,3.5561452676123873,-14.630974277258568
4.230000000000128e-08,3.1235846221245867,-14.312658397064526
4.232000000000128e-08,2.6844452545108366,-13.964447549110082
4.234000000000128e-08,2.23965205595289,-13.58708853828594
4.236000000000129e-08,1.7901418254213652,-13.181387892211237
4.238000000000129e-08,1.3368612966393467,-12.748210076483858
4.240000000000129e-08,0.8807651441251618,-12.288475601038629
4.24200000000013e-08,0.422813972508429,-11.80315902302176
4.24400000000013e-08,-0.03602770664090649,-11.293286849644812
4.24600000000013e-08,-0.4947935062163955,-10.759935346681182
4.24800000000013e-08,-0.9525171989239745,-10.204228256306402
4.250000000000131e-08,-1.4082347522980099,-9.627334430139523
4.252000000000131e-08,-1.860986359093264,-9.030465381400843
4.254000000000131e-08,-2.309818458777757,-8.414872762215087
4.256000000000132e-08,-2.753785745870263,-7.781845770133411
4.258000000000132e-08,-3.1919531608899376,-7.132708490052875
4.260000000000132e-08,-3.6233978597275396,-6.468817175730779
4.262000000000132e-08,-4.047211157288899,-5.791557477166531
4.264000000000133e-08,-4.462500441317574,-5.102341618145934
4.266000000000133e-08,-4.868391052365473,-4.402605530286041
4.268000000000133e-08,-5.264028125952724,-3.6938059479091345
4.270000000000134e-08,-5.648578393035675,-2.9774174701227007
4.272000000000134e-08,-6.021231934993043,-2.254929594433741
4.274000000000134e-08,-6.3812038894318635,-1.5278437282563173
4.276000000000134e-08,-6.7277361032211935,-0.7976701826299948
4.278000000000135e-08,-7.060098729272046,-0.06592515443892832
4.280000000000135e-08,-7.377591763702451,0.6658722986122578
4.282000000000135e-08,-7.679546520146241,1.3962032840394434
4.284000000000136e-08,-7.965327038103487,2.123552097491599
4.286000000000136e-08,-8.234331422366182,2.8464092364031135
4.288000000000136e-08,-8.485993110695865,3.5632744003543104
4.290000000000136e-08,-8.71978206708668,4.272659472137175
4.292000000000137e-08,-8.93520589809771,4.9730914756180855
4.294000000000137e-08,-9.13181088990489,5.663115504524363
4.296000000000137e-08,-9.309182963888162,6.341297618387753
4.298000000000137e-08,-9.466948548741305,7.006227699904444
4.300000000000138e-08,-9.604775367267004,7.656522270074961
4.302000000000138e-08,-9.722373136200835,8.290827255521549
4.304000000000138e-08,-9.819494177590204,8.907820704466163
4.306000000000139e-08,-9.895933940439416,9.506215445894028
4.308000000000139e-08,-9.951531431524385,10.084761688496036
4.310000000000139e-08,-9.986169554467628,10.642249554025485
4.312000000000139e-08,-9.99977535635943,11.17751154176716
4.31400000000014e-08,-9.992320181408498,11.689424918842729
4.31600000000014e-08,-9.96381973129401,12.176914033139585
4.31800000000014e-08,-9.914334032096628,12.638952543673309
4.320000000000141e-08,-9.843967307873957,13.074565565247887
4.322000000000141e-08,-9.752867761150362,13.482831722299027
4.324000000000141e-08,-9.641227260780427,13.862885108853252
4.326000000000141e-08,-9.509280937845531,14.213917149577648
4.328000000000142e-08,-9.357306690433553,14.53517835892093
4.330000000000142e-08,-9.185624598345488,14.825979993418837
4.332000000000142e-08,-8.994596248960818,15.085695594257764
4.334000000000143e-08,-8.784623975681916,15.313762415279264
4.336000000000143e-08,-8.556150010561648,15.509682733657716
4.338000000000143e-08,-8.309655552898976,15.673025038575927
4.340000000000143e-08,-8.045659755762657,15.803425095308409
4.342000000000144e-08,-7.764718632580214,15.900586880242539
4.344000000000144e-08,-7.467423886092672,15.96428338447331
4.346000000000144e-08,-7.154401662143317,15.994357281781003
4.348000000000145e-08,-6.826311230923254,15.990721458931878
4.350000000000145e-08,-6.4838435984527765,15.95335940445175
4.352000000000145e-08,-6.1277200512229735,15.88232545420809
4.354000000000145e-08,-5.758690637061137,15.777744890391187
4.356000000000146e-08,-5.377532585422062,15.639813892704746
4.358000000000146e-08,-4.98504867042926,15.468799338892891
4.360000000000146e-08,-4.5820655201168625,15.265038453985746
4.362000000000147e-08,-4.169431875431173,15.028938306028582
4.364000000000147e-08,-3.7480168026586824,14.760975148349619
4.366000000000147e-08,-3.318707863046666,14.461693606845571
4.368000000000147e-08,-2.8824092434708293,14.131705713115172
4.370000000000148e-08,-2.4400398520861843,13.771689782737795
4.372000000000148e-08,-1.9925313829732838,13.382389140361495
4.374000000000148e-08,-1.5408263538557732,12.964610691790334
4.376000000000149e-08,-1.0858761210210677,12.519223345660468
4.378000000000149e-08,-0.6286388756261418,12.04715628582842
4.380000000000149e-08,-0.17007762560838913,11.549397098036485
4.382000000000149e-08,0.28884183254995754,11.026989752960459
4.38400000000015e-08,0.7471529479277095,10.481032450193828
4.38600000000015e-08,1.2038904508615555,9.912675326281818
4.38800000000015e-08,1.6580923859450536,9.323118032346645
4.39000000000015e-08,2.10880213804443,8.71360718540426
4.392000000000151e-08,2.5550704470700403,8.085433699889567
4.394000000000151e-08,2.995957407255223,7.439930004437767
4.396000000000151e-08,3.430534446734357,6.778467151355105
4.398000000000152e-08,3.8578862832500116,6.102451824705701
4.400000000000152e-08,4.27711285186938,5.413323255289759
4.402000000000152e-08,4.687331200651679,4.712550049230324
4.404000000000152e-08,5.087677350274489,4.001626939176828
4.406000000000153e-08,5.477308113696955,3.2820714655164007
4.408000000000153e-08,5.8554028720358975,2.5554205972071475
4.410000000000153e-08,6.221165302907838,1.8232273001679289
4.412000000000154e-08,6.573825057598293,1.0870570632978138
4.414000000000154e-08,6.912639383529484,0.3484843904449919
4.416000000000154e-08,7.236894688603557,-0.3909107312924931
4.418000000000154e-08,7.545908044131688,-1.1295463783916881
4.420000000000155e-08,7.839028623181088,-1.8658422423323273
4.422000000000155e-08,8.115639071310742,-2.598223177031622
4.424000000000155e-08,8.375156806808782,-3.325122731791974
4.426000000000156e-08,8.617035247694972,-4.0449866612732865
4.428000000000156e-08,8.84076496290087,-4.756276402189785
4.430000000000156e-08,9.045874745206351,-5.457472508523575
4.432000000000156e-08,9.231932603669168,-6.1470780352966825
4.434000000000157e-08,9.398546673461517,-6.823621863125462
4.436000000000157e-08,9.545366041193827,-7.485661954084399
4.438000000000157e-08,9.672081483989237,-8.131788531664741
4.440000000000158e-08,9.77842612075186,-8.760627175984027
4.442000000000158e-08,9.864175974256927,-9.370841827691322
4.444000000000158e-08,9.929150442879342,-9.961137692458433
4.446000000000158e-08,9.97321268096707,-10.53026404026214
4.448000000000159e-08,9.99626988705793,-11.077016892161119
4.450000000000159e-08,9.998273499332466,-11.600241589607375
4.452000000000159e-08,9.979219297892916,-12.098835239851113
4.45400000000016e-08,9.939147413650096,-12.571749033370661
4.45600000000016e-08,9.878142243802678,-13.0179904277804
4.45800000000016e-08,9.796332274084051,-13.436625195045849
4.46000000000016e-08,9.693889808152445,-13.82677932737053
4.462000000000161e-08,9.571030604695219,-14.187640799491419
4.464000000000161e-08,9.42801342300903,-14.518461183630315
4.466000000000161e-08,9.26513947801566,-14.818557115727437
4.468000000000162e-08,9.082751805859601,-15.08731161008292
4.470000000000162e-08,8.881234541424199,-15.324175221862134
4.472000000000162e-08,8.661012109287602,-15.528667055425437
4.474000000000162e-08,8.42254832982392,-15.700375618734608
4.476000000000163e-08,8.166345442329416,-15.838959522571194
4.478000000000163e-08,7.892943047233425,-15.944148025566317
4.480000000000163e-08,7.60291696962323,-16.01574142447937
4.482000000000163e-08,7.296878046470945,-16.053611291413915
4.484000000000164e-08,6.975470840123732,-16.057700558061327
4.486000000000164e-08,6.639372280761613,-16.028023449274563
4.488000000000164e-08,6.289290240683809,-15.96466526666207
4.490000000000165e-08,5.925962043427657,-15.867782025057785
4.492000000000165e-08,5.550152910858586,-15.737599943086988
4.494000000000165e-08,5.162654351500873,-15.574414791185154
4.496000000000165e-08,4.764282493507022,-15.378591098779705
4.498000000000166e-08,4.355876365772726,-15.150561224430703
4.500000000000166e-08,3.938296130820973,-14.890824291069471
4.502000000000166e-08,3.5124212731748594,-14.59994499054651
4.504000000000167e-08,3.0791487470348544,-14.27855225999286
4.506000000000167e-08,2.639391087164711,-13.927337834596543
4.508000000000167e-08,2.1940744869602957,-13.547054679623137
4.510000000000167e-08,1.7441368477506547,-13.138515306610588
4.512000000000168e-08,1.2905258034444644,-12.702589976893996
4.514000000000168e-08,0.8341967246731086,-12.240204797664301
4.516000000000168e-08,0.37611070664300694,-11.75233971400369
4.518000000000169e-08,-0.08276745507018735,-11.240026402364212
4.520000000000169e-08,-0.5414712965221558,-10.704346069168036
4.522000000000169e-08,-0.9990347209113404,-10.146427160231731
4.524000000000169e-08,-1.4544940333210965,-9.56744298490353
4.52600000000017e-08,-1.906889970398451,-8.968609260805227
4.52800000000017e-08,-2.3552697207039897,-8.351181583256984
4.53000000000017e-08,-2.7986889314695063,-7.716452825419107
4.532000000000171e-08,-3.236213697542567,-7.0657504733845355
4.534000000000171e-08,-3.666922528325456,-6.400433902373881
4.536000000000171e-08,-4.089908288569366,-5.72189159836467
4.538000000000171e-08,-4.5042801089308915,-5.031538331398355
4.540000000000172e-08,-4.909165262273918,-4.330812284952579
4.542000000000172e-08,-5.303711001757749,-3.621172147668772
4.544000000000172e-08,-5.687086356847004,-2.9040941718496693
4.546000000000173e-08,-6.058483883455756,-2.181069205018149
4.548000000000173e-08,-6.417121364540868,-1.4535996989334388
4.550000000000173e-08,-6.762243457565598,-0.723196702330009
4.552000000000173e-08,-7.093123285360492,0.008623158273879383
4.554000000000174e-08,-7.409063967031115,0.7403407035070364
4.556000000000174e-08,-7.709400085691653,1.470437227538035
4.558000000000174e-08,-7.993499089927969,2.1973975198426032
4.560000000000175e-08,-8.260762626043473,2.9197128781663917
4.562000000000175e-08,-8.510627798278826,3.6358841067137826
4.564000000000175e-08,-8.742568354351166,4.344424495509758
4.566000000000175e-08,-8.956095793818841,5.04386277508706
4.568000000000176e-08,-9.150760396933189,5.732746042579229
4.570000000000176e-08,-9.326152171814318,6.409642653517844
4.572000000000176e-08,-9.481901717952933,7.073145075536025
4.574000000000176e-08,-9.617681004221556,7.721872698416399
4.576000000000177e-08,-9.73320405975553,8.35447459681582
4.578000000000177e-08,-9.82822757624957,8.969632240231062
4.580000000000177e-08,-9.902551420399641,9.566062146659672
4.582000000000178e-08,-9.956019055413211,10.14251847463421
4.584000000000178e-08,-9.98851787069821,10.697795550186573
4.586000000000178e-08,-9.999979419037519,11.230730323531613
4.588000000000178e-08,-9.99037956074844,11.740204752111794
4.590000000000179e-08,-9.959738514524252,12.225148104881622
4.592000000000179e-08,-9.908120814851484,12.684539184559252
4.594000000000179e-08,-9.835635176089873,13.117408462796188
4.59600000000018e-08,-9.742434263505073,13.5228401250721
4.59800000000018e-08,-9.628714371732627,13.899974020341933
4.60000000000018e-08,-9.494715011353904,14.248007512310146
4.60200000000018e-08,-9.340718404451497,14.566197227448452
4.604000000000181e-08,-9.167048890208473,14.853860696725341
4.606000000000181e-08,-8.974072241803576,15.110377886256131
4.608000000000181e-08,-8.762194896039354,15.335192613950888
4.610000000000182e-08,-8.531863097327896,15.52781384751112
4.612000000000182e-08,-8.28356195783475,15.687816881004292
4.614000000000182e-08,-8.017814435762439,15.81484438553482
4.616000000000182e-08,-7.735180233925498,15.908607331457603
4.618000000000183e-08,-7.436254620934335,15.96888577788247
4.620000000000183e-08,-7.121667177472979,15.995529527188523
4.622000000000183e-08,-6.792080470312101,15.988458640618596
4.624000000000184e-08,-6.448188656846154,15.94766381300916
4.626000000000184e-08,-6.090716023097409,15.873206603128963
4.628000000000184e-08,-5.720415458265848,15.76521951812504
4.630000000000184e-08,-5.338066869032931,15.623905949031291
4.632000000000185e-08,-4.94447553696753,15.449539956373549
4.634000000000185e-08,-4.540470422484955,15.242465903420488
4.636000000000185e-08,-4.126902418935763,15.003097936734378
4.638000000000186e-08,-3.7046425605018474,14.731919312255704
4.640000000000186e-08,-3.27458018767135,14.429481567309388
4.642000000000186e-08,-2.8376210741596353,14.096403537532609
4.644000000000186e-08,-2.394685519218176,13.73337021992771
4.646000000000187e-08,-1.9467064093494635,13.341131481893198
4.648000000000187e-08,-1.494627253515346,12.920500618327058
4.650000000000187e-08,-1.0394001959682653,12.472352757578186
4.652000000000188e-08,-0.581984010897707,11.997623119285539
4.654000000000188e-08,-0.12334208311426398,11.49730512585323
4.656000000000188e-08,0.3355596209807521,10.972448371578846
4.658000000000188e-08,0.793754587858686,10.424156452181643
4.660000000000189e-08,1.2502777924819908,9.853584659753611
4.662000000000189e-08,1.7041677307871872,9.261937546865774
4.664000000000189e-08,2.154468444751312,8.650466365842435
4.666000000000189e-08,2.6002315357782635,8.020466387899884
4.66800000000019e-08,3.0405181621639965,7.373274109112815
4.67000000000019e-08,3.4744010164324823,6.710264348820938
4.67200000000019e-08,3.9009662783811017,6.032847248311102
4.674000000000191e-08,4.319315539716984,5.3424651762222775
4.676000000000191e-08,4.728567696236308,4.640589549294694
4.678000000000191e-08,5.127860803556872,3.928717575642504
4.680000000000191e-08,5.516353892498049,3.20836892983023
4.682000000000192e-08,5.8932287402844175,2.481082367542853
4.684000000000192e-08,6.257691593840264,1.748412289651724
4.686000000000192e-08,6.608974841549764,1.0119252639280152
4.688000000000193e-08,6.946338629958304,0.2731965145793547
4.690000000000193e-08,7.26907242201047,-0.4661936118363075
4.692000000000193e-08,7.576496493544416,-1.2046631937300267
4.694000000000193e-08,7.8679633648901515,-1.9406322863534387
4.696000000000194e-08,8.142859164554261,-2.672526467777825
4.698000000000194e-08,8.4006049221238,-3.3987803703497965
4.700000000000194e-08,8.640657787660654,-4.1178411872809795
4.702000000000195e-08,8.862512175022875,-4.828172145956322
4.704000000000195e-08,9.06570082670255,-5.528255937897186
4.706000000000195e-08,9.249795797937166,-6.21659809731645
4.708000000000195e-08,9.41440935802429,-6.891730318644429
4.710000000000196e-08,9.559194806937565,-7.552213705448341
4.712000000000196e-08,9.683847205528062,-8.196641941699223
4.714000000000196e-08,9.788104017770305,-8.823644378437079
4.716000000000197e-08,9.871745663700416,-9.43188902745562
4.718000000000197e-08,9.93459598188451,-10.020085455795913
4.720000000000197e-08,9.97652260043913,-10.586987573442673
4.722000000000197e-08,9.997437215826466,-11.13139630881188
4.724000000000198e-08,9.997295778834015,-11.652162165275758
4.726000000000198e-08,9.976098587348382,-12.148187654172249
4.728000000000198e-08,9.933890285728552,-12.618429598422964
4.730000000000199e-08,9.870759770777893,-13.06190130311402
4.732000000000199e-08,9.786840004514353,-13.47767458807214
4.734000000000199e-08,9.682307734134143,-13.864881679676255
4.736000000000199e-08,9.557383119755404,-14.222716957854376
4.7380000000002e-08,9.412329270729991,-14.550438556405144
4.7400000000002e-08,9.2474516914961,-14.84736981346002
4.7420000000002e-08,9.063097638142725,-15.112900571104593
4.744000000000201e-08,8.859655387036923,-15.346488321815954
4.746000000000201e-08,8.637553417058186,-15.547659201550657
4.748000000000201e-08,8.397259507159639,-15.716008827946881
4.750000000000201e-08,8.139279751157247,-15.851202984244473
4.752000000000202e-08,7.864157491823787,-15.952978148118135
4.754000000000202e-08,7.5724721765295655,-16.021141866738308
4.756000000000202e-08,7.264838136841978,-16.05557297795046
4.758000000000202e-08,6.941903294654828,-16.056221679513037
4.760000000000203e-08,6.604347797570687,-16.023109446911874
4.762000000000203e-08,6.252882586410768,-15.956328802286812
4.764000000000203e-08,5.88824789787179,-15.856042935531889
4.766000000000204e-08,5.511211705478525,-15.722485180636347
4.768000000000204e-08,5.1225681021217495,-15.555958348830835
4.770000000000204e-08,4.723135627582309,-15.356833922084313
4.772000000000204e-08,4.313755544568476,-15.125551108956747
4.774000000000205e-08,3.8952900668938195,-14.862615766780717
4.776000000000205e-08,3.4686205435311424,-14.568599192586905
4.778000000000205e-08,3.03464560236244,-14.244136787121665
4.780000000000206e-08,2.5942792575393003,-13.889926594736313
4.782000000000206e-08,2.148448984435558,-13.50672772383854
4.784000000000206e-08,1.6980937662509632,-13.095358651016298
4.786000000000206e-08,1.244162116375458,-12.656695413826856
4.788000000000207e-08,0.7876100806822883,-12.191669695652884
4.790000000000207e-08,0.32939922395791577,-11.701266807897849
4.792000000000207e-08,-0.12950539529443805,-11.186523573183393
4.794000000000208e-08,-0.5881372574063626,-10.648526115056622
4.796000000000208e-08,-1.0455304171754776,-10.088407558096367
4.798000000000208e-08,-1.5007215382868422,-9.50734564414435
4.800000000000208e-08,-1.952751922237872,-8.906560268743702
4.802000000000209e-08,-2.400669527496291,-8.287310943672743
4.804000000000209e-08,-2.8435309746389636,-7.650894189828339
4.806000000000209e-08,-3.280403533243992,-6.998640866475503
4.80800000000021e-08,-3.7103670863578575,-6.331913441248727
4.81000000000021e-08,-4.132516068393821,-5.652103207015702
4.81200000000021e-08,-4.5459613723852765,-4.960627450063315
4.81400000000021e-08,-4.9498322225736135,-4.2589265757950745
4.816000000000211e-08,-5.343278008387964,-3.5484611964292645
4.818000000000211e-08,-5.725470075954475,-2.8307091869063106
4.820000000000211e-08,-6.095603473362465,-2.107162713508637
4.822000000000212e-08,-6.452898646008065,-1.379325241377849
4.824000000000212e-08,-6.796603078451202,-0.6487085253967795
4.826000000000212e-08,-7.125992879320697,0.08317040942895648
4.828000000000212e-08,-7.440374305935138,0.8147922936830865
4.830000000000213e-08,-7.739085225425879,1.5446386392996558
4.832000000000213e-08,-8.021496509283633,2.271194761062967
4.834000000000213e-08,-8.2870133583961,2.992952787899794
4.836000000000214e-08,-8.535076555779675,3.708414659771897
4.838000000000214e-08,-8.765163644371965,4.416095104354478
4.840000000000214e-08,-8.97679002740237,5.114524589426184
4.842000000000214e-08,-9.169509989023217,5.802252245294626
4.844000000000215e-08,-9.342917633050952,6.477848753318249
4.846000000000215e-08,-9.49664773784409,7.139909194987193
4.848000000000215e-08,-9.63037652551102,7.787055857749747
4.850000000000215e-08,-9.743822343834863,8.417940992178519
4.852000000000216e-08,-9.83674625947273,9.03124951679879
4.854000000000216e-08,-9.908952561184625,9.625701665278985
4.856000000000216e-08,-9.960289172029292,10.200055572429644
4.858000000000217e-08,-9.99064796966076,10.753109793818162
4.860000000000217e-08,-9.999965014049206,11.28370575553328
4.862000000000217e-08,-9.988220682148219,11.79073012901377
4.864000000000217e-08,-9.955439709223523,12.273117127557963
4.866000000000218e-08,-9.90169113675754,12.729850719508274
4.868000000000218e-08,-9.827088167037035,13.159966754801577
4.870000000000218e-08,-9.731787924733727,13.562554999961062
4.872000000000219e-08,-9.615991125975999,13.936761078295223
4.874000000000219e-08,-9.47994165561228,14.281788310452903
4.876000000000219e-08,-9.323926053554143,14.596899452184452
4.878000000000219e-08,-9.148272911281286,14.881418324545926
4.88000000000022e-08,-8.95335217978066,15.134731333499962
4.88200000000022e-08,-8.73957439037576,15.35628887426521
4.88400000000022e-08,-8.507389790088249,15.545606617501594
4.886000000000221e-08,-8.25728739335274,15.702266672833588
4.888000000000221e-08,-7.98979395208077,15.82591862699012
4.890000000000221e-08,-7.705472846245676,15.916280452259457
4.892000000000221e-08,-7.404922897322197,15.97313928277988
4.894000000000222e-08,-7.088777107081445,15.996352054655993
4.896000000000222e-08,-6.757701324398568,15.985846007719683
4.898000000000222e-08,-6.412392842876535,15.941619045285016
4.900000000000223e-08,-6.053578932246451,15.863739950122802
4.902000000000223e-08,-5.682015306631483,15.752348453446864
4.904000000000223e-08,-5.298484532902714,15.607655155619682
4.906000000000223e-08,-4.903794382480675,15.42994129592734
4.908000000000224e-08,-4.49877613005123,15.219558370711539
4.910000000000224e-08,-4.084282802780503,14.976927597839529
4.912000000000224e-08,-3.6611873837165687,14.702539227499202
4.914000000000225e-08,-3.230380973159308,14.396951698027237
4.916000000000225e-08,-2.792770911875575,14.060790637528742
4.918000000000225e-08,-2.349278870106608,13.69474771081791
4.920000000000225e-08,-1.900838906397695,13.299579313297837
4.922000000000226e-08,-1.4483955003351534,12.87610511220516
4.924000000000226e-08,-0.9929015633348692,12.4252064377528
4.926000000000226e-08,-0.5353164316740378,11.947824525554985
4.928000000000227e-08,-0.07660384598873193,11.444958613830213
4.930000000000227e-08,0.3822700785037769,10.91766389776405
4.932000000000227e-08,0.8403388867824768,10.367049345511026
4.934000000000227e-08,1.29663781951872,9.794275379223173
4.936000000000228e-08,1.7502058449980762,9.200551426580827
4.938000000000228e-08,2.20008768319202,8.58713334718486
4.940000000000228e-08,2.6453358177181974,7.955320740271388
4.942000000000228e-08,3.085012491445327,7.306454139034413
4.944000000000229e-08,3.51819168154599,6.641912098936387
4.946000000000229e-08,3.9439610498365196,5.963108186164856
4.948000000000229e-08,4.361423864291614,5.271487874438097
4.95000000000023e-08,4.769700887693129,4.568525357110831
4.95200000000023e-08,5.167932229430461,3.855720283490127
4.95400000000023e-08,5.555279156555182,3.1345944269828285
4.95600000000023e-08,5.930925860274883,2.4066882945773527
4.958000000000231e-08,6.294081174163302,1.6735576857968004
4.960000000000231e-08,6.643980240472858,0.9367702110880671
4.962000000000231e-08,6.979886121035728,0.19790177813883147
4.964000000000232e-08,7.3010913493614105,-0.5414669436122344
4.966000000000232e-08,7.606919420665603,-1.2797540715741018
4.968000000000232e-08,7.89672621668569,-2.015380061333949
4.970000000000232e-08,8.169901362287678,-2.746771251971425
4.972000000000233e-08,8.425869511005658,-3.4723633950318744
4.974000000000233e-08,8.664091556803367,-4.19060515852987
4.976000000000233e-08,8.88406576951095,-4.899961595878577
4.978000000000234e-08,9.085328851540787,-5.59891757140607
4.980000000000234e-08,9.267456913659156,-6.28598113270995
4.982000000000234e-08,9.430066367759448,-6.959686821956135
4.984000000000234e-08,9.572814734753244,-7.61859891688077
4.986000000000235e-08,9.695401365881429,-8.26131459417434
4.988000000000235e-08,9.797568075924247,-8.886467006632648
4.990000000000235e-08,9.8790996869762,-9.492728267437522
4.992000000000236e-08,9.939824481642878,-10.078812333697783
4.994000000000236e-08,9.979614564701421,-10.643477783376154
4.996000000000236e-08,9.99838613246773,-11.18553047854709
4.998000000000236e-08,9.99609964929804,-11.703826109960902
5.000000000000237e-08,9.972759930857556,-12.197272616716104
