time,I0.NM0:region,I0.NM0:id,I0.NM0:vgs,I0.NM0:vds,I0.NM0:vth,I0.NM0:vdsat,I0.NM0:gm,I0.NM0:gds,I0.NM0:gmoverid,I0.NM0:self_gain,I0.NM0:rout,I0.NM0:sat_margin_abs
0.0,2.0,9.821407493476304e-05,0.714,0.5500011741707667,0.5060541914085409,0.1749331259882883,0.0005283925852465249,5.272386819453852e-05,5.380008757338101,10.02188578608994,18966.74189970733,0.37506804818247835
2e-11,2.0,9.845126183969565e-05,0.7144588067170177,0.5499565339174005,0.5060553892308612,0.175143919995541,0.0005288427494670075,5.283951420342538e-05,5.371619800206721,10.0084710739586,18925.23076858973,0.3748126139218595
4e-11,2.0,9.868653390312067e-05,0.7149166471205636,0.5498682197036674,0.5060571140750678,0.1753546486769938,0.0005292812311730602,5.295820312005374e-05,5.363256851921981,9.994320048457928,18882.81590168472,0.3745135710266736
6e-11,2.0,9.891986858366236e-05,0.715372556932362,0.5497586445120844,0.5060591118903752,0.175564392794961,0.0005297112420830441,5.307794745052259e-05,5.354952929386652,9.97987427032333,18840.21609788444,0.37419425171712345
8e-11,2.0,9.914967858437751e-05,0.7158255759402435,0.549607635444542,0.5060616436481327,0.1757725994714402,0.0005301268214262585,5.319985274170677e-05,5.346732606156647,9.964817459178006,18797.04451166715,0.37383503597310186
9.999999999999999e-11,2.0,9.937556644825152e-05,0.716274750020491,0.5494173640929928,0.5060646795365831,0.1759788464604879,0.0005305275652649603,5.33235695221985e-05,5.338611714763937,9.949213265704252,18753.43321837638,0.3734385176325049
1.2e-10,2.0,9.959712216077725e-05,0.7167191331473622,0.5491900051282667,0.5060681906416018,0.1761827010061935,0.0005309130575294596,5.344874060835928e-05,5.330606386343849,9.933125673057035,18709.51473538746,0.37300730412207317
1.4e-10,2.0,9.98139570857935e-05,0.7171577893855577,0.5489277354469343,0.5060721471275138,0.1763837490146641,0.0005312829353244928,5.357501587989049e-05,5.322731897849909,9.91661741203349,18665.41677265937,0.37254398643227016
1.6e-10,2.0,0.0001000256727107309,0.7175897948614356,0.5486327328607432,0.5060765200632861,0.1765815680198152,0.0005316368279267464,5.370203823091039e-05,5.315003752632373,9.899751395669396,18621.26714260185,0.37205116484092804
1.8e-10,2.0,0.000100231893863106,0.718014239708824,0.5483071748617949,0.5060812796540621,0.1767757557169268,0.0005319744199953991,5.382945814357741e-05,5.30743655901921,9.88258916848991,18577.1886711684,0.3715314191448681
2e-10,2.0,0.0001004322380644729,0.718430229985331,0.5479532369613912,0.5060863970269633,0.1769659035098388,0.0005322953918999022,5.395691999706721e-05,5.30004508526446,9.865192303949794,18533.3039775872,0.37098733345155244
2.2e-10,2.0,0.0001006263480260016,0.7188368895551166,0.5475730911221783,0.5060918425117045,0.1771516244114814,0.000532599480897375,5.408407644295028e-05,5.292843168645105,9.8476208881773,18489.73054120345,0.3704214667106969
2.400000000000001e-10,2.0,0.0001008138615904478,0.7192333619341623,0.5471689037930834,0.5060975873863858,0.1773325271520566,0.0005328864227543125,5.421057505949178e-05,5.2858447456205,9.829934882068898,18446.58535539569,0.36983637664102675
2.6e-10,2.0,0.0001009944435056351,0.7196188120941504,0.5467428340567537,0.5061036022055274,0.177508243452116,0.0005331560109606318,5.433607253101691e-05,5.27906279053193,9.81219263972912,18403.98014466661,0.3692345906046377
2.8e-10,2.0,0.0001011677559345419,0.7199924282211543,0.546297031409191,0.5061098585062056,0.1776784026718806,0.0005334080396134125,5.446022163468426e-05,5.272510321765979,9.794452236927716,18362.02589677172,0.3686186287373103
3e-10,2.0,0.0001013334895061262,0.7203534234254375,0.5458336336714992,0.5061163271818597,0.1778426584625487,0.000533642360743668,5.458268522419757e-05,5.266199369098979,9.776770024262088,18320.82822405154,0.36799097520895047
3.2e-10,2.0,0.0001014913343747093,0.7207010373987564,0.5453547645633079,0.5061229801490766,0.1780006639375917,0.0005338588284344265,5.470312353563991e-05,5.260141956613901,9.759201923572233,18280.49177755791,0.36735410062571616
3.4e-10,2.0,0.0001016410105485057,0.7210345380156796,0.5448625314281067,0.5061297887655627,0.1781520977081532,0.0005340573543416954,5.482120797377378e-05,5.254349097701308,9.741802015694109,18241.11574627096,0.3667104337199535
3.599999999999999e-10,2.0,0.0001017822394807831,0.7213532228755516,0.5443590226496003,0.5061367254578549,0.1782966395578673,0.0005342378530230473,5.49366087226467e-05,5.248831755444154,9.724623806325647,18202.79815684667,0.36606238309173306
3.799999999999999e-10,2.0,0.0001019147736776809,0.7216564207818488,0.543846305239703,0.5061437621818546,0.1784339958684658,0.0005344002957387025,5.504900833044168e-05,5.243599864269314,9.707718848101088,18165.63150415568,0.3654123093712372
3.999999999999999e-10,2.0,0.0001020383688050974,0.7219434931558175,0.5433264221465122,0.5061508720117365,0.1785638757804217,0.0005345446569701593,5.5158089609457e-05,5.238663268487681,9.691137977311495,18129.70694018647,0.36476254636609046
4.199999999999999e-10,2.0,0.000102152812578792,0.7222138353814135,0.5428013897533116,0.506158027641471,0.1786860160151699,0.0005346709665906401,5.526354901309424e-05,5.234030769587029,9.674929969914785,18095.11002927189,0.36411537373814173
4.399999999999999e-10,2.0,0.0001022578973725668,0.7224668780787107,0.5422731951258561,0.5061652029351875,0.1788001575046649,0.0005347792575561199,5.536508480857742e-05,5.229711043595179,9.659142750437354,18061.92482965501,0.3634730376211912
4.599999999999999e-10,2.0,0.0001023534483952091,0.7227020883030981,0.5417437934694634,0.5061723714681504,0.1789060696169409,0.0005348696165365336,5.54624102373023e-05,5.225711713014802,9.643822081442773,18030.22976681657,0.36283772385252255
4.799999999999999e-10,2.0,0.0001024392967872151,0.7229189706677381,0.5412151053617561,0.5061795080388255,0.1790035272385035,0.0005349421327636867,5.555524194239141e-05,5.2220402436653,9.629012745879148,18000.10161123878,0.3622115781232526
4.999999999999999e-10,2.0,0.0001025153070907747,0.7231170683869235,0.540689014213106,0.5061865872478221,0.1790923344103052,0.0005349969472155372,5.564331290139103e-05,5.218703040282106,9.614757269460904,17971.61146339654,0.3615966798028008
5.2e-10,2.0,0.0001025813508239807,0.7232959642381339,0.5401673635289141,0.5061935849719122,0.179172301847706,0.0005350342026068671,5.572636108957872e-05,5.215706323487639,9.601097077679505,17944.82863132809,0.36099506168120815
5.4e-10,2.0,0.0001026373332517276,0.7234552814407674,0.5396519544163343,0.5062004769795023,0.1792432699943297,0.0005350540912186124,5.580414217200492e-05,5.213055248110422,9.588071250507122,17919.81672109041,0.3604086844220046
5.6e-10,2.0,0.0001026831674280013,0.7235946844496944,0.5391445429175864,0.5062072403668596,0.1793050869651792,0.000535056806017761,5.587641838250696e-05,5.2107547609358,9.575717655254536,17896.6374178533,0.3598394559524072
5.800000000000001e-10,2.0,0.0001027188002771935,0.7237138796619653,0.5386468376030857,0.5062138522087389,0.1793576310262285,0.000535042587222104,5.594297096047568e-05,5.208808740842704,9.564071732981743,17875.34667593022,0.35928920657685726
6.000000000000001e-10,2.0,0.0001027441870966147,0.7238126160351798,0.5381604970142746,0.5062202909571006,0.1794007889471164,0.0005350116745355679,5.600358922490372e-05,5.207220837989971,9.553167608365689,17855.99840724707,0.3587597080671582
6.200000000000001e-10,2.0,0.0001027593169592794,0.7238906856162195,0.5376871273800586,0.5062265351255588,0.1794344779147458,0.0005349643525359316,5.605808274014442e-05,5.205993634918465,9.543036907197541,17838.64076542664,0.3582526494653129
6.400000000000002e-10,2.0,0.0001027641876702024,0.7239479239792268,0.5372282802042485,0.5062325646509014,0.1794586242828473,0.0005349009040107219,5.610627056415744e-05,5.20512946783718,9.533709844411481,17823.31974563345,0.3577696559214012
6.600000000000002e-10,2.0,0.0001027588305031039,0.7239842105719098,0.5367854501386609,0.5062383596101043,0.1794731849282637,0.0005348216542513555,5.614799312701417e-05,5.204629607894947,9.525214072059857,17810.07555760485,0.35731226521039716
6.800000000000002e-10,2.0,0.0001027432856052966,0.7239994689694429,0.5363600727465765,0.5062439015449922,0.1794781263855251,0.0005347269254728372,5.618310163289726e-05,5.204495065240802,9.51757574665004,17798.94614103084,0.3568819463610514
7.000000000000003e-10,2.0,0.0001027176260819965,0.7239936670354283,0.5359535225620621,0.5062491722106247,0.1794734456549358,0.0005346170800925754,5.621146963529498e-05,5.204725789729873,9.510818407012282,17789.96362287072,0.35648007690712624
7.200000000000003e-10,2.0,0.000102681933845653,0.7239668169895805,0.5355671110569693,0.506254154863473,0.1794591497111599,0.0005344924762144512,5.623298257333453e-05,5.205321458443331,9.504964022091647,17783.15775258551,0.3561079613458094
7.400000000000003e-10,2.0,0.0001026363230625877,0.7239189753819892,0.5352020849120805,0.50625883304006,0.1794352757726588,0.0005343535099642936,5.624754902854475e-05,5.206280695156188,9.500031898156443,17778.55243954747,0.3557668091394217
7.600000000000004e-10,2.0,0.0001025809164434624,0.7238502429740169,0.5348596242111693,0.5062631918090557,0.1794018711741541,0.000534200572015525,5.625509037779766e-05,5.207601842011742,9.49603970819251,17776.16911259417,0.3554577530370152
7.800000000000004e-10,2.0,0.0001025158680677826,0.7237607645260806,0.5345408409455552,0.5062672165791383,0.1793590131073818,0.0005340340890460689,5.625555171821729e-05,5.209282197143103,9.493002427938718,17776.02333382092,0.3551818278381734
8.000000000000004e-10,2.0,0.0001024413401128394,0.7236507284927661,0.5342467774547282,0.5062708943154448,0.1793067888481844,0.0005338544812788668,5.624889162136536e-05,5.211318771204215,9.490933348028667,17778.12808706375,0.35493998860654374
8.200000000000005e-10,2.0,0.000102357525072236,0.7235203666259145,0.5339784051818802,0.506274212375684,0.179245314978995,0.0005336622031170433,5.623509271531616e-05,5.213707542599388,9.489843038379046,17782.49046484884,0.35473309020288524
8.400000000000005e-10,2.0,0.0001022646229210521,0.7233699534865192,0.5337366233766391,0.5062771596914308,0.1791747179621404,0.0005334577016681942,5.62141515276852e-05,5.216444199577311,9.489740344216862,17789.11489053614,0.35456190541449867
8.600000000000005e-10,2.0,0.0001021628627449843,0.7231998058664617,0.5335222581152416,0.5062797256315926,0.1790951528549442,0.0005332414566061586,5.618608871699399e-05,5.219523412582423,9.49063137838379,17797.99987567992,0.35442710526029736
8.800000000000006e-10,2.0,0.000102052480339728,0.7230102821213006,0.5333360612770701,0.5062819011490667,0.1790067842216866,0.0005330139396433634,5.615093899562749e-05,5.222939562617212,9.492520502370754,17809.14118066433,0.35432927705538353
9.000000000000006e-10,2.0,0.0001019337392675636,0.7228017814155236,0.5331787098393791,0.5062836776707303,0.1789098043526469,0.0005327756536587342,5.610876100625045e-05,5.22668603028502,9.495409346133728,17822.52864019937,0.3542689054867322
9.200000000000006e-10,2.0,0.0001018069088890387,0.7225747428818494,0.5330508051356856,0.5062850482100333,0.1788044145080355,0.000532527093077748,5.605962731964127e-05,5.230755911119098,9.49929777523101,17838.14926735405,0.35424639062765007
9.400000000000007e-10,2.0,0.0001016722848639299,0.7223296446963497,0.5329528724314171,0.5062860062827381,0.1786908426527503,0.0005322687822971468,5.600363395593762e-05,5.235141320936302,9.50418293777014,17855.98414536416,0.35426202977866683
9.600000000000006e-10,2.0,0.0001015301676132716,0.722067003071342,0.5328853604687697,0.5062865469860492,0.1785693250264436,0.0005320012369279271,5.594089045636606e-05,5.239834098817531,9.51006021870332,17876.01148001033,0.35431603544232604
9.800000000000005e-10,2.0,0.0001013808822815948,0.7217873711681707,0.5328486413263503,0.506286665939414,0.178440123406217,0.0005317250015388921,5.587152905329628e-05,5.244825128435293,9.516922313539611,17898.20355634248,0.35440851792013334
1e-09,2.0,0.0001012247576272299,0.72149133793217,0.5328430102519559,0.506286360330804,0.1783035069978358,0.0005314406117138687,5.579569481897077e-05,5.250105029348473,9.52476017080043,17922.52974435576,0.3545395032541201
1.02e-09,2.0,0.0001010621454626109,0.721179526852259,0.532868685806233,0.5062856278819474,0.1781597692390284,0.0005311486311280009,5.571355449253385e-05,5.255663494002111,9.533562092132893,17948.95351963245,0.3547089165672046
1.04e-09,2.0,0.0001008933999705853,0.7208525946477836,0.5329258099819325,0.5062844678624266,0.1780092100076786,0.0005308496143672636,5.562528671275849e-05,5.261489967970258,9.543314663859617,17977.43542723413,0.3549165999742539
1.06e-09,2.0,0.0001007188966394133,0.720511229885371,0.5330144486288554,0.5062828800787574,0.1778521519788465,0.0005305441433441034,5.553109051418045e-05,5.267573002352959,9.55400188311849,18007.93016561847,0.35516229665000887
1.08e-09,2.0,0.0001005390120026058,0.7201561515287078,0.5331345918554983,0.5062808658569926,0.1776889231465635,0.0005302327908250612,5.543117565433707e-05,5.273900923562731,9.56560607935752,18040.38951358156,0.3554456687089348
1.1e-09,2.0,0.0001003541420850522,0.7197881074242986,0.5332861547300483,0.5062784270551127,0.1775198727481058,0.000529916156186116,5.532577079468423e-05,5.280461200861315,9.578107066102204,18074.75947711661,0.3557662819819425
1.12e-09,2.0,0.0001001646825636852,0.7194078727263927,0.5334689779579692,0.5062755670148611,0.1773453540968004,0.0005295948295931505,5.521511393582389e-05,5.287241106238703,9.59148305314908,18110.98318410232,0.3561236238611688
1.14e-09,2.0,9.997104674096862e-05,0.7190162482643971,0.5336828288515553,0.5062722895969615,0.1771657400874705,0.000529269427092395,5.509946030185164e-05,5.294227096840268,9.60570982352451,18148.99809402297,0.3565170887640848
1.16e-09,2.0,9.97736461234956e-05,0.7186140588562132,0.5339274022748787,0.5062686001029101,0.1769814063383979,0.0005289405553887666,5.497907289933063e-05,5.30140546543127,9.620761637019283,18188.7388648959,0.3569459959364808
1.18e-09,2.0,9.957290793886115e-05,0.7182021515710512,0.5342023218723918,0.5062645043325976,0.176792746292209,0.0005286088462632822,5.485423012597852e-05,5.308761737463683,9.636610431853226,18230.13462596038,0.3574095755801828
1.2e-09,2.0,9.936925612912403e-05,0.7177813939453791,0.5345071412707404,0.5062600094768067,0.176600154665832,0.0005282749218960578,5.472521647064511e-05,5.316281312555097,9.653226720070212,18273.11182106343,0.3579069866049084
1.22e-09,2.0,9.916312842691225e-05,0.7173526721557654,0.5348413455551012,0.5062551231968433,0.1764040421614191,0.0005279394286006397,5.459232986873389e-05,5.323948875933018,9.670578813361859,18317.59154453527,0.35843730339368207
1.24e-09,2.0,9.895495776052811e-05,0.7169168891524625,0.535204352715645,0.5062498544885038,0.1762048192237487,0.0005276030026417038,5.445587256111463e-05,5.331749031285237,9.688633710709281,18363.49236490007,0.35899953349189634
1.26e-09,2.0,9.874518890496043e-05,0.716474962757663,0.5355955153586663,0.506244212783367,0.1760029103760367,0.0005272663032759263,5.431615821935082e-05,5.339665726298969,9.707356347748487,18410.72772418093,0.3595926049826297
1.28e-09,2.0,9.853426029529013e-05,0.7160278237324325,0.536014122383949,0.506238208785014,0.1757987382848026,0.0005269299790191867,5.41735029813369e-05,5.347682877160676,9.726710476904497,18459.20874536221,0.36021538409914633
1.299999999999999e-09,2.0,9.83226202681224e-05,0.715576413816392,0.5364594009162837,0.506231853591649,0.1755927377356235,0.0005265946999848753,5.402823236929395e-05,5.355783807878283,9.746657939602642,18508.84169529732,0.36086666318066024
1.319999999999999e-09,2.0,9.81107092798454e-05,0.7151216837442783,0.5369305181985985,0.5062251595053662,0.175385340005963,0.0005262611245615558,5.38806725190171e-05,5.363951866623127,9.767159538994484,18559.53077881594,0.3615451781926355
1.339999999999999e-09,2.0,9.789897575381591e-05,0.7146645912435577,0.5374265837281562,0.5062181391758156,0.1751769864960319,0.0005259299310423365,5.373115691276733e-05,5.372169878487263,9.788174334235629,18611.17566523837,0.36224959723212435
1.359999999999999e-09,2.0,9.768785869992761e-05,0.7142060990173141,0.5379466513490847,0.5062108063833101,0.174968113410479,0.0005256017846813617,5.358001781743833e-05,5.380420753770224,9.809660505754769,18663.67427139109,0.3629785379386057
1.379999999999999e-09,2.0,9.747780318269871e-05,0.7137471727166562,0.5384897215763734,0.5062031752032743,0.1747591650595808,0.0005252773686119297,5.342759285302112e-05,5.388686953780436,9.831574670731724,18716.9203514557,0.36373055651679265
1.399999999999999e-09,2.0,9.726924333849589e-05,0.7132887789069164,0.5390547438703414,0.5061952607639885,0.1745505788509764,0.000524957351258598,5.327421665287412e-05,5.396951091076606,9.85387274071306,18770.8062704297,0.36450416501936495
1.419999999999999e-09,2.0,9.706261747944503e-05,0.7128318830319239,0.5396406191305284,0.5061870784315919,0.1743427982763653,0.0005246424165468471,5.312022728648626e-05,5.405195407874984,9.876509257337379,18825.22065665934,0.36529782085416307
1.439999999999999e-09,2.0,9.685835150452991e-05,0.7123774473806401,0.5402462021336825,0.5061786445432656,0.174136258214678,0.0005243332316567435,5.296595815250037e-05,5.413402368161128,9.899438241956759,18880.05116646404,0.3661099439190044
1.459999999999999e-09,2.0,9.665687365398366e-05,0.7119264290604389,0.5408703041787579,0.5061699756125727,0.1739313976193174,0.0005240304765328898,5.28117442721977e-05,5.421554148214498,9.92261255057166,18935.18219822256,0.3669389065594405
1.479999999999999e-09,2.0,9.645859831032297e-05,0.7114797779812989,0.5415116956691862,0.5061610890388807,0.1737286451342582,0.000523734811975165,5.265791442313095e-05,5.429633220413396,9.945984714979616,18990.49764797999,0.367783050534928
1.499999999999999e-09,2.0,9.626394041756513e-05,0.7110384348551562,0.5421691088894586,0.5061520023328397,0.1735284314966485,0.0005234469084641356,5.250479731723843e-05,5.437621855337404,9.969506315802441,19045.87868338802,0.36864067739281003
1.519999999999999e-09,2.0,9.607329966805768e-05,0.710603329214628,0.5428412407117846,0.50614273380285,0.1733311754673205,0.000523167414594042,5.235271398003224e-05,5.445502696999188,9.993128814555485,19101.20648914989,0.36951006524446417
1.539999999999999e-09,2.0,9.588707460049241e-05,0.7101753774552826,0.5435267554841423,0.5061333018004929,0.1731372959632426,0.0005228969852354272,5.220198382465888e-05,5.453258275936158,10.01680294357748,19156.36009847629,0.37038945952089974
1.559999999999999e-09,2.0,9.570564716817973e-05,0.709755480905577,0.5442242878409246,0.5061237253848228,0.1729471983038377,0.0005226362503249863,5.205291727870731e-05,5.460871575519024,10.04047952829678,19211.21912621521,0.3712770895370869
1.579999999999998e-09,2.0,9.552939652939761e-05,0.709344523928529,0.5449324456819117,0.5061140235875952,0.1727612860873707,0.0005223858423935678,5.190582176298452e-05,5.468325555399351,10.06410889281201,19265.66165479973,0.37217115959454095
1.599999999999998e-09,2.0,9.535868399250424e-05,0.7089433720591198,0.5456498130661613,0.506104216056159,0.1725799477542679,0.0005221463657363116,5.176099456525958e-05,5.475603708470074,10.08764167152925,19319.56695189103,0.37306986531189346
1.619999999999998e-09,2.0,9.51938665117038e-05,0.7085528701813525,0.5463749532611022,0.5060943223383138,0.1724035682210419,0.0005219184233401565,5.16187287301321e-05,5.482689593996879,10.111028229091,19372.81340708913,0.37397138504006033
1.639999999999998e-09,2.0,9.503528200411791e-05,0.7081738407488034,0.5471064116987279,0.5060843625045732,0.1722325157615418,0.0005217025864655907,5.147930617651064e-05,5.489567384742463,10.134219460472,19425.28122992239,0.37487389593718606
1.659999999999998e-09,2.0,9.488326256355214e-05,0.7078070820524158,0.5478427190739035,0.5060743564524974,0.172067153411451,0.0005214994210129783,5.134300350279034e-05,5.496221409080205,10.15716622391669,19476.85043290568,0.37577556566245246
1.679999999999998e-09,2.0,9.473812014438653e-05,0.7074533665391834,0.5485823943419109,0.506064324509074,0.1719078261680557,0.000521309457554008,5.121008534265285e-05,5.502636687743717,10.17982012851304,19527.40350477606,0.37667456817385525
1.699999999999998e-09,2.0,9.460015950541495e-05,0.7071134391852649,0.5493239478451115,0.5060542867543714,0.1717548721777402,0.000521133217180315,5.108081008789329e-05,5.50879848420291,10.20213297877649,19576.82343485408,0.3775690756673713
1.719999999999998e-09,2.0,9.446966425516166e-05,0.7067880159269564,0.5500658843310066,0.5060442636047779,0.1716086102544453,0.0005209711820280476,5.095542347526317e-05,5.51469283046623,10.22405754867209,19624.99635559815,0.37845727407656127
1.739999999999998e-09,2.0,9.434690953736801e-05,0.7064777821528253,0.5508067060865869,0.5060342751558166,0.1714693508619297,0.0005208238206552421,5.083416422773845e-05,5.520306084993609,10.24554703647604,19671.80960269107,0.37933735522465717
1.759999999999998e-09,2.0,9.423214843213857e-05,0.706183391260183,0.551544915956338,0.5060243417469558,0.1713373839506537,0.0005206915591067084,5.071725786363468e-05,5.525625446961512,10.26655582418731,19717.15432030525,0.38020753200568436
1.779999999999998e-09,2.0,9.41256243941591e-05,0.7059054632789356,0.5522790204639224,0.5060144833234322,0.1712129897458619,0.0005205748058682099,5.060492225588771e-05,5.530638520996761,10.28703894130858,19760.92355094278,0.3810660307180605
1.799999999999998e-09,2.0,9.402755800393121e-05,0.7056445835657101,0.5530075328099133,0.506004719983326,0.1710964269021532,0.0005204739235209772,5.049736165355809e-05,5.535333819315724,10.30695280857914,19803.01479630944,0.3819111059077601
1.819999999999998e-09,2.0,9.39381591693636e-05,0.7054013015710098,0.553728975960865,0.5059950713582378,0.1709879431077254,0.0005203892533209254,5.039477215781014e-05,5.539700332587712,10.32625470934441,19843.32813071406,0.38274103285313965
1.839999999999998e-09,2.0,9.385761422127446e-05,0.7051761296819905,0.5544418856070092,0.5059855571432932,0.1708877635553923,0.0005203210874924625,5.029733594516919e-05,5.543728019380272,10.34490351655368,19881.76871017848,0.38355412205161693
1.859999999999998e-09,2.0,9.378609788861665e-05,0.7049695421433001,0.5551448131992445,0.5059761964965168,0.1707961013726057,0.000520269693479713,5.020522665831675e-05,5.547407382501098,10.36285917043117,19918.24490317972,0.38434871182663877
1.879999999999998e-09,2.0,9.372376073242379e-05,0.7047819740582497,0.555836328847523,0.5059670085524165,0.1707131464071775,0.0005202352869279107,5.011860382004797e-05,5.550729945221412,10.38008338771423,19952.67074060011,0.3851231824403455
1.899999999999998e-09,2.0,9.367074090460223e-05,0.7046138204724233,0.5565150242868013,0.5059580118398883,0.1706390754919576,0.0005202180556508841,5.003761813671642e-05,5.553687832501378,10.39653914439945,19984.96405779602,0.38587594879484377
1.919999999999998e-09,2.0,9.362715191458649e-05,0.7044654355416544,0.5571795156973629,0.5059492247800134,0.1705740415430248,0.0005202181333453153,4.996240609173072e-05,5.55627423352179,10.4121913662484,20015.04887823066,0.3866054741543381
1.939999999999997e-09,2.0,9.359309418136451e-05,0.7043371317861228,0.5578284465812835,0.5059406651223202,0.1705181836671832,0.0005202356233146715,4.989309515945069e-05,5.558482987268649,10.42700641545846,20042.85356128244,0.3873102629141003
1.959999999999997e-09,2.0,9.356864312727653e-05,0.7042291794321413,0.5584604904864519,0.5059323504274047,0.1704716165698865,0.0005202705729570552,4.982979856721924e-05,5.560309030978754,10.44095276153329,20068.31311290619,0.38798887391656534
1.979999999999997e-09,2.0,9.35538605327172e-05,0.7041418058430201,0.5590743537756003,0.5059242975213857,0.1704344405129941,0.0005203229972804555,4.977262041768912e-05,5.561747989643329,10.45400047081976,20091.36733425032,0.3886399132626062
1.999999999999997e-09,2.0,9.354878295174945e-05,0.704075195040207,0.5596687782362485,0.5059165229639359,0.1704067310292266,0.0005203928541989586,4.972165060877019e-05,5.562796610063364,10.46612185692743,20111.96305344727,0.3892620472070219
2.019999999999997e-09,2.0,9.355343287875882e-05,0.7040294873157111,0.56024254372481,0.5059090425207534,0.1703885487369319,0.0005204800678678562,4.967696986272366e-05,5.5634523539268,10.47729097217766,20130.05227096942,0.3898539949878781
2.039999999999997e-09,2.0,9.356780748082696e-05,0.7040047789366276,0.560794470645123,0.5059018716175859,0.1703799293573898,0.000520584504815833,4.963864479396596e-05,5.563713817272851,10.48748423686045,20145.59430763427,0.39041454128773323
2.059999999999997e-09,2.0,9.359188958545137e-05,0.7040011219423856,0.561323422450539,0.5058950248305443,0.1703808933926483,0.0005207059971212162,4.960673284375887e-05,5.563580326900321,10.49667993175905,20158.55394366719,0.39094252905789073
2.079999999999997e-09,2.0,9.362563672493166e-05,0.7040185240351452,0.5618283079740745,0.5058885163266796,0.1703914364415497,0.0005208443193996626,4.958127748652199e-05,5.563052345152212,10.50485880564992,20168.90347917794,0.39143687153252477
2.099999999999997e-09,2.0,9.366899195409372e-05,0.7040569485635758,0.5623080837717374,0.5058823593719701,0.1704115387460214,0.0005209992118349468,4.956231306953793e-05,5.562131069521286,10.51200356819432,20176.6208650706,0.3918965450257159
2.119999999999997e-09,2.0,9.372187320223756e-05,0.704116314600049,0.5627617562876654,0.5058765667589928,0.1704411558012417,0.000521170358032851,4.954986014924218e-05,5.560818822784231,10.51809947521763,20181.69167355953,0.39232060048642375
2.139999999999997e-09,2.0,9.378418392958532e-05,0.7041964971110841,0.5631883840222515,0.505871150332426,0.1704802277750959,0.0005213574079115711,4.954393023602021e-05,5.55911865578093,10.52313382139646,20184.1072203223,0.3927081562471556
2.159999999999997e-09,2.0,9.385580278258703e-05,0.7042973272206866,0.5635870795159236,0.5058661214043465,0.1705286704074588,0.0005215599564232351,4.95445212528342e-05,5.557034723047604,10.52709650299425,20183.86644401766,0.3930584091084648
2.179999999999997e-09,2.0,9.393659409753534e-05,0.7044185925660257,0.5639570113259175,0.5058614902970799,0.170586384306853,0.0005217775663005682,4.955162218589363e-05,5.554571888854284,10.52997950991619,20180.97402035569,0.39337062701906444
2.199999999999997e-09,2.0,9.402639785518103e-05,0.7045600377447007,0.5642974058126445,0.5058572667466535,0.1706532461333725,0.0005220097476379881,4.956520865891014e-05,5.551736088605243,10.53177746572743,20175.44215099827,0.393644159679272
2.219999999999996e-09,2.0,9.412504003956278e-05,0.7047213648526561,0.5646075489092629,0.5058534594628366,0.1707291177759076,0.0005222559804827961,4.958524749113914e-05,5.548533938322284,10.53248711879724,20167.28867146825,0.3938784311333553
2.239999999999996e-09,2.0,9.423232288794295e-05,0.7049022341116108,0.5648867876948992,0.5058500765212598,0.1708138378127712,0.0005225156952584496,4.961169238151539e-05,5.544973082193487,10.53210785958053,20156.53875118733,0.394072949882128
2.259999999999996e-09,2.0,9.434803511236795e-05,0.7051022645846797,0.56513453194153,0.5058471249404968,0.1709072305721686,0.0005227882951805246,4.96444883762743e-05,5.541061805784715,10.53064121072444,20143.22299830391,0.39422730136936135
2.279999999999996e-09,2.0,9.447194244084364e-05,0.7053210349786826,0.5653502554587406,0.505844611063346,0.1710090978641228,0.000523073137495779,4.968356765817913e-05,5.53680937022173,10.5280913217525,20127.37907390142,0.39434115759461785
2.299999999999996e-09,2.0,9.460379770846168e-05,0.7055580845314485,0.5655334974028962,0.505842540150805,0.1711192279261689,0.0005233695556957182,4.972885392662725e-05,5.532225629494963,10.52446445815797,20109.04979783882,0.39441426947672725
2.319999999999996e-09,2.0,9.474333168546383e-05,0.7058129139822478,0.5656838633786596,0.5058409167530102,0.1712373874196848,0.0005236768415366838,4.978025828811941e-05,5.527321351852515,10.51976947378887,20088.28468129224,0.3944464759589748
2.339999999999996e-09,2.0,9.489026304391611e-05,0.7060849866233074,0.5658010264960702,0.5058397443199533,0.1713633302620879,0.000523994267017282,4.983768355241869e-05,5.522107841631867,10.51401729910161,20065.13803853286,0.39443769623398234
2.359999999999996e-09,2.0,9.504428946787309e-05,0.7063737294301955,0.5658847282147974,0.5058390255625542,0.1714967898801806,0.0005243210671372403,4.990102022132663e-05,5.516597248518591,10.50722139170126,20039.67044290252,0.3943879383346168
2.379999999999996e-09,2.0,9.520509750054245e-05,0.7066785342686936,0.5659347791355998,0.5058387620799702,0.1716374879294095,0.000524656461599409,4.99701507050787e-05,5.51080219439132,10.49939722407292,20011.94685006954,0.3942972912061903
2.399999999999996e-09,2.0,9.537235393112981e-05,0.706998759175616,0.5659510595742754,0.5058389547112668,0.1717851267963229,0.0005249996382587218,5.004494540736458e-05,5.504736071162149,10.49056271288215,19982.03798325736,0.3941659327779525
2.419999999999996e-09,2.0,9.554571552623574e-05,0.707333729710877,0.5659335200751237,0.5058396031791558,0.1719393982047519,0.0005253497745051717,5.012526686671181e-05,5.498412673155833,10.48073770663666,19950.01847389864,0.39399412187037175
2.439999999999996e-09,2.0,9.572482068715083e-05,0.7076827403779594,0.5658821817028488,0.5058407064327091,0.1720999759589578,0.0005257060213490559,5.021096593650534e-05,5.491846484291213,10.46994439449425,19915.96818241971,0.393782205743891
2.459999999999996e-09,2.0,9.590929906785045e-05,0.7080450561097926,0.5657971362671013,0.5058422623073663,0.1722665244358723,0.0005260675244383418,5.030188585661341e-05,5.485052316532728,10.45820679443129,19879.97036235423,0.39353061183122895
2.479999999999996e-09,2.0,9.609876349555556e-05,0.7084199138169106,0.5656785463222415,0.5058442678591006,0.1724386915600241,0.0005264334087226619,5.039785852792476e-05,5.478045587196608,10.4455511424354,19842.11292322895,0.39323985476221734
2.499999999999996e-09,2.0,9.62928194761919e-05,0.7088065239946286,0.5655266450938623,0.5058467190405206,0.1726161171802847,0.0005268027990569774,5.049870851990475e-05,5.470841964011497,10.43200538186696,19802.48662410518,0.3929105279135776
2.519999999999995e-09,2.0,9.64910573699279e-05,0.7092040723858549,0.5653417361783228,0.5058496110268718,0.1727984262671682,0.000527174805384516,5.060424943985509e-05,5.463457633339918,10.41759953402889,19761.1862851268,0.3925433099111546
2.539999999999995e-09,2.0,9.669306178337456e-05,0.7096117216960341,0.5651241931643647,0.5058529379080374,0.1729852371718602,0.0005275485428786309,5.071428788244542e-05,5.455908952365923,10.40236518949998,19718.30901614901,0.3921389559925045
2.559999999999995e-09,2.0,9.689840399062143e-05,0.7100286133566108,0.5648744590267353,0.5058566930067291,0.1731761550360356,0.0005279231175841516,5.08286198945045e-05,5.448212709011562,10.38633586117159,19673.95538331581,0.3916983039906997
2.579999999999995e-09,2.0,9.71066512098161e-05,0.7104538693332996,0.5645930454385969,0.5058608685861616,0.1733707799303303,0.0005282976460508251,5.094703487284162e-05,5.440385781734458,10.36954647840448,19628.22767793835,0.3912222655082666
2.599999999999995e-09,2.0,9.731735925898425e-05,0.7108865939753526,0.564280531856342,0.5058654561607419,0.1735687004663969,0.0005286712413733264,5.106931212588861e-05,5.432445391892099,10.35203372369934,19581.23104409447,0.39071183138994503
2.619999999999995e-09,2.0,9.753008171298517e-05,0.7113258759019294,0.5639375645214693,0.5058704462191729,0.1737695018114201,0.000529043032272575,5.119522472628779e-05,5.424408771583245,10.33383553058067,19533.07179227048,0.39016806271004917
2.639999999999995e-09,2.0,9.774436278217475e-05,0.7117707899215981,0.563564855236833,0.5058758285279037,0.1739727594917642,0.0005294121494768775,5.132453617110499e-05,5.416293409171898,10.3149914051231,19483.85849345457,0.3895920957450688
2.659999999999995e-09,2.0,9.795974634416287e-05,0.7122203989809219,0.5631631800599649,0.505881591869373,0.1741780472796378,0.0005297777442116667,5.145700419571241e-05,5.408116725545081,10.29554192849435,19433.70034129044,0.3889851327803271
2.679999999999995e-09,2.0,9.817576903220615e-05,0.7126737561380294,0.5627333777744733,0.5058877243384444,0.174384931177396,0.0005301389748677777,5.159237753456118e-05,5.399896313455825,10.27552906459183,19382.70821750967,0.3883484465970773
2.699999999999995e-09,2.0,9.839196913473092e-05,0.7131299065570124,0.5622763482803741,0.5058942130954598,0.1745929771720402,0.000530495024865563,5.173039970280285e-05,5.39164962249944,10.25499566818193,19330.99310550694,0.3876833711083339
2.719999999999995e-09,2.0,9.860787987930833e-05,0.7135878895189476,0.5617930507680702,0.5059010446558172,0.1748017453890275,0.0005308450895610348,5.187080585974119e-05,5.383394192872479,10.23398577990944,19278.66713125689,0.3869913053790427
2.739999999999995e-09,2.0,9.882303819160027e-05,0.7140467404453109,0.5612845018150808,0.5059082046574805,0.1750107977099414,0.0005311883934566697,5.20133265643889e-05,5.375147349293376,10.21254414095386,19225.842030351,0.3862737041051394
2.759999999999995e-09,2.0,9.903697815989487e-05,0.7145054929295191,0.5607517732739141,0.5059156781438006,0.1752196920845414,0.0005315241773018148,5.215768474367876e-05,5.366926429705893,10.19071647665942,19172.63016781424,0.3855320811893727
2.779999999999995e-09,2.0,9.924923964408906e-05,0.7149631807723226,0.5601959900885377,0.5059234493450565,0.1754279900067219,0.0005318517146297056,5.230359942774623e-05,5.358748488288779,10.16854901858947,19119.1430597703,0.3847680000818158
2.799999999999994e-09,2.0,9.945936190508097e-05,0.7154188400167608,0.5596183279114293,0.5059315019545868,0.1756352509734631,0.000532170299014897,5.245078282474212e-05,5.350630519561112,10.14608877798982,19065.49237484935,0.3839830769379662
2.819999999999994e-09,2.0,9.966689205359899e-05,0.7158715109783954,0.5590200106571037,0.5059398189238975,0.1758410398140614,0.0005324792599236847,5.25989440410224e-05,5.342589170544495,10.12338307606326,19011.78851081289,0.3831789708430423
2.839999999999994e-09,2.0,9.987137882836552e-05,0.7163202402665451,0.5584023078676058,0.5059483827320884,0.1760449212847076,0.0005327779500983052,5.274778626397006e-05,5.334640960654371,10.1004798084242,18958.14157954645,0.3823573865828982
2.859999999999994e-09,2.0,0.000100072380874069,0.7167640827922644,0.5577665320243118,0.5059571751940283,0.176246467245915,0.0005330657607158922,5.28970104714462e-05,5.326802002999573,10.07742698434047,18904.66003820386,0.38152006477839684
2.879999999999994e-09,2.0,0.000100269460652092,0.7172021037588382,0.5571140356849466,0.5059661777230103,0.1764452513815974,0.0005333421088763817,5.304631272335953e-05,5.319088220372841,10.05427298326654,18851.45165913933,0.38066878430334916
2.899999999999994e-09,2.0,0.0001004621925367518,0.7176333806305988,0.5564462085786113,0.5059753711514418,0.1766408562196756,0.0005336064520731705,5.319538786368311e-05,5.311515075597641,10.03106610371136,18798.62221444027,0.37980535235893564
2.919999999999994e-09,2.0,0.0001006501568425654,0.7180570050759203,0.5557644745410184,0.5059847359866086,0.1768328679647508,0.0005338582757689161,5.334392692059541e-05,5.304097783864398,10.00785481285594,18746.27643158968,0.37893160657626757
2.939999999999994e-09,2.0,0.0001008329477280353,0.7184720848802963,0.5550702884211322,0.5059942522432846,0.1770208833570163,0.0005340971071889013,5.349162080307428e-05,5.296851051966645,9.984687305608912,18694.51672966559,0.3780494050641159
2.959999999999994e-09,2.0,0.0001010101673239087,0.7188777458254734,0.5543651328445555,0.5060038996924471,0.1772045046079254,0.0005343225029760015,5.363815780827364e-05,5.289789287168858,9.961611748224184,18643.44416104743,0.3771606282366301
2.979999999999994e-09,2.0,0.000101181433434269,0.7192731335306811,0.5536505149632237,0.5060136577051605,0.17738334609277,0.0005345340623252235,5.37832273131744e-05,5.282926345114377,9.938675848005264,18593.15719707743,0.3762671688704537
2.999999999999994e-09,2.0,0.0001013463737510353,0.7196574152520819,0.5529279630797089,0.5060235054940326,0.1775570293791251,0.0005347314147158676,5.392651738645705e-05,5.276275735357636,9.915927091745749,18543.75265574144,0.37537093370058383
3.019999999999994e-09,2.0,0.0001015046333429005,0.720029781636651,0.5521990232739693,0.506033421967717,0.17772518974875,0.0005349142324125759,5.406771847392407e-05,5.269850377677078,9.893412326443103,18495.32453421875,0.3744738335252193
3.039999999999994e-09,2.0,0.0001016558689423827,0.72038944842679,0.5514652559236192,0.5060433859648467,0.1778874713090516,0.0005350822182789391,5.42065211105005e-05,5.263662804360215,9.871177993292891,18447.96492218143,0.3735777846145676
3.059999999999994e-09,2.0,0.0001017997562142212,0.7207356581120882,0.5507282322437435,0.5060533761184784,0.1780435333403193,0.0005352351176765552,5.434261959617752e-05,5.257724924616217,9.849269719676963,18401.76287840088,0.37268469890342415
3.079999999999993e-09,2.0,0.0001019359841025957,0.7210676815247486,0.5499895307399012,0.5060633710822138,0.1781930454809618,0.0005353727063698894,5.447570980194786e-05,5.252048223667768,9.827732549356272,18356.80532912016,0.3717964852589394
3.099999999999993e-09,2.0,0.0001020642618719094,0.7213848193753221,0.5492507336983989,0.5060733494038789,0.1783356938965135,0.0005354948018601669,5.460549283089913e-05,5.246643534930527,9.806610545911072,18313.17598573415,0.37091503980188545
3.119999999999993e-09,2.0,0.0001021843135032891,0.7216864037255106,0.5485134236098498,0.5060832897435339,0.1784711765299448,0.000535601251396043,5.473167290992345e-05,5.241521235941664,9.785947019699679,18270.95622759028,0.37004224707990496
3.139999999999993e-09,2.0,0.0001022958845022,0.721971799394944,0.5477791796480463,0.5060931707556702,0.1785992090893498,0.0005356919427835383,5.48539610283691e-05,5.236691027957388,9.765784142853272,18230.22405770889,0.36917997055869656
3.159999999999993e-09,2.0,0.0001023987363349927,0.7222404052989607,0.5470495741022919,0.5061029712987913,0.1787195203552256,0.0005357667925209562,5.497207290532758e-05,5.232162128733726,9.746163173501735,18191.05496935128,0.36833005374706634
3.179999999999993e-09,2.0,0.0001024926529994407,0.7224916557145797,0.5463261688830657,0.5061126703254129,0.1788318579842517,0.0005358257561293969,5.508573259601546e-05,5.227943059188728,9.727124082364568,18153.5209367867,0.367494310898814
3.199999999999993e-09,2.0,0.0001025774354938576,0.722725021471995,0.5456105120010877,0.5061222470828908,0.1789359838660545,0.000535868816433314,5.519467052242393e-05,5.22404183304622,9.708705774692623,18117.69126502404,0.3666745281350332
3.219999999999993e-09,2.0,0.0001026529081483786,0.7229400110690841,0.5449041341373573,0.5061316810105204,0.1790316797410237,0.0005358959934583859,5.529862703544844e-05,5.220465750215245,9.690945728451034,18083.63161275168,0.36587245439633354
3.239999999999993e-09,2.0,0.0001027189131209531,0.7231361717065825,0.5442085452059858,0.5061409519312979,0.1791187425997312,0.0005359073328810196,5.539735049478661e-05,5.217221583311956,9.67388021438775,18051.40482475076,0.3650898026062546
3.259999999999993e-09,2.0,0.0001027753164889508,0.7233130902417447,0.5435252310249571,0.506150039955424,0.1791969901132777,0.0005359029155414883,5.549060077287506e-05,5.214315377424096,9.657543945774842,18021.06998432103,0.36432824091167937
3.279999999999993e-09,2.0,0.0001028220027681099,0.7234703940584831,0.5428556499982149,0.5061589256626959,0.1792662560691947,0.0005358828460865898,5.557814736826541e-05,5.211752633538345,9.64197029699075,17992.68322806655,0.36358939392902023
3.299999999999993e-09,2.0,0.0001028588807657586,0.7236077518521511,0.5422012299216725,0.50616759001176,0.179326395613389,0.0005358472621459178,5.565977283577795e-05,5.209538114381766,9.627190964772975,17966.29682536546,0.3628748343082835
3.319999999999993e-09,2.0,0.000102885878120498,0.7237248743273184,0.5415633648179382,0.506176014512846,0.179377280717031,0.0005357963231917129,5.573527091628858e-05,5.207676024800785,9.613236185690218,17941.95997543363,0.36218608410090725
3.339999999999993e-09,2.0,0.0001029029469199674,0.7238215148070699,0.5409434119097575,0.5061841811421366,0.1794188052297485,0.0005357302194249785,5.580444987630169e-05,5.206169823402178,9.600134408859846,17919.71791168336,0.36152460668000896
3.359999999999993e-09,2.0,0.0001029100582606124,0.7238974697525428,0.5403426886381884,0.5061920725045983,0.1794508803726848,0.0005356491608753257,5.586713063625636e-05,5.20502239995442,9.58791251268779,17899.61268121806,0.36089180826550354
3.379999999999992e-09,2.0,0.0001029072076344155,0.7239525791916085,0.5397624698328543,0.5061996717528798,0.1794734396031808,0.0005355533860413354,5.592315000206319e-05,5.204235892587074,9.576595489016213,17881.68227224515,0.36028903022967346
3.399999999999992e-09,2.0,0.0001028944095095289,0.7239867270557976,0.5392039849414141,0.5062069627400071,0.1794864341298838,0.0005354431512509784,5.597235877380274e-05,5.203811862313089,9.566206659519713,17865.96137642209,0.3597175508115303
3.419999999999992e-09,2.0,0.0001028717024917077,0.7239998414247568,0.5386684154228656,0.5062139299422809,0.1794898375897401,0.000535318739097218,5.601462485175528e-05,5.203751115585884,9.556767371270597,17852.48053783339,0.35917857783312546
3.439999999999992e-09,2.0,0.0001028391439278147,0.7239918946777235,0.5381568922128646,0.5062205586016525,0.1794836415817355,0.0005351804480763559,5.604983130779351e-05,5.204053876071582,9.548297213196806,17841.26689888813,0.3586732506311291
3.459999999999992e-09,2.0,0.0001027968148488309,0.7239629035516993,0.5376704933629376,0.5062268346521189,0.1794678601576337,0.0005350286008555046,5.607787934913818e-05,5.204719612404956,9.5408137230804,17832.34336972781,0.3582026332053039
3.479999999999992e-09,2.0,0.0001027448145992468,0.7239129291061992,0.5372102417627147,0.5062327448516557,0.1794425253716059,0.0005348635342020702,5.609868633588996e-05,5.205747207372161,9.534332604503135,17825.72935866121,0.3577677163911088
3.499999999999992e-09,2.0,0.0001026832655694434,0.7238420765946515,0.5367771030443493,0.5062382767116623,0.17940769158675,0.0005346856071144274,5.611218858719459e-05,5.207134790749332,9.528867445324499,17821.43996123172,0.3573694114575994
3.519999999999992e-09,2.0,0.0001026123078547996,0.7237504952427191,0.5363719835791431,0.5062434186183576,0.1793634310385915,0.0005344951910508816,5.611833933023411e-05,5.208879906086215,9.524429935561527,17819.48667645701,0.3570085525405515
3.539999999999992e-09,2.0,0.0001025321037859317,0.723638377934008,0.5359957286628478,0.5062481597648916,0.179309837960019,0.000534292677948807,5.611711133567089e-05,5.210979348552931,9.52102959742305,17819.87661514482,0.35668589070282886
3.559999999999992e-09,2.0,0.0001024428326219307,0.7235059608038273,0.535649120800548,0.5062524902621618,0.179247024157319,0.0005340784707559037,5.610849478598285e-05,5.213429329543065,9.51867400458813,17822.61320347917,0.3564020966432291
3.579999999999992e-09,2.0,0.0001023446948874549,0.7233535227418534,0.5353328781849241,0.5062564010732549,0.1791751229567925,0.000533852991356446,5.609249972992368e-05,5.216225319492613,9.51736852390002,17827.69541052437,0.35615775522813164
3.599999999999992e-09,2.0,0.0001022379071049077,0.7231813848047477,0.5350476532796895,0.5062598841136869,0.1790942847926906,0.0005336166714016917,5.606915386126984e-05,5.219362210545062,9.517116536518508,17835.11844095719,0.3559533684869989
3.619999999999992e-09,2.0,0.0001021227059476744,0.7229899095399654,0.5347940315994021,0.5062629321879009,0.1790046809793735,0.0005333699601548631,5.603850478546933e-05,5.222834164341575,9.517919191397926,17844.87298203749,0.3557893506200286
3.639999999999992e-09,2.0,0.0001019993430162762,0.7227795002221776,0.5345725305983248,0.5062655390789785,0.1789064993112265,0.0005331133156114152,5.600061770353929e-05,5.226634773009572,9.519775628791358,17856.94588752365,0.3556660312870983
3.659999999999991e-09,2.0,0.0001018680888171986,0.7225506000039164,0.5343835987570177,0.5062676994869593,0.1787999476648384,0.0005328472122672505,5.59555774879495e-05,5.230756911952067,9.522682745647716,17871.3194447034,0.35558365109217926
3.679999999999991e-09,2.0,0.0001017292275881191,0.7223036909822314,0.5342276147802415,0.506269409108129,0.1786852496116695,0.0005325721325134025,5.590348627039857e-05,5.235192899434545,9.526635421937979,17887.972051745,0.35554236516857196
3.699999999999991e-09,2.0,0.0001015830611117898,0.7220392931833234,0.5341048869924155,0.5062706645749797,0.178562647855336,0.0005322885743249875,5.584446532809793e-05,5.23993435442416,9.531626298106369,17906.87750567206,0.35554223913707955
3.719999999999991e-09,2.0,0.0001014299035954078,0.7217579634672939,0.5340156528451526,0.5062714635252066,0.1784323998584985,0.000531997042909055,5.577865257828866e-05,5.244972355055092,9.537646004667565,17928.00567558423,0.3555832529866541
3.739999999999992e-09,2.0,0.0001012700853289232,0.7214602943553171,0.5339600786207551,0.5062718045431867,0.1782947811209372,0.00053169805830519,5.570620428025668e-05,5.250297301583795,9.544682951834753,17951.32181271986,0.3556652974998179
3.759999999999992e-09,2.0,0.0001011039476235029,0.721146912781704,0.5339382592471698,0.5062716872188594,0.1781500808228234,0.0005313921472600185,5.562729244351188e-05,5.255899074010971,9.55272356280209,17976.78722212617,0.35578817842434635
3.779999999999992e-09,2.0,0.0001009318463234946,0.7208184787734881,0.5339502183060242,0.5062711120906332,0.1779986049498566,0.0005310798507245117,5.554210635488127e-05,5.261766900225693,9.561752075645547,18004.35859617189,0.3559516133561676
3.799999999999993e-09,2.0,0.0001007541468087618,0.720475684060313,0.5339959081502389,0.5062700806943694,0.177840671955736,0.0005307617159242035,5.545084991105586e-05,5.267889513051764,9.571750780656288,18033.98868735137,0.3561552361945029
3.819999999999993e-09,2.0,0.0001005712273693485,0.720119250617549,0.5340752102106837,0.5062685955076703,0.177676615741223,0.0005304383037333262,5.535374298376255e-05,5.274255023651818,9.582699834569901,18065.62566678354,0.3563985944694607
3.839999999999993e-09,2.0,0.0001003834742762855,0.7197499291457083,0.5341879354093918,0.5062666599892102,0.1775067813392721,0.0005301101809064763,5.525101869071445e-05,5.280851078245965,9.594577502252772,18099.21380088619,0.3566811540701197
3.859999999999994e-09,2.0,0.0001001912850278002,0.7193684974893615,0.5343338247567205,0.5062642785244033,0.1773315277554172,0.0005297779273059557,5.514292461498262e-05,5.287664736836067,9.607359983260885,18134.69283651841,0.35700229700130337
3.879999999999994e-09,2.0,9.99950634930063e-05,0.7189757589988834,0.5345125500510346,0.5062614564553566,0.1771512236796484,0.0005294421282585795,5.50297200310937e-05,5.294682629816227,9.6210216581045,18171.99868425581,0.3573613263713862
3.899999999999994e-09,2.0,9.979522303831674e-05,0.7185725408384811,0.5347237147562949,0.5062582000279452,0.1769662501960365,0.0005291033816102434,5.491167699717447e-05,5.301890842056911,9.635534927069681,18211.06283189013,0.35775746456025836
3.919999999999995e-09,2.0,9.959218174825842e-05,0.718159692244066,0.5349668549772205,0.5062545164126925,0.1767769965259979,0.0005287622901709389,5.478907755491271e-05,5.309275069589199,9.650870461197005,18251.81303696423,0.35818985845122264
3.939999999999995e-09,2.0,9.938636544057355e-05,0.7177380827346398,0.535241440605468,0.5062504136533102,0.1765838626155563,0.0005284194685697269,5.466221471472962e-05,5.316820509058963,9.666997053219207,18294.17277032747,0.35865757798991166
3.959999999999995e-09,2.0,9.917820296824852e-05,0.717308600280962,0.5355468765576044,0.5062459006788401,0.1763872549151699,0.000528075535751934,5.453138964948809e-05,5.324512014620597,9.683881873288943,18338.06192044085,0.3591596216424344
3.979999999999996e-09,2.0,9.896812913163357e-05,0.7168721494353536,0.5358825041764582,0.506240987253739,0.1761875888534262,0.0005277311216084188,5.439691259381374e-05,5.332333992733071,9.701490331795682,18383.39626859125,0.359694915323032
3.999999999999996e-09,2.0,9.875658006565145e-05,0.7164296494265799,0.5362476027177409,0.5062356839816373,0.1759852846590751,0.0005273868594914029,5.425910005178358e-05,5.34027055934429,9.719786339767477,18430.0882072431,0.36026231805866576
4.019999999999996e-09,2.0,9.854399605712169e-05,0.715982032223821,0.5366413909917269,0.5062300022570823,0.1757807697303234,0.000527043392594184,5.411827563157019e-05,5.348305439954399,9.73873218323184,18478.04624832955,0.3608606212614035
4.039999999999997e-09,2.0,9.833081702100168e-05,0.7155302405738088,0.5370630290830092,0.5062239542612762,0.1755744745050921,0.0005267013664560214,5.397476728689905e-05,5.35642212711007,9.758288788099403,18527.17575760116,0.36148855457791707
4.059999999999997e-09,2.0,9.811748523095997e-05,0.7150752260152671,0.5375116202163867,0.5062175529156216,0.1753668347353571,0.0005263614350721925,5.382890810748315e-05,5.364603785606933,9.778415605629185,18577.37849713104,0.3621447854810296
4.079999999999997e-09,2.0,9.790444088839708e-05,0.7146179468748322,0.5379862126930374,0.5062108118698209,0.1751582874119738,0.0005260242533637092,5.368103361287454e-05,5.37283341024497,9.799070881480766,18628.55337718695,0.36282792528106356
4.099999999999998e-09,2.0,9.76921247741724e-05,0.7141593662486782,0.5384858019633505,0.5062037454573735,0.1749492729537061,0.0005256904830026956,5.353148251778342e-05,5.381093735982038,9.820211551736096,18680.596033704,0.3635365290096444
4.119999999999998e-09,2.0,9.748097391402235e-05,0.7137004499740967,0.5390093327617157,0.5061963686764394,0.1747402311931854,0.0005253607848292302,5.338059409517068e-05,5.389367395829161,9.841793515684373,18733.3995986843,0.3642691015685303
4.139999999999999e-09,2.0,9.72714241591862e-05,0.7132421645953038,0.5395557013680241,0.5061886971474605,0.1745316034903878,0.000525035824383227,5.322870893362387e-05,5.39763683570286,9.863771541743498,18786.85431290469,0.36502409787763634
4.159999999999999e-09,2.0,9.706390595169165e-05,0.7127854753277574,0.5401237579223301,0.5061807470871988,0.1743238287864155,0.0005247162642581622,5.307616638428294e-05,5.405884472263527,9.88609954342035,18840.84831522653,0.36579992913591464
4.179999999999999e-09,2.0,9.68588468414313e-05,0.7123313440252739,0.5407123088558663,0.5061725352686587,0.1741173456512056,0.0005244027693376869,5.292330532510981e-05,5.414092612147346,9.908730494368433,18895.26729022239,0.3665949632046607
4.2e-09,2.0,9.665666735461031e-05,0.7118807271542239,0.5413201193660161,0.5061640789887184,0.1739125884118655,0.0005240959990841344,5.277046170365642e-05,5.422243609474229,9.931616706848335,18949.9952760639,0.3674075309541506
4.22e-09,2.0,9.64577834545741e-05,0.7114345737790765,0.5419459159969373,0.5061553960305576,0.1737099891443087,0.0005237966124856451,5.261796932046045e-05,5.430319789073241,9.954709755056381,19004.91434607969,0.3682359268526286
4.24e-09,2.0,9.626260251650173e-05,0.7109938235635307,0.5425883892546106,0.5061465046252906,0.1735099738828145,0.000523505260285819,5.246615747689607e-05,5.438303603310801,9.977960755299243,19059.90543409547,0.3690784153717961
4.260000000000001e-09,2.0,9.607152573900113e-05,0.7105594047914482,0.5432461963165673,0.506137423417107,0.1733129645651202,0.000523222589654941,5.231535178720782e-05,5.446177558858067,10.00132029663384,19114.84804818842,0.36993323175144716
4.280000000000001e-09,2.0,9.588494422785544e-05,0.7101322324117525,0.5439179637662535,0.5061281714193335,0.1731193753297022,0.0005229492363755549,5.216587193786333e-05,5.4539243724188,10.02473872186894,19169.62111150249,0.3707985884365512
4.300000000000001e-09,2.0,9.570324136508191e-05,0.7097132061114143,0.5446022904108996,0.5061187679824865,0.1729296144235984,0.0005226858292590761,5.201803253503114e-05,5.46152690052546,10.04816606447153,19224.1027056638,0.3716726759873012
4.320000000000002e-09,2.0,9.552678900423397e-05,0.7093032084205798,0.5452977501140612,0.5061092327451868,0.1727440805936644,0.0005224329823101646,5.187214097911762e-05,5.468968293680708,10.07155232941865,19278.17092420716,0.3725536695203968
4.340000000000002e-09,2.0,9.535594980323446e-05,0.7089031028538346,0.5460028947003832,0.5060995856053363,0.1725631649660263,0.0005221912989172057,5.172849835190264e-05,5.476231928614871,10.09484743525324,19331.70364229641,0.3734397297343569
4.360000000000002e-09,2.0,9.519107353341433e-05,0.7085137320915166,0.5467162568649564,0.5060898466662948,0.1723872475372437,0.0005219613640258175,5.158739740739318e-05,5.483301560297857,10.1180014937333,19384.57937900714,0.37432900932771274
4.380000000000003e-09,2.0,9.503249938202847e-05,0.7081359162049088,0.54743635314359,0.5060800362113914,0.1722166990338709,0.0005217437481381564,5.144912350046093e-05,5.490161256045391,10.14096475586182,19436.67708918386,0.375219654109719
4.400000000000003e-09,2.0,9.488055237685126e-05,0.707770450929051,0.5481616868775727,0.506070174645774,0.1720518775090311,0.0005215389995323579,5.131395269284963e-05,5.496795544812878,10.16368788922066,19487.87702997094,0.37610980936854166
4.420000000000003e-09,2.0,9.47355456638781e-05,0.7074181059868057,0.5488907512280731,0.506060282474455,0.171893130190079,0.0005213476481110942,5.118215272307786e-05,5.503189352503722,10.18612192675554,19538.06056987328,0.37699762103799406
4.440000000000004e-09,2.0,9.459777704894459e-05,0.7070796234677102,0.5496220321749896,0.5060503802402346,0.17174079018562,0.0005211701977090159,5.105398122446293e-05,5.509328147924434,10.20821854063935,19587.11105414913,0.3778812419893696
4.460000000000004e-09,2.0,9.44675312557054e-05,0.706755716265029,0.5503540115542651,0.5060404885054772,0.1715951783287094,0.0005210071298352067,5.09296867342939e-05,5.515197878628343,10.22992999256723,19634.91362546792,0.3787588332255557
4.480000000000004e-09,2.0,9.434507658541903e-05,0.7064470665742967,0.5510851700697371,0.5060306277864914,0.1714565999988312,0.000520858896114596,5.080950701911751e-05,5.520785112894045,10.25120940296898,19681.35608211553,0.3796285700709059
4.500000000000005e-09,2.0,9.423066715990711e-05,0.7061543244565152,0.5518139903324456,0.506020818539233,0.1713253469674816,0.000520725921971752,5.069367011977735e-05,5.526076975433048,10.27201070156092,19726.32870410118,0.380488643364964
4.520000000000005e-09,2.0,9.412453970035564e-05,0.7058781064690317,0.5525389598647297,0.5060110810905093,0.1712016943390655,0.0005206085992545906,5.058239277795224e-05,5.531061284753282,10.29228889072074,19769.72509762089,0.38133726552566416
4.540000000000005e-09,2.0,9.402691575961846e-05,0.7056189943669785,0.5532585741210132,0.5060014356277883,0.1710859024050796,0.0005205072899082499,5.04758815126039e-05,5.535726488070713,10.31199999505266,19811.44202009228,0.3821726717159336
4.560000000000006e-09,2.0,9.39379986206469e-05,0.7053775338780134,0.5539713394638345,0.50599190212759,0.1709782137073217,0.000520422318830162,5.037433114085862e-05,5.540061793437041,10.33110131775124,19851.38020401228,0.3829931257565128
4.580000000000006e-09,2.0,9.385797552222105e-05,0.705154233552937,0.5546757761460609,0.5059825003495655,0.1708788549062484,0.0005203539775824856,5.02779258806938e-05,5.544057103223839,10.349551387964,19889.44417422735,0.38379692123981246
4.600000000000006e-09,2.0,9.378701467744923e-05,0.7049495636946123,0.5553704212390511,0.5059732497624204,0.1707880339692864,0.0005203025175267202,5.018683795869292e-05,5.547703140428786,10.36731020900268,19925.54304423535,0.3845823872697647
4.620000000000007e-09,2.0,9.372526749679198e-05,0.7047639553674372,0.5560538315567599,0.5059641695424231,0.1707059420583205,0.000520268153621342,5.010122873340234e-05,5.550991380146782,10.38433920233339,19959.59031905545,0.38534788949843946
4.640000000000007e-09,2.0,9.367286572698387e-05,0.7045977994894616,0.5567245865167678,0.505955278497187,0.170632750845303,0.0005202510578816742,5.002124738223975e-05,5.553914169521661,10.40060144654432,19991.50465718002,0.3860918356714648
4.660000000000007e-09,2.0,9.362992367506358e-05,0.7044514460090567,0.5573812909872887,0.5059465950687579,0.1705686144231725,0.0005202513633060312,4.994703203983382e-05,5.556464656681071,10.41606161685683,20021.20965270727,0.3868126765641162
4.680000000000008e-09,2.0,9.359653546804724e-05,0.7043252031678732,0.558022578062327,0.5059381372555696,0.170513666750382,0.000520269157702574,4.987870855638624e-05,5.558636903870068,10.43068621382663,20048.63455655699,0.38750891131194504
4.700000000000008e-09,2.0,9.357277728160375e-05,0.7042193368516393,0.5586471118131282,0.5059299226202485,0.1704680235889277,0.0005203044877825678,4.981639164543624e-05,5.560425813403715,10.444443497349,20073.71403206823,0.3881790882242005
4.720000000000009e-09,2.0,9.355870472085409e-05,0.7041340700301676,0.5592535899592467,0.5059219682100389,0.1704317800788437,0.000520357353390602,4.976018370622798e-05,5.561827233603101,10.45730370415562,20096.38882974703,0.388821809880403
4.740000000000009e-09,2.0,9.355435505729705e-05,0.7040695822877474,0.5598407465064696,0.505914290569462,0.1704050127063901,0.000520427711797601,4.971017597567028e-05,5.562837881410451,10.46923897538232,20116.60551130278,0.38943573380007956
4.760000000000009e-09,2.0,9.355974473120231e-05,0.704026009444915,0.5604073542960423,0.5059069056594997,0.1703877770090075,0.0005205154723642422,4.966644740770472e-05,5.563455440844898,10.48022356202378,20134.31707307639,0.39001957728703474
4.78000000000001e-09,2.0,9.357487160040518e-05,0.7040034432723952,0.5609522275115499,0.5058998288752271,0.1703801095761192,0.0005206205010593697,4.962906582472569e-05,5.563678482025868,10.49023374524192,20149.48263446438,0.39057211793543073
4.80000000000001e-09,2.0,9.359971256487928e-05,0.7040019312978194,0.5614742240889667,0.5058930749640389,0.1703820258844828,0.0005207426155789107,4.95980868475378e-05,5.563506551972599,10.49924802905502,20162.06800625099,0.39109219820448393
4.82000000000001e-09,2.0,9.363422583103254e-05,0.7040214767056252,0.5619722480753583,0.5058866580483743,0.1703935223334677,0.0005208815901074978,4.957355504212064e-05,5.562940089890442,10.50724705268617,20172.0453405115,0.39157872574189057
4.840000000000011e-09,2.0,9.367834865916306e-05,0.70406203833035,0.5624452518827898,0.5058805915432538,0.1704145742102053,0.0005210371509068949,4.955550289447089e-05,5.561980510251131,10.51421376989051,20179.39364129779,0.3920306776725845
4.860000000000011e-09,2.0,9.373199964688772e-05,0.7041235307433305,0.5628922384820575,0.5058748881842139,0.1704451377606175,0.0005212089813302235,4.954395194930738e-05,5.560630114309685,10.52013335277566,20184.09837437241,0.39244710072143996
4.880000000000011e-09,2.0,9.379507660026345e-05,0.7042058244326288,0.5633122634838035,0.50586955994442,0.1704851482832314,0.0005213967178850921,4.95389118248796e-05,5.558892165518366,10.52499335730734,20186.15191902089,0.39282711520057206
4.900000000000012e-09,2.0,9.386745883992122e-05,0.704308746075803,0.5637044371507933,0.5058646180679212,0.1705345222366503,0.0005215999555010671,4.954038134097829e-05,5.556770797355702,10.52878361817566,20185.55313729147,0.393169914914143
4.920000000000012e-09,2.0,9.394900519665019e-05,0.704432078904949,0.564067926289891,0.5058600729865985,0.1705931554603646,0.0005218182440636639,4.954834756963074e-05,5.554271081242169,10.53149640016446,20182.30776706914,0.3934747708295264
4.940000000000012e-09,2.0,9.40395563436583e-05,0.7045755631632458,0.564401956066703,0.5058559343588567,0.1706609253187675,0.0005220510939268415,4.956278695058256e-05,5.55139893087367,10.53312628378549,20176.42795182336,0.3937410307479354
4.960000000000013e-09,2.0,9.413893291732604e-05,0.7047388966520405,0.5647058116923878,0.5058522109866588,0.1707376890467548,0.0005222979729050149,4.95836643746626e-05,5.54816116291788,10.53367030234883,20167.93257641932,0.39396812264563297
4.980000000000013e-09,2.0,9.424693787875967e-05,0.7049217353673227,0.5649788400248218,0.5058489108597566,0.1708232859297971,0.0005225583120137116,4.961093428571868e-05,5.544565398148231,10.53312781823862,20156.846759644,0.3941555540950247
5.000000000000013e-09,2.0,9.436335476018994e-05,0.705123694224247,0.5652204510345945,0.5058460410730704,0.1709175357715634,0.0005228315028980227,4.964453979429944e-05,5.540620115302842,10.53150064567741,20143.20213549099,0.3943029152630311
5.020000000000014e-09,2.0,9.448795005856257e-05,0.7053443478681772,0.5654301191772879,0.5058436078765682,0.1710202411089544,0.0005231169037763511,4.96844137658272e-05,5.536334549409953,10.52879291767249,20127.0363118946,0.3944098780683335
5.040000000000014e-09,2.0,9.462047160768339e-05,0.7055832315705448,0.5656073846234932,0.5058416165932281,0.1711311857984284,0.0005234138372755606,4.973047796310049e-05,5.531718739282618,10.52501119462251,20108.39310134903,0.39447619882506485
5.060000000000014e-09,2.0,9.476065100601778e-05,0.7058398422076352,0.5657518543873635,0.505840071674669,0.1712501372642796,0.0005237215965452438,4.978264412127074e-05,5.526783423507867,10.52016432211707,20087.3219502764,0.3945017171230839
5.080000000000015e-09,2.0,9.490820211411892e-05,0.7061136393202387,0.5658632033061517,0.5058389766199352,0.171376845199769,0.0005240394434624515,4.984081311849229e-05,5.521540082128611,10.51426352568912,20063.87812378954,0.39448635810638266
5.100000000000015e-09,2.0,9.50628235180424e-05,0.7064040462519364,0.5659411749109512,0.5058383340369833,0.1715110438462984,0.0005243666148773071,4.990487603901172e-05,5.516000830835635,10.50732225980079,20038.12211091915,0.3944301310646528
5.120000000000015e-09,2.0,9.522419715086276e-05,0.7067104513636218,0.5659855821421443,0.5058381455625044,0.1716524508048663,0.0005247023211438519,4.997471337208147e-05,5.510178457449634,10.49935628919442,20010.11976906411,0.39433313133727804
5.140000000000016e-09,2.0,9.5391990792176e-05,0.7070322093217015,0.5659963079492707,0.5058384119293619,0.1718007693431622,0.0005250457524523863,5.005019606517052e-05,5.504086314904762,10.49038352954148,19979.94171087556,0.39419553860610845
5.160000000000016e-09,2.0,9.556585681157846e-05,0.707368642457262,0.5659733057299314,0.505839132887667,0.171955687312264,0.0005253960776377951,5.013118475199084e-05,5.497738353188693,10.48042411598761,19947.66341444359,0.39401761841766747
5.180000000000016e-09,2.0,9.574543470362435e-05,0.7077190421933377,0.5659165996470472,0.5058403072782405,0.1721168794780442,0.0005257524505498262,5.021753079848157e-05,5.49114901173808,10.46950023607539,19913.36459797098,0.393799720169003
5.200000000000017e-09,2.0,9.593034995005835e-05,0.7080826705372775,0.5658262847802588,0.5058419329551413,0.172284006537446,0.0005261140090864657,5.030907556147644e-05,5.48433324752075,10.45763618620993,19877.12930200884,0.39354227824281274
5.220000000000017e-09,2.0,9.612021658833597e-05,0.7084587616350636,0.5657025271505015,0.5058440068652099,0.1724567174699615,0.0005264798815506029,5.040565143069152e-05,5.477306427476941,10.44485819758763,19839.04525814956,0.39324580968054
5.240000000000017e-09,2.0,9.63146361881804e-05,0.7088465233843119,0.5655455635747952,0.5058465249722195,0.1726346486472587,0.000526849185853692,5.050708112017294e-05,5.470084353435664,10.43119448142617,19799.20394965354,0.39291091492753655
5.260000000000018e-09,2.0,9.651320045038807e-05,0.7092451391025542,0.5653557013901036,0.505849482342547,0.1728174261998838,0.0005272210358059664,5.061317871001961e-05,5.462683155231439,10.41667504873776,19757.69998026296,0.3925382751902198
5.280000000000018e-09,2.0,9.671549029195386e-05,0.7096537692472893,0.5651333180046402,0.5058528730710914,0.1730046652134569,0.0005275945404347852,5.07237489732829e-05,5.455119313137034,10.40133174526746,19714.63111937404,0.39212865279118325
5.300000000000019e-09,2.0,9.692107847043958e-05,0.7100715531841821,0.5648788603154125,0.5058566903730778,0.1731959721051959,0.0005279688101558327,5.083858842158009e-05,5.447409552263703,10.38519806603677,19670.09767673875,0.3916828882102166
5.320000000000019e-09,2.0,9.712952877051642e-05,0.7104976109996841,0.5645928439517895,0.5058609265118599,0.1733909438993864,0.000528342956151203,5.095748467055689e-05,5.439570863166583,10.36830918101573,19624.20253795999,0.3912019000524032
5.340000000000019e-09,2.0,9.734039864768862e-05,0.7109310453542583,0.5642758523839378,0.5058655728968371,0.1735891706077924,0.0005287160963707374,5.108021749387062e-05,5.431620398099572,10.35070174542974,19577.05055034261,0.39068668177614546
5.36000000000002e-09,2.0,9.755323850771326e-05,0.7113709433723072,0.5639285358573939,0.5058706200132125,0.173790234576663,0.0005290873549170594,5.120655823066913e-05,5.423575490408713,10.33241391725042,19528.74855395125,0.3901383012807309
5.38000000000002e-09,2.0,9.776759436200929e-05,0.7118163785648207,0.5635516101927681,0.5058760575259682,0.1739937128646332,0.0005294558678293122,5.133627085263388e-05,5.415453553162517,10.31348516430362,19479.40478323025,0.38955789732813495
5.40000000000002e-09,2.0,9.798300719006785e-05,0.7122664127806962,0.5631458554133927,0.5058818742116091,0.1741991766531311,0.0005298207824258539,5.146911141715044e-05,5.407272097895404,10.29395627470087,19429.12889820713,0.38894667876026157
5.420000000000021e-09,2.0,9.819901559749981e-05,0.7127200981826215,0.5627121142401535,0.5058880580680954,0.1744061936149812,0.0005301812628270612,5.16048291521891e-05,5.399048636072998,10.27386916180829,19378.03140576001,0.38830592062517233
5.440000000000021e-09,2.0,9.841515525030401e-05,0.7131764792433567,0.5622512904178983,0.5058945962485583,0.1746143273797684,0.0005305364892110826,5.174316595892519e-05,5.390800697684445,10.25326686875391,19326.22369481259,0.38763696303812994
5.460000000000021e-09,2.0,9.86309615252694e-05,0.7136345947582138,0.5617643469129842,0.5059014751770415,0.1748231398860451,0.0005308856630378871,5.188385751917707e-05,5.382545735932636,10.23219337231553,19273.81748032873,0.38694120702693907
5.480000000000022e-09,2.0,9.884596900388155e-05,0.7140934798694929,0.5612523039479679,0.5059086804841237,0.1750321908929734,0.0005312280061791938,5.202663285116176e-05,5.374301146103889,10.21069358262979,19220.92484556532,0.3862201130549945
5.500000000000022e-09,2.0,9.905971410374315e-05,0.7145521680986126,0.5607162369133534,0.5059161971282757,0.1752410403088173,0.0005315627658123335,5.217121544398385e-05,5.366084173798094,10.18881314703261,19167.65771105522,0.3854751966045361
5.520000000000022e-09,2.0,9.927173461902119e-05,0.7150096933816535,0.5601572741240394,0.5059240093332702,0.1754492477400427,0.0005318892133920098,5.23173228699628e-05,5.357911934429683,10.16659844606433,19114.12788619837,0.3847080263839967
5.540000000000023e-09,2.0,9.948157232073934e-05,0.7154650921040298,0.55957659446075,0.5059321007149089,0.1756563747886565,0.0005322066491896259,5.246466795025224e-05,5.349801325235132,10.14409639825172,19060.44656469025,0.38392021967209355
5.560000000000023e-09,2.0,9.968877253004116e-05,0.7159174051300002,0.5589754248656855,0.5059404542200467,0.1758619846298931,0.0005325144010816333,5.261295842672831e-05,5.341769045682949,10.12135445345165,19006.72438697122,0.3831134402357924
5.580000000000023e-09,2.0,9.989288667466846e-05,0.716365679822748,0.5583550377330697,0.505949052258388,0.1760656442709234,0.0005328118287174827,5.276189816219732e-05,5.333831513418748,10.09842039950015,18953.07096279711,0.3822893934621463
5.600000000000024e-09,2.0,0.0001000934718809685,0.7168089720507713,0.5577167481653769,0.5059578766429107,0.1762669241483066,0.0005330983221067676,5.29111868741646e-05,5.326004885787363,10.07534235386937,18899.59494536076,0.3814498240170703
5.620000000000024e-09,2.0,0.0001002900934736386,0.7172463481763619,0.5570619111362484,0.5059669087263781,0.176465400340663,0.0005333733054066631,5.306052137224217e-05,5.318304979801134,10.05216857303045,18846.40358100845,0.3805965107955854
5.640000000000024e-09,2.0,0.0001004823245723742,0.7176768870219807,0.5563919185323759,0.5059761293428802,0.1766606541772054,0.0005336362352976441,5.32095953552194e-05,5.31074729490594,10.02894744331671,18793.60279521293,0.3797312643551705
5.660000000000025e-09,2.0,0.0001006697485220344,0.7180996818103917,0.5557081961156415,0.5059855189486752,0.1768522743971109,0.0005338866043889342,5.335810068719137e-05,5.303346936989325,10.0057272937583,18741.2967688344,0.37885592171853055
5.680000000000025e-09,2.0,0.0001008519584801035,0.7185138420744666,0.5550122003791622,0.5059950575645271,0.177039856760677,0.0005341239393800104,5.350572725820724e-05,5.29611864245696,9.982556386953531,18689.58803558006,0.3779723436184852
5.700000000000025e-09,2.0,0.0001010285597648423,0.7189184955326369,0.5543054153387366,0.5060047249204256,0.177223006148374,0.000534347804090041,5.365216429931229e-05,5.289076706234929,9.959482736037364,18638.57708369871,0.37708240919036257
5.720000000000026e-09,2.0,0.0001011991694203264,0.7193127899260457,0.5535893492345875,0.5060145003983527,0.177401336166475,0.0005345577974095015,5.379710030565907e-05,5.282235007165416,9.936554096267336,18588.36246411607,0.37618801306811245
5.740000000000026e-09,2.0,0.0001013634184708505,0.7196958948135292,0.5528655311849944,0.5060243631804179,0.1775744711790725,0.0005347535559665461,5.394022438908362e-05,5.275606939904355,9.913817786689986,18539.0404160495,0.3752910600059219
5.760000000000026e-09,2.0,0.0001015209514511937,0.7200670033206449,0.5521355077678191,0.506034292191639,0.1777420459004076,0.0005349347518797005,5.408122626094219e-05,5.269205441596493,9.891320683052518,18490.70498466501,0.37439346186741146
5.780000000000027e-09,2.0,0.0001016714285565569,0.720425333839067,0.5514008395714661,0.5060442662509772,0.177903707353534,0.0005351010950805072,5.421979761905556e-05,5.263042927525673,9.869109044635126,18443.44766880041,0.3734971322179321
5.800000000000027e-09,2.0,0.0001018145251268483,0.7207701316727668,0.5506630976922507,0.5060542640137093,0.1780591144420051,0.0005352523308842088,5.435563218570277e-05,5.257131318991009,9.847228509008067,18397.35754674989,0.3726039832502457
5.820000000000027e-09,2.0,0.0001019499336826839,0.7211006706275117,0.5499238602195137,0.5060642641248185,0.1782079398292962,0.0005353882419936507,5.448842712379129e-05,5.251481982534306,9.82572392440897,18352.52094409181,0.3717159203902175
5.840000000000028e-09,2.0,0.0001020773633538765,0.7214162545403355,0.5491847086862476,0.5060742451605021,0.178349869483009,0.0005355086459100614,5.461788312344933e-05,5.246105758910701,9.804639346781077,18309.02156606406,0.37083483920323856
5.860000000000028e-09,2.0,0.0001021965417934913,0.7217162187457591,0.5484472245262234,0.5060841857833709,0.1784846044696636,0.0005356133966479674,5.474370584017351e-05,5.241012905695709,9.784017877995192,18266.94018339827,0.3699626200565598
5.880000000000028e-09,2.0,0.000102307214542278,0.7219999314756717,0.5477129855159916,0.5060940646826191,0.1786118604650972,0.000535702382012475,5.486560602136789e-05,5.236213127226354,9.76390166553234,18226.35476969928,0.3691011250508944
5.900000000000029e-09,2.0,0.000102409146814399,0.7222667951899265,0.5469835622422472,0.5061038607304735,0.1787313694597685,0.0005357755250587747,5.498330095705489e-05,5.231715520379083,9.744331746783375,18187.34020318382,0.36825219278247867
5.920000000000029e-09,2.0,0.0001025021227912413,0.7225162478348468,0.5462605145733576,0.5061135529205458,0.178842879229621,0.0005358327812656811,5.50965146355997e-05,5.227528605350036,9.725348051679873,18149.96840750915,0.36741763534373656
5.94000000000003e-09,2.0,0.0001025859472741505,0.7227477640269923,0.545545388174878,0.5061231205249772,0.17894615494758,0.0005358741397760883,5.520497919543391e-05,5.22366027439452,9.706989253252202,18114.30806739099,0.3665992332272979
5.96000000000003e-09,2.0,0.0001026604449028147,0.7229608561596931,0.5448397110481209,0.5061325430305069,0.1790409786097395,0.0005358996204988212,5.530843509716963e-05,5.220117823317864,9.689292773467848,18080.42477143191,0.3657987324383814
5.98000000000003e-09,2.0,0.0001027254616721182,0.7231550754300198,0.5441449901307901,0.5061418002957556,0.1791271505493484,0.0005359092751681633,5.540663256279077e-05,5.216907902975496,9.672294640191904,18048.38073973776,0.3650178395814417
6.000000000000031e-09,2.0,0.0001027808640720554,0.723330012784028,0.5434627079388367,0.5061508724845565,0.1792044888137805,0.0005359031844073065,5.549933174951757e-05,5.214036551357547,9.656029496462628,18018.23496746324,0.3642582191250562
6.020000000000031e-09,2.0,0.0001028265404675662,0.7234852997782846,0.5427943192876009,0.5061597402228494,0.1792728305778944,0.0005358814586456778,5.558630416117545e-05,5.211509147666036,9.640530463976539,17990.04296274936,0.3635214887097065
6.040000000000031e-09,2.0,0.0001028624001586738,0.7236206093558633,0.5421412480713481,0.5061683845288335,0.1793320314679029,0.000535844235177453,5.566733280764315e-05,5.209330444895321,9.62582915601592,17963.8568899191,0.36280921660344523
6.060000000000032e-09,2.0,0.0001028883746238441,0.7237356565351744,0.5415048841381931,0.5061767869689744,0.1793819668715966,0.0005357916789749214,5.574221357173901e-05,5.207504526327669,9.61195554757382,17939.72531630847,0.3621229172665965
6.080000000000032e-09,2.0,0.000102904416500669,0.7238301990101766,0.5408865802393343,0.5061849295845687,0.1794225312058574,0.0005357239797745662,5.581075533698633e-05,5.20603483853723,9.598937992146052,17917.6933543003,0.36146404903347695
6.100000000000032e-09,2.0,0.0001029105006948611,0.7239040376607092,0.5402876490884261,0.5061927950463972,0.1794536391218783,0.0005356413528231277,5.587278129248479e-05,5.204924150175588,9.586803098616723,17897.80241590561,0.3608340099665478
6.120000000000033e-09,2.0,0.0001029066232832984,0.7239570169718677,0.5397093605097322,0.5062003665773251,0.1794752247137155,0.000535544036021751,5.592812901117311e-05,5.204174585357345,9.575575752136498,17880.090353107,0.3602341357960167
6.140000000000033e-09,2.0,0.0001028928024921711,0.7239890253615409,0.5391529387096221,0.5062076281051742,0.1794872426172523,0.0005354322906387282,5.59766516748782e-05,5.203787584641843,9.565278997904501,17864.59121935639,0.3596656960923698
6.160000000000033e-09,2.0,0.0001028690775255142,0.723999995415419,0.5386195596496949,0.5062145641810295,0.1794896671578428,0.0005353063985391554,5.601821808533873e-05,5.203763938792365,9.555934066372195,17851.33540800227,0.35912989249185207
6.180000000000034e-09,2.0,0.0001028355094172473,0.7239899040289781,0.538110348554788,0.5062211601299432,0.1794824933424129,0.000535166662894668,5.605271379203366e-05,5.204103751897296,9.547560264079973,17840.34942019386,0.3586278552123751
6.200000000000034e-09,2.0,0.0001027921797894388,0.723958772456141,0.537626377533729,0.5062274019646619,0.1794657359449056,0.0005350134055220453,5.608004101902149e-05,5.204806475530257,9.540175003448677,17831.65600147859,0.3581606415888234
6.220000000000034e-09,2.0,0.0001027391915839845,0.7239066662645143,0.5371686633447442,0.5062332765338278,0.1794394303915414,0.00053484696761562,5.610011967928519e-05,5.205870873992336,9.533793700855698,17825.2739159351,0.3577292329532028
6.240000000000035e-09,2.0,0.0001026766677557526,0.7238336951972928,0.5367381652829394,0.5062387714308859,0.1794036317834389,0.0005346677072134117,5.611288720196933e-05,5.207295058935835,9.528429811300944,17821.21808134129,0.3573345334995005
6.260000000000035e-09,2.0,0.000102604751890449,0.7237400129421245,0.5363357832204038,0.5062438751394935,0.1793584156757078,0.0005344759999724955,5.611829941885818e-05,5.209076456746571,9.524094733934302,17819.49934968907,0.356977367544696
6.280000000000035e-09,2.0,0.0001025236068384709,0.7236258168074228,0.5359623557758918,0.5062485769374264,0.1793038770372773,0.0005342722367756342,5.611633027883876e-05,5.211211843728084,9.52079785190633,17820.12464163388,0.3566584787386145
6.300000000000036e-09,2.0,0.000102433415226093,0.7234913473068052,0.5356186586433044,0.5062528670389562,0.1792401309251426,0.0005340568245638287,5.610697259471059e-05,5.213697315678266,9.518546445583418,17823.09673386786,0.3563785277181618
6.320000000000036e-09,2.0,0.000102334378036348,0.723336887652538,0.535305403055461,0.5062567364936161,0.1791673113820945,0.0005338301840903114,5.609023763461622e-05,5.216528323761577,9.517345737912454,17828.41439385965,0.3561380916733665
6.340000000000036e-09,2.0,0.0001022267150210501,0.7231627631590491,0.5350232344110848,0.5062601773253663,0.1790855720080857,0.0005335927508179769,5.606615572058001e-05,5.219699646366165,9.51719881557909,17836.07217487418,0.35593766240299907
6.360000000000037e-09,2.0,0.0001021106632353167,0.7229693405577697,0.5347727310410515,0.5062631824261272,0.1789950847972357,0.0005333449728211308,5.603477569011549e-05,5.223205425818153,9.518106680227376,17846.06055229377,0.3557776462438158
6.380000000000037e-09,2.0,0.0001019864773581617,0.7227570272247437,0.5345544031405821,0.5062657456916013,0.1788960406089205,0.0005330873117487645,5.599616534158688e-05,5.227039142632056,9.520068177826715,17858.36572736395,0.3556583625316616
6.400000000000037e-09,2.0,0.0001018544281874125,0.7225262703226354,0.534368691843032,0.5062678619095335,0.17878864794609,0.0005328202408679082,5.595041076307774e-05,5.231193653242142,9.523080056089988,17872.96976664755,0.35558004389694203
6.420000000000038e-09,2.0,0.0001017148028766706,0.7222775558589398,0.5342159684607485,0.5062695268921019,0.1786731333293366,0.0005325442460869956,5.589761662369023e-05,5.235661166779569,9.527136902314643,17889.85041584376,0.3555428351314119
6.440000000000038e-09,2.0,0.0001015679033973852,0.7220114076623804,0.5340965338683172,0.5062707373589144,0.1785497400192215,0.0005322598241282863,5.58379053708663e-05,5.240433284010262,9.532231207333137,17908.98124415954,0.3555467938490957
6.460000000000038e-09,2.0,0.0001014140466999392,0.72172838627965,0.5340106180525306,0.5062714910659287,0.178418728297219,0.0005319674835991588,5.577141737089717e-05,5.245500976785449,9.53835331208118,17930.33146978659,0.3555918897553116
6.480000000000039e-09,2.0,0.0001012535631495576,0.7214290877948181,0.5339583798041091,0.5062717866832288,0.1782803741354071,0.0005316677432751341,5.569830998002324e-05,5.250854628382151,9.545491478391753,17953.86611117393,0.355678005668702
6.500000000000039e-09,2.0,0.0001010867966191452,0.7211141425738911,0.5339399065744389,0.5062716239204859,0.1781349693888109,0.0005313611332011025,5.561875754151184e-05,5.25648401577968,9.55363184451781,17979.54582594975,0.355804937185628
6.52000000000004e-09,2.0,0.0001009141029055641,0.7207842139371706,0.5339552144721242,0.5062710033996001,0.1779828204164524,0.0005310481930612507,5.553295033982099e-05,5.262378351597103,9.562758503044131,18007.32707123847,0.3559723940556718
6.54000000000004e-09,2.0,0.0001007358497616829,0.7204399967622045,0.5340042484216251,0.5062699267767466,0.1778242481902367,0.000530729473287249,5.544109446541706e-05,5.268526269345066,9.572853465551738,18037.16195797286,0.3561800002313884
6.56000000000004e-09,2.0,0.0001005524152993675,0.7200822160202738,0.5340868824585836,0.506268396610014,0.177659586871979,0.0005304055334871317,5.534341066486678e-05,5.274915867144688,9.583896747871465,18068.9984225136,0.3564272955866046
6.580000000000041e-09,2.0,0.0001003641879680151,0.7197116252494983,0.5342029201831955,0.5062664164781107,0.1774891838445704,0.000530076943533579,5.524013408792202e-05,5.281534696091737,9.595866344022467,18102.78009840394,0.3567137363386251
6.600000000000041e-09,2.0,0.0001001715649504206,0.719329004967776,0.5343520953460879,0.5062639908431599,0.177313398250197,0.0005297442820207663,5.513151304944082e-05,5.288369805921927,9.608738318966548,18138.44650160826,0.35703869709589087
6.620000000000041e-09,2.0,9.997495209486228e-05,0.7189351610288992,0.5345340725871923,0.5062611251661893,0.1771326009500792,0.0005294081373032475,5.501780867599422e-05,5.295407736603674,9.622486791885676,18175.93292181278,0.3574014716371131
6.640000000000042e-09,2.0,9.977476230982889e-05,0.7185309229253095,0.5347484483019992,0.5062578257652688,0.1769471730296653,0.0005290691059481212,5.489929359786816e-05,5.30263456608603,9.637084036517837,18215.17062359491,0.35780127527233385
6.660000000000042e-09,2.0,9.957141545655428e-05,0.7181171420410668,0.534994751654852,0.5062540999279288,0.1767575056937597,0.0005287277936939015,5.477625151445159e-05,5.310035905205624,9.652500473757454,18256.08675935356,0.3582372459610923
6.680000000000042e-09,2.0,9.936533674842211e-05,0.7176946898587102,0.5352724457136417,0.5062499557648603,0.1765639987449881,0.0005283848138651607,5.46489758361404e-05,5.317596947616209,9.668704779563862,18298.60458864594,0.35870844696865367
6.700000000000043e-09,2.0,9.91569566106831e-05,0.7172644561237904,0.5355809287247908,0.5062454023194376,0.1763670604216098,0.0005280407882211567,5.451776918896004e-05,5.32530246805609,9.685663886777048,18342.64341473646,0.359213868303181
6.720000000000043e-09,2.0,9.894670909021746e-05,0.716827346970936,0.535919535502876,0.5062404494172249,0.1761671058560008,0.0005276963453015178,5.438294202695034e-05,5.333136874512087,9.703343100489292,18388.11882417898,0.35975242964687515
6.740000000000043e-09,2.0,9.873503168902861e-05,0.7163842830154026,0.5362875389530717,0.5062351077727942,0.1759645568628623,0.0005273521211363466,5.424481209685221e-05,5.341084209846009,9.721706108867663,18434.94264879257,0.3603229820902094
6.760000000000044e-09,2.0,9.852236378991551e-05,0.7159361974141236,0.5366841517007848,0.5062293888353124,0.1757598403848774,0.0005270087574944424,5.410370304149303e-05,5.349128206191967,9.740715105771423,18483.02322732112,0.36092431131590735
6.780000000000044e-09,2.0,9.830914647020417e-05,0.7154840339003468,0.5371085278459807,0.5062233048928739,0.1755533882393574,0.0005266669024300688,5.395994384495543e-05,5.357252289885341,9.76033081026465,18532.2653943697,0.36155513960662333
6.800000000000044e-09,2.0,9.809582094876792e-05,0.7150287447959945,0.5375597648166401,0.5062168689144474,0.1753456355585481,0.0005263272084095968,5.381386744666998e-05,5.365439638031397,9.780512596148043,18582.57076563042,0.36221412925809204
6.820000000000045e-09,2.0,9.788282838632888e-05,0.7145712890059366,0.5380369053382006,0.5062100946519654,0.1751370205030386,0.0005259903326749872,5.366581018635764e-05,5.373673186618515,9.80121851973268,18633.8377549401,0.362899884835162
6.840000000000045e-09,2.0,9.767060835913602e-05,0.7141126299983966,0.5385389394935028,0.5062029964789314,0.1749279827044133,0.0005256569352304082,5.351611044705757e-05,5.381935689129751,9.822405455838018,18685.96188411862,0.36361095678908956
6.860000000000045e-09,2.0,9.74595986520242e-05,0.713653733775749,0.5390648068895049,0.5061955894905249,0.1747189629539265,0.000525327679008544,5.336510811740288e-05,5.390209727655613,9.844029133283618,18738.8358288342,0.36434584393557834
6.880000000000046e-09,2.0,9.725023376392376e-05,0.7131955668399774,0.5396133989053873,0.5061878893391772,0.1745104016553637,0.0005250032277055097,5.321314327979469e-05,5.398477773349501,9.86604427678784,18792.34975355619,0.3651029972500236
6.900000000000046e-09,2.0,9.704294469969241e-05,0.7127390941570816,0.5401835610377539,0.5061799123329609,0.1743027384975571,0.0005246842457431008,5.306055570536462e-05,5.406722200285472,9.888404649521098,18846.39138634004,0.3658808225401968
6.920000000000046e-09,2.0,9.68381575124532e-05,0.7122852771247191,0.5407740953176897,0.506171675268462,0.1740964109253735,0.0005243713959478912,5.290768360108579e-05,5.414925347486109,9.911063200225419,18900.84637875693,0.3666776843923162
6.940000000000047e-09,2.0,9.663629310000752e-05,0.7118350715473625,0.541383762814859,0.5061631955277337,0.1738918538046408,0.0005240653393102176,5.275486315024116e-05,5.423069535199676,9.933972112063415,18955.59840904314,0.3674919090102182
6.960000000000047e-09,2.0,9.643776578878717e-05,0.7113894256232364,0.5420112862035665,0.5061544909087938,0.1736894979191307,0.0005237667325114003,5.260242732959159e-05,5.43113712815609,9.957082954169197,19010.5295661413,0.36832178828443585
6.980000000000047e-09,2.0,9.624298314040504e-05,0.7109492779472745,0.5426553524054929,0.50614557972143,0.1734897696363693,0.0005234762274882798,5.245070550545253e-05,5.439110553867887,9.980346735924488,19065.52047991127,0.3691655827691236
7.000000000000048e-09,2.0,9.605234458174517e-05,0.7105155555343026,0.5433146152842205,0.5061364806156582,0.173293089438337,0.0005231944688207145,5.230002232925497e-05,5.446972366699834,10.00371406205034,19120.45072762104,0.37002152584588355
7.020000000000048e-09,2.0,9.586624122691685e-05,0.7100891718666112,0.5439876984058263,0.5061272126766659,0.1730998715964327,0.0005229220931185297,5.21506973965761e-05,5.454705267731151,10.02713519134764,19175.19898910602,0.3708878268093936
7.040000000000048e-09,2.0,9.568505455769648e-05,0.709671024970029,0.5446731978408871,0.5061177952515805,0.1729105227433808,0.0005226597262894761,5.200304422666708e-05,5.462292169159048,10.05056019434833,19229.6434732027,0.37176267509750627
7.060000000000049e-09,2.0,9.55091562658104e-05,0.7092619955225505,0.5453696850217811,0.506108248043834,0.172725441565329,0.0005224079827731453,5.185736998910128e-05,5.469716215198958,10.0739390154753,19283.66209489929,0.3726442434564521
7.080000000000049e-09,2.0,9.53389069876141e-05,0.7088629449995002,0.5460757096308992,0.5060985909385721,0.1725450174221363,0.0005221674627171471,5.171397457022304e-05,5.476960846283653,10.09722163219324,19337.13291833888,0.37353069220876295
7.10000000000005e-09,2.0,9.51746561712471e-05,0.7084747138591412,0.546789802533308,0.5060888440967436,0.1723696300641969,0.0005219387510895852,5.157315036957389e-05,5.484009820426249,10.12035811947428,19389.93435215779,0.3744201724691111
7.12000000000005e-09,2.0,9.501674086906881e-05,0.7080981197725473,0.5475104787297617,0.506079027779473,0.1721996483078907,0.0005217224147979444,5.143518145381909e-05,5.490847276628164,10.14329880932512,19441.94560483561,0.37531083042187097
7.14000000000005e-09,2.0,9.486548563384642e-05,0.7077339559014704,0.5482362403433149,0.5060691624421589,0.1720354297842884,0.0005215190017178703,5.13003434228766e-05,5.497457756087829,10.16599435639074,19493.0468936016,0.37620081055902643
7.160000000000051e-09,2.0,9.472120137208705e-05,0.7073829892278256,0.5489655796157661,0.5060592685581383,0.1718773196760647,0.0005213290377949212,5.116890264977201e-05,5.503826264194631,10.18839589668715,19543.11990711522,0.3770882599397014
7.180000000000051e-09,2.0,9.458418527302807e-05,0.707045958938317,0.5496969819269169,0.5060493667130701,0.1717256505047401,0.0005211530260323523,5.104111621447053e-05,5.509938290937738,10.2104551131388,19592.04802258013,0.37797133142217676
7.200000000000051e-09,2.0,9.445471972564147e-05,0.7067235748676028,0.5504289288132286,0.5060394774282083,0.1715807409348396,0.0005209914436202697,5.091723122634556e-05,5.515779870840872,10.23212439231571,19639.71677003876,0.378848187878389
7.220000000000052e-09,2.0,9.433307228382201e-05,0.7064165160032809,0.5511599009986617,0.5060296212553367,0.1714428956057609,0.0005208447409287163,5.07974848221363e-05,5.52133760191202,10.25335688868093,19686.01405170802,0.3797170053929009
7.240000000000052e-09,2.0,9.421949464950221e-05,0.7061254290558423,0.5518883814146444,0.5060198185999573,0.1713124040084076,0.0005207133387117043,5.068210356630282e-05,5.526598702867623,10.27410667811967,19730.83060161049,0.3805759774062367
7.260000000000052e-09,2.0,9.411422267709992e-05,0.7058509270966051,0.5526128582217604,0.5060100898170344,0.1711895403671829,0.0005205976271539952,5.057130350831503e-05,5.531551029966424,10.29432881967137,19774.06020067444,0.3814233178545775
7.280000000000053e-09,2.0,9.401747542489327e-05,0.7055935882664975,0.5533318278105211,0.5060004550343853,0.1710745625937337,0.0005204979631988601,5.046528965511731e-05,5.536183130882121,10.31397950464513,19815.60012503758,0.3822572652167875
7.300000000000053e-09,2.0,9.3929455201503e-05,0.7053539545584094,0.5540437977936323,0.5059909342494833,0.1709677122239616,0.0005204146696974662,5.036425608208239e-05,5.540484258784578,10.33301611462914,19855.35135017631,0.38307608556967077
7.320000000000053e-09,2.0,9.385034668744435e-05,0.7051325306756763,0.5547472899675306,0.5059815471533344,0.1708692134529012,0.0005203480329089821,5.026838547110335e-05,5.544444422248279,10.35139736501191,19893.21898104023,0.38387807651462946
7.340000000000054e-09,2.0,9.378031702621046e-05,0.7049297829691008,0.5554408432554608,0.5059723132285638,0.1707792731310293,0.0005202983018004301,5.01778492690112e-05,5.548054395981101,10.36908335809752,19929.11243841572,0.38466157012443153
7.360000000000054e-09,2.0,9.371951501775746e-05,0.7047461384547513,0.5561230166102643,0.5059632515740453,0.1706980798836858,0.0005202656857659231,5.009280728442471e-05,5.551305766201562,10.38603571989643,19962.9458641047,0.3854249367265785
7.380000000000054e-09,2.0,9.366807125660069e-05,0.7045819839146028,0.5567923918890272,0.5059543810045007,0.170625804170331,0.000520250354122202,5.001340788719151e-05,5.554190937470119,10.40221764722893,19994.63828290936,0.38616658771869616
7.400000000000055e-09,2.0,9.362609739891042e-05,0.7044376650819189,0.5574475766781585,0.5059457198761258,0.1705625974913278,0.0005202524340904597,4.99397876570275e-05,5.556703173030419,10.41759403671093,20024.11397636931,0.3868849791868307
7.420000000000055e-09,2.0,9.359368634995844e-05,0.704313485913087,0.5580872070809063,0.5059372861879178,0.170508592513175,0.0005202720105286941,4.987207161756877e-05,5.558836597268538,10.43213152479943,20051.30261418143,0.38757861456773135
7.440000000000055e-09,2.0,9.357091160647775e-05,0.7042097079474423,0.5587099504462781,0.5059290974085351,0.1704639023648637,0.0005203091242148024,4.981037292997855e-05,5.560586230591577,10.44579860797735,20076.13959055798,0.38824604808141444
7.460000000000055e-09,2.0,9.355782749578945e-05,0.7041265497564282,0.559314508051239,0.5059211705795515,0.1704286208315274,0.0005203637718514704,4.975479315545029e-05,5.561947987124968,10.45856567478199,20098.56611956303,0.3888858872197115
7.480000000000054e-09,2.0,9.355446859511161e-05,0.7040641864832526,0.559899617715523,0.5059135221437849,0.1704028217419908,0.0005204359046831837,4.970542198731116e-05,5.562918703793232,10.47040511628774,20118.52952893712,0.38949679597353215
7.500000000000054e-09,2.0,9.356085002472914e-05,0.7040227494740113,0.5604640563607935,0.5059061680506671,0.170386559232682,0.0005205254288028086,4.96623375362527e-05,5.563496132962581,10.48129134926107,20135.98331472046,0.39007749712811157
7.520000000000053e-09,2.0,9.357696694601448e-05,0.7040023260010542,0.5610066424938417,0.5058991235862559,0.170379867227433,0.0005206322041280876,4.962560609498003e-05,5.563678965490643,10.49120091614867,20150.88738837906,0.39062677526640865
7.540000000000053e-09,2.0,9.360279491105498e-05,0.7040029590791764,0.5615262386253991,0.5058924034809121,0.1703827597729152,0.000520756045031524,4.95952824410262e-05,5.563466818127887,10.5001124986183,20163.20808716234,0.3911434788524839
7.560000000000052e-09,2.0,9.363828944123007e-05,0.7040246473750238,0.562021753604594,0.5058860217412029,0.1703952306111867,0.0005208967196940031,4.957140962864436e-05,5.562860250413202,10.50800700638152,20172.91837152356,0.3916265229934074
7.580000000000052e-09,2.0,9.368338643576284e-05,0.7040673452099004,0.5624921448804829,0.5058799917600653,0.1704172535873464,0.0005210539510713575,4.955401930474931e-05,5.561860746759896,10.51486758050762,20179.99778888085,0.39207489129313655
7.600000000000052e-09,2.0,9.373800183275219e-05,0.7041309626559751,0.5629364206709795,0.5058743261508114,0.1704487823147651,0.0005212274166341904,4.954313152348622e-05,5.560470727188478,10.52067967054322,20184.43261960427,0.39248763835621436
7.620000000000051e-09,2.0,9.380203207913486e-05,0.704215365725682,0.5633536420504726,0.5058690368599457,0.1704897506550925,0.0005214167496758043,4.953875507161074e-05,5.558693524137489,10.52543102712352,20186.21579315932,0.39286389139538
7.64000000000005e-09,2.0,9.387535387607534e-05,0.704320376653918,0.5637429249367559,0.5058641350034777,0.1705400724755541,0.0005216215394384195,4.954088730196771e-05,5.556533387139983,10.52911176699294,20185.346982275,0.3932028524612018
7.66000000000005e-09,2.0,9.395782471275914e-05,0.704445774272442,0.5641034419884051,0.5058596309825657,0.170599642200878,0.0005218413327582048,4.954951446542783e-05,5.553995454513148,10.53171435458382,20181.83247179404,0.39350379978752714
7.68000000000005e-09,2.0,9.404928269796674e-05,0.704591294475687,0.5644344243935402,0.5058555343223275,0.1706683346614885,0.0005220756345691339,4.956461156034763e-05,5.551085752196828,10.53323365469087,20175.68520198015,0.3937660897320517
7.700000000000049e-09,2.0,9.414954715994865e-05,0.704756630777005,0.564735163560957,0.505851853790489,0.1707460057163406,0.0005223239098719837,4.958614266900943e-05,5.547811160584835,10.53366690283873,20166.92459171632,0.3939891578446164
7.720000000000049e-09,2.0,9.425841856580271e-05,0.7049414349541719,0.5650050126948899,0.505848597238884,0.1708324921902746,0.000522585584598272,4.961406082098057e-05,5.544179407849449,10.53301374551634,20155.57653319771,0.39417252050461526
7.740000000000048e-09,2.0,9.43756791893907e-05,0.7051453177827947,0.5652433882642824,0.5058457717252673,0.1709276125661746,0.0005228600478815721,4.9648308332837e-05,5.540199032277486,10.53127619930922,20141.67317234871,0.39431577569810783
7.760000000000048e-09,2.0,9.450109311977926e-05,0.7053678498560735,0.5654497713481558,0.5058433833577004,0.1710311670091684,0.0005231466532556225,4.968881668417644e-05,5.535879370500642,10.52845867875578,20125.25285832482,0.39441860433898734
7.780000000000047e-09,2.0,9.463440699870189e-05,0.7056085624891956,0.56562370886789,0.505841437419688,0.1711429381259277,0.0005234447211983448,4.973550686022408e-05,5.531230515788335,10.52456794437475,20106.35988510954,0.3944807707419623
7.800000000000047e-09,2.0,9.477535011879881e-05,0.7058669487064528,0.5657648146883844,0.5058399382176355,0.1712626910728078,0.00052375354063057,4.978828924006924e-05,5.526263301686873,10.51961311836071,20085.04440026446,0.39450212361557657
7.820000000000046e-09,2.0,9.492363523149365e-05,0.7061424643090063,0.5658727705988907,0.5058388892094658,0.1713901743795083,0.0005240723716959936,4.984706394253571e-05,5.520989256796137,10.51360562179049,20061.36211257722,0.3944825962193824
7.840000000000046e-09,2.0,9.507895873507526e-05,0.706434529021048,0.5659473271559305,0.5058382928553228,0.171525120137647,0.0005244004475202705,4.991172072699763e-05,5.515420584388109,10.50655917852614,20035.37416531289,0.39442220701828357
7.860000000000045e-09,2.0,9.524100155303539e-05,0.7067425277119457,0.5659883043991214,0.5058381507498207,0.1716672448853753,0.0005247369771840114,4.998213934363786e-05,5.509570114253687,10.49848974203231,20007.14681548117,0.3943210595137461
7.880000000000045e-09,2.0,9.540942941115145e-05,0.7070658116917974,0.5659955924228349,0.5058384634761542,0.171816249872282,0.0005250811476964021,5.00581894479349e-05,5.50345127892205,10.48941548799991,19976.75127743267,0.3941793425505529
7.900000000000044e-09,2.0,9.558389378534686e-05,0.707403700077666,0.5659691518146485,0.5058392307421211,0.1719718220009411,0.0005254321271134689,5.013973095712794e-05,5.497078063205138,10.47935673134625,19944.26337977465,0.3939973298137074
7.920000000000044e-09,2.0,9.57640322658713e-05,0.707755481227618,0.565909013944073,0.5058404512377916,0.1721336341634281,0.0005257890666760733,5.022661398014477e-05,5.490464977672681,10.46833590820844,19909.76338550938,0.3937753797806449
7.940000000000043e-09,2.0,9.594946957259238e-05,0.7081204142395443,0.5658152811127548,0.5058421227754225,0.1723013462351651,0.000526151104022133,5.031867918272586e-05,5.483627006544998,10.45637748382628,19873.33563284974,0.3935139348775897
7.960000000000043e-09,2.0,9.613981800316987e-05,0.7084977305116072,0.5656881265502949,0.5058442421508158,0.1724746054777374,0.0005265173654359743,5.041575773518183e-05,5.476579579092932,10.44350792467714,19835.06833821057,0.39321352107255747
7.980000000000042e-09,2.0,9.633467851239861e-05,0.708886635361028,0.5655277942672026,0.505846805287223,0.1726530475798105,0.0005268869691011317,5.051767168919235e-05,5.469338516534783,10.42975559805645,19795.05322716482,0.3928747466873921
8.000000000000042e-09,2.0,9.653364123993746e-05,0.7092863096978036,0.565334598749885,0.5058498071005144,0.1728362971203458,0.0005272590274066289,5.062423394632151e-05,5.461920002027417,10.41515073523282,19753.38532648873,0.39249830162953925
8.020000000000041e-09,2.0,9.673628664894054e-05,0.7096959117498288,0.5651089245096071,0.5058532416471344,0.1730239686507919,0.0005276326501864226,5.073524864999334e-05,5.454340527210338,10.39972532363832,19710.16259127235,0.39208495585881525
8.040000000000041e-09,2.0,9.694218612750832e-05,0.7101145788357909,0.5648512254711735,0.5058571019931604,0.1732156672122726,0.0005280069470283361,5.085051117815699e-05,5.446616861433598,10.38351306201113,19665.485691903,0.3916355582589009
8.06000000000004e-09,2.0,9.715090318039311e-05,0.7105414291821012,0.5645620242137974,0.5058613803663614,0.1734109894527151,0.0005283810304471232,5.096980855433037e-05,5.438765998563494,10.36654924618571,19619.45764293126,0.3911510347610823
8.08000000000004e-09,2.0,9.736199409690655e-05,0.710975563780038,0.5642419110508328,0.5058660680291805,0.1736095241910849,0.000528754018143405,5.10929194681681e-05,5.430805126057145,10.34887071725915,19572.18359039005,0.3906323868597479
8.10000000000004e-09,2.0,9.757500918804629e-05,0.7114160682791898,0.5638915429614534,0.5058711554349121,0.1738108535626441,0.0005291250360597273,5.121961470975861e-05,5.422751572600896,10.33051574202716,19523.77044744687,0.39008068939880924
8.120000000000039e-09,2.0,9.778949351218417e-05,0.7118620149132091,0.5635116423619763,0.5058766321046084,0.1740145536228679,0.0005294932205398484,5.134965722209889e-05,5.414622777592065,10.31152395525583,19474.32668683208,0.3894970887391084
8.140000000000038e-09,2.0,9.80049881485742e-05,0.7123124644538238,0.5631029957306108,0.5058824867873384,0.1742201955136207,0.0005298577212209143,5.148280256299986e-05,5.406436240125705,10.29193623584349,19423.96198762282,0.3888828002169902
8.160000000000038e-09,2.0,9.82210309708124e-05,0.7127664681889871,0.5626664520744108,0.5058887073409846,0.1744273460990201,0.0005302177030477283,5.1618798993594e-05,5.39820948938399,10.27179464430254,19372.78703683327,0.3882391059753907
8.180000000000038e-09,2.0,9.843715794641134e-05,0.7132230699210035,0.5622029212529707,0.5058952808964982,0.1746355691449852,0.0005305723489590812,5.17573879722398e-05,5.389960035421602,10.2511422957367,19320.91319091204,0.38756735210798543
8.200000000000037e-09,2.0,9.865290394683036e-05,0.7136813079804192,0.5617133721487862,0.5059021937425029,0.1748444259790371,0.0005309208617170391,5.18983042831643e-05,5.381705340894767,10.23002329363714,19268.45228976774,0.38686894616974915
8.220000000000037e-09,2.0,9.88678040616849e-05,0.7141402172514375,0.5611988306996222,0.5059094314934157,0.1750534766754192,0.00053126246635138,5.204127656663151e-05,5.373462774023762,10.20848260075199,19215.51633576169,0.38614535402420297
8.240000000000036e-09,2.0,9.908139443314439e-05,0.7145988312045933,0.5606603777839665,0.5059169789777204,0.17526228073063,0.0005315964117702291,5.218602749163164e-05,5.365249582019517,10.18656597027766,19162.2173226417,0.3853980970533365
8.260000000000036e-09,2.0,9.929321357244552e-05,0.7150561839324031,0.5600991469757527,0.5059248204097719,0.175470398246159,0.0005319219729332658,5.233227432627633e-05,5.357082846525852,10.16431981566268,19108.66693400891,0.3846287487295937
8.280000000000035e-09,2.0,9.950280320568799e-05,0.7155113121837073,0.5595163221605817,0.5059329392815495,0.1756773906114478,0.0005322384522170034,5.247972915806551e-05,5.348979459024944,10.14179114023123,19054.97638884655,0.38383893154913384
8.300000000000035e-09,2.0,9.970970957967257e-05,0.7159632573924161,0.558913135030455,0.505941318537916,0.1758828216762217,0.0005325451812946795,5.26280995079696e-05,5.340956078985106,10.11902740690902,19001.25616066694,0.3830303133542333
8.320000000000034e-09,2.0,9.991348430562986e-05,0.7164110676963891,0.5582908624503976,0.5059499404716069,0.1760862584325629,0.0005328415222368887,5.27770886012151e-05,5.333029111450025,10.09607646725365,18947.61584057854,0.38220460401783474
8.340000000000034e-09,2.0,0.0001001136856410571,0.7168537999421947,0.5576508237147666,0.5059587869016547,0.1762872721688575,0.0005331268690836524,5.29263960277942e-05,5.325214668042214,10.07298643201932,18894.16387760187,0.38136355154590906
8.360000000000033e-09,2.0,0.0001003098793177112,0.7172905216715282,0.5569943776877121,0.5059678390713275,0.1764854391427452,0.0005334006486687014,5.307571806589067e-05,5.317528546867592,10.0498056004916,18841.00745954211,0.3805089385449669
8.380000000000033e-09,2.0,0.0001005016397860756,0.7177203130851041,0.5563229198463375,0.5059770778293798,0.1766803417088281,0.0005336623218768872,5.322474839060319e-05,5.309986196453335,10.02658233272372,18788.25227432263,0.37964257813750946
8.400000000000032e-09,2.0,0.0001006885510140726,0.7181422689798866,0.5556378792220171,0.5059864835306,0.176871568974442,0.0005339113841879924,5.337317845107577e-05,5.3026026980306,10.00336497998521,18736.00240833782,0.3787663102475751
8.420000000000032e-09,2.0,0.0001008702076810599,0.718555500655579,0.5549407152590752,0.5059960362195066,0.1770587178934751,0.0005341473666201364,5.352069822801987e-05,5.295392732420527,9.980201759410015,18684.36012810585,0.3778819973656001
8.440000000000031e-09,2.0,0.0001010462159341581,0.7189591377863545,0.5542329145871981,0.5060057155331121,0.1772413938971661,0.0005343698359963482,5.366699666431416e-05,5.288370564696216,9.957140686273528,18633.42579527931,0.37699152069003206
8.46000000000003e-09,2.0,0.0001012161945192648,0.7193523302538893,0.5535159877273206,0.5060155008866488,0.1774192119466811,0.0005345783955817831,5.381176247046654e-05,5.281550013973279,9.93422945169609,18583.29766747241,0.3760967757806395
8.48000000000003e-09,2.0,0.0001013797754826317,0.7197342499378351,0.5527914657281341,0.506025371378123,0.1775917971314763,0.0005347726850831862,5.395468460690356e-05,5.274944440399485,9.91151535736642,18534.07182871474,0.37519966859665776
8.50000000000003e-09,2.0,0.000101536605227275,0.7201040924599599,0.5520608967533742,0.506035305975604,0.1777587856736364,0.0005349523809943844,5.40954531348431e-05,5.26856671775804,9.889045196847041,18485.84200796529,0.3743021110797378
8.52000000000003e-09,2.0,0.000101686345148463,0.7204610788782858,0.5513258426176726,0.506045283423112,0.1779198254867466,0.0005351171963450811,5.42337597467335e-05,5.262429222689978,9.86686519326758,18438.69952350538,0.373406017130926
8.540000000000029e-09,2.0,0.0001018286726050561,0.7208044573276539,0.5505878752913936,0.5060552824289829,0.1780745771254309,0.0005352668807750564,5.436929865812844e-05,5.256543809980625,9.845020884686944,18392.73311741526,0.37251329816596274
8.560000000000028e-09,2.0,0.000101963281478836,0.7211335046032606,0.5498485733727192,0.5060652815726104,0.1782227142981254,0.000535401220054285,5.450176718078906e-05,5.2509218038872,9.823557065191912,18348.02891221632,0.3716258590745938
8.580000000000028e-09,2.0,0.0001020898830516928,0.7214475276838327,0.5491095185475033,0.5060752594933717,0.1783639247557298,0.0005355200359114481,5.463086664911896e-05,5.245573975951729,9.802517674686836,18304.67025944805,0.3707455937917735
8.600000000000027e-09,2.0,0.0001022082064802178,0.7217458651912297,0.5483722920354825,0.5060851947977159,0.1784979107521989,0.0005356231853521086,5.475630302837038e-05,5.24051053828398,9.781945743754669,18262.73770677832,0.36987438128328365
8.620000000000027e-09,2.0,0.0001023179995712103,0.722027888783403,0.5476384710432881,0.5060950662481409,0.1786243898667365,0.0005357105602713675,5.487778786706248e-05,5.235741123728033,9.761883288172768,18222.30885877595,0.3690140811765516
8.640000000000026e-09,2.0,0.0001024190291645825,0.7222930044777747,0.5469096252229948,0.5061048526701192,0.1787430954066562,0.0005357820866005957,5.499503893060023e-05,5.231274780939554,9.74237125782771,18183.45835270574,0.3681665298163386
8.660000000000026e-09,2.0,0.0001025110818013622,0.7225406539022513,0.5461873131564381,0.5061145331405904,0.1788537771581125,0.0005358377237373765,5.510778116895834e-05,5.227119956727019,9.723449436197015,18146.25772963056,0.36733353599832563
8.680000000000025e-09,2.0,0.0001025939640096891,0.7227703154712364,0.5454730788639812,0.5061240868942205,0.1789562017262666,0.0005358774635540466,5.521574736392317e-05,5.223284492761138,9.705156393557719,18110.77541718433,0.36651687713771464
8.700000000000025e-09,2.0,0.000102667502861243,0.7229815054841652,0.5447684483575975,0.5061334935108918,0.1790501532101264,0.000535901329680286,5.531867909926678e-05,5.219775609915984,9.687529391629834,18077.07660925068,0.3657182951474711
8.720000000000024e-09,2.0,0.0001027315461568787,0.7231737791442486,0.5440749262367579,0.5061427328208004,0.1791354334756433,0.0005359093764084264,5.541632740786335e-05,5.216599906456709,9.670604341282695,18045.22325415062,0.3649394927611146
8.740000000000024e-09,2.0,0.0001027859628691851,0.7233467314952794,0.5433939923464438,0.5061517850904313,0.1792118627508518,0.0005359016878652099,5.55084537297208e-05,5.213763344218646,9.654415712507461,18015.27394131989,0.36418212959559204
8.760000000000024e-09,2.0,0.0001028306432260585,0.7234999982745284,0.5427270984954508,0.5061606309260163,0.1792792798281384,0.0005358783768494399,5.559483054352492e-05,5.211271248135942,9.638996496803843,17987.28389354663,0.36344781866731235
8.780000000000023e-09,2.0,0.000102865499038814,0.7236332566799352,0.5420756652536179,0.5061692514575161,0.179337542576477,0.0005358395839294648,5.567524229635511e-05,5.209128294117793,9.624378122635392,17961.30485929591,0.36273812267714095
8.800000000000023e-09,2.0,0.0001028904636836835,0.7237462260499761,0.5414410788256914,0.5061776282399773,0.1793865280697536,0.0005357854762482639,5.574948600289229e-05,5.207338509803995,9.61059042267165,17937.38510787561,0.36205455075593773
8.820000000000022e-09,2.0,0.0001029054923165238,0.7238386684547774,0.5408246880196644,0.5061857434350727,0.1794261330135218,0.0005357162465821583,5.581737212954563e-05,5.205905264024673,9.597661554879782,17915.56932632221,0.3613985550061426
8.840000000000022e-09,2.0,0.0001029105617537775,0.7239103891972306,0.5402278013067245,0.506193579709941,0.1794562737968939,0.0005356321121468393,5.587872514373577e-05,5.204831268698349,9.585617974802451,17895.89861665096,0.36077152750983066
8.860000000000021e-09,2.0,0.0001029056705763158,0.723961237223053,0.5396516839897638,0.5062011204158617,0.1794768868318878,0.0005355333136506732,5.593338433461857e-05,5.204118569793165,9.574484362449319,17878.41039650939,0.36017479715787604
8.88000000000002e-09,2.0,0.0001028908389127967,0.723991105438929,0.5390975554769244,0.5062083494841985,0.179487928527039,0.0005354201141325318,5.59812042946326e-05,5.203768550316454,9.564283599805785,17863.13839796902,0.3596096269498854
8.90000000000002e-09,2.0,0.0001028661084364782,0.7239999309380655,0.5385665866761736,0.5062152516018368,0.1794893755380396,0.000535292798039873,5.602205565910299e-05,5.203781922731156,9.555036703707492,17850.11257146739,0.35907721113813407
8.92000000000002e-09,2.0,0.0001028315420551245,0.7239876951326815,0.5380598975066512,0.5062218121038915,0.1794812246618909,0.0005351516701255986,5.605582550270737e-05,5.204158733021332,9.546762808795883,17839.35908591164,0.3585786728447603
8.940000000000019e-09,2.0,0.0001027872238057328,0.7239544237931573,0.5375785545417908,0.5062280171455792,0.1794634929981749,0.0005349970545769427,5.608241798105565e-05,5.204898354554431,9.539479106583137,17830.90023575294,0.35811506154361594
8.960000000000019e-09,2.0,0.0001027332584561281,0.7239001869937582,0.5371235687791812,0.5062338535914008,0.1794362177632055,0.0005348292939940083,5.610175462591193e-05,5.205999493244108,9.533200834096277,17824.75444249521,0.3576873510159757
8.980000000000018e-09,2.0,0.0001026697713034488,0.723825098965048,0.5366958935511418,0.5062393091831644,0.1793994563619452,0.0005346487485905123,5.611377487340457e-05,5.207460182885655,9.527941219365585,17820.93616506908,0.35729643718919657
9.000000000000018e-09,2.0,0.0001025969076933503,0.7237293178533026,0.5362964225702114,0.506244372425413,0.179353286122257,0.0005344557952712848,5.611843624376388e-05,5.209277791473452,9.523711476024525,17819.45590315917,0.3569431364479544
9.020000000000017e-09,2.0,0.000102514832728769,0.7236130453874315,0.5359259881224749,0.5062490327493593,0.1792978042781208,0.0005342508269201952,5.611571474309014e-05,5.211449018072474,9.520520755480186,17820.32011136659,0.35662818384435413
9.040000000000017e-09,2.0,0.0001024237307132405,0.723476526454107,0.5355853594021683,0.5062532803943678,0.1792331276247666,0.00053403425158794,5.610560491599455e-05,5.21396990038085,9.518376147758062,17823.53120507788,0.3563522317774017
9.060000000000016e-09,2.0,0.0001023238047769243,0.7233200485819976,0.5352752409994712,0.5062571065676327,0.179159392414485,0.0005338064918761859,5.60881201107859e-05,5.216835813233032,9.517282640634152,17829.08747921643,0.35611584858498624
9.080000000000016e-09,2.0,0.0001022152762509225,0.7231439413361908,0.534996271534165,0.5062605033215675,0.1790767539340784,0.0005335679842405616,5.606329239663602e-05,5.220041477527683,9.517243127030076,17836.98311767368,0.35591951760008655
9.100000000000015e-09,2.0,0.000102098384217842,0.7229485756240813,0.5347490224461171,0.5062634637090989,0.1789853863152318,0.00053331917847348,5.603117268553988e-05,5.2235809604859,9.518258371399662,17847.20811774251,0.3557636361308853
9.120000000000015e-09,2.0,0.0001019733848241964,0.7227343629141866,0.5345339969345299,0.5062659816568789,0.1788854820363616,0.0005330605371206039,5.599183050933605e-05,5.227447686089635,9.520327023988287,17859.74830441131,0.3556485148981683
9.140000000000014e-09,2.0,0.0001018405507629162,0.7225017543695338,0.534351629055996,0.5062680521161111,0.1787772516501708,0.0005327925350581431,5.594535399569397e-05,5.231634437240546,9.523445594770056,17874.58526184263,0.3555743774058252
9.160000000000014e-09,2.0,0.0001017001705309849,0.7222512398974458,0.5342022829726459,0.5062696709315436,0.1786609232126401,0.0005325156590145007,5.589184950435054e-05,5.236133367872633,9.52760847488238,17891.696354084,0.35554135976000584
9.180000000000013e-09,2.0,0.0001015525478513031,0.7219833471177246,0.5340862523595448,0.5062708349877967,0.1785367419310308,0.0005322304072313339,5.583144145849392e-05,5.240936007173061,9.532807918402096,17911.05466520003,0.35554951042851396
9.200000000000013e-09,2.0,0.0001013980008826636,0.7216986402514081,0.5340037599620309,0.5062715420741369,0.1784049695234256,0.0005319372890758318,5.576427184372818e-05,5.246033273544036,9.539034071251105,17932.62902817712,0.35559879043860526
9.220000000000012e-09,2.0,0.0001012368615882848,0.7213977189324386,0.5339549573113271,0.5062717910263245,0.1782658837910796,0.0005316368247687878,5.569049990036411e-05,5.251415481054989,9.546274961078451,17956.38397552725,0.35568907352024753
9.240000000000012e-09,2.0,0.000101069474905105,0.7210812169447468,0.5339399245885926,0.5062715815872113,0.178119777912554,0.0005313295450672979,5.561030149269202e-05,5.257072355432098,9.554516533903742,17982.27977835031,0.3558201466760386
9.260000000000011e-09,2.0,0.0001008961980661507,0.7207498008874106,0.5339586706449907,0.5062709145441491,0.1779669599449594,0.0005310159910377953,5.552386867164398e-05,5.262993042910826,9.563742652337641,18010.27240939895,0.3559917107000313
9.280000000000011e-09,2.0,0.0001007173997359562,0.7204041687707012,0.5340111331674458,0.5062697915855144,0.1778077520573401,0.0005306967137841364,5.543140892573395e-05,5.269166128426591,9.573935140186581,18040.31359440607,0.35620338111010563
9.30000000000001e-09,2.0,0.0001005334592937464,0.7200450485459724,0.5340971789969973,0.5062682154337604,0.1776424899659692,0.0005303722742392268,5.533314462713226e-05,5.275579647027461,9.585073789194372,18072.3507897228,0.35645468903102806
9.32000000000001e-09,2.0,0.000100344765941607,0.719673196572489,0.5342166045889918,0.5062661896979826,0.1774715221122508,0.0005300432429097749,5.522931217893985e-05,5.282221104425091,9.597136411774688,18106.32724811159,0.35674508247674097
9.34000000000001e-09,2.0,0.00010015171795526,0.7192893960244244,0.5343691366213947,0.5062637190027502,0.1772952090377961,0.0005297101996570079,5.512016136073237e-05,5.289077491109513,9.610098856393655,18142.18201313903,0.3570739275835986
9.360000000000009e-09,2.0,9.99547217714235e-05,0.7188944552413834,0.5345544327400833,0.506260808836861,0.1771139225126884,0.0005293737334269801,5.50059543895179e-05,5.296135305396061,9.62393506852522,18179.85000166751,0.35744051022739487
9.380000000000009e-09,2.0,9.975419121277846e-05,0.7184892060259201,0.5347720824468422,0.5062574656781076,0.1769280448566267,0.0005290344419891541,5.488696518314209e-05,5.303380570356565,9.638617114717814,18219.26201718908,0.35784403759021544
9.400000000000008e-09,2.0,9.95505465607799e-05,0.7180745018916428,0.5350216081185969,0.5062536968384092,0.1767379680239201,0.0005286929316202051,5.476347835421341e-05,5.310798859465832,9.654115251784923,18260.34485121528,0.3582836400946768
9.420000000000008e-09,2.0,9.934421376124699e-05,0.717651216265589,0.5353024661630723,0.5062495105846926,0.1765440928774867,0.000528349816769023,5.463578841131503e-05,5.31837531642703,9.670397959510403,18303.02131766988,0.3587583732855856
9.440000000000007e-09,2.0,9.913562348873854e-05,0.7172202406486627,0.5356140482991454,0.5062449159806133,0.1763468282374351,0.0005280057196625581,5.450419870631671e-05,5.326094683479941,9.687432017991771,18347.21037526428,0.3592672200617103
9.460000000000007e-09,2.0,9.89252103390463e-05,0.7167824827380036,0.5359556829665905,0.5062399230037633,0.1761465901151462,0.000527661269867134,5.436902059407061e-05,5.333941324153418,9.705182548840687,18392.82718491821,0.35980909285144425
9.480000000000006e-09,2.0,9.87134118911152e-05,0.7163388645152452,0.5363266368532467,0.506234542384214,0.175943800732715,0.000527317103787045,5.423057235384146e-05,5.341899254248167,9.723613100492974,18439.78325501048,0.3603828361205317
9.500000000000006e-09,2.0,9.850066789259257e-05,0.7158903203046881,0.5367261165438583,0.5062287857182793,0.175738887724742,0.0005269738640949577,5.408917832809212e-05,5.349952167495956,9.742685697653961,18487.98652355629,0.36098722881911627
9.520000000000005e-09,2.0,9.828741932514972e-05,0.7154377948054776,0.5371532702784209,0.5062226653041397,0.1755322831362487,0.0005266321990976363,5.39451678382893e-05,5.35808346917286,9.762360934278943,18537.34152793233,0.36162098714217217
9.540000000000005e-09,2.0,9.807410758910566e-05,0.7149822411019303,0.5376071898238702,0.5062161942524157,0.1753244226001059,0.0005262927620125324,5.37988743225533e-05,5.366276304585364,9.782598030901598,18587.74951320468,0.36228276722376435
9.560000000000004e-09,2.0,9.786117357789205e-05,0.7145246186561998,0.5380869124467732,0.5062093863191379,0.175115744321319,0.0005259562101800663,5.365063426491626e-05,5.374513595206502,9.803354934873616,18639.10862753639,0.3629711681254542
9.580000000000004e-09,2.0,9.764905686764101e-05,0.7140658912875109,0.5385914229904872,0.5062022560134019,0.1749066882382435,0.0005256232041691432,5.350078635012814e-05,5.382778069843395,9.824588385099208,18691.31405762235,0.3636847347522437
9.600000000000003e-09,2.0,9.74381948063889e-05,0.7136070251422163,0.5391196560442918,0.5061948184279801,0.1746976950013139,0.0005252944068216246,5.334967042365781e-05,5.391052303121159,9.846254019006718,18744.25825049805,0.36442196104297786
9.620000000000003e-09,2.0,9.72290217143676e-05,0.7131489866589528,0.5396704982076475,0.5061870893443344,0.1744892051263349,0.000524970482176205,5.319762667992808e-05,5.399318749116782,9.86830644409708,18797.83107650005,0.36518129308131253
9.640000000000002e-09,2.0,9.702196799339083e-05,0.7126927405331802,0.5402427904369441,0.5061790850611674,0.1742816579758212,0.0005246520943379001,5.304499466810422e-05,5.407559781944362,9.89069935100534,18851.92007760342,0.36596113246112294
9.660000000000002e-09,2.0,9.681745934339064e-05,0.712239247685394,0.5408353304776,0.5061708224970922,0.1740754909126861,0.0005243399062171756,5.289211252761516e-05,5.415757731568965,9.91338559115815,18906.41065769299,0.3667598395649139
9.680000000000001e-09,2.0,9.66159158972298e-05,0.7117894632372872,0.5414468753687974,0.5061623190174341,0.1738711382923587,0.0005240345782250776,5.273931605220482e-05,5.423894926174688,9.936317295172238,18961.18635687529,0.36757573707643876
9.700000000000001e-09,2.0,9.641775145881043e-05,0.7113443345001249,0.5420761440234485,0.5061535925348544,0.1736690306251396,0.000523736766832513,5.258693798393966e-05,5.431953729800208,9.959445955808743,19016.12906812345,0.3684071133983089
9.72e-09,2.0,9.622337266830746e-05,0.7109047989795702,0.5427218198706303,0.5061446613347195,0.1734695935871436,0.0005234471230997597,5.243530714525385e-05,5.439916586100458,9.982722550851678,19071.11933624888,0.3692522262834867
9.74e-09,2.0,9.603317826689489e-05,0.7104717824011608,0.543382553562849,0.506135544173992,0.1732732471994482,0.0005231662910689011,5.228474779987518e-05,5.447766057376633,10.00609763044798,19126.03659919322,0.37010930636340084
9.76e-09,2.0,9.584755829712036e-05,0.7100461967605974,0.5440569657353624,0.5061262601054795,0.1730804048657247,0.0005228949061445877,5.213557885982439e-05,5.455484869274533,10.02952144351331,19180.75950952179,0.3709765608696377
9.779999999999999e-09,2.0,9.56668933989765e-05,0.7096289384029477,0.5447436498197481,0.5061168285753037,0.1728914725760383,0.0005226335933405726,5.198811331895274e-05,5.463055950717457,10.05294402845817,19235.16619779777,0.3718521772437098
9.799999999999998e-09,2.0,9.549155404979557e-05,0.7092208861348144,0.545441174898954,0.5061072692463523,0.1727068479787416,0.0005223829655363303,5.184265753915802e-05,5.470462479023564,10.07631534208604,19289.13461360802,0.37273432692021247
9.819999999999998e-09,2.0,9.53218998960509e-05,0.7088228993734406,0.5461480886058802,0.5060976020946297,0.1725269196164715,0.0005221436216060909,5.16995107596357e-05,5.477687920192563,10.09958535262878,19342.54280759555,0.37362116898940867
9.839999999999997e-09,2.0,9.515827903679084e-05,0.708435816336653,0.5468629200527995,0.5060878472322307,0.1723520660395009,0.0005219161445830174,5.155896446407119e-05,5.4847160738719,10.12270417003263,19395.26928817294,0.37451085401329853
9.859999999999997e-09,2.0,9.500102739516698e-05,0.7080604522774531,0.5475841827935574,0.5060780250028797,0.1721826550810552,0.0005217010997057489,5.142130196633149e-05,5.491531113401356,10.14562214016551,19447.19331795134,0.3754015277125021
9.879999999999996e-09,2.0,9.485046804905606e-05,0.7076975977669765,0.5483103778059464,0.5060681558047319,0.1720190430188885,0.0005214990325279812,5.128679785816078e-05,5.498117630015946,10.16828997533134,19498.19528147592,0.3762913347870579
9.899999999999996e-09,2.0,9.470691064592275e-05,0.7073480170294351,0.5490399964961563,0.506058260185405,0.171861573896565,0.0005213104669230809,5.115571766996386e-05,5.504460672017504,10.19065884846669,19548.15699100535,0.37717842259959133
9.919999999999996e-09,2.0,9.45706507838992e-05,0.7070124463325506,0.549771523712811,0.5060483586649053,0.1717105787395159,0.0005211359031818677,5.102831739661133e-05,5.51054578757401,10.2126805226871,19596.96205986223,0.3780609449732951
9.939999999999995e-09,2.0,9.444196947321317e-05,0.7066915924368674,0.550503440772465,0.5060384718304439,0.1715663749284033,0.0005209758160201161,5.090484323022961e-05,5.516359062366138,10.23430744426175,19644.4962118291,0.3789370658440617
9.959999999999995e-09,2.0,9.432113257063552e-05,0.706386131107213,0.5512342284842525,0.5060286201597863,0.1714292654753709,0.0005208306527109125,5.078553116015245e-05,5.521887160329555,10.25549286997649,19690.64765408271,0.3798049630088816
9.979999999999994e-09,2.0,9.420839029035952e-05,0.7060967056894387,0.5519623701755426,0.506018824116123,0.1712995384550323,0.0005207008311426789,5.06706067732488e-05,5.527117359119109,10.27619095766541,19735.30738392387,0.3806628317205103
9.999999999999994e-09,2.0,9.410397669440376e-05,0.7058239257554404,0.5526863547064899,0.5060091039721271,0.1711774663460349,0.0005205867380345209,5.056028492284948e-05,5.532037588143798,10.29635689017359,19778.36955479803,0.38150888836045493
1.001999999999999e-08,2.0,9.400810925552631e-05,0.7055683658193114,0.5534046794753649,0.5059994799051499,0.1710633055246318,0.000520488727093676,5.045476959111759e-05,5.536636461203137,10.31594696223341,19819.73177370425,0.3823413739507331
1.003999999999999e-08,2.0,9.392098840590734e-05,0.7053305641273326,0.5541158534027596,0.5059899718222534,0.1709572956760698,0.0005204071173627417,5.035425362092123e-05,5.540903311184857,10.33491869982802,19859.29545353283,0.38315855772668983
1.005999999999999e-08,2.0,9.384279715444181e-05,0.7051110215243482,0.5548183998965869,0.5059805994559837,0.1708596593550803,0.0005203421915251129,5.025891863406821e-05,5.544828219257186,10.35323094222717,19896.96609433506,0.3839587405415066
1.007999999999999e-08,2.0,9.377370069582593e-05,0.7049102003989132,0.5555108597861853,0.5059713821906331,0.1707706014709994,0.0005202941944318555,5.016893481957118e-05,5.548402045637412,10.37084395558835,19932.65361515896,0.3847402583151859
1.009999999999999e-08,2.0,9.371384608439816e-05,0.7047285237094362,0.5561917942275105,0.5059623391588421,0.1706903089188952,0.0005202633316017598,5.008446090119803e-05,5.551616454770534,10.38771950901272,19966.27261243177,0.38550148530861533
1.011999999999999e-08,2.0,9.366336190563004e-05,0.7045663740933679,0.5568597875679345,0.5059534890693265,0.1706189501417076,0.0005202497679729519,5.000564397535228e-05,5.55446394163194,10.40382098127528,19997.74266466599,0.38624083742622695
1.013999999999999e-08,2.0,9.362235800858994e-05,0.704424093061311,0.5575134501726806,0.505944850304537,0.1705566748351155,0.0005202536266407612,4.993261952130697e-05,5.55693785238615,10.4191134298244,20026.9885615211,0.3869567753375651
1.015999999999999e-08,2.0,9.359092524177971e-05,0.7043019802777496,0.5581514212016433,0.5059364407500848,0.1705036135893879,0.0005202749878750012,4.986551128196103e-05,5.559032405758168,10.43356368960388,20053.94057519174,0.38764780761225537
1.017999999999999e-08,2.0,9.356913524626006e-05,0.7042002929299118,0.5587723713386562,0.505928277893682,0.1704598776704817,0.0005203138881340034,4.980443131027961e-05,5.560742708744909,10.44714043400012,20078.53465427685,0.3883124936681745
1.019999999999999e-08,2.0,9.355704025778365e-05,0.7041192451860966,0.5593750054621621,0.5059203786564794,0.1704255587436942,0.0005203703193830272,4.974947988645382e-05,5.562064772675227,10.45981426480637,20100.71265634051,0.38894944671846793
1.021999999999999e-08,2.0,9.355467296264979e-05,0.7040590077446041,0.559958065259391,0.5059127594934963,0.1704007287329066,0.0005204442284167424,4.970074559443171e-05,5.562995523638337,10.47155776421694,20120.42250150944,0.3895573365264844
1.023999999999999e-08,2.0,9.356204636812625e-05,0.7040197074742205,0.5605203317731784,0.505905436227085,0.1703854396275374,0.0005205355165075833,4.965830526945258e-05,5.563532812950524,10.48234557508735,20137.61836159866,0.390134892145641
1.025999999999999e-08,2.0,9.357915372316082e-05,0.7040014271470135,0.5610606278835688,0.5058984241490471,0.1703797234212639,0.000520644039061829,4.962222409907703e-05,5.563675422067286,10.49215444318452,20152.26076935556,0.3906809044623049
1.027999999999999e-08,2.0,9.360596845915962e-05,0.7040042052640029,0.5615778207135007,0.5058917378564283,0.1703835920032143,0.0005207696056191456,4.959255559565821e-05,5.563423067281373,10.50096328701275,20164.31676062988,0.3911942287102864
1.029999999999999e-08,2.0,9.364244417774604e-05,0.7040280359740715,0.5620708239607243,0.5058853913555159,0.1703970371769259,0.0005209119798594595,4.956934171692707e-05,5.562776398995691,10.50875322965157,20173.75993634625,0.3916737867837984
1.031999999999999e-08,2.0,9.368851466402422e-05,0.7040728690862885,0.5625386001454227,0.5058793979001615,0.1704200306361475,0.0005210708799666283,4.955261285866038e-05,5.561737000590091,10.51550765754545,20180.57055542791,0.39211856950927515
1.033999999999999e-08,2.0,9.374409394362538e-05,0.7041386101756189,0.562980162775692,0.5058737700978431,0.170452524064241,0.0005212459789947655,4.954238799061436e-05,5.560307382046045,10.52121224139446,20184.73554785947,0.39252763871145097
1.035999999999998e-08,2.0,9.380907637060958e-05,0.7042251207817962,0.5633945784204739,0.5058685197507088,0.1704944491944065,0.0005214369056002355,4.953867466542396e-05,5.558490973034626,10.52585498344343,20186.24855739147,0.39290012922606743
1.037999999999998e-08,2.0,9.388333675601795e-05,0.7043322187009401,0.5637809686921352,0.5058636579638938,0.1705457179891656,0.0005216432447671902,4.95414691664724e-05,5.556292110998994,10.52942622703278,20185.10990539534,0.3932352507029696
1.039999999999998e-08,2.0,9.396673053252514e-05,0.7044596783693038,0.5641385121284175,0.5058591949894614,0.1706062227842704,0.0005218645389031578,4.955075652987471e-05,5.553716028629396,10.53191869206921,20181.32658372408,0.3935322893441471
1.041999999999998e-08,2.0,9.405909395660843e-05,0.7046072313383446,0.5644664459759496,0.505855140337168,0.1706758365473389,0.0005221002889145988,4.95665107016993e-05,5.55076883662117,10.53332747299276,20174.9121704005,0.39379060942861077
1.043999999999998e-08,2.0,9.41602443519023e-05,0.7047745668401146,0.5647640678652247,0.5058515026214808,0.1707544131041439,0.0005223499556524656,4.958869457072778e-05,5.547457505811418,10.53365006226256,20165.88677432739,0.3940096547610808
1.045999999999998e-08,2.0,9.42699803868765e-05,0.704961332441784,0.5650307373792471,0.5058482896749666,0.1708417874749038,0.000522612961319861,4.961726013328332e-05,5.543789844934799,10.53288633664985,20154.2769051288,0.39418894990434333
1.047999999999998e-08,2.0,9.438808239854741e-05,0.7051671347879153,0.5652658775059332,0.5058455083985717,0.1709377761810597,0.0005228886912453907,4.9652148535298e-05,5.539774477796967,10.53103856872711,20140.11537263275,0.39432810132487345
1.049999999999998e-08,2.0,9.451431274718581e-05,0.7053915404289264,0.5654689759765265,0.5058431648778055,0.1710421776571521,0.0005231764955967339,4.96932902438338e-05,5.535420816445068,10.52811140155189,20123.44111434813,0.3944267983193743
1.051999999999998e-08,2.0,9.464841622158361e-05,0.7056340767339994,0.565639586480323,0.5058412642364587,0.1711547726356142,0.000523475691451645,4.974060509781117e-05,5.530739033841853,10.5241118483032,20104.29905373236,0.3944848138447088
1.053999999999998e-08,2.0,9.479012047176064e-05,0.7058942328865083,0.5657773297580733,0.5058398107557609,0.1712753246315432,0.0005237855647836668,4.979400248611193e-05,5.525740032950034,10.51904925557563,20082.73988978714,0.39450200512653005
1.055999999999998e-08,2.0,9.493913649636779e-05,0.7061714609598743,0.5658818945646188,0.5058388077316941,0.1714035804024519,0.0005241053727935215,4.985338140711987e-05,5.520435415445051,10.5129352914599,20058.81991902727,0.3944783141621669
1.057999999999998e-08,2.0,9.509515915364042e-05,0.7064651770715773,0.5659530385032836,0.5058382575972911,0.1715392705026523,0.00052443434612658,4.991863065406524e-05,5.514837447279169,10.50578389781755,20032.60079247712,0.3944137680006313
1.059999999999998e-08,2.0,9.52578677306927e-05,0.706774762612898,0.5659905887229177,0.5058381617837123,0.171682109814275,0.0005247716914212623,4.998962888427574e-05,5.508959024029824,10.49761126725086,20004.14930694856,0.39430847890864273
1.061999999999998e-08,2.0,9.542692653207005e-05,0.7070995655517972,0.5659944424803349,0.5058385208458274,0.1718317981673751,0.0005251165937123977,5.00662448131468e-05,5.50281363355865,10.48843578487253,19973.53713529184,0.39416264431295983
1.063999999999998e-08,2.0,9.560198552970153e-05,0.70743890180619,0.5659645675594451,0.5058393343272112,0.1719880209379229,0.0005254682191483945,5.014833729470448e-05,5.49641531863321,10.47827799474984,19940.84059304589,0.39397654662152226
1.065999999999998e-08,2.0,9.5782681027324e-05,0.7077920566847218,0.5659010025501545,0.5058406008891471,0.1721504497291247,0.0005258257175304264,5.023575552625068e-05,5.489778637328112,10.46716053181795,19906.14034813212,0.39375055282102983
1.067999999999998e-08,2.0,9.596863638871737e-05,0.7081582863920117,0.5658038569788013,0.5058423181796644,0.1723187430314899,0.0005261882251466551,5.032833914248155e-05,5.48291862358029,10.45510807851209,19869.52116915601,0.39348511394731145
1.069999999999998e-08,2.0,9.615946277504162e-05,0.708536819595194,0.5656733112936263,0.505844482966093,0.172492546960243,0.0005265548673943893,5.042591843345726e-05,5.475850745993045,10.44214728759454,19831.07162082955,0.39318076433338334
1.071999999999998e-08,2.0,9.635475994769469e-05,0.7089268590484562,0.5655096166976276,0.505847091008249,0.1726714959719876,0.0005269247616776019,5.05283144550906e-05,5.468590866989374,10.42830672980257,19790.88380018686,0.39283812072563995
1.073999999999998e-08,2.0,9.655411707427193e-05,0.7093275832721552,0.5653130948327905,0.5058501371946352,0.1728552136525154,0.0005272970200579657,5.063533926362077e-05,5.461155200675131,10.41361680846494,19749.05302389186,0.392457881180275
1.075999999999998e-08,2.0,9.6757113600996e-05,0.7097381482829715,0.5650841373087367,0.5058536154198614,0.1730433134840074,0.0005276707521613643,5.07467960457774e-05,5.453560271242003,10.39810969909048,19705.67755840044,0.3920408238247294
1.077999999999997e-08,2.0,9.696332012159674e-05,0.710157689371462,0.5648232050803855,0.5058575187245538,0.1732353996770085,0.0005280450678039462,5.086247937338001e-05,5.445822870524325,10.38181925673702,19660.85830498015,0.391587805403377
1.079999999999997e-08,2.0,9.717229931283e-05,0.7105853229232614,0.5645308276684325,0.5058618391770644,0.1734310679815922,0.000528419079854324,5.098217535688515e-05,5.437960016273995,10.36478094854305,19614.69852943319,0.39109975968684035
1.081999999999997e-08,2.0,9.738360685913242e-05,0.7110201482801041,0.564207602227952,0.5058665680171187,0.1736299065567599,0.0005287919067825047,5.110566192407736e-05,5.429988910008757,10.34703175487833,19567.3035501546,0.39057769567119205
1.083999999999997e-08,2.0,9.759679244331273e-05,0.7114612496367398,0.5638541924597801,0.505871695541832,0.1738314968185248,0.0005291626754268914,5.123270900100343e-05,5.421926895737476,10.32861009587698,19518.78047245978,0.39002269564125525
1.085999999999997e-08,2.0,9.781140071842153e-05,0.7119076979697531,0.5634713273707618,0.5058772112530895,0.1740354143395693,0.0005295305234170698,5.136307881895447e-05,5.413791418647749,10.30955572744323,19469.23788437252,0.3894359130311925
1.087999999999997e-08,2.0,9.802697234432711e-05,0.7123585529942206,0.5630597998784795,0.5058831037478319,0.1742412297268059,0.0005298946017985055,5.149652612696953e-05,5.405599984803886,10.28990966287707,19418.78559991418,0.38881857015167365
1.089999999999997e-08,2.0,9.824304499690288e-05,0.712812865144088,0.562620465267367,0.5058893608691317,0.1744485095437402,0.0005302540772845289,5.163279853140819e-05,5.39737012116109,10.26971406482985,19367.53436658485,0.3881719557236268
1.091999999999997e-08,2.0,9.845915443993293e-05,0.7132696775720935,0.5621542394928467,0.5058959696006683,0.1746568172097564,0.0005306081346965634,5.177163674424605e-05,5.389119336693103,10.249012163123,19315.59562120935,0.3874974222830903
1.093999999999997e-08,2.0,9.867483556054432e-05,0.7137280281650271,0.5616620973413002,0.505902916221394,0.1748657139373565,0.0005309559790061551,5.191277495949557e-05,5.38086508415077,10.22784814374551,19263.08121228811,0.38679638340394373
1.095999999999997e-08,2.0,9.888962346477599e-05,0.7141869515700804,0.5611450704435255,0.505910186204086,0.1750747596451633,0.0005312968375544807,5.205594114139296e-05,5.372624723004638,10.20626706395311,19210.10317119859,0.3860703107983622
1.097999999999997e-08,2.0,9.910305452718492e-05,0.7146454812280196,0.5606042451504516,0.5059177643734504,0.1752835139020219,0.0005316299618516253,5.22008574417113e-05,5.364415483291488,10.18431473937484,19156.77345178905,0.3853207312484297
1.099999999999997e-08,2.0,9.931466749753422e-05,0.7151026514088994,0.5600407602698058,0.5059256348085764,0.1754915368455624,0.0005319546295458485,5.234724053164074e-05,5.356254430681044,10.1620376574447,19103.20371893454,0.38454922342424336
1.101999999999997e-08,2.0,9.952400455174283e-05,0.7155574992460304,0.5594558046734488,0.505933781004277,0.1756983901250485,0.0005322701459543281,5.249480206363402e-05,5.348158432677416,10.13948286363881,19049.50510695904,0.3837574145484003
1.103999999999997e-08,2.0,9.973061239652213e-05,0.7160090667639158,0.5588506147751133,0.5059421857772152,0.1759036378172911,0.0005325758457599239,5.2643249050282e-05,5.34014412604215,10.11669787423713,18995.78802677726,0.3829469769578222
1.105999999999997e-08,2.0,9.993404330835202e-05,0.7164564028958867,0.5582264718891835,0.5059508314302334,0.1761068473601162,0.0005328710942550429,5.279228437371679e-05,5.332227885541319,10.09373056264901,18942.1619439878,0.38211962452906734
1.107999999999997e-08,2.0,0.0001001338562225599,0.7168985654871867,0.5575846994712672,0.5059596996618719,0.1763075904574711,0.0005331552887512009,5.294160721406563e-05,5.324425793881821,10.07062907243117,18888.73520512082,0.3812771090137961
1.109999999999997e-08,2.0,0.0001003296177468263,0.7173346232792859,0.556926660252052,0.5059687717333804,0.1765054439954623,0.0005334278595253018,5.309091360859411e-05,5.316753613121432,10.04744170458112,18835.61483556999,0.38042121625658964
1.111999999999997e-08,2.0,0.0001005209032211731,0.7177636578712469,0.5562537532661579,0.5059780283812998,0.1766999909286305,0.0005336882709349309,5.323989693136795e-05,5.309226757204088,10.02421683165378,18782.90638483221,0.37955376233752736
1.113999999999997e-08,2.0,0.0001007072976926356,0.71818476565401,0.555567410788267,0.5059874499868043,0.1768908211706897,0.0005339360220639242,5.338824850323405e-05,5.30186026608206,10.00100278681329,18730.7137438574,0.37867658961757733
1.115999999999997e-08,2.0,0.000100888396932914,0.7185970597135253,0.5548690951790926,0.5059970164909732,0.1770775324541589,0.0005341706475437999,5.353565812312023e-05,5.294668780871117,9.977847779797997,18679.13900862524,0.37779156272493364
1.117999999999997e-08,2.0,0.0001010638083613081,0.7189996716987218,0.5541602956541671,0.5060067075660609,0.1772597311882021,0.0005343917179028466,5.368181472862687e-05,5.28766652067278,9.95479978842578,18628.28231599873,0.37690056446596504
1.119999999999996e-08,2.0,0.0001012331520073898,0.7193917536503809,0.5534425249787515,0.5060165025330441,0.1774370332841033,0.0005345988401012242,5.382640697795276e-05,5.280867260313241,9.931906477060513,18578.24172454236,0.37600549169464814
1.121999999999996e-08,2.0,0.000101396061370047,0.7197724797870615,0.5527173161024205,0.5060263805343861,0.1776090649729303,0.000534791657594673,5.39691239592995e-05,5.274284309801536,9.909215091169221,18529.11306757812,0.3751082511294902
1.123999999999996e-08,2.0,0.0001015521843134423,0.7201410482443155,0.5519862187372195,0.5060363204534031,0.1777754635897165,0.0005349698505974395,5.410965582074281e-05,5.267930494568327,9.88677237884703,18480.98984981258,0.374210755147503
1.125999999999996e-08,2.0,0.0001017011838510524,0.7204966827635304,0.5512507958933845,0.5060463010880546,0.1779358783440817,0.0005351331358779781,5.424769452486803e-05,5.261818137453196,9.864624488929465,18433.96311601009,0.37331491754930285
1.127999999999996e-08,2.0,0.0001018427389643405,0.7208386343268426,0.5505126203769849,0.5060563010716501,0.1780899710564089,0.0005352812667697689,5.438293452203061e-05,5.25595904132198,9.842816896041636,18388.12136176466,0.372422649320576
1.129999999999996e-08,2.0,0.0001019765453019725,0.7211661827346775,0.5497732712637319,0.5060662990471656,0.1782374168750107,0.0005354140327219432,5.451507354467677e-05,5.250364473444328,9.82139430268135,18343.55041602337,0.37153585438872117
1.131999999999996e-08,2.0,0.0001021023159120203,0.7214786381225947,0.549034330353624,0.5060762735887927,0.1783779049580818,0.0005355312590831649,5.46438133174081e-05,5.245045150341451,9.800400568174814,18300.33336420586,0.3706564253955422
1.133999999999996e-08,2.0,0.0001022197818480185,0.721775342414242,0.5482973786207742,0.506086203376276,0.1785111391314964,0.0005356328064347636,5.476886038334496e-05,5.240011224394101,9.779878615068789,18258.55044272743,0.3697862394892778
1.135999999999996e-08,2.0,0.0001023286928070954,0.7220556707073597,0.5475639926632079,0.5060960671167813,0.1786368385108509,0.0005357185701770804,5.488992684229193e-05,5.235272270756364,9.759870362303282,18218.2789726277,0.368927154152357
1.137999999999996e-08,2.0,0.0001024288176361777,0.7223190325899156,0.5468357411669289,0.5061058437187423,0.1787547380945301,0.000535788479676425,5.500673119935898e-05,5.230837276023482,9.74041663618559,18179.59326424497,0.36808100307239877
1.139999999999996e-08,2.0,0.0001025199448701337,0.7225648733835983,0.5461141813889915,0.5061155122135296,0.1788645893207038,0.0005358424976864964,5.511899912039141e-05,5.226714627042009,9.72155710803283,18142.56455955942,0.36724959206828767
1.141999999999996e-08,2.0,0.0001026018831331706,0.7227926753120499,0.5454008556736509,0.506125051928287,0.1789661605908731,0.0005358806193431914,5.522646429095837e-05,5.222912101466504,9.703330209950183,18107.26094525155,0.3664346950827778
1.143999999999996e-08,2.0,0.0001026744615728345,0.7230019585913786,0.5446972880061254,0.5061344424068983,0.1790592377572817,0.0005359028714558901,5.532886917617385e-05,5.21943685830053,9.685773077152728,18073.74730207983,0.36563805024884366
1.145999999999996e-08,2.0,0.0001027375301534216,0.7231922824406524,0.5440049806176563,0.5061436635812978,0.1791436245727534,0.0005359093113857947,5.54259658762049e-05,5.216295430180129,9.668921468734705,18042.08522470356,0.36486135604490294
1.147999999999996e-08,2.0,0.0001027909599834395,0.7233632460102482,0.5433254106460496,0.5061526956912465,0.1792191431045776,0.0005359000262429666,5.551751687577349e-05,5.213493715493494,9.65280971485273,18012.33297659204,0.36410626754147196
1.149999999999996e-08,2.0,0.0001028346434996064,0.7235144892260992,0.5426600268648467,0.5061615194536295,0.1792856341070646,0.000535875131684425,5.560329588064339e-05,5.21103697224639,9.637470642652564,17984.54541519579,0.3633743927577821
1.151999999999996e-08,2.0,0.000102868494687104,0.723645693548063,0.5420102464848132,0.5061701159805572,0.1793429573585934,0.0005358347710528255,5.568308854058753e-05,5.208929811628833,9.622935528481944,17958.77395110901,0.3626672891262198
1.153999999999996e-08,2.0,0.0001028924491544046,0.7237565826408131,0.5413774520402472,0.5061784669462014,0.1793909919539379,0.0005357791141299885,5.57566932500022e-05,5.207176193342266,9.60923402913546,17935.06647742171,0.3619864600863093
1.155999999999996e-08,2.0,0.0001029064642472629,0.7238469229558417,0.540762988363175,0.5061865545027784,0.1794296365617897,0.0005357083562520078,5.582392182706014e-05,5.205779420508761,9.596394139265366,17913.46733212247,0.36133335180138537
1.157999999999996e-08,2.0,0.0001029105190161709,0.7239165242233462,0.5401681596571744,0.506194361444489,0.1794588096345451,0.000535622717052236,5.588460026080082e-05,5.204742136369291,9.584442128110528,17894.01723074381,0.36070935002262927
1.159999999999995e-08,2.0,0.0001029046142265082,0.7239652398529651,0.5395942266731848,0.5062018711209824,0.179478449584266,0.0005355224395854318,5.593856932868326e-05,5.204066320463002,9.57340250228451,17876.75323128503,0.3601157770889188
1.161999999999995e-08,2.0,0.0001028887722218106,0.7239929672425189,0.5390424039981935,0.5062090675980123,0.1794885149082477,0.0005354077890915089,5.598568527230287e-05,5.203753286639936,9.563297948170064,17861.70866956804,0.3595538890899458
1.163999999999995e-08,2.0,0.0001028630368337954,0.7239996479941048,0.5385138574583875,0.5062159355680176,0.1794889842820264,0.0005352790521581166,5.602582033570264e-05,5.203803680472912,9.554149300282683,17848.91312627058,0.3590248731763611
1.165999999999995e-08,2.0,0.0001028274731458295,0.7239852680370911,0.5380097016467413,0.5062224605071511,0.179479856599698,0.0005351365355327539,5.605886335235585e-05,5.204217478564247,9.545975489534518,17838.39236472809,0.3585298450470433
1.167999999999995e-08,2.0,0.0001027821673076408,0.7239498576577524,0.5375309975758006,0.5062286285826603,0.1794611509832258,0.0005349805653489975,5.608472018745159e-05,5.204993987189543,9.538793517395389,17830.16829998806,0.3580698465925748
1.169999999999995e-08,2.0,0.0001027272262043638,0.7238934914354822,0.5370787504647057,0.5062344268059885,0.1794329067371412,0.0005348114860099765,5.610331422000561e-05,5.206131842914759,9.532618410255532,17824.25893911656,0.35764584372756447
1.171999999999995e-08,2.0,0.0001026627771816196,0.7238162880857174,0.5366539076603385,0.5062398429366958,0.1793951832740397,0.0005346296594984,5.611458667392539e-05,5.207629012507974,9.527463199632278,17820.67835250878,0.3572587243862988
1.173999999999995e-08,2.0,0.0001025889676262967,0.7237184102099069,0.536257356700699,0.5062448656313765,0.1793480599839487,0.0005344354643490006,5.611849698107208e-05,5.209482794919246,9.523338882886646,17819.43661707983,0.35690929671675026
1.175999999999995e-08,2.0,0.0001025059646083577,0.7236000639530492,0.5358899235195357,0.5062494843439067,0.1792916360765777,0.0005342292950568092,5.611502298822901e-05,5.211689822531164,9.520254409748206,17820.53979038315,0.35659828744295796
1.177999999999995e-08,2.0,0.0001024139543800592,0.7234614985695211,0.5355523707993828,0.5062536894699883,0.1792260303662696,0.0005340115611500935,5.610416118958299e-05,5.214246064587959,9.5182166496635,17823.98985738108,0.3563263404331132
1.179999999999995e-08,2.0,0.0001023131419413175,0.7233030058981121,0.5352453964712001,0.5062574722435427,0.1791513810322292,0.0005337826867050881,5.608592679969546e-05,5.21714682988729,9.517230384931189,17829.78470822791,0.3560940154389709
1.181999999999995e-08,2.0,0.0001022037504644409,0.7231249197473691,0.5349696323668395,0.5062608248767487,0.1790678453206435,0.0005335431095245107,5.606035384713119e-05,5.22038677177498,9.517298284977095,17837.91808961573,0.355901787046196
1.183999999999995e-08,2.0,0.0001020860207901619,0.7229276151925477,0.5347256430217412,0.5062637404524607,0.1789755992247617,0.0005332932807603616,5.60274951070461e-05,5.223959892407996,9.51842090640411,17848.37958736868,0.3557500437969795
1.185999999999995e-08,2.0,0.0001019602107851593,0.722711507785649,0.5345139246331961,0.5062662130596398,0.178874837106433,0.0005330336641964659,5.598742205142812e-05,5.22785954945571,9.52059667449663,17861.15458363906,0.3556390875267631
1.187999999999995e-08,2.0,0.0001018265947759768,0.7224770526802068,0.5343349041708181,0.506268237681737,0.1787657712985586,0.0005327647359742837,5.594022463882278e-05,5.232078462086038,9.523821890492417,17876.2242457281,0.35556913287225944
1.189999999999995e-08,2.0,0.0001016854628466733,0.7222247436726688,0.5341889386437492,0.5062698103274673,0.1786486316489507,0.0005324869839713515,5.588601112069571e-05,5.236608719532508,9.528090720616145,17893.5654906614,0.35554030699479844
1.191999999999995e-08,2.0,0.0001015371202178541,0.721955112162389,0.5340763145205261,0.5062709279151313,0.1785236650483439,0.0005322009076186066,5.582490768994092e-05,5.241441788970276,9.533395210871147,17913.15098189029,0.3555526494721821
1.193999999999995e-08,2.0,0.0001013818864917212,0.7216687260324237,0.5339972473053702,0.5062715883987327,0.1783911349001134,0.0005319070173603155,5.575705814702439e-05,5.246568526119932,9.539725283886808,17934.9491030019,0.35560611240525686
1.195999999999995e-08,2.0,0.0001012200949833543,0.7213661884534881,0.5339518812661872,0.5062717906482614,0.1782513205776806,0.000531605834545442,5.568262341305409e-05,5.251979185187248,9.547068761505473,17958.92396416011,0.35570056068850664
1.197999999999995e-08,2.0,0.0001010520919203101,0.7210481366135907,0.5339402893173273,0.5062715345711901,0.1781045168242757,0.0005312978909490119,5.560178106342945e-05,5.257663431677757,9.555411369699064,17985.035386892,0.3558357724930516
1.199999999999995e-08,2.0,0.0001008782357331265,0.7207152403760229,0.533962473051822,0.5062708209887872,0.1779510331441907,0.0005309837287147941,5.551472471518155e-05,5.263610354573498,9.564736769190652,18013.23892229499,0.3560114399076313
1.201999999999994e-08,2.0,0.0001006988962164494,0.7203682008685302,0.5340183629254979,0.5062696517530682,0.1777911931374012,0.0005306638999132773,5.542166343962055e-05,5.269808481526915,9.575026568652385,18043.48584898495,0.35622716978809665
1.203999999999994e-08,2.0,0.0001005144537855582,0.7200077490066351,0.534107818587164,0.5062680296192354,0.1776253338297386,0.0005303389665087069,5.532282103720243e-05,5.276245793437758,9.586260363550057,18075.72320521289,0.35648248475742544
1.205999999999994e-08,2.0,0.0001003252986057997,0.7196346439542236,0.5342306293566936,0.5062659583582034,0.1774538049477738,0.0005300094999251718,5.521843534394906e-05,5.282909742180757,9.598415757777374,18109.89380215356,0.35677682440891983
1.207999999999994e-08,2.0,0.0001001318298217403,0.7192496715246351,0.5343865148447275,0.5062634426252997,0.1772769681935697,0.0005296760810080095,5.51087574100763e-05,5.289787267726994,9.611468410847557,18145.93627213878,0.35710954665115785
1.209999999999994e-08,2.0,9.993445466150215e-05,0.7188536425256267,0.534575125715294,0.5062604880685077,0.1770951964658009,0.0005293392995671628,5.499405071761798e-05,5.296864818536064,9.625392068047514,18183.78509949692,0.35747992924949307
1.211999999999994e-08,2.0,9.973358764496448e-05,0.7184473910516932,0.5347960445846647,0.5062571011936002,0.1769088730852876,0.0005289997543013342,5.487459028133452e-05,5.304128371338262,9.640158616022914,18223.37068710922,0.3578871714993771
1.213999999999994e-08,2.0,9.952964966942193e-05,0.7180317727273443,0.5350487870572617,0.5062532894682714,0.1767183909688591,0.0005286580522868787,5.475066179687795e-05,5.311563454289224,9.655738121452705,18264.61940697533,0.35833039608840256
1.215999999999994e-08,2.0,9.932306720309694e-05,0.7176076629050347,0.5353328028915588,0.5062490611838996,0.176524151812375,0.000528314808832975,5.462256068400441e-05,5.319155169492123,9.672098894984355,18307.45368722412,0.3588086510791838
1.217999999999994e-08,2.0,9.911427135837842e-05,0.7171759548215451,0.5356474772963771,0.5062444255557753,0.176326565224305,0.0005279706468849704,5.449059118571734e-05,5.32688821897158,9.689207538334767,18351.79208446746,0.35932091207207206
1.219999999999994e-08,2.0,9.890369707677664e-05,0.7167375577166957,0.5359921323501775,0.5062393925817025,0.1761260478734008,0.0005276261967802976,5.435506537449218e-05,5.33474692996896,9.707029016432804,18397.54939323983,0.3598660844767767
1.221999999999994e-08,2.0,9.869178219585685e-05,0.716293394918356,0.5363660285433685,0.5062339731385592,0.1759230225893798,0.0005272820955373901,5.421630222311423e-05,5.34271528374281,9.725526712749362,18444.63674200315,0.36044300595398865
1.223999999999994e-08,2.0,9.847896663163524e-05,0.7158444018977818,0.5367683664359398,0.5062281788379777,0.1757179174827841,0.0005269389864850541,5.407462659449666e-05,5.350776943617152,9.744662509397381,18492.961726744,0.36105044895315574
1.225999999999994e-08,2.0,9.826569144520583e-05,0.715391524299377,0.5371982884300738,0.5062220221194799,0.1755111650205045,0.0005265975184118018,5.393036830443218e-05,5.358915286558188,9.764396850383168,18542.42853219707,0.36168712340956927
1.227999999999994e-08,2.0,9.805239802844869e-05,0.7149357159490304,0.5376548806498113,0.5062155161035035,0.1753032011256679,0.0005262583450457999,5.378386111470999e-05,5.367113433895307,9.784688829301384,18592.93809098615,0.3623516795241434
1.229999999999994e-08,2.0,9.783952717622323e-05,0.7144779368452184,0.5381371749270805,0.506208674681374,0.1750944642360058,0.0005259221240445697,5.363544180679453e-05,5.375354285560491,9.805496260085732,18644.38823124079,0.36304271069107463
1.231999999999994e-08,2.0,9.762751828113283e-05,0.714019151137111,0.5386441508859571,0.5062015123659572,0.1748853943918361,0.0005255895163083451,5.348544919642144e-05,5.383620553335899,9.826775771820774,18696.67386222321,0.363758756494121
1.233999999999994e-08,2.0,9.741680841700954e-05,0.7135603250939319,0.5391747381241682,0.5061940443787476,0.1746764322854464,0.0005252611847963257,5.333422323541514e-05,5.391894797574415,9.84848288645442,18749.68714901949,0.3644983058387218
1.235999999999994e-08,2.0,9.72078315483344e-05,0.7131024250698568,0.539727818483518,0.5061862864984364,0.1744680183453697,0.0005249377936630532,5.318210406389226e-05,5.400159462757853,9.870572120132744,18803.31772504927,0.3652598001381483
1.237999999999994e-08,2.0,9.700101763056983e-05,0.7126464154687305,0.5403022284079945,0.5061782551454156,0.1742605917850495,0.000524620006894594,5.302943115517225e-05,5.408396916446073,9.892997067222453,18857.45289391935,0.366041636622945
1.239999999999994e-08,2.0,9.679679183965324e-05,0.7121932567128936,0.5408967613810691,0.5061699672285573,0.1740545896916389,0.0005243084872650793,5.287654241927653e-05,5.416589486858054,9.915710507461979,18911.97786857264,0.36684217168943023
1.241999999999994e-08,2.0,9.659557369452326e-05,0.7117439032203925,0.5415101704407418,0.5061614402274408,0.173850446082194,0.0005240038947939919,5.27237734033148e-05,5.42471950372507,9.938664495531862,18966.77599970735,0.36765972435854777
1.243999999999993e-08,2.0,9.639777631188308e-05,0.7112993013948377,0.5421411707637045,0.5061526920376483,0.1736485910051764,0.0005237068855280356,5.257145645728929e-05,5.43276933753526,9.961810473208246,19021.72904059509,0.3684925797585281
1.245999999999993e-08,2.0,9.620380555601832e-05,0.7108603876321399,0.5427884423170014,0.5061437410510271,0.1734494496123092,0.0005234181098288221,5.241991999960318e-05,5.440721441895592,9.985099363615673,19076.71740070511,0.36933899270469217
1.247999999999993e-08,2.0,9.601405932375106e-05,0.7104280863483247,0.5434506325684658,0.5061346059998199,0.1732534412808009,0.0005231382109933589,5.226948775340141e-05,5.448558394011659,10.00848168747006,19131.62043442688,0.37019719128766493
1.249999999999993e-08,2.0,9.582892672635615e-05,0.7100033080325784,0.544126359254167,0.5061253060352653,0.1730609787088013,0.0005228678233895216,5.212047808408288e-05,5.456262938095938,10.03190766105426,19186.3167177162,0.37106538054536564
1.251999999999993e-08,2.0,9.564878740931495e-05,0.7095869473296258,0.5448142131941021,0.506115860570887,0.1728724670661114,0.0005226075709364,5.19732033116682e-05,5.463818026590467,10.05532731554902,19240.68435811606,0.3719417461279907
1.253999999999993e-08,2.0,9.54740107707965e-05,0.7091798811554787,0.5455127611542543,0.5061062893597428,0.1726883031208859,0.0005223580651126462,5.18279691245197e-05,5.471206864098265,10.07869059768965,19294.60129138848,0.3728244580333684
1.255999999999993e-08,2.0,9.530495532047033e-05,0.7087829668505232,0.5462205487462465,0.5060966123371851,0.1725088744262527,0.0005221199033253294,5.168507397063024e-05,5.478412948799897,10.1019474911078,19347.94560936963,0.37371167431999375
1.257999999999993e-08,2.0,9.514196793865157e-05,0.7083970403738373,0.5469361033626441,0.5060868496970743,0.1723345584855327,0.0005218936668232901,5.154480854927227e-05,5.485420116332902,10.12504811855894,19400.59587269761,0.3746015448771114
1.259999999999993e-08,2.0,9.498538327806563e-05,0.7080229145425393,0.5476579371391656,0.506077021734311,0.1721657219817918,0.0005216799189897614,5.140745528174102e-05,5.492212580806359,10.14794286413653,19452.43145219798,0.37549221515737374
1.261999999999993e-08,2.0,9.483552306736303e-05,0.707661377319877,0.5483845499418258,0.5060671489203279,0.1720027199883889,0.0005214792031989048,5.127328788043497e-05,5.498774978012507,10.17058247590735,19503.33285300363,0.37638182995343694
1.263999999999993e-08,2.0,9.469269555934253e-05,0.7073131901556634,0.5491144323703382,0.506057251745698,0.1718458952480036,0.0005212920410729503,5.114257089752007e-05,5.50509240540921,10.192918187815,19553.18206438641,0.3772685371223346
1.265999999999993e-08,2.0,9.45571948821723e-05,0.7069790863825527,0.5498460687758134,0.5060473507951948,0.1716955774348261,0.0005211189303249977,5.101555936905402e-05,5.511150464019894,10.21490182152365,19601.86288982649,0.3781504913409873
1.267999999999993e-08,2.0,9.442930053720612e-05,0.7066597696715352,0.5505779402841678,0.5060374665907702,0.1715520824890715,0.0005209603430256232,5.089249843831101e-05,5.516935296733632,10.23648590680023,19649.26129952419,0.37902585779509634
1.269999999999993e-08,2.0,9.430927680087146e-05,0.7063559125499044,0.5513085278233327,0.5060276196664797,0.171415711936563,0.0005208167234784832,5.077362307101227e-05,5.522433628237478,10.25762378134934,19695.26576036133,0.3798928158867697
1.271999999999993e-08,2.0,9.419737227487845e-05,0.7060681549848171,0.5520363151458059,0.5060178304121091,0.1712867522841731,0.0005206884865440971,5.065915774868296e-05,5.527632800979413,10.27826970845432,19739.76758478575,0.38074956286163275
1.273999999999993e-08,2.0,9.40938193414226e-05,0.7057971030354294,0.5527597918446879,0.5060081191482372,0.1711654744019744,0.0005205760155967808,5.054931624986861e-05,5.532520812480787,10.2983789735857,19782.661254149,0.38159431744271355
1.275999999999993e-08,2.0,9.399883376828536e-05,0.7055433275764486,0.5534774563549074,0.5059985059707833,0.1710521329844501,0.0005204796609544802,5.044430140788162e-05,5.537086348320225,10.31790799809071,19823.84475729415,0.3824253233704573
1.277999999999993e-08,2.0,9.39126142197269e-05,0.705307363095788,0.5541878189378637,0.5059890108264752,0.1709469659997682,0.0005203997379659435,5.034430495204483e-05,5.541318816195433,10.33681443137704,19863.21990049409,0.3832408529380955
1.279999999999993e-08,2.0,9.383534191874761e-05,0.7050897065688583,0.5548894046413451,0.5059796533585779,0.1708501942209906,0.0005203365255950687,5.024950732351547e-05,5.545208375316267,10.35505725946819,19900.69262892108,0.3840392104203545
1.281999999999993e-08,2.0,9.376718021585382e-05,0.7048908164118648,0.5555807562330526,0.5059704529830077,0.1707620207464296,0.0005202902646860246,5.016007757009467e-05,5.54874596662364,10.37259689160091,19936.17331637058,0.384818735486623
1.283999999999993e-08,2.0,9.370827431058394e-05,0.7047111115163167,0.5562604370997607,0.5059614287354928,0.1706826306044575,0.0005202611567485723,5.007617321345936e-05,5.551923338027716,10.38939526251055,19969.57706287393,0.38557780649530315
1.285999999999992e-08,2.0,9.365875088019277e-05,0.7045509703667808,0.5569270341105418,0.5059525993485776,0.1706121903482777,0.0005202493624460625,4.999794019086475e-05,5.554733070247995,10.4054159123363,20000.82395759801,0.3863148437622641
1.287999999999992e-08,2.0,9.361871786246393e-05,0.7044107302437381,0.5575791604362523,0.5059439831004445,0.1705508477373415,0.0005202550006246989,4.992551276704461e-05,5.557168597396523,10.42062408156406,20029.83934618877,0.3870283126989108
1.289999999999992e-08,2.0,9.358826414630285e-05,0.7042906865132221,0.5582154583238068,0.5059355978930317,0.1704987314092542,0.0005202781470651126,4.985901351618746e-05,5.559224227975101,10.43498678320614,20056.55406068825,0.3877167269145526
1.291999999999992e-08,2.0,9.356745941783272e-05,0.7041910920047354,0.5588346018176061,0.5059274611027363,0.1704559506402008,0.0005203188337936358,4.979855327193193e-05,5.56089516038295,10.44847288941031,20080.90465077089,0.38837865117740533
1.293999999999992e-08,2.0,9.355635391488606e-05,0.7041121564787538,0.5594352994267209,0.505919589659874,0.1704225950961137,0.0005203770481326036,4.974423114327168e-05,5.562177498693358,10.4610531949691,20102.83357521062,0.3890127043306072
1.295999999999992e-08,2.0,9.355497833840978e-05,0.7040540461849405,0.5600162967303518,0.505911999901464,0.1703987346739149,0.0005204527323255581,4.969613449644177e-05,5.563068262757812,10.47270049469989,20122.28939197675,0.38961756205643694
1.297999999999992e-08,2.0,9.356334367290154e-05,0.704016883512,0.5605763789202522,0.505904707652235,0.1703844193334975,0.0005205457829147617,4.965433899886417e-05,5.563565398482248,10.48338963744274,20139.22690669338,0.3901919595867548
1.299999999999992e-08,2.0,9.358144116520658e-05,0.7040007467299102,0.561114373272757,0.5058977280797073,0.1703796790210102,0.0005206560507050643,4.961890862724988e-05,5.56366778230297,10.49309759342689,20153.60731757039,0.39073469425174684
1.301999999999992e-08,2.0,9.360924221300934e-05,0.7040056698250737,0.5616291515491735,0.5058910757769371,0.1703845235826267,0.0005207833404894887,4.958989573429265e-05,5.563375225789959,10.50180349803305,20165.39831739301,0.3912446279665468
1.303999999999992e-08,2.0,9.364669841318681e-05,0.7040316424287386,0.5621196323172931,0.5058847646200854,0.1703989427705499,0.0005209274113685139,4.956734107796967e-05,5.562688474379794,10.50948870848433,20174.57419043308,0.3917206895467432
1.305999999999992e-08,2.0,9.369374152051494e-05,0.7040786098388354,0.562584783192836,0.5058788078531058,0.1704229062389659,0.0005210879768362595,4.955127390638965e-05,5.561609206246771,10.51613683677798,20181.11586574265,0.3921618769538701
1.307999999999992e-08,2.0,9.3750283567782e-05,0.7041464731351883,0.5630236229937041,0.5058732179479871,0.1704563636328808,0.0005212647054633563,4.954171200401386e-05,5.560140025292649,10.52173379517291,20185.01096447737,0.3925672593608233
1.309999999999992e-08,2.0,9.3816216896905e-05,0.7042350893878552,0.5634352238058843,0.5058680066915684,0.1704992446661161,0.0005214572213475236,4.953866179084489e-05,5.558284454340649,10.5262678178338,20186.25380358594,0.3929359791397682
1.311999999999992e-08,2.0,9.389141435298221e-05,0.7043442719581587,0.5638187129539813,0.5058631850486467,0.1705514592925162,0.0005216651051592946,4.954211838208896e-05,5.556046922496976,10.52972949473015,20184.84539331955,0.39326725366146514
1.313999999999992e-08,2.0,9.397572938995221e-05,0.7044737908917749,0.5641732748752974,0.505858763251105,0.170612897865282,0.0005218878949518151,4.955206569868609e-05,5.553432752836403,10.53211178168206,20180.79339175795,0.39356037701001545
1.315999999999992e-08,2.0,9.406899634066898e-05,0.7046233734030494,0.5644981528905134,0.5058547506640643,0.1706834313895362,0.000522125087559767,4.956847653776821e-05,5.550448144361379,10.5334100224351,20174.11205361657,0.3938147215009772
1.317999999999992e-08,2.0,9.417103059906396e-05,0.7047927044495244,0.5647926508699589,0.5058511558775143,0.1707629117617106,0.0005223761397543412,4.959131269236935e-05,5.547100154456579,10.53362194694878,20164.8221373634,0.3940297391082483
1.319999999999992e-08,2.0,9.428162896809755e-05,0.7049814273954634,0.5650561347886653,0.5058479865756811,0.1708511721018897,0.0005226404699769823,4.962052503087451e-05,5.543396675775778,10.53274768156502,20152.95080771087,0.39420496268677563
1.321999999999992e-08,2.0,9.440056992008739e-05,0.705189144762978,0.5652880341692486,0.5058452496313406,0.1709480270713999,0.0005229174598169697,4.965605362458531e-05,5.539346413842168,10.53078973553522,20138.5314983003,0.39434000709784867
1.323999999999992e-08,2.0,9.45276140240004e-05,0.7054154190691738,0.5654878434059861,0.5058429509785861,0.1710532732827523,0.000523206456053338,4.969782783518534e-05,5.534958859287768,10.52775299935575,20121.60377142307,0.3944345701232338
1.325999999999991e-08,2.0,9.466250428514772e-05,0.7056597737475525,0.5656551229692507,0.5058410957099926,0.1711666896929974,0.0005235067724245882,4.974576644965586e-05,5.530244261064386,10.52364471968468,20102.21314032881,0.39448843327625327
1.327999999999991e-08,2.0,9.480496665273597e-05,0.7059216941517309,0.5657895004838622,0.505839687952955,0.1712880380885015,0.0005238176919446185,4.979977777559197e-05,5.525213594541245,10.51847448607198,20080.41089071131,0.39450146239536077
1.329999999999991e-08,2.0,9.495471043948713e-05,0.7062006286393597,0.5658906716806997,0.5058387309698746,0.1714170635510176,0.0005241384689270019,4.985975978375101e-05,5.519878530865414,10.51225419457026,20056.25386759071,0.39447360812968213
1.331999999999991e-08,2.0,9.51114289096346e-05,0.7064959897339634,0.5659584012153783,0.5058382270382265,0.1715534950139321,0.0005244683315341818,4.992560021182383e-05,5.514251401489204,10.50499802323804,20029.80426388887,0.3944049062014462
1.333999999999991e-08,2.0,9.527479977820079e-05,0.7068071553622501,0.5659925233535819,0.505838177553937,0.1716970457973852,0.0005248064840127116,4.999717671564506e-05,5.508345164276554,10.49672238489598,20001.12937751305,0.39429547755619665
1.335999999999991e-08,2.0,9.544448587871609e-05,0.7071334701642883,0.5659929425171902,0.5058385829153236,0.1718474142320124,0.000525152109429555,5.007435698274797e-05,5.50217336508049,10.48744589192598,19970.30137290686,0.3941455282851778
1.337999999999991e-08,2.0,9.562013574089256e-05,0.7074742468737901,0.5659596336910883,0.505839442629812,0.1720042842588455,0.0005255043720698957,5.015699889396056e-05,5.495750101231764,10.47718929876349,19937.39701440571,0.39395534943224275
1.339999999999991e-08,2.0,9.580138433625065e-05,0.7078287677655936,0.5658926426852239,0.5058407552018931,0.1721673261159471,0.0005258624203102303,5.02449506487387e-05,5.489089980817772,10.46597545664882,19902.49740697283,0.3937253165692768
1.341999999999991e-08,2.0,9.598785373177431e-05,0.7081962861672959,0.5657920862522027,0.505842518243303,0.1723361969982219,0.0005262253891269475,5.033805093950667e-05,5.482208084211342,10.45382924657402,19865.68771209957,0.3934558892539808
1.343999999999991e-08,2.0,9.617915391040757e-05,0.7085760280318538,0.5656581520554882,0.5058447283651138,0.1725105418017522,0.0005265924030532258,5.043612909136689e-05,5.475119921714748,10.44077752476374,19827.05687402107,0.393147610253736
1.345999999999991e-08,2.0,9.637488349697446e-05,0.708967193567839,0.5654910984889914,0.5058473812914954,0.1726899938380431,0.0005269625787445992,5.053900525210405e-05,5.467841393790462,10.42684904690839,19786.69732440703,0.3928011046509483
1.347999999999991e-08,2.0,9.657463064916139e-05,0.7093689589239146,0.5652912543437236,0.5058504717560304,0.1728741756302885,0.0005273350279654692,5.064649054939737e-05,5.460388747728457,10.41207440525697,19744.7047002134,0.3924170787134351
1.349999999999991e-08,2.0,9.677797385061456e-05,0.7097804779239859,0.5650590183228879,0.5058539936191312,0.1730626996760284,0.0005277088601574636,5.075838729989595e-05,5.452778537226258,10.39648594506361,19701.17754316536,0.39199631864685947
1.351999999999991e-08,2.0,9.698448286659682e-05,0.7102008838493694,0.5647948584017861,0.5058579397686541,0.1732551692890229,0.0005280831854016693,5.087448918749782e-05,5.445027578715767,10.38011769426165,19656.21701506431,0.3915396891127632
1.353999999999991e-08,2.0,9.719371959773391e-05,0.7106292912642284,0.5644993110345966,0.5058623022410198,0.1734511794037699,0.0005284571169366391,5.099458149529377e-05,5.437152910910155,10.3630052731271,19609.92659763839,0.39104813163082675
1.355999999999991e-08,2.0,9.740523909310383e-05,0.7110647978804292,0.564172980205194,0.5058670721261532,0.1736503174561853,0.0005288297740442613,5.111844130882662e-05,5.429171751388318,10.34518581756812,19562.41181061462,0.3905226627490087
1.357999999999991e-08,2.0,9.7618590456668e-05,0.7115064864578908,0.5638165363248544,0.5058722396923251,0.1738521642229597,0.0005292002844667614,5.124583777498502e-05,5.421101456681952,10.32669788306366,19513.77991693477,0.3899643721018947
1.359999999999991e-08,2.0,9.783331790913891e-05,0.7119534267364253,0.5634307149748737,0.5058777942954014,0.1740562947338027,0.0005295677871673156,5.137653233438688e-05,5.412959479665121,10.30758136264619,19464.13964826289,0.38937442024107105
1.361999999999991e-08,2.0,9.804896173776e-05,0.7124046773950009,0.5630163154978046,0.5058837245073853,0.1742622791382263,0.0005299314345992184,5.151027901147119e-05,5.404763330698467,10.28787738620488,19413.60091987277,0.3887540363595783
1.363999999999991e-08,2.0,9.826505939697271e-05,0.7128592880343003,0.5625741994362855,0.5058900180299162,0.1744696836417528,0.0005302903952967866,5.164682468025109e-05,5.396530536309875,10.26762823425931,19362.27456752794,0.3881045157945327
1.365999999999991e-08,2.0,9.848114649095524e-05,0.7133163011784001,0.5621052888240768,0.5058966618264364,0.1746780713923844,0.0005306438559548769,5.178590938987782e-05,5.388278601846989,10.24687723372485,19310.27207558244,0.38742721743169245
1.36799999999999e-08,2.0,9.86967579019231e-05,0.7137747542913526,0.5616105643292679,0.5059036420398397,0.1748870034328976,0.000530991023811138,5.192726666796034e-05,5.380024971865685,10.22566866857186,19257.70532838406,0.38672356089637033
1.36999999999999e-08,2.0,9.891142879374848e-05,0.7142336818044276,0.5610910632552326,0.5059109441281409,0.1750960395990263,0.0005313311285000468,5.20706238857424e-05,5.371786994669841,10.20404767313595,19204.68635433064,0.3859950236562063
1.37199999999999e-08,2.0,9.912469575574494e-05,0.7146921171497392,0.5605478774003086,0.5059185527861185,0.175304739479776,0.0005316634241939731,5.221570260296894e-05,5.363581884749607,10.18206014073137,19151.32709414392,0.38524313792053266
1.37399999999999e-08,2.0,9.933609781482021e-05,0.7151490947959782,0.5599821507827594,0.5059264520843078,0.175512663319203,0.0005319871912026544,5.236221897650345e-05,5.35542668951144,10.15975261555232,19097.73916282523,0.38446948746355636
1.37599999999999e-08,2.0,9.954517758184006e-05,0.715603652281961,0.5593950772330047,0.5059346253944427,0.1757193729765816,0.0005323017378475667,5.250988415030968e-05,5.347338254031588,10.13717220026332,19044.03363636258,0.38367570425642317
1.37799999999999e-08,2.0,9.975148225916605e-05,0.7160548322437125,0.5587878978606486,0.5059430555315291,0.175924432823624,0.0005326064017850569,5.265840471082477e-05,5.339333190202304,10.11436644748129,18990.32083276222,0.3828634650370246
1.37999999999999e-08,2.0,9.995456477622272e-05,0.7165016844308131,0.5581618983992956,0.50595172468284,0.1761274106963231,0.000532900551595971,5.280748312500411e-05,5.331427843989627,10.09138326730147,18936.71011801175,0.38203448770297255
1.38199999999999e-08,2.0,0.000100153984778938,0.7169432677077645,0.5575184064375905,0.5059606145527956,0.1763278787795002,0.0005331835878182045,5.295681824502277e-05,5.323638267147186,10.06827081927862,18883.30970665872,0.38119052765809036
1.38399999999999e-08,2.0,0.0001003493097409895,0.7173786520361569,0.5568587885404397,0.5059697062951799,0.1765254145422535,0.0005334549442412139,5.310610579649134e-05,5.315980187093402,10.04507742076729,18830.2264871786,0.3803333739981862
1.38599999999999e-08,2.0,0.0001005401159216533,0.7178069204334652,0.5561844472696988,0.5059789806605143,0.1767196016018403,0.000533714088641368,5.325503893408344e-05,5.308468981273666,10.02185144023599,18777.56584194319,0.37946484566785854
1.38799999999999e-08,2.0,0.0001007259894393345,0.7182271709043465,0.5554968181091582,0.5059884179311462,0.1769100306348459,0.0005339605237785086,5.340330878093339e-05,5.301119649704689,9.99864120721203,18725.43149156014,0.3785867874743123
1.38999999999999e-08,2.0,0.0001009065271846597,0.7186385183403742,0.5547973663038829,0.505997998070723,0.1770963002126427,0.0005341937878349953,5.355060503557839e-05,5.29394679200074,9.975494907668798,18673.92533353473,0.3777010660912402
1.39199999999999e-08,2.0,0.0001010813378433642,0.7190400963842034,0.554087583619502,0.5060077006617568,0.1772780176806475,0.0005344134551187993,5.369661656221379e-05,5.286964582572115,9.95246049627017,18623.14730466087,0.37680956593885456
1.39399999999999e-08,2.0,0.0001012500427520714,0.7194310592542462,0.5533689850321584,0.5060175050567863,0.1774547999579015,0.0005346191362142136,5.384103204787439e-05,5.280186750275165,9.929585594474503,18573.19523724619,0.3759141850742569
1.39599999999999e-08,2.0,0.0001014122768583859,0.7198105835260096,0.5526431053553643,0.5060273903179736,0.1776262743771244,0.0005348104784028375,5.398354064165404e-05,5.273626556199585,9.906917405676321,18524.16473824975,0.3750168309782399
1.39799999999999e-08,2.0,0.000101567689507726,0.7201778698663471,0.5519114958149872,0.5060373353695027,0.1777920794413345,0.0005349871655405067,5.412383265936127e-05,5.267296775854818,9.88450261657468,18476.1490616101,0.37411941637365276
1.39999999999999e-08,2.0,0.0001017159453295158,0.7205321447169706,0.5511757205791049,0.5060473189387389,0.1779518656178176,0.0005351489182137557,5.426160026801943e-05,5.261209679438956,9.862387315715798,18429.23900254703,0.3732238549612873
1.40199999999999e-08,2.0,0.0001018567249446222,0.7208726619236755,0.5504373532543424,0.5060573197093744,0.1781052960451356,0.0005352954933634148,5.43965382333453e-05,5.255377016437128,9.84061689858191,18383.52278430461,0.3723320572092068
1.40399999999999e-08,2.0,0.0001019897257678378,0.7211987043078503,0.549697973355749,0.5060673162636597,0.1782520472745844,0.0005354266841996315,5.4528344643878e-05,5.249809998233141,9.819235989951235,18339.08596585779,0.37144592608116456
1.40599999999999e-08,2.0,0.000102114662626874,0.7215095851769587,0.5489591627620529,0.5060772872357998,0.1783918099214379,0.0005355423195976417,5.465672169458528e-05,5.244519284969511,9.798288353080949,18296.01134125591,0.37056735284061504
1.40799999999999e-08,2.0,0.0001022312684728247,0.7218046497708134,0.5482225021635174,0.5060872112547387,0.1785242893479756,0.0005356422637990671,5.478137644287894e-05,5.239514970342163,9.777816816223783,18254.37885889394,0.3696982128155418
1.409999999999989e-08,2.0,0.0001023392949032507,0.7220832766405961,0.547489567514279,0.5060970670972912,0.1786492062533249,0.0005357264156095304,5.49020216195256e-05,5.234806570556303,9.757863186207379,18214.26553160577,0.3688403612609541
1.411999999999989e-08,2.0,0.0001024385127739605,0.7223448789577189,0.5467619264964059,0.5061068336309696,0.178766297292703,0.0005357947079176163,5.501837640666715e-05,5.230403011134223,9.738468179382489,18175.74536566695,0.3679956292037029
1.413999999999989e-08,2.0,0.000102528712620418,0.7225889057497702,0.5460411350074114,0.5061164899663301,0.1788753156007803,0.0005358471067271716,5.513016726507673e-05,5.226312617796501,9.71967133984399,18138.88927983481,0.36716581940663107
1.415999999999989e-08,2.0,0.0001026097051659154,0.7228148430609427,0.5453287336783271,0.5061260153993232,0.1789760313423484,0.0005358836105279745,5.523712872220995e-05,5.222543105112907,9.70151097503561,18103.76504233314,0.3663527023359787
1.417999999999989e-08,2.0,0.0001026813216373025,0.7230222150344987,0.5446262444337612,0.506135389562349,0.1790682321647233,0.0005359042491976917,5.533900420280999e-05,5.219101569143143,9.684024078815638,18070.43719715546,0.36555801226903784
1.419999999999989e-08,2.0,0.0001027434141663926,0.7232105849149935,0.5439351671007379,0.5061445923656255,0.1791517236756461,0.0005359090832598822,5.543554681307236e-05,5.215994477770322,9.667246271908487,18038.96700743264,0.3647834434250917
1.421999999999989e-08,2.0,0.0001027958559977822,0.7233795559681455,0.5432569760773022,0.5061536041464549,0.1792263298208599,0.0005358982026916317,5.552652015977824e-05,5.213227664948993,9.651211729990969,18009.41238749498,0.36403064625644227
1.423999999999989e-08,2.0,0.0001028385417820796,0.7235287723164165,0.5425931170672287,0.5061624056091258,0.1792918932856664,0.0005358717261050159,5.561169911498419e-05,5.210806322578196,9.635953129161432,17981.82785122918,0.36330122378156227
1.425999999999989e-08,2.0,0.0001028713876752936,0.7236579196885411,0.5419450038912406,0.50617097797192,0.1793482757944161,0.0005358297994963704,5.569087060736619e-05,5.208734996226034,9.621501579210301,17956.26444862456,0.36259672809682447
1.427999999999989e-08,2.0,0.0001028943315241467,0.7237667260814274,0.5413140153804842,0.5061793029050866,0.1793953584327883,0.0005357725953867289,5.576383435056852e-05,5.207017578423639,9.60788657427153,17932.76971797412,0.36191865694769587
1.429999999999989e-08,2.0,0.0001029073328581297,0.7238549623330355,0.5407014923619792,0.5061873626751445,0.1794330418665732,0.0005357003115475421,5.583040358940122e-05,5.205657305762887,9.595135931441462,17911.38762589635,0.361268450495406
1.431999999999989e-08,2.0,0.0001029103729686944,0.7239224426050254,0.5401087347410959,0.5061951400805158,0.1794612465823547,0.0005356131701338859,5.589040577420834e-05,5.204656753522992,9.583275746783976,17892.15852251816,0.36064748815874115
1.433999999999989e-08,2.0,0.0001029034547965371,0.7239690247741597,0.5395369986899924,0.5062026185927145,0.1794799130236087,0.0005355114164191972,5.5943683244081e-05,5.204017834070167,9.57233033947324,17875.11908425877,0.3600570856663837
1.435999999999989e-08,2.0,0.0001028866029078604,0.7239946107316362,0.5389874939462803,0.5062097822892447,0.1794890017481311,0.0005353953179523191,5.599009382945223e-05,5.203741792762033,9.562322213339234,17860.30227143456,0.3594984921981492
1.437999999999989e-08,2.0,0.0001028598632807284,0.7239991465897182,0.5384613812300016,0.5062166159913225,0.1794884934801092,0.0005352651633305408,5.602951145466039e-05,5.203829207613583,9.553272006729568,17847.73727340474,0.35897288774989244
1.439999999999989e-08,2.0,0.0001028233031827653,0.7239826227952311,0.5379597697823466,0.5062231051937003,0.1794783891832659,0.0005351212614077642,5.606182665150398e-05,5.204279986461062,9.545198459804528,17837.44946835714,0.35848138059908075
1.441999999999989e-08,2.0,0.000102777010861518,0.723945074149682,0.5374837150332864,0.5062292361986028,0.1794587100282291,0.0005349639401309341,5.608694706438325e-05,5.205093367895159,9.538118370337381,17829.4603707362,0.3580250050050573
1.443999999999989e-08,2.0,0.0001027210953289373,0.7238865797359628,0.5370342164006914,0.5062349960421848,0.1794294973810203,0.000534793545821944,5.610479785881029e-05,5.206267919702837,9.532046566993628,17823.78759329167,0.35760471901967106
1.445999999999989e-08,2.0,0.0001026556859615547,0.7238072627517904,0.536612215227171,0.5062403726244087,0.1793908126856776,0.0005346104420974765,5.611532211398644e-05,5.207801541105254,9.526995871315291,17820.44479703263,0.35722140254149337
1.447999999999989e-08,2.0,0.0001025809321978497,0.7237072902502343,0.5362185928563231,0.5062453546319063,0.1793427373683761,0.000534415009241819,5.611848111225847e-05,5.209691462532204,9.522977077244557,17819.44165594248,0.356875855487947
1.449999999999988e-08,2.0,0.0001024970030547038,0.7235868727878784,0.5358541688537121,0.5062499316635743,0.1792853726359281,0.00053420764322436,5.611425460633738e-05,5.211934249237158,9.51999891956202,17820.78381002076,0.356568796217784
1.451999999999988e-08,2.0,0.0001024040867443202,0.7234462639813586,0.5355196993733816,0.5062540941496395,0.1792188392964664,0.0005339887551744522,5.610264097838184e-05,5.21452580249209,9.518068059937058,17824.47283337931,0.3563008600769152
1.453999999999988e-08,2.0,0.0001023023901138615,0.7232857599732095,0.5352158756743164,0.5062578334728206,0.1791432774750955,0.0005337587705045096,5.608365737206176e-05,5.217461364684103,9.517189062109976,17830.50619124125,0.3560725981992209
1.455999999999988e-08,2.0,0.0001021921381889493,0.7231056988081449,0.5349433227868103,0.5062611418834508,0.1790588463527434,0.0005335181284915837,5.605733971323797e-05,5.220735522048006,9.517364384767497,17838.87721243128,0.35588447643406695
1.457999999999988e-08,2.0,0.0001020735735436692,0.7229064597210869,0.5347025983322771,0.5062640126160829,0.1789657238008872,0.0005332672815074282,5.602374270061767e-05,5.224342211375898,9.518594363770502,17849.57505148928,0.35573687453138986
1.459999999999988e-08,2.0,0.0001019469557778565,0.722688462338442,0.5344941914956717,0.5062664398005923,0.1788641060408223,0.0005330066947047856,5.598293968374972e-05,5.228274724429707,9.520877212160805,17862.58466684757,0.35563008545484937
1.461999999999988e-08,2.0,0.0001018125608247745,0.722452165794307,0.5343185221532226,0.5062684185741474,0.1787542072000578,0.0005327368453491539,5.593502250994643e-05,5.232525716416253,9.524209009738433,17877.8867894829,0.3555643149531648
1.463999999999988e-08,2.0,0.0001016706803694535,0.7221980677634664,0.534175940153885,0.5062699449882417,0.1786362588949149,0.0005324582226012214,5.588010125937052e-05,5.237087212239755,9.528583710501664,17895.45790832493,0.3555396812589701
1.465999999999988e-08,2.0,0.0001015216211013205,0.7219267034132166,0.5340667247564492,0.5062710161160255,0.1785105097118202,0.0005321713269385949,5.581830395002089e-05,5.241950616910161,9.533993139868517,17915.27024711086,0.35555621504462903
1.467999999999988e-08,2.0,0.0001013657040808018,0.7216386442762264,0.5339910842200338,0.5062716299552624,0.1783772247167934,0.0005318766700195851,5.574977613383884e-05,5.247106723806478,9.540427009835975,17937.29175879189,0.3556138595032404
1.469999999999988e-08,2.0,0.0001012032639441015,0.7213344970468063,0.5339491555491716,0.5062717855310375,0.1782366848655286,0.0005315747741772419,5.567468046569097e-05,5.252545727192488,9.5478729241171,17961.48611245719,0.355712470683643
1.471999999999988e-08,2.0,0.0001010346482251358,0.7210149023031218,0.5339410043905878,0.5062714827946906,0.1780891864439544,0.0005312661723440605,5.559319616846816e-05,5.25825723266504,9.556316401275536,17987.81269869116,0.35585181794663334
1.473999999999988e-08,2.0,0.0001008602165194981,0.7206805331580438,0.5339666250822398,0.5062707227219567,0.1779350404116301,0.0005309514075954641,5.550551847592036e-05,5.264230271949876,9.56574088801285,18016.22662859773,0.3560315846706097
1.475999999999988e-08,2.0,0.0001006803397686289,0.7203320938414745,0.5340259408511451,0.5062695072079624,0.1777745717781886,0.0005306310331102911,5.54118579784675e-05,5.270453315702953,9.576127790490062,18046.6787522012,0.3562513690729565
1.477999999999988e-08,2.0,0.0001004953993898095,0.7199703182171371,0.5341188041599758,0.5062678391609007,0.1776081188851676,0.0005303056117366584,5.531243995325923e-05,5.276914290749069,9.587456495948896,18079.11567171927,0.3565106852748082
1.479999999999988e-08,2.0,0.0001003057865292878,0.7195959682369533,0.5342449971984351,0.5062657223932006,0.1774360327237617,0.0005299757159595098,5.52075036056726e-05,5.28360059538938,9.599704412373656,18113.47977518856,0.35680896447467336
1.481999999999988e-08,2.0,0.0001001119011649504,0.7192098323362611,0.5344042325188685,0.5062631617108778,0.1772586761607876,0.0005296419274588332,5.509730130292366e-05,5.290499119226041,9.612846998564857,18149.70926619479,0.3571455563580809
1.483999999999988e-08,2.0,9.99141513349289e-05,0.7188127237732562,0.5345961538116714,0.5062601628010319,0.1770764232037247,0.0005293048370532505,5.498209772883391e-05,5.297596261105372,9.626857812223314,18187.73821493494,0.3575197306079467
1.485999999999988e-08,2.0,9.971295221942669e-05,0.7184054789161518,0.5348203368194543,0.5062567323170291,0.1768896581770774,0.0005289650442190253,5.486216903957614e-05,5.304877951642846,9.64170854851626,18227.49660660748,0.3579306786423769
1.487999999999988e-08,2.0,9.950872535116093e-05,0.7179889554816666,0.5350762903851318,0.5062528777625102,0.1766987749412032,0.0005286231569778706,5.473780195115699e-05,5.312329673898224,9.657369096580926,18268.91041208247,0.3583775154439286
1.489999999999988e-08,2.0,9.930189768264772e-05,0.7175640307285486,0.5353634576324655,0.5062486075726024,0.176504176025823,0.000528279791345128,5.460929283734186e-05,5.319936488677909,9.67380758653388,18311.9016570784,0.3588592816066425
1.491999999999987e-08,2.0,9.909290078468718e-05,0.7171315996099407,0.5356812172738583,0.5062439309946413,0.1763062718096222,0.000527935571130713,5.447694677035395e-05,5.327683057996413,9.690990454296395,18356.38851449352,0.3593749454642361
1.493999999999987e-08,2.0,9.888216990526909e-05,0.7166925728884801,0.536028885043536,0.5062388581656316,0.1761054796181067,0.0005275911272863719,5.434107658167276e-05,5.335553673186806,9.708882496897548,18402.28539633429,0.3599234054254293
1.495999999999987e-08,2.0,9.867014316217244e-05,0.7162478752181001,0.536405715250602,0.5062333999899131,0.1759022228713594,0.0005272470975909765,5.420200187668321e-05,5.343532281152956,9.727446945419729,18449.50306955698,0.3605034923792426
1.497999999999987e-08,2.0,9.845726059952453e-05,0.7157984431965745,0.5368109024497413,0.5062275682131093,0.1756969301538235,0.0005269041258698233,5.406004807888212e-05,5.35160251526483,9.746645528338917,18497.94877246211,0.3611139722959178
1.499999999999987e-08,2.0,9.824396338046306e-05,0.7153452233929072,0.5372435832237664,0.5062213752969931,0.1754900343379418,0.0005265628615392845,5.391554543866589e-05,5.359747724348633,9.76643855227803,18547.5263555962,0.3617535488858246
1.501999999999987e-08,2.0,9.803069284725846e-05,0.7148891703537202,0.5377028380754707,0.5062148344901775,0.1752819716337486,0.0005262239586756133,5.376882808057751e-05,5.367951006282936,9.78678497301482,18598.13642397801,0.3624208664417221
1.503999999999987e-08,2.0,9.781788971986368e-05,0.714431244592841,0.5381876934227241,0.5062079597004505,0.1750731806963812,0.000525888075399107,5.362023302517472e-05,5.376195239610182,9.807642483616254,18649.6765042125,0.3631145127263429
1.505999999999987e-08,2.0,9.760599316536767e-05,0.71397241056832,0.538697123693987,0.5062007655624918,0.174864101663567,0.0005255558727756338,5.347009925739792e-05,5.384463119683804,9.828967592629256,18702.04121346649,0.36383302203042
1.507999999999987e-08,2.0,9.739544000812789e-05,0.7135136346511423,0.5392300535179543,0.506193267307949,0.1746551752551816,0.0005252280140268043,5.331876677863232e-05,5.392737192716174,9.850715719053188,18755.12245344642,0.3645748782627727
1.509999999999987e-08,2.0,9.718666381417042e-05,0.7130558830899111,0.5397853600042584,0.5061854808304763,0.1744468418068504,0.000524905163254237,5.316657571220694e-05,5.400999894256676,9.872841277113128,18808.80960649121,0.3653385181974079
1.511999999999987e-08,2.0,9.69800941184202e-05,0.7126001199757872,0.5403618751087469,0.5061774225538527,0.1742395403697904,0.0005245879844694355,5.30138654004754e-05,5.409233585420615,9.895297777413743,18862.98975646912,0.3661223347389565
1.513999999999987e-08,2.0,9.677615552948828e-05,0.7121473052119733,0.5409583880800484,0.5061691094946297,0.174033707748785,0.0005242771401384141,5.286097356101148e-05,5.417420593406,9.91803791758205,18917.54791170867,0.36692468033126335
1.515999999999987e-08,2.0,9.657526697930612e-05,0.7116983924920192,0.5415736479807771,0.5061605591286122,0.1738297776105323,0.0005239732900327983,5.270823544094331e-05,5.425543249576033,9.941013688835811,18972.36725218102,0.3677438703702448
1.517999999999987e-08,2.0,9.637784085350373e-05,0.7112543272912041,0.5422063662799125,0.5061517894514159,0.1736281795341848,0.0005236770896004349,5.255598303472777e-05,5.433583931650937,9.96417647167595,19027.32937825981,0.3685781867457277
1.519999999999987e-08,2.0,9.618428226851856e-05,0.7108160448752294,0.5428552195095836,0.5061428188436161,0.1734293381363121,0.00052338918864739,5.240454430522925e-05,5.441525103245814,9.98747714699931,19082.31458278732,0.3694258813732715
1.521999999999987e-08,2.0,9.599498823248264e-05,0.710384468330413,0.5435188519826496,0.5061336661295408,0.1732336721420317,0.0005231102295482888,5.225424247117918e-05,5.449349357305218,10.01086619592295,19137.20212385721,0.37028517984061793
1.523999999999987e-08,2.0,9.581034695458195e-05,0.7099605066195358,0.544195878564211,0.5061243504413936,0.1730415935344907,0.0005228408457769506,5.210539530172065e-05,5.45703945663149,10.03429381447731,19191.87051953865,0.37115428502972037
1.525999999999987e-08,2.0,9.563073704106092e-05,0.7095450526674343,0.544884887493351,0.5061148912765928,0.1728535066543589,0.0005225816599781417,5.19583144789325e-05,5.464578378065556,10.0577100165563,19246.19784203103,0.37203138083899207
1.527999999999987e-08,2.0,9.545652684126835e-05,0.7091389814803714,0.545584443248194,0.5061053083611909,0.1726698073814366,0.0005223332823722708,5.181330496988429e-05,5.471949353480794,10.08106475114585,19300.06203196718,0.3729146358667574
1.529999999999987e-08,2.0,9.52880736830231e-05,0.7087431483031462,0.5462930894504988,0.5060956217060779,0.1724908822699355,0.0005220963087175938,5.167066446701963e-05,5.479135914157579,10.10430800731888,19353.34121043247,0.37380220718056334
1.531999999999987e-08,2.0,9.512572325942885e-05,0.708358386817825,0.5470093518028872,0.5060858514699924,0.1723171077694434,0.0005218713186214118,5.153068283929573e-05,5.486121931665907,10.12738993288575,19405.91400891413,0.3746922440334438
1.533999999999986e-08,2.0,9.496980890747572e-05,0.7079855073878852,0.5477317410548943,0.5060760180149014,0.1721488494030106,0.0005216588734283266,5.139364165087734e-05,5.49289166183473,10.15026094029321,19457.65989483894,0.37558289165188374
1.535999999999986e-08,2.0,9.482065103930137e-05,0.7076252953514729,0.548458755990956,0.5060661417689247,0.1719864610342387,0.0005214595144763427,5.125981369072196e-05,5.499429784907161,10.17287182553157,19508.45951242699,0.37647229495671725
1.537999999999986e-08,2.0,9.467855646752552e-05,0.7072785093673666,0.5491888864365609,0.5060562432811794,0.1718302840947105,0.0005212737609522358,5.112946256799534e-05,5.505721448471587,10.19517387375257,19558.19501662342,0.3773586023418505
1.539999999999986e-08,2.0,9.454381788427403e-05,0.7069458798171319,0.5499206162757225,0.5060463430849109,0.1716806469034715,0.0005211021081358109,5.100284231758706e-05,5.511752306245905,10.21711897723241,19606.75041938153,0.378239969372251
1.541999999999986e-08,2.0,9.441671323634912e-05,0.706628107266832,0.5506524264760544,0.5060364617521113,0.1715378639497965,0.0005209450252675152,5.088019706894626e-05,5.517508559318517,10.23865973949743,19654.01192619064,0.37911456252625786
1.543999999999986e-08,2.0,9.429750525498025e-05,0.7063258609915342,0.5513827981147088,0.5060266197571303,0.17140223527078,0.0005208029538275332,5.076176072348343e-05,5.522976992906341,10.25974959112478,19699.86828170402,0.3799805628439288
1.545999999999986e-08,2.0,9.418644088360139e-05,0.7060397775657191,0.5521102154015196,0.5060168375313517,0.1712740457948625,0.0005206763054634721,5.064775669218076e-05,5.528145015249927,10.28034289115625,19744.21110253013,0.3808361696066571
1.547999999999986e-08,2.0,9.408375086096194e-05,0.7057704595225629,0.5528331686927456,0.5060071353275705,0.171153564782651,0.0005205654603528309,5.053839763966075e-05,5.533000691695315,10.30039503951961,19786.93521567521,0.3816796039100946
1.549999999999986e-08,2.0,9.398964920399317e-05,0.705518474084915,0.5535501574918456,0.5059975332749866,0.1710410452360377,0.0005204707652396967,5.043388528493422e-05,5.537532780600808,10.31986257452137,19827.93898091217,0.38250911225580786
1.551999999999986e-08,2.0,9.390433284665391e-05,0.7052843519706442,0.5542596934308187,0.5059880512446154,0.1709367234067598,0.0005203925319294366,5.033441020609724e-05,5.541730764114932,10.33870328069125,19867.12461525705,0.3833229700240589
1.553999999999986e-08,2.0,9.382798118013723e-05,0.7050685862748703,0.5549603032286607,0.5059787089048562,0.1708408182753298,0.0005203310354828521,5.024015169792866e-05,5.545584880483446,10.35687628117382,19904.39849808871,0.3841194849533309
1.555999999999986e-08,2.0,9.37607557496294e-05,0.7048716314314342,0.5556505316206094,0.5059695255881856,0.1707535311312314,0.0005202865128906454,5.015127763068277e-05,5.549086150935515,10.37434213983677,19939.67147485383,0.384897000489378
1.557999999999986e-08,2.0,9.370279985394206e-05,0.704693902255794,0.5563289442548484,0.5059605203475501,0.1706750451252573,0.0005202591614713836,5.006794435790982e-05,5.55222640782803,10.3910629474284,19972.85913820463,0.385653899129591
1.559999999999986e-08,2.0,9.365423830224923e-05,0.704535773071364,0.5569941305505078,0.505951711824573,0.1706055249246316,0.0005202491377704726,4.999029662261886e-05,5.554998317108764,10.40700241684659,20003.88210434292,0.38638860562587624
1.561999999999986e-08,2.0,9.361517707513939e-05,0.7043975769211348,0.5576447065137351,0.5059431183070091,0.1705451163417362,0.0005202565562046972,4.99184675086327e-05,5.557395401800187,10.42212596199445,20032.66626378432,0.3870995901719989
1.563999999999986e-08,2.0,9.358570314333889e-05,0.7042796048662371,0.5582793175058188,0.5059347575986919,0.1704939460668387,0.0005202814882261286,4.985257838746035e-05,5.55941205958129,10.4364007851798,20059.14302421587,0.3877853714389801
1.565999999999986e-08,2.0,9.356588419216201e-05,0.7041821053729239,0.5588966409602611,0.5059266470782662,0.1704521213755944,0.0005203239612510439,4.979273890668021e-05,5.561043581192971,10.44979594768258,20083.24952507964,0.38844451958466675
1.567999999999986e-08,2.0,9.355576850423423e-05,0.7041052837892655,0.5594953890429195,0.5059188035710933,0.17041972994146,0.0005203839581235833,4.973904697114286e-05,5.562286162767265,10.46228244834476,20104.92884152305,0.38907565910145947
1.569999999999986e-08,2.0,9.355538474934943e-05,0.704049301912656,0.5600743112521999,0.5059112434094751,0.1703968396237672,0.0005204614163606599,4.969158876225564e-05,5.563136918829565,10.47383328496005,20124.13015780998,0.3896774716284327
1.571999999999986e-08,2.0,9.356474193325672e-05,0.7040142776490447,0.5606321969535579,0.5059039823067228,0.1703834983613226,0.0005205562279434419,4.965043874759984e-05,5.563593889102693,10.48442352321823,20140.80892786352,0.3902486985922353
1.573999999999986e-08,2.0,9.358382925499512e-05,0.7040002847646092,0.5611678778453701,0.5058970354190756,0.1703797340422726,0.0005206682389026333,4.961565972552748e-05,5.563656045884726,10.4940303481392,20154.92700353021,0.39078814380309757
1.575999999999985e-08,2.0,9.3612616123882e-05,0.704007352730393,0.5616802303505437,0.5058904172221261,0.1703855544798214,0.0005207972494582055,4.958730285788113e-05,5.563323295162698,10.50263312265295,20166.45274831812,0.3912946758707223
1.577999999999985e-08,2.0,9.365105208645986e-05,0.7040354666602355,0.5621681779310036,0.5058841415746378,0.170400947364535,0.0005209430139613896,4.95654077349707e-05,5.562596478255685,10.51021342842379,20175.36111771867,0.39176723056646856
1.579999999999985e-08,2.0,9.369906691388386e-05,0.7040845673421239,0.5626306933195163,0.5058782215975145,0.1704258803225499,0.0005211052413947449,4.955000242679124e-05,5.561477367186015,10.5167551134768,20181.63372398361,0.3922048129969664
1.581999999999985e-08,2.0,9.375657060065951e-05,0.7041545513629026,0.5630668006660531,0.5058726697397083,0.1704603009504095,0.000521283595678604,4.95411035641945e-05,5.559968660591555,10.5222443218919,20185.25886699753,0.39260649971564354
1.583999999999985e-08,2.0,9.382345352463462e-05,0.7042452713260765,0.5634755775932516,0.5058674976599272,0.1705041369555671,0.0005214776965347708,4.953871640477403e-05,5.558073973417646,10.52666953002674,20186.23154926215,0.3929714406376845
1.585999999999985e-08,2.0,9.389958651969649e-05,0.7043565361622488,0.5638561571582251,0.5058627162948104,0.1705572962732929,0.000521687120156286,4.954283492685095e-05,5.555797827216944,10.53002156470349,20184.55345715442,0.3932988608849322
1.587999999999985e-08,2.0,9.398482111051358e-05,0.7044881115315416,0.5642077297153788,0.5058583357435614,0.1706196672887174,0.0005219114004290901,4.955344190701734e-05,5.553145634338377,10.5322936277244,20180.23292663326,0.3935880624266614
1.589999999999985e-08,2.0,9.407898966123773e-05,0.7046397203171488,0.5645295446775483,0.5058543653385831,0.1706911190347813,0.000522150029955016,4.957050902438288e-05,5.5501236828444,10.53348130232392,20173.28487605639,0.39383842564276705
1.591999999999985e-08,2.0,9.41819056869755e-05,0.7048110432089852,0.5648209121702193,0.50585081353321,0.1707715014944964,0.00052240246161692,4.9593996947608e-05,5.546739115481081,10.53358256582536,20163.73072443462,0.39404941067572297
1.593999999999985e-08,2.0,9.429336408030798e-05,0.7050017193761994,0.5650812045762249,0.5058476879749817,0.170860645878339,0.0005226681099361002,4.962385544770028e-05,5.542999909546348,10.53259778428446,20151.59827824992,0.3942205586978859
1.595999999999985e-08,2.0,9.441314150115394e-05,0.7052113472271352,0.5653098579658115,0.505844995396655,0.1709583650048308,0.0005229463529578855,4.96600234932037e-05,5.538914851024699,10.53052971329049,20136.92160530002,0.39435149296098065
1.597999999999985e-08,2.0,9.454099668253108e-05,0.7054394852551434,0.5655063734095847,0.5058427416922976,0.1710644536551875,0.0005232365339164659,4.970242937066248e-05,5.534493509833813,10.52738348088299,20119.74087911009,0.39444191975439713
1.599999999999985e-08,2.0,9.467667090000237e-05,0.7056856529684574,0.5656703181693856,0.5058409318117485,0.1711786890297369,0.0005235379634100475,4.975099078745332e-05,5.52974620959457,10.52316657665596,20100.10221248075,0.39449162913964875
1.601999999999985e-08,2.0,9.481988835754428e-05,0.7059493319021793,0.5658013267647694,0.5058395698396997,0.1713008311770375,0.000523849921338593,4.980561499983884e-05,5.524683998763818,10.51788882318365,20078.05746406777,0.3945004955877318
1.603999999999985e-08,2.0,9.497035673711718e-05,0.706229966710242,0.5658991019103553,0.5058386588937795,0.17143062352304,0.0005241716593306273,4.986619892371866e-05,5.519318616583469,10.51156235373912,20053.66403662971,0.3944684783873153
1.605999999999985e-08,2.0,9.512776766475973e-05,0.7065269663350482,0.5659634153219432,0.5058382012067852,0.1715677933712923,0.0005245024029128434,4.993262927095848e-05,5.513662460672525,10.50420157261579,20026.984651129,0.39439562195065087
1.607999999999985e-08,2.0,9.529179734000062e-05,0.706839705252324,0.5659941083869412,0.5058381980285382,0.1717120525011496,0.0005248413541446902,5.000478266908345e-05,5.507728549755266,10.49582312191879,19998.08711534051,0.39428205588579157
1.609999999999985e-08,2.0,9.546210708137549e-05,0.707167524788563,0.5659910926972885,0.505838649711434,0.1718630977350498,0.0005251876939734254,5.008252580728951e-05,5.501530488333758,10.48644583131197,19967.04407137649,0.3941279949622387
1.611999999999985e-08,2.0,9.563834403438088e-05,0.7075097345082892,0.5659543504407947,0.5058395556162087,0.172020611601468,0.000525540585027875,5.016571556679236e-05,5.495082426834441,10.47609067447971,19933.93274074932,0.3939337388393267
1.613999999999985e-08,2.0,9.582014179453564e-05,0.7078656136682132,0.5658839346494378,0.5058409142009381,0.1721842629646517,0.0005258991741084883,5.025419917859433e-05,5.488399024011747,10.46478070896201,19898.83465153192,0.39369967168478603
1.615999999999984e-08,2.0,9.600712119140338e-05,0.7082344127352226,0.5657799693010009,0.5058427229308504,0.1723537077473932,0.0005262625950883005,5.034781436683335e-05,5.48149540517338,10.45254102301164,19861.83536615942,0.3934262615536077
1.617999999999984e-08,2.0,9.619889098607675e-05,0.7086153549650074,0.565642649273056,0.5058449783708978,0.1725285896180165,0.0005266299714849008,5.044638952097157e-05,5.474387122977619,10.43939866630039,19823.02419451208,0.3931140596550394
1.619999999999984e-08,2.0,9.639504872750921e-05,0.7090076380379957,0.5654722401462193,0.505847676099711,0.1727085407674593,0.0005270004194147741,5.054974385505496e-05,5.467090114399553,10.42538258800839,19782.49391069863,0.39276369937876
1.621999999999984e-08,2.0,9.659518151994973e-05,0.7094104357491561,0.5652690778562492,0.5058508108058439,0.1728931826477177,0.0005273730501929742,5.065768759751068e-05,5.459620660578611,10.41052355928874,19740.34045820007,0.39237589520853156
1.623999999999984e-08,2.0,9.67988669464282e-05,0.7098228997481041,0.5650335681925485,0.5058543762059514,0.1730821267971705,0.0005277469732866457,5.077002216970801e-05,5.451995343173317,10.39485410352108,19696.66266162576,0.39195144139537796
1.625999999999984e-08,2.0,9.700567390025687e-05,0.7102441613258516,0.5647661861433154,0.5058583651447631,0.1732749756241553,0.0005281212988885875,5.088654039698833e-05,5.444231003892188,10.37840841150686,19651.56192970792,0.39149121051916014
1.627999999999984e-08,2.0,9.721516356907114e-05,0.710673333244434,0.5644674750856276,0.5058627695175364,0.1734713232739457,0.0005284951408168918,5.100702671030501e-05,5.436344700853818,10.36122226489472,19605.14196758638,0.39099615181168185
1.629999999999984e-08,2.0,9.742689032307156e-05,0.711109511605562,0.5641380458214635,0.5058675803737963,0.1736707564506343,0.0005288676190104422,5.113125738244664e-05,5.428353668396213,10.34333294514291,19557.50848292849,0.39046728937082925
1.631999999999984e-08,2.0,9.764040275159762e-05,0.7115517777543623,0.5637785754587686,0.5058727878440614,0.1738728553187183,0.0005292378623241902,5.1259000756819e-05,5.42027527401353,10.32477915117738,19508.76890371239,0.3899057201400503
1.633999999999984e-08,2.0,9.785524459937731e-05,0.711999200214198,0.5633898061394002,0.5058783812473411,0.1740771943560395,0.0005296050108978836,5.139001751304394e-05,5.412126978987756,10.30560090319988,19459.03209210189,0.38931261178336063
1.635999999999984e-08,2.0,9.807095584623361e-05,0.7124508366484935,0.5629725436139703,0.5058843490221093,0.174283343282527,0.0005299682188003827,5.15240609271061e-05,5.403926296416687,10.28583945567019,19408.4080720026,0.3886892003314433
1.637999999999984e-08,2.0,9.828707368129727e-05,0.7129057358454322,0.5625276556663128,0.5058906788375003,0.1744908679365907,0.0005303266562274182,5.166087717060255e-05,5.395690753149827,10.2655371970571,19357.00775458467,0.3880367877297221
1.639999999999984e-08,2.0,9.850313361519678e-05,0.7133629397213459,0.5620560703885507,0.5058973575284463,0.1746993312232666,0.0005306795119534222,5.180020560649986e-05,5.387437849355923,10.24473755924306,19304.94267911787,0.387356739165284
1.641999999999984e-08,2.0,9.871867048101598e-05,0.7138214853385786,0.5615587743104579,0.505904371210472,0.1749082940061758,0.0005310259953196725,5.194177912624965e-05,5.379185022175393,10.22348491431071,19252.3247532473,0.38665048030428206
1.643999999999984e-08,2.0,9.893321956723516e-05,0.7142804069335724,0.5610368103850766,0.5059117052188709,0.1751173160670782,0.0005313653384581425,5.20853244852612e-05,5.370949607203189,10.20182448145264,19199.26600981384,0.3859194943179984
1.645999999999984e-08,2.0,9.914631763323917e-05,0.7147387379509058,0.5604912758352585,0.5059193442269457,0.1753259570053343,0.000531696798037821,5.22305626818683e-05,5.362748804195522,10.17980222185885,19145.87836418518,0.3851653188299242
1.647999999999984e-08,2.0,9.935750405042776e-05,0.7151955130789994,0.5599233198641259,0.5059272721890329,0.1755337772007468,0.000532019657231889,5.237720933630527e-05,5.354599640767296,10.15746474417681,19092.27338896901,0.3843895426633791
1.649999999999984e-08,2.0,9.956632181934472e-05,0.7156497702832023,0.5593341412350807,0.5059354724619916,0.1757403387123535,0.0005323332271970688,5.252497511508616e-05,5.346518940414302,10.13485919851817,19038.56208991865,0.38359380252272723
1.651999999999984e-08,2.0,9.977231870576589e-05,0.7161005528319762,0.5587249857253656,0.5059439277518432,0.175945206236385,0.0005326368487627122,5.267356615674619e-05,5.338523288647861,10.11203318145746,18984.85469968364,0.38277977948898056
1.653999999999984e-08,2.0,9.997504824607848e-05,0.7165469113119111,0.5580971434597672,0.5059526202382494,0.1761479479962444,0.0005329298936255313,5.282268454456397e-05,5.330629003517206,10.08903463011093,18931.26047307096,0.38194919546352285
1.655999999999984e-08,2.0,0.0001001740708648462,0.7169879056273273,0.5574519461294255,0.5059615315244834,0.1763481366874509,0.0005332117657467647,5.297202878158281e-05,5.32285210432916,10.06591172758991,18877.88750027406,0.38110380944197464
1.657999999999983e-08,2.0,0.0001003689548549167,0.7174226069802535,0.5567907641032365,0.5059706427645823,0.1765453503507466,0.0005334819022522627,5.312129431374259e-05,5.315208284782389,10.04271279802476,18824.84252160433,0.3802454137524899
1.659999999999983e-08,2.0,0.0001005592774629704,0.71785009982661,0.5561150034377191,0.5059799346163224,0.1767391732960501,0.0005337397745315351,5.327017405571563e-05,5.307712884349301,10.01948621330377,18772.23076001391,0.37937583014166903
1.661999999999983e-08,2.0,0.000100744625830995,0.7182694838044766,0.5554261027936578,0.5059893873706904,0.1769291969508114,0.0005339848888407239,5.341835896540518e-05,5.30038086406659,9.99628028982589,18720.15575483366,0.37849690584284634
1.663999999999983e-08,2.0,0.0001009245980366573,0.7186798756303867,0.5547255302661862,0.5059989809074736,0.1771150207552276,0.0005342167871048094,5.35655386209087e-05,5.293226780591978,9.97314319726235,18668.71921287209,0.37761050951095865
1.665999999999983e-08,2.0,0.0001010988039832638,0.7190804109596489,0.5540147801373556,0.5060086948266553,0.1772962529782349,0.0005344350472282865,5.371140184598864e-05,5.286264764635348,9.950122857726157,18618.02086021487,0.3767185271591207
1.667999999999983e-08,2.0,0.000101266866382426,0.7194702462067832,0.5532953695585414,0.5060185084061982,0.1774725115765449,0.0005346392836088863,5.385563733700523e-05,5.279508497647083,9.927266857197242,18568.15831075275,0.37582285798199655
1.669999999999983e-08,2.0,0.0001014284215804203,0.7198485603222341,0.5525688351723206,0.5060284007349232,0.1776434249710087,0.0005348291471676229,5.399793433737942e-05,5.272971192822456,9.904622347699584,18519.22693471928,0.37492541020131187
1.671999999999983e-08,2.0,0.0001015831204715455,0.7202145565216198,0.5518367296817323,0.5060383506720271,0.1778086328624022,0.0005350043255889175,5.413798331164148e-05,5.266665574331689,9.88223596193458,18471.31974317496,0.37402809681933
1.673999999999983e-08,2.0,0.0001017306292498624,0.7205674639638758,0.5511006183770006,0.5060483369809757,0.1779677869613101,0.0005351645430878919,5.427547666510338e-05,5.260603860788763,9.860153718962692,18424.52727168684,0.37313283141569054
1.675999999999983e-08,2.0,0.0001018706302428293,0.7209065393747581,0.5503620756280405,0.5060583382902746,0.178120551754025,0.0005353095603976242,5.44101094602737e-05,5.254797746897022,9.838420942499082,18378.93747907504,0.37224152387401555
1.677999999999983e-08,2.0,0.0001020028225787134,0.7212310686122863,0.5496226813531124,0.5060683332278791,0.1782666051795632,0.0005354391742970181,5.454158017597679e-05,5.249258389242664,9.817082170509902,18334.63564446666,0.37135607617354927
1.679999999999983e-08,2.0,0.0001021269229315124,0.7215403681708301,0.5488840174721855,0.5060783003827065,0.178405639339537,0.0005355532173709622,5.466959145934413e-05,5.243996390203754,9.796181077541698,18291.70427848661,0.3704783781326485
1.681999999999983e-08,2.0,0.0001022426660958304,0.7218337866206717,0.5481476643555089,0.5060882184390627,0.1785373611164186,0.000535651557326664,5.479385091651669e-05,5.239021785908595,9.775760388565807,18250.22303184328,0.3696103032390903
1.683999999999983e-08,2.0,0.0001023498056356748,0.7221107059800107,0.5474151972760195,0.5060980661383785,0.1786614928217755,0.0005357340965565969,5.491407189129141e-05,5.234344032241394,9.75586180564324,18210.26861711535,0.368753704454244
1.685999999999983e-08,2.0,0.0001024481143602519,0.7223705430165238,0.5466881828760393,0.5061078224131318,0.1787777727504483,0.0005358007712748291,5.502997427740302e-05,5.229971994795918,9.73652592628678,18171.91472703687,0.367910410125591
1.687999999999983e-08,2.0,0.0001025373848709291,0.7226127504757363,0.545968175656799,0.5061174663482918,0.1788859557621087,0.0005358515509157456,5.514128531277734e-05,5.22591393680651,9.717792174706128,18135.23196508225,0.3670822198946903
1.689999999999983e-08,2.0,0.0001026174299331472,0.7228368182336198,0.5452567145010428,0.5061269773142231,0.1789858137665948,0.0005358864371245162,5.524774040129479e-05,5.222177510928057,9.699698724908524,18100.28777170702,0.366270900734448
1.691999999999983e-08,2.0,0.0001026880829176008,0.7230422743709867,0.5445553192369762,0.5061363349273301,0.1790771362343315,0.000535905463026649,5.534908390957569e-05,5.218769748926428,9.682282436727638,18067.14636205559,0.3654781830026447
1.693999999999983e-08,2.0,0.0001027491980652384,0.7232286861674211,0.5438654872534581,0.5061455191814299,0.1791597306086749,0.0005359086921082689,5.544506998419462e-05,5.21569705512547,9.66557878384926,18035.86865856719,0.36470575664478316
1.695999999999983e-08,2.0,0.0001028006508204774,0.7233956610126506,0.5431886901742939,0.5061545104071109,0.1792334227413451,0.000535896217392559,5.553546333611495e-05,5.212965197704947,9.649621794801224,18006.51223431309,0.3639552674329488
1.697999999999983e-08,2.0,0.0001028423379880067,0.7235428472334403,0.542526370601019,0.5061632894010897,0.1792980572282435,0.000535868160245954,5.562004003766288e-05,5.210579303673423,9.634443986072162,17979.13125058619,0.36322831337277556
1.699999999999982e-08,2.0,0.0001028741779575671,0.7236699348342673,0.5418799389314893,0.5061718373838078,0.1793534977666719,0.0005358246694974099,5.569858827825846e-05,5.208543851643256,9.62007630822782,17953.7764046049,0.36252644116481747
1.701999999999982e-08,2.0,0.0001028961107529307,0.7237766561502171,0.5412507702630247,0.5061801361263214,0.179399627411715,0.0005357659202059559,5.577090912419985e-05,5.206862668213184,9.606548084285736,17930.49487095567,0.3618511428513097
1.703999999999982e-08,2.0,0.0001029080981493889,0.7238627864107239,0.540640201386781,0.5061881679056888,0.1794363488526559,0.0005356921127575247,5.583681722832709e-05,5.205538922117472,9.593886961124243,17909.3302526685,0.3612038525341251
1.705999999999982e-08,2.0,0.000102910123616818,0.7239281442129704,0.5400495278813477,0.5061959156289784,0.1794635845876494,0.0005356034716275398,5.589614153491943e-05,5.204575121932479,9.582118853283239,17890.32252566629,0.3605859432936983
1.707999999999982e-08,2.0,0.0001029021923324657,0.7239725919039484,0.539480001311494,0.5062033627860453,0.1794812771173789,0.0005355002444877385,5.594872592548172e-05,5.203973111529627,9.571267899844099,17873.5079925127,0.35999872419411505
1.709999999999982e-08,2.0,0.0001028843310213935,0.7239960358703758,0.5389328265392441,0.5062104935702672,0.1794893890363917,0.0005353827009946761,5.599442985093405e-05,5.203734069053976,9.561356413842391,17858.91922932614,0.35944343750285246
1.711999999999982e-08,2.0,0.0001028565878684359,0.7239984267358599,0.5384091591523861,0.506217292828349,0.1794879031426987,0.0005352511319356612,5.603312889592387e-05,5.20385850364598,9.55240484481669,17846.58504181345,0.3589212560096874
1.713999999999982e-08,2.0,0.0001028190322604746,0.7239797594648917,0.5379101030167065,0.5062237461774579,0.1794768224447767,0.0005351058480702291,5.606471532104683e-05,5.204346255676773,9.544431734041982,17836.53041442623,0.3584332805719298
1.715999999999982e-08,2.0,0.0001027717546025117,0.7239400733734502,0.5374367079562029,0.5062298399517429,0.1794561701864519,0.0005349471793400277,5.608909852901548e-05,5.205196494740653,9.537453682970032,17828.77646861608,0.35798053776975103
1.717999999999982e-08,2.0,0.0001027148659672169,0.7238794520461985,0.536989967566645,0.5062355613155686,0.1794259897692485,0.000534775473785647,5.610620550095402e-05,5.206407721168124,9.53148531451755,17823.34041433253,0.35756397779739646
1.719999999999982e-08,2.0,0.0001026484978209104,0.7237980231604418,0.5365708171658462,0.5062408982064902,0.1793863446925375,0.000534591096840168,5.611598114942351e-05,5.207977765327656,9.52653924764639,17820.2355107583,0.3571844724733087
1.721999999999982e-08,2.0,0.0001025728015865639,0.7236959582172203,0.5361801318851138,0.5062458394443503,0.1793373183915528,0.0005343944303382406,5.611838863485877e-05,5.209903790473837,9.522626064966762,17819.47102057088,0.356842813493561
1.723999999999982e-08,2.0,0.0001024879482861452,0.7235734721801038,0.5358187249043259,0.50625037467049,0.1792790140934613,0.0005341858719072317,5.611340959283771e-05,5.212182293431487,9.519754293729727,17821.05217373281,0.3565397108108646
1.725999999999982e-08,2.0,0.0001023941280237967,0.7234308230224465,0.5354873458342055,0.5062544944525202,0.1792115545720126,0.0005339658340793584,5.610104431945122e-05,5.214809108869423,9.517930380027222,17824.98012525022,0.35627579126219294
1.727999999999982e-08,2.0,0.0001022915495514326,0.7232683111840582,0.5351866792473776,0.506258190219609,0.1791350819208387,0.0005337347437880543,5.608131186323294e-05,5.21777941147176,9.517158676489025,17831.25192289952,0.3560515973265389
1.729999999999982e-08,2.0,0.0001021804396791705,0.7230862789384345,0.5349173433608814,0.5062614543627857,0.1790497572263727,0.0005334930415874925,5.605425007156788e-05,5.221087721757127,9.517441423377342,17839.86046951371,0.35586758613450864
1.731999999999982e-08,2.0,0.0001020610427713379,0.7228851096718787,0.5346798888709051,0.5062642801661884,0.1789557602603342,0.0005332411812551883,5.601991554126534e-05,5.224727909868742,9.51877874329162,17850.79449581428,0.3557241286105709
1.733999999999982e-08,2.0,0.0001019336200914112,0.7226652270760352,0.5344747979415629,0.5062666619028171,0.1788532890732134,0.0005329796291165919,5.597838352188425e-05,5.2286932030832,9.521168629462625,17864.03852853413,0.35562150886834953
1.735999999999982e-08,2.0,0.0001017984492356945,0.7224270942555335,0.5343024833477074,0.5062685947616787,0.1787425596085539,0.0005327088637482949,5.592974772287294e-05,5.232976191372044,9.524606947769927,17879.5728697886,0.35555992373915346
1.737999999999982e-08,2.0,0.0001016558234200661,0.7221712127526221,0.5341632877728015,0.5062700749389394,0.1786238052199447,0.0005324293753988146,5.587412007375237e-05,5.23756883676189,9.529087432536242,17897.37357259544,0.35553948255285683
1.739999999999982e-08,2.0,0.0001015060508585825,0.7218981214908482,0.5340574832611139,0.5062710995609484,0.1784972762103786,0.0005321416657803561,5.581163038987958e-05,5.242462480834515,9.53460169615203,17917.41242845562,0.3555602070507353
1.741999999999981e-08,2.0,0.0001013494539992658,0.7216083956400068,0.5339852708245441,0.5062716667708017,0.1783632392763392,0.0005318462475706935,5.574242599358365e-05,5.247647856110614,9.541139232654007,17939.65695205133,0.3556220315482048
1.743999999999981e-08,2.0,0.0001011863688547831,0.7213026454047493,0.5339467802026595,0.506271775647265,0.1782219769761458,0.0005315436442755158,5.566667124473085e-05,5.253115095661964,9.548687435227759,17964.07037891017,0.3557248032265137
1.745999999999981e-08,2.0,0.0001010171441943788,0.7209815147394041,0.5339420697755896,0.5062714262867872,0.1780737871053682,0.0005312343897907487,5.558454703095011e-05,5.258853746693375,9.557231607823509,17990.61166124442,0.35586828267022136
1.747999999999981e-08,2.0,0.0001008421408336191,0.7206456799917156,0.5339711266277566,0.5062706197183972,0.1779189820987012,0.0005309190283123548,5.549625017308167e-05,5.264852782438775,9.566754990770095,18019.23547773409,0.3560521445290554
1.749999999999981e-08,2.0,0.0001006617307893939,0.7202958484783575,0.5340338667614766,0.5062693579812483,0.1777578883415592,0.0005305981139337627,5.540199279635188e-05,5.271100618109693,9.577238780636455,18049.89224260988,0.35627597841991737
1.751999999999981e-08,2.0,0.0001004762965355347,0.7199327569952219,0.5341301354578726,0.5062676440355873,0.1775908455106285,0.0005302722105758656,5.53020016242834e-05,5.277585125236246,9.58866216413802,18082.52812970326,0.35653928994724404
1.753999999999981e-08,2.0,0.0001002862301276181,0.7195571702656193,0.5342597077835778,0.5062654818359551,0.1774182058270878,0.0005299418915906913,5.519651724590535e-05,5.284293650135225,9.601002346393587,18117.08509696204,0.35684150195649
1.755999999999981e-08,2.0,0.0001000919324310754,0.7191698793296617,0.5344222892401874,0.5062628762383604,0.1772403333415796,0.0005296077396814453,5.508579331461884e-05,5.291213030837183,9.614234593239422,18153.50092697343,0.3571819558986078
1.757999999999981e-08,2.0,9.989381222234065e-05,0.7187716998782162,0.5346175165544429,0.5062598330692888,0.1770576031350677,0.0005292703464813558,5.497009572910902e-05,5.298329618202652,9.62833226795864,18191.70926912644,0.3575599134193752
1.759999999999981e-08,2.0,9.969228539588778e-05,0.7183634705349425,0.5348449586056712,0.5062563590292516,0.1768704005544956,0.0005289303124321213,5.484970175586959e-05,5.305629295547603,9.643266882039505,18231.63969880634,0.35797455805117556
1.761999999999981e-08,2.0,9.948777404809712e-05,0.7179460510900302,0.5351041174880198,0.5062524617577827,0.1766791203678207,0.0005285882463061341,5.472489914330935e-05,5.313097502502644,9.659008140369668,18273.21777937456,0.35842499712019904
1.763999999999981e-08,2.0,9.928070566949583e-05,0.7175203206893547,0.5353944297036146,0.5062481497335556,0.1764841659571385,0.0005282447650117334,5.459598518806118e-05,5.320719257411119,9.675524000384698,18316.36514215107,0.3589102637464761
1.765999999999981e-08,2.0,9.907151221755896e-05,0.7170871759828696,0.5357152674837927,0.5062434323355814,0.1762859484348892,0.0005279004930278199,5.446326580278938e-05,5.32847918398391,9.692780725624116,18360.99957026052,0.3594293190489035
1.767999999999981e-08,2.0,9.886062930029467e-05,0.716647529236132,0.5360659402341725,0.5062383197401092,0.1760848858016712,0.0005275560621059311,5.432705454701179e-05,5.336361536497811,9.710742953115775,18407.03510135364,0.35998105443250134
1.769999999999981e-08,2.0,9.864849524406053e-05,0.7162023064089379,0.536445696100362,0.5062328229782546,0.1758814020310299,0.0005272121105886354,5.418767166931227e-05,5.344350229247995,9.729373755086211,18454.38213515867,0.3605642940693321
1.771999999999981e-08,2.0,9.843555027450205e-05,0.7157524452051177,0.5368537236497566,0.5062269538299291,0.1756759261995469,0.000526869282981559,5.404544312319874e-05,5.352428864520254,9.748634714318827,18502.94756063819,0.3611777974502097
1.773999999999981e-08,2.0,9.822223558534357e-05,0.7152988930975953,0.5372891536658954,0.5062207248781506,0.1754688915479617,0.000526528229130828,5.390069960384669e-05,5.360580764785274,9.76848599370038,18552.63488878044,0.36182026211793367
1.775999999999981e-08,2.0,9.800899252256549e-05,0.7148426053328731,0.5377510610505524,0.5062141494002667,0.1752607345914231,0.0005261896036427397,5.375377556857347e-05,5.368789003357461,9.78888641917779,18603.3444055349,0.36249032645912926
1.777999999999981e-08,2.0,9.779626166000497e-05,0.7143845429191443,0.5382384668297401,0.506207241419206,0.1750518941649544,0.0005258540649007446,5.360500828696556e-05,5.377036439211143,9.80979355670783,18654.97333097432,0.3631865726647857
1.779999999999981e-08,2.0,9.75844819925234e-05,0.71392567060227,0.5387503402585532,0.5062000155922793,0.1748428105219569,0.0005255222743162753,5.345473688396402e-05,5.385305750172496,9.831163802322028,18707.4159988989,0.36390752973659624
1.78199999999998e-08,2.0,9.737409002410778e-05,0.7134669548338849,0.53928560102077,0.5061924872596554,0.1746339243722005,0.0005251948951721222,5.330330142037458e-05,5.393579470169303,9.852952465930608,18760.56404299493,0.36465167664856946
1.78399999999998e-08,2.0,9.716551897562949e-05,0.7130093617359098,0.5398431215179305,0.5061846723310313,0.1744256759767988,0.0005248725916947929,5.31510419744621e-05,5.401840024732457,9.875113867889599,18814.30660344303,0.36541744554113165
1.78599999999998e-08,2.0,9.695919789096016e-05,0.712553855065759,0.5404217292435765,0.5061765873316308,0.174218504186966,0.0005245560277183949,5.299829776754133e-05,5.410069770419859,9.89760142899642,18868.53054009685,0.36620322505661046
1.78799999999998e-08,2.0,9.675555086474448e-05,0.7121013941865271,0.5410202092371929,0.5061682492870381,0.1740128455437253,0.000524245865576508,5.284540629751293e-05,5.418251032331813,9.92036777284047,18923.12066577986,0.36700736369346754
1.78999999999998e-08,2.0,9.655499617183092e-05,0.7116529320464314,0.5416373066133469,0.5061596757670297,0.1738091333256515,0.0005239427645885391,5.269270252163562e-05,5.426366145377757,9.943364821218045,18977.95998581398,0.36782817328769535
1.79199999999998e-08,2.0,9.635794552024595e-05,0.7112094131717649,0.5422717291604171,0.506150884768881,0.1736077966614837,0.0005236473797771179,5.254051805274012e-05,5.434397493438681,9.966543901441572,19032.92995695629,0.36866393249893337
1.79399999999998e-08,2.0,9.616480320899592e-05,0.7107717716775868,0.5429221500042513,0.5061418947593382,0.1734092595949754,0.0005233603601870389,5.238918040853871e-05,5.442327552074617,9.989855846298722,19087.91075183558,0.3695128904092758
1.79599999999998e-08,2.0,9.597596541115061e-05,0.7103409293003407,0.5435872103310376,0.5061327245567133,0.1732139402184138,0.0005230823474423076,5.223901227847619e-05,5.450138928898602,10.01325110539716,19142.78154167983,0.37037327011262383
1.79799999999998e-08,2.0,9.579181936476522e-05,0.7099177934565442,0.5442655221646194,0.506123393371317,0.1730222497624646,0.0005228139739158338,5.209033084616494e-05,5.457814407256645,10.03667984870027,19197.4207833933,0.3712432724021548
1.79999999999998e-08,2.0,9.561274269067818e-05,0.7095032553316378,0.5449556711924481,0.5061139206866441,0.1728345917583676,0.0005225558611481956,5.194344713210806e-05,5.465336987313892,10.06009208089668,19251.70652337906,0.37212107943408057
1.80199999999998e-08,2.0,9.543910262095998e-05,0.7090981880030198,0.5456562196353488,0.5061043262985847,0.1726513611603587,0.0005223086178938921,5.179866539318605e-05,5.472689930178774,10.08343774746367,19305.51670413398,0.3730048584749901
1.80399999999998e-08,2.0,9.527125535565963e-05,0.7087034446012178,0.5463657091552531,0.5060946301960242,0.1724729435439414,0.0005220728384312016,5.165628254390436e-05,5.479856799146938,10.10666685097742,19358.72948561615,0.3738927656113117
1.80599999999998e-08,2.0,9.51095453328334e-05,0.708319856513073,0.5470826637960345,0.5060848525991328,0.1722997142681086,0.000521849100517791,5.151658763440351e-05,5.486821503689774,10.12972955858771,19411.22356738135,0.3747829495279259
1.80799999999998e-08,2.0,9.495430462810182e-05,0.7079482316307182,0.5478055929516091,0.5060750138396893,0.1721320377166741,0.0005216379636275357,5.137986135055215e-05,5.493568340255964,10.15257631912488,19462.8785231094,0.37567355523493506
1.80999999999998e-08,2.0,9.48058522699139e-05,0.7075893526500403,0.5485329943564422,0.5060651343987574,0.1719702665070428,0.0005214399668542183,5.124637556976023e-05,5.50008203550546,10.17515797081877,19513.57513349853,0.37656272784939937
1.81199999999998e-08,2.0,9.466449368540167e-05,0.7072439754222093,0.5492633570926729,0.5060552347870318,0.171814740781112,0.0005212556271165712,5.111639293820987e-05,5.506347786035184,10.19742585801528,19563.1957287912,0.3774486163115609
1.81399999999998e-08,2.0,9.453052006415265e-05,0.7069128273617457,0.5499951646090173,0.5060453355822053,0.1716657874668283,0.0005210854370535308,5.099016650188985e-05,5.512351300213413,10.21933193793783,19611.62452691613,0.378329377142189
1.81599999999998e-08,2.0,9.440420785347716e-05,0.7065966059144805,0.5507268977457546,0.506035457309624,0.171523719624628,0.00052092986324282,5.086793935756657e-05,5.518078836177632,10.24082889580099,19658.74797818502,0.3792031781211266
1.81799999999998e-08,2.0,9.428581817361337e-05,0.706295977088633,0.5514570377610292,0.5060256204796286,0.1713888357674694,0.0005207893441345813,5.074994435495061e-05,5.52351724161306,10.26187024939622,19704.45510256901,0.38006820199355973
1.81999999999998e-08,2.0,9.417559636517504e-05,0.7060115740521009,0.5521840693528611,0.5060158454688085,0.1712614192681955,0.0005206642883313833,5.063640381667471e-05,5.528653989368386,10.28241046138286,19748.6378302145,0.38092265008466564
1.82199999999998e-08,2.0,9.407377145839519e-05,0.7057439957989168,0.5529064836722001,0.5060061525575905,0.171141737743147,0.0005205550726088683,5.052752930635305e-05,5.53347721452795,10.30240504048189,19791.19133130195,0.3817647459290531
1.823999999999979e-08,2.0,9.398055577524388e-05,0.7054938058876801,0.5536227813215526,0.5059965618123532,0.1710300425252362,0.0005204620403061046,5.042352141185992e-05,5.537975747005063,10.32181064973556,19832.01434568578,0.3825927387963164
1.825999999999979e-08,2.0,9.389614445504696e-05,0.7052615312546208,0.5543314753346095,0.5059870931235392,0.1709265681156223,0.0005203854994820939,5.032456957323714e-05,5.54213914528088,10.34058520311394,19871.00949854532,0.3834049072189872
1.827999999999979e-08,2.0,9.382071511353651e-05,0.7050476611037952,0.5550310941315544,0.5059777660888803,0.1708315317266872,0.0005203257214648102,5.023085192293156e-05,5.545957725366982,10.35868796856438,19908.08361232426,0.3841995624048672
1.829999999999979e-08,2.0,9.37544274270008e-05,0.7048526458767518,0.5557201844456068,0.5059686000522762,0.1707451328056385,0.0005202829391910583,5.014253516703393e-05,5.549422590624106,10.37607965887447,19943.14800136885,0.38497505163996826
1.831999999999979e-08,2.0,9.369742285036493e-05,0.7046768963038355,0.5563973142156092,0.505959613988385,0.1706675526509471,0.0005202573459603718,5.005977447580653e-05,5.552525656535413,10.3927225283807,19976.1187594501,0.3857297615646621
1.833999999999979e-08,2.0,9.364982426190193e-05,0.7045207825391298,0.557061075440354,0.5059508265425054,0.1705989540111412,0.0005202490940027799,4.998271341155512e-05,5.555259676076123,10.40858045698871,20006.91702681387,0.38646212142921277
1.835999999999979e-08,2.0,9.361173574237197e-05,0.7043846333808595,0.5577100869895986,0.5059422559167573,0.1705394807776551,0.0005202582934801107,4.991148386273377e-05,5.557618259804257,10.4236190394764,20035.46924692107,0.38717060621194344
1.837999999999979e-08,2.0,9.35832422822708e-05,0.7042687355788932,0.5583429973675765,0.5059339199111962,0.1704892576614642,0.0005202850113218476,4.984620601182865e-05,5.559595896325838,10.43780566164619,20061.70739981087,0.38785373970611237
1.839999999999979e-08,2.0,9.356440962402998e-05,0.7041733332308067,0.5589584874240997,0.5059258358118048,0.1704483899646947,0.0005203292705113252,4.978698830651566e-05,5.561187967291027,10.45110958124031,20085.56922229275,0.388510097459405
1.841999999999979e-08,2.0,9.35552840337942e-05,0.7040986272677782,0.5595552730091666,0.5059180204330581,0.1704169633371586,0.0005203910492242096,4.973392746123047e-05,5.562390762587045,10.46350199529033,20106.99840223837,0.389138309672008
1.843999999999979e-08,2.0,9.35558922087197e-05,0.704044775031398,0.5601321075662954,0.5059104900079325,0.1703950436284863,0.0005204702804308183,4.968710845924246e-05,5.563201489921284,10.47495611175989,20125.94475728617,0.3897370639378091
1.845999999999979e-08,2.0,9.356624111532315e-05,0.7040118899422843,0.5606877846605995,0.5059032602321253,0.1703826767260352,0.0005205668513649659,4.964660458205646e-05,5.563618284473305,10.48544720726202,20142.36438560846,0.39030510793456435
1.847999999999979e-08,2.0,9.358631796397753e-05,0.704000041261203,0.5612211404369266,0.5058963461562892,0.1703798884887318,0.0005206806034663626,4.961247743681071e-05,5.563640212850546,10.49495268865642,20156.21979921598,0.3908412519481948
1.849999999999979e-08,2.0,9.361609011594467e-05,0.7040092539431946,0.5617310560041678,0.5058897622321034,0.1703866846672579,0.0005208113321998664,4.958477700826562e-05,5.563267277038647,10.50345214042303,20167.48002785821,0.3913443713369099
1.851999999999979e-08,2.0,9.36555051272391e-05,0.704039508585015,0.5622164597411604,0.5058835222069249,0.170403050920227,0.0005209587873538595,4.956354170659736e-05,5.562500412626274,10.51092737556556,20176.12070420082,0.3918134088209334
1.853999999999979e-08,2.0,9.370449072651e-05,0.7040907414660016,0.5626763295203474,0.5058776391719084,0.1704289528169882,0.0005211226732215596,4.954879843743877e-05,5.561341487006344,10.51736247205951,20182.12411876382,0.3922473767033592
1.855999999999979e-08,2.0,9.376295493048206e-05,0.7041628446822785,0.5631096948447253,0.5058721254592647,0.1704643359361955,0.0005213026492626571,4.954056266589062e-05,5.559793291881105,10.5227438125482,20185.47925553769,0.3926453589085298
1.857999999999979e-08,2.0,9.383078609486883e-05,0.7042556663740174,0.5635156388942971,0.5058669926926169,0.1705091259510143,0.0005214983306495551,4.953883850085929e-05,5.557859535781805,10.52706010942322,20186.18179719038,0.3930065129432828
1.859999999999979e-08,2.0,9.390785310357944e-05,0.7043690110452765,0.563893300477643,0.505862251687046,0.1705632288095913,0.0005217092892906448,4.954361877191313e-05,5.555544830979539,10.53030243294234,20184.23411103171,0.3933300716680517
1.861999999999979e-08,2.0,9.399400549477222e-05,0.7045026399757436,0.5642418758849027,0.505857912501878,0.1706265309018798,0.0005219350547353716,4.955488512498124e-05,5.552854680504215,10.5324642246473,20179.64520506753,0.3936153449830229
1.863999999999979e-08,2.0,9.408907372589491e-05,0.7046562717235151,0.5645606206378662,0.5058539843436981,0.1706988993209455,0.0005221751155485922,4.957260810951403e-05,5.549795459697632,10.53354131368319,20172.43066555699,0.39386172131692065
1.865999999999978e-08,2.0,9.419286937682153e-05,0.7048295827178541,0.5648488511335541,0.5058504756217455,0.1707801821100737,0.0005224289205595476,4.959674728345017e-05,5.546374398019793,10.53353191841022,20162.61256579799,0.39406866902348037
1.867999999999978e-08,2.0,9.430518549254442e-05,0.7050222079406768,0.5651059461770827,0.5058473938540775,0.1708702086032736,0.0005226958805680414,4.962725130897845e-05,5.542599555584255,10.53243665085833,20150.21935778825,0.39423573757380903
1.869999999999978e-08,2.0,9.442579686501167e-05,0.7052337416953337,0.5653313484003007,0.5058447457257546,0.1709687897507387,0.0005229753699139102,4.966405806551438e-05,5.538479800138804,10.53025850654465,20135.28573683708,0.39436255864956204
1.871999999999978e-08,2.0,9.455446045490045e-05,0.7054637384610658,0.5655245655621459,0.5058425369983243,0.1710757185363354,0.0005232667284876032,4.970709475319326e-05,5.534024779015875,10.52700285715225,20117.85249098185,0.3944488470258105
1.873999999999978e-08,2.0,9.469091575328817e-05,0.7057117138313355,0.565685171727338,0.5058407725709742,0.1711907703788997,0.0005235692635888818,4.975627801341237e-05,5.529244891761428,10.52267742872061,20097.96632558486,0.3944944013484383
1.875999999999978e-08,2.0,9.483488528336245e-05,0.705977145534057,0.5658128083195445,0.5058394563935065,0.1713137036238966,0.0005238822522069242,4.98115140399877e-05,5.524151258013036,10.51729228279152,20075.67967512932,0.39449910469564786
1.877999999999978e-08,2.0,9.498607504240845e-05,0.7062594745315776,0.565907185045835,0.5058385915306255,0.1714442600174321,0.0005242049431300268,4.98726987076068e-05,5.51875568632285,10.51085978329207,20051.05049283157,0.39446292502840297
1.879999999999978e-08,2.0,9.514417508355591e-05,0.7065581061980915,0.5659680806888063,0.505838180078567,0.1715821652686598,0.0005245365594538784,4.993971769134522e-05,5.513070638540328,10.50339456654123,20024.14203020824,0.39438591542014656
1.881999999999978e-08,2.0,9.530886003772705e-05,0.7068724115720081,0.565995343763459,0.5058382232326724,0.1717271295927869,0.0005248763008981257,5.00124466041168e-05,5.507109195430888,10.4949134972917,19995.02259738848,0.39426821417067204
1.883999999999978e-08,2.0,9.547978977458992e-05,0.7072017286806366,0.5659888930355177,0.5058387212078296,0.1718788483401832,0.0005252233464961553,5.009075112596407e-05,5.500885018187266,10.48543562813357,19963.76531638112,0.3941100446953345
1.885999999999978e-08,2.0,9.565661000308986e-05,0.7075453639343959,0.5659487178986268,0.5058396733094849,0.1720370026040418,0.0005255768570697101,5.017448715228147e-05,5.494412311483809,10.47498214529955,19930.4478581906,0.39391171529458496
1.887999999999978e-08,2.0,9.58389530096901e-05,0.7079025935876154,0.5658748786075186,0.505841077858018,0.1722012599115528,0.0005259359780495651,5.026350093495656e-05,5.487705782769098,10.46357631813494,19895.15217601036,0.39367361869596584
1.889999999999978e-08,2.0,9.602643833493483e-05,0.7082726652628482,0.5657675063650073,0.5058429322633267,0.1723712748912599,0.0005262998420560947,5.035762924376847e-05,5.480780603415672,10.45124343539707,19857.9642254256,0.39339623147374736
1.891999999999978e-08,2.0,9.621867358580346e-05,0.7086547995354865,0.5656268032604088,0.5058452329532592,0.1725466900210532,0.0005266675717976595,5.04566995220487e-05,5.473652366457574,10.43801074558028,19818.97368382205,0.39308011323935566
1.893999999999978e-08,2.0,9.64152551844596e-05,0.7090481915753437,0.5654530420577631,0.5058479754518714,0.1727271363496986,0.0005270382827032437,5.05605300642158e-05,5.466337046496751,10.42390738455202,19778.2736599067,0.39272590570806454
1.895999999999978e-08,2.0,9.661576925019719e-05,0.7094520128417431,0.5652465658320486,0.5058511543120028,0.1729122342958175,0.0005274110858443346,5.06689301891461e-05,5.458850956541669,10.40896430762441,19735.96040545991,0.3923343315362311
1.897999999999978e-08,2.0,9.68197924151282e-05,0.7098654128285445,0.5650077874523999,0.5058547631972922,0.1731015944174955,0.0005277850905654445,5.078170043727729e-05,5.451210707316316,10.3932142094638,19692.13302014461,0.39190619303490437
1.899999999999978e-08,2.0,9.702689276977307e-05,0.7102875208554338,0.5647371889111915,0.5058587948189638,0.1732948182558987,0.000528159407375731,5.089863276531003e-05,5.443433163832215,10.37669144888501,19646.8931613729,0.3914423706552928
1.901999999999978e-08,2.0,9.723663073901239e-05,0.7107174479017017,0.5644353204987235,0.5058632410216355,0.1734914991463455,0.0005285331505244405,5.101951076670044e-05,5.435535404713909,10.35943196204471,19600.34474992816,0.39094382135237793
1.903999999999978e-08,2.0,9.744856008392922e-05,0.7111542884786504,0.564102799823154,0.5058680927243492,0.1736912230997116,0.0005289054408104452,5.114410989164399e-05,5.427534679097778,10.34147318099789,19552.59368319521,0.3904115767234424
1.905999999999977e-08,2.0,9.766222882991559e-05,0.7115971225366841,0.563740310676219,0.5058733400101846,0.1738935696479003,0.0005292754080522867,5.127219769505036e-05,5.419448366542548,10.32285394123804,19503.74754652923,0.38984674102831873
1.907999999999977e-08,2.0,9.787718031598213e-05,0.7120450174030667,0.5633486017452446,0.5058789720715059,0.1740981127557588,0.0005296421937671473,5.140353408598366e-05,5.411293934795846,10.30361439509596,19453.91533444532,0.3892504889894858
1.909999999999977e-08,2.0,9.809295416553972e-05,0.7124970297462662,0.5629284851728701,0.5058849773033598,0.1743044216934893,0.0005300049534891031,5.153787160736358e-05,5.403088900800998,10.28379591471871,19403.20717196872,0.3886240634793808
1.911999999999977e-08,2.0,9.830908737307423e-05,0.7129522075627469,0.5624808349659229,0.5058913432528778,0.1745120619714564,0.0005303628592736105,5.167495571912054e-05,5.394850789810191,10.26344100140889,19351.73404764011,0.3879687729944665
1.913999999999977e-08,2.0,9.852511530689012e-05,0.7134095921820277,0.5620065852557943,0.5058980567163718,0.1747205962317563,0.0005307151018227043,5.181452511388218e-05,5.386597097931962,10.24259318513979,19299.60754831041,0.387285989024038
1.915999999999977e-08,2.0,9.874057282187905e-05,0.7138682202857808,0.561506728412744,0.5059051036927931,0.1749295851980242,0.0005310608927766845,5.195631203803513e-05,5.378345252999869,10.22129693092759,19246.93960702869,0.38657714321471975
1.917999999999977e-08,2.0,9.895499528244567e-05,0.7143271259367198,0.5609823130174448,0.5059124694843918,0.1751385885781685,0.0005313994666110819,5.21000426475066e-05,5.370112579032311,10.19959753596312,19193.84225394407,0.38584372443927634
1.919999999999977e-08,2.0,9.916791968913486e-05,0.7147853426130035,0.5604344416932162,0.505920138654071,0.1753471660210955,0.0005317300826837055,5.224543737068809e-05,5.361916259190671,10.17754103408135,19140.42738133996,0.3850872756721207
1.921999999999977e-08,2.0,9.937888570910886e-05,0.7152419052438717,0.5598642688032347,0.5059280951294398,0.1755548780224796,0.0005320520268749959,5.239221130808657e-05,5.353773302447131,10.15517409155195,19086.80651251025,0.3843093907807551
1.923999999999977e-08,2.0,9.958743680368241e-05,0.7156958522422231,0.5592729980171736,0.5059363221638428,0.1757612868802454,0.0005323646133657033,5.254007464063727e-05,5.345700508889156,10.13254391066176,19033.09058542043,0.38351171113692817
1.925999999999977e-08,2.0,9.979312125314133e-05,0.716146227529858,0.5586618797525489,0.5059448024435715,0.1759659575952006,0.0005326671859995799,5.268873307646381e-05,5.337714438814141,10.10969812514857,18979.3897406636,0.38269592215734827
1.927999999999977e-08,2.0,9.999549327178898e-05,0.7165920825511174,0.5580322084961908,0.5059535180523148,0.176168458817121,0.0005329591197744352,5.283788830746113e-05,5.329831380561207,10.08668470384683,18925.81312449597,0.38186374967906983
1.929999999999977e-08,2.0,0.0001001941140136076,0.7170324782706788,0.5573853200120581,0.5059624505812395,0.1763683637321316,0.0005332398219137011,5.298723850564488e-05,5.322067322176753,10.06355184667519,18872.46869627801,0.3810169562799265
1.931999999999977e-08,2.0,0.000100388552661284,0.7174664871513003,0.5567225884417355,0.505971581096548,0.1765652509913403,0.0005335087330612526,5.313647883001196e-05,5.314437921881701,10.04034788921546,18819.46305096888,0.3801573374503952
1.933999999999977e-08,2.0,0.0001005783873992402,0.7178931951073493,0.5560454233047035,0.5059808902520926,0.1767587055770005,0.0005337653280560096,5.328530197396435e-05,5.306958482381796,10.017121200079,18766.90124583714,0.37928671772770306
1.935999999999977e-08,2.0,0.0001007632064632896,0.7183117034299985,0.5553552664055758,0.505990358259681,0.1769483197058278,0.0005340091168284726,5.343339872333855e-05,5.299643924011002,9.993920087198738,18714.88664192386,0.37840694669974795
1.937999999999977e-08,2.0,0.0001009426090679009,0.7187211306800381,0.5546535886561471,0.5059999650038416,0.1771336936662029,0.0005342396448799579,5.358045855514634e-05,5.292508761696804,9.970792697305962,18663.52074928167,0.3775198949899442
1.939999999999977e-08,2.0,0.0001011162064036341,0.7191206145443134,0.5539418868202005,0.5060096900144729,0.1773144366885875,0.0005344564938860782,5.372617024630591e-05,5.285567080760564,9.947786924619408,18612.90308643873,0.37662745013161303
1.941999999999977e-08,2.0,0.000101283622506158,0.7195093136518821,0.5532216801895758,0.5060195125833378,0.1774901677463354,0.0005346592818892762,5.387022252245949e-05,5.278832516492477,9.924950313067054,18563.13104300027,0.37573151244324043
1.943999999999977e-08,2.0,0.0001014444951894125,0.7198864093460632,0.5524945072000534,0.5060294117386154,0.177660516385958,0.0005348476636212711,5.40123047153397e-05,5.272318232538776,9.902329967959547,18514.29975577391,0.3748339908140954
1.945999999999977e-08,2.0,0.0001015984768448479,0.720251107408647,0.5517619219960858,0.5060393663626674,0.1778251234845055,0.0005350213304240724,5.415210745871642e-05,5.266036902994814,9.879972461495669,18466.501987247,0.37393679851158024
1.947999999999976e-08,2.0,0.0001017452352993426,0.7206026397326332,0.5510254909533898,0.5060493551680125,0.1779836420328459,0.0005351800103096032,5.428932339052331e-05,5.260000693267818,9.85792374791364,18419.82801676543,0.37304184892054393
1.949999999999976e-08,2.0,0.0001018844545343321,0.7209402659399763,0.5502867891688068,0.5060593568158837,0.1781357378430017,0.0005353234676301586,5.442364789107742e-05,5.254221244561042,9.83622907272857,18374.36553318483,0.37215105132580506
1.951999999999976e-08,2.0,0.0001020158354588264,0.7212632749409286,0.5495473969267498,0.5060693498931378,0.1782810902780796,0.0005354515028988175,5.455477982410517e-05,5.248709657070441,9.81493289176885,18330.19953932886,0.3712663066486702
1.953999999999976e-08,2.0,0.0001021390965395326,0.7215709864316987,0.5488088961518535,0.5060793130310877,0.1784193929034542,0.0005355639522353228,5.468242231032953e-05,5.243476476707394,9.794078784511976,18287.41225699322,0.37038950324839925
1.955999999999976e-08,2.0,0.0001022539744808319,0.7218627523272696,0.5480728668572903,0.5060892248828319,0.178550354157488,0.0005356606869754217,5.480628349943391e-05,5.23853168046795,9.773709377337262,18246.08304283812,0.3695225126998023
1.957999999999976e-08,2.0,0.0001023602247585835,0.7221379581263598,0.5473408835984047,0.5060990642418608,0.1786736979409775,0.000535741612922185,5.492607736997404e-05,5.233884665227732,9.753866261257066,18206.28830389882,0.3686671856574272
1.959999999999976e-08,2.0,0.0001024576222005847,0.7223960242056524,0.5466145119410989,0.5061088100192817,0.1787891642233644,0.0005358066697760047,5.504152452218079e-05,5.229544235113152,9.734589919653912,18168.10142308135,0.36782534771773445
1.961999999999976e-08,2.0,0.000102545961418458,0.7226364070405654,0.5458953049545056,0.5061184413616753,0.1788965095654255,0.0005358558302244453,5.515235299302786e-05,5.225518592198021,9.715919650648198,18131.59268338771,0.3669987953890801
1.963999999999976e-08,2.0,0.0001026250572838567,0.7228586003499937,0.5451847997371848,0.5061279376277111,0.1789955076562538,0.0005358890992271651,5.525829905768665e-05,5.221815325707261,9.697893499539791,18096.82920127626,0.366189292080931
1.965999999999976e-08,2.0,0.0001026947452546042,0.7230621361626101,0.5444845139860774,0.5061372785047399,0.1790859497647645,0.0005359065129794116,5.535910804656244e-05,5.21844140445051,9.680548186012347,18063.87485793488,0.36539856422131295
1.967999999999976e-08,2.0,0.0001027548817436787,0.7232465858024809,0.5437959426171308,0.5061464439842966,0.1791676452033228,0.0005359081380876154,5.545453514129392e-05,5.215403167699113,9.663919041466354,18032.79023892413,0.36462829741380803
1.969999999999976e-08,2.0,0.0001028053443375353,0.7234115607919199,0.5431205544463702,0.5061554144769393,0.1792404217042497,0.0005358940704425697,5.554434617877121e-05,5.212706319206554,9.648039941235025,18003.63257101756,0.3638801327421205
1.971999999999976e-08,2.0,0.0001028460320566506,0.7235567136696784,0.542459788939846,0.5061641707861491,0.1793041258065943,0.0005358644343218355,5.562831842593742e-05,5.210355919617689,9.632943246977277,17976.4556667551,0.36315566313325176
1.973999999999976e-08,2.0,0.0001028768654656646,0.7236817387227491,0.5418150530406621,0.5061726942209501,0.1793586231544424,0.0005358193812084787,5.570624135434966e-05,5.208356381947818,9.61865974406907,17951.30986560302,0.36245642988621973
1.975999999999976e-08,2.0,0.0001028977868259183,0.7237863726302418,0.5411877180808967,0.5061809665677521,0.1794037988039598,0.0005357590888556871,5.577791737680353e-05,5.206711465408413,9.605218589220657,17928.24198229875,0.3617839192769369
1.977999999999976e-08,2.0,0.0001029087600986554,0.7238703950179757,0.5405791167859298,0.5061889702003135,0.1794395574409471,0.0005356837600856811,5.584316257501078e-05,5.205424272244676,9.592647253209007,17907.29525135257,0.36113955934498276
1.979999999999976e-08,2.0,0.0001029097709915167,0.7239336289226193,0.5399905403782777,0.5061966880491028,0.1794658236059056,0.0005355936218501357,5.590180738035631e-05,5.204497242892439,9.580971473890868,17888.50927834931,0.3605247167723721
1.981999999999976e-08,2.0,0.0001029008268574879,0.7239759411644004,0.5394232357876612,0.5062041037082086,0.179482541828923,0.0005354889240415209,5.595369723684854e-05,5.203932154106647,9.570215204454309,17871.91998711116,0.3599406939587382
1.983999999999976e-08,2.0,0.0001028819566386796,0.7239972426276029,0.5388784029736142,0.5062112014018361,0.1794896767711705,0.0005353699385800662,5.599869320822691e-05,5.203730115398344,9.560400572015734,17857.55957342746,0.3593887262024437
1.985999999999976e-08,2.0,0.0001028532106649778,0.7239974884482565,0.5383571923665059,0.506217966087802,0.1794872132758377,0.0005352369582664288,5.603667255858931e-05,5.20389156842194,9.551547831588504,17845.45645451105,0.3588699790906682
1.987999999999976e-08,2.0,0.0001028146604995921,0.7239766781086274,0.5378607024324351,0.5062243834208457,0.1794751564251099,0.0005350902959220532,5.606752926866492e-05,5.204416284677911,9.543675330475192,17835.63522494795,0.3583855460073252
1.989999999999975e-08,2.0,0.0001027663986424356,0.7239348554383082,0.5373899773669666,0.5062304398523825,0.1794535315065318,0.0005349302833077587,5.609117451749041e-05,5.205303366163338,9.536799468175802,17828.11660840118,0.3579364458604348
1.991999999999975e-08,2.0,0.0001027085382828876,0.7238721085219068,0.5369460049222863,0.5062361225903471,0.1794223839851629,0.0005347572703396173,5.61075370920049e-05,5.206551244362575,9.53093466681178,17822.91741589377,0.3575236209371234
1.993999999999975e-08,2.0,0.0001026412129137661,0.7237885695135271,0.5365297143718383,0.5062414196949498,0.1793817793853926,0.0005345716240928885,5.611656375484644e-05,5.208157682202471,9.526093337222932,17820.05050003861,0.3571479349864457
1.995999999999975e-08,2.0,0.000102564575997502,0.723684414358434,0.5361419746161126,0.5062463200347987,0.1793318031786369,0.0005343737281100381,5.611821953349675e-05,5.21011977438867,9.522285855684935,17819.52471608804,0.3568101714374757
1.997999999999975e-08,2.0,0.0001024788004971942,0.7235598624224863,0.5357835924327375,0.5062508133784649,0.1792725605812748,0.0005341639815036043,5.611248796168779e-05,5.212433950741814,9.51952053646807,17821.34487928561,0.3565110318514627
1.999999999999975e-08,2.0,0.0001023840784629216,0.7234151760301206,0.5354553108736643,0.5062548903466921,0.1792041763588985,0.0005339427983668672,5.609937123707594e-05,5.215095977970441,9.517803615131887,17825.51172942741,0.35625113451476575
2.001999999999975e-08,2.0,0.0001022806204868228,0.7232506599118587,0.5351578078117055,0.5062585424995992,0.1791267945417164,0.0005337106069829391,5.607889032681599e-05,5.218100964495179,9.517139227837532,17832.02189223449,0.3560310132699891
2.003999999999975e-08,2.0,0.000102168655216598,0.7230666605624998,0.5348916946383514,0.5062617622848542,0.1790405781470158,0.0005334678493420695,5.605108498608093e-05,5.221443363778873,9.517529401519072,17840.86784846945,0.3558511164913356
2.005999999999975e-08,2.0,0.0001020484287418089,0.7228635655113533,0.5346575151142824,0.5062645431203978,0.178945708814028,0.0005332149804576355,5.601601372194833e-05,5.225116980772317,9.51897404025217,17852.03790051518,0.3557118063002544
2.007999999999975e-08,2.0,0.000101920204041804,0.722641802506045,0.5344557443736778,0.5062668793384977,0.1788423864469268,0.0005329524679874359,5.597375366887788e-05,5.229114976945937,9.521470922607863,17865.51614736556,0.35561335792675103
2.009999999999975e-08,2.0,0.0001017842603105297,0.7224018386116194,0.5342867880829345,0.506268766263928,0.1787308287718086,0.0005326807916506103,5.592440040900855e-05,5.233429878511611,9.525015695381576,17881.28245786102,0.35555595931112594
2.011999999999975e-08,2.0,0.0001016408923461563,0.7221441792268322,0.5341509817541411,0.5062702001538618,0.1786112709032056,0.0005324004429437152,5.586806770477965e-05,5.238053583317324,9.529601878429867,17899.31245312154,0.3555397108509355
2.013999999999975e-08,2.0,0.0001014904098216671,0.7218693670197076,0.534048590213168,0.5062711782714956,0.1784839648264783,0.0005321119246462059,5.580488717787314e-05,5.242977371013742,9.535220866053294,17919.57748812552,0.35556462538668965
2.015999999999975e-08,2.0,0.0001013331366233946,0.7215779807846011,0.53397980722201,0.5062716988217834,0.1783491788914695,0.000531815750615904,5.57350079033161e-05,5.248191911983493,9.541861939599048,17942.0446433722,0.3556306283305405
2.017999999999975e-08,2.0,0.0001011694100745519,0.721270634223174,0.533944755254563,0.5062717610205345,0.1782071972242577,0.0005315124453647808,5.565859595342172e-05,5.253687279626989,9.54951227676639,17966.67671669003,0.35573755803030527
2.019999999999975e-08,2.0,0.000100999580229753,0.7209479746518491,0.5339434854248285,0.5062713650260345,0.1780583191522138,0.0005312025439129001,5.557583386173766e-05,5.259452961500029,9.558156972227053,17993.43222609694,0.3558851662726147
2.021999999999975e-08,2.0,0.0001008240090584909,0.7206106816384685,0.5339759775660997,0.5062705120036792,0.1779028585496871,0.0005308865914111432,5.548692004222921e-05,5.265477873891044,9.567779055083674,18022.26541388374,0.3560731190164126
2.023999999999975e-08,2.0,0.0001006430697025331,0.720259465571025,0.5340421404595495,0.5062692040535763,0.1777411431993496,0.000530565143028075,5.539206813513779e-05,5.271750375334183,9.578359517714281,18053.1262627772,0.3563009972601998
2.025999999999975e-08,2.0,0.0001004571456261656,0.7198950661614822,0.5341418122101967,0.5062674442708179,0.1775735140769934,0.0005302387635921802,5.529150631512127e-05,5.278258283638872,9.589877341561394,18085.96051445459,0.35656829813320334
2.027999999999975e-08,2.0,0.0001002666298431709,0.7195182508878335,0.5342747607681578,0.5062652366691782,0.1774003246546407,0.0005299080274826425,5.518547653428444e-05,5.284988891929651,9.602309534347008,18120.70970119723,0.3568744361135171
2.029999999999975e-08,2.0,0.000100071924040456,0.7191298133776823,0.5344406845926558,0.5062625862371701,0.1772219401302194,0.0005295735182608219,5.507423373587349e-05,5.291928988268801,9.615631164303892,18157.31118104752,0.3572187444624364
2.031999999999974e-08,2.0,9.987343778113674e-05,0.7187305717367478,0.5346392134562202,0.5062594988579894,0.1770387366784738,0.0005292358285338076,5.495804501228171e-05,5.299064874349229,9.629815405834341,18195.69818716306,0.3576004767777464
2.033999999999974e-08,2.0,9.967158760799332e-05,0.7183213668258146,0.5348699093860905,0.5062559813615227,0.1768511006318217,0.0005288955595434722,5.483718874307162e-05,5.306382387821281,9.644833582215597,18235.79988181551,0.3580188087542688
2.035999999999974e-08,2.0,9.946679622900718e-05,0.7179030604897589,0.5351322677398485,0.5062520414407238,0.1766594276856276,0.000528553320970988,5.471195368753977e-05,5.313866923731119,9.660655219690355,18277.54142560883,0.35847284005422086
2.037999999999974e-08,2.0,9.925949160692755e-05,0.7174765337423779,0.535425718411867,0.5062476876997679,0.1764641220370386,0.0005282097304519152,5.458263806722391e-05,5.321503459624278,9.677248098587187,18320.84405243296,0.35896159637482844
2.039999999999974e-08,2.0,9.905010613346096e-05,0.7170426849108466,0.5357496271672333,0.5062429295670695,0.1762655955516467,0.000527865413290778,5.444954861358255e-05,5.329276579779272,9.694578315734667,18365.62516058302,0.3594840316155866
2.041999999999974e-08,2.0,9.883907571109e-05,0.7166024277437114,0.5361032970993693,0.5062377773398017,0.1760642668675423,0.0005275210018723232,5.431299961570568e-05,5.337170503113425,9.712610343837097,18411.79841061163,0.36003903023182704
2.043999999999974e-08,2.0,9.862683892197983e-05,0.7161566894864024,0.5364859702076661,0.506232242093792,0.1758605605307914,0.0005271771352576967,5.417331194381609e-05,5.345169110210664,9.73130710199959,18459.27384017271,0.3606254096768747
2.045999999999974e-08,2.0,9.841383610806151e-05,0.7157064089283205,0.536896829091009,0.5062263357246489,0.1756549060723176,0.0005268344584652179,5.403081208266393e-05,5.353255974000542,9.750630023091132,18507.9579864552,0.3612419230186914
2.047999999999974e-08,2.0,9.820050854060215e-05,0.7152525344256105,0.5373349987532284,0.5062200708547853,0.1754477371199585,0.0005264936219236465,5.388583115093992e-05,5.361414389520928,9.770539132056479,18557.75402626516,0.3618872616332699
2.049999999999974e-08,2.0,9.798729750444233e-05,0.714796021903786,0.5377995485160514,0.5062134608714118,0.1752394904560733,0.0005261552806004558,5.373870393985755e-05,5.36962740727977,9.790993120885648,18608.56192436581,0.3625600580599781
2.051999999999974e-08,2.0,9.777464347404127e-05,0.7143378328444108,0.5382894940353048,0.5062065198309669,0.1750306051141963,0.0005258200932929437,5.358976794725396e-05,5.377877865629611,9.811949434274192,18660.27859990466,0.36325888892110847
2.053999999999974e-08,2.0,9.75629852076221e-05,0.7138789322600804,0.5388037994156932,0.5061992624942543,0.1748215214254749,0.0005254887215878649,5.343936243925506e-05,5.386148426655068,9.833364351702214,18712.79810152503,0.3639822779902183
2.055999999999974e-08,2.0,9.735275893537974e-05,0.7134202866619648,0.5393413794196668,0.5061917042285495,0.1746126801081052,0.0005251618289775987,5.328782751596273e-05,5.394421610966949,9.855193079888327,18766.01180073335,0.36472869931156154
2.057999999999974e-08,2.0,9.714439746912e-05,0.712962862024196,0.5399011017654555,0.5061838610401878,0.1744045213108253,0.0005248400796418794,5.31355032119762e-05,5.402679835888542,9.877389841366664,18819.80859408913,0.3654965804546302
2.059999999999974e-08,2.0,9.693832940813343e-05,0.7125076217493868,0.5404817895095944,0.5061757494746475,0.1741974837033754,0.0005245241373835012,5.298272860823999e-05,5.410905452406263,9.899907973065888,18874.07512350124,0.36628430580621896
2.061999999999974e-08,2.0,9.673497826974345e-05,0.7120555246395643,0.5410822235088124,0.5061673866468721,0.1739920035253013,0.000524214664230562,5.282984098472088e-05,5.419080785355249,9.922700020660145,18928.69600514629,0.3670902199835111
2.063999999999974e-08,2.0,9.653476171813619e-05,0.7116075228767951,0.5417011449564345,0.5061587901396484,0.1737885136856588,0.0005239123191940623,5.267717499037942e-05,5.427188172191717,9.945717842495274,18983.55407598515,0.36791263127077567
2.065999999999974e-08,2.0,9.63380907209858e-05,0.7111645600177504,0.5423372579880174,0.5061499780319768,0.1735874428252962,0.0005236177566970953,5.252506185859931e-05,5.43521000480736,9.968912708883739,19038.53064832291,0.36874981516272115
2.067999999999974e-08,2.0,9.614536880628863e-05,0.7107275690064401,0.5429892323512222,0.5061409687960431,0.1733892144339082,0.0005233316251648535,5.237382864449372e-05,5.443128769717916,9.99223541049779,19093.50578106217,0.369600017917314
2.069999999999974e-08,2.0,9.595699124995555e-05,0.7102974702092965,0.5436557061345256,0.506131781323953,0.1731942459337935,0.0005230545652953334,5.222379751091142e-05,5.450927091067245,10.01563636168068,19148.35855801302,0.3704614602007321
2.071999999999973e-08,2.0,9.577334436538902e-05,0.7098751694767497,0.5443352885496753,0.506122434823619,0.1730029478221362,0.0005227872085002954,5.207528503952104e-05,5.458587771760905,10.03906571233438,19202.96738157225,0.37133234072753907
2.073999999999973e-08,2.0,9.559480472661565e-05,0.7094615562353749,0.5450265627624041,0.5061129488441706,0.1728157227839825,0.000522530175039936,5.192860159249749e-05,5.466093837157345,10.06247345423278,19257.21027204548,0.37221083997842164
2.075999999999973e-08,2.0,9.542173849500838e-05,0.7090575016146314,0.5457280887662582,0.5061033431710673,0.1726329648673156,0.0005222840723409856,5.178405070117188e-05,5.473428576615669,10.08580953535113,19310.96518058542,0.3730951238989426
2.077999999999973e-08,2.0,9.525450068217041e-05,0.7086638566121374,0.5464384062939863,0.506093637850498,0.1724550586326452,0.000522049493025105,5.164192850593935e-05,5.480575587316256,10.10902396809337,19364.11030593077,0.3739833476613411
2.079999999999973e-08,2.0,9.509343451784005e-05,0.7082814503013456,0.5471560377613593,0.5060838530840321,0.1722823783680648,0.0005218270131372082,5.150252322381293e-05,5.487518815641288,10.13206694494405,19416.52442258665,0.37487365939329453
2.081999999999973e-08,2.0,9.493887075635616e-05,0.7079110880853946,0.5478794912378345,0.506074009252318,0.1721152872824113,0.0005216171901037792,5.136611466677409e-05,5.494242600522214,10.15488894746374,19468.08721055254,0.3757642039554232
2.083999999999973e-08,2.0,9.479112708939715e-05,0.7075535500008127,0.5486072634389604,0.5060641268095768,0.1719541367670375,0.0005214205609104077,5.123297378739584e-05,5.500731714032873,10.1774408620935,19518.67959392232,0.37665312667192286
2.085999999999973e-08,2.0,9.465050749948156e-05,0.707209589074648,0.5493378427349751,0.5060542263068967,0.1717992656390261,0.000521237640031545,5.110336227384836e-05,5.506971403628399,10.19967408872984,19568.18407840339,0.377538577095949
2.087999999999973e-08,2.0,9.451730172081244e-05,0.7068799297384849,0.5500697121705389,0.5060443282868695,0.1716509994558845,0.0005210689176009134,5.097753217090893e-05,5.512947431305554,10.22154065547859,19616.48509479368,0.37841871271465444
2.089999999999973e-08,2.0,9.439178464289066e-05,0.7065652663026848,0.550801352490123,0.5060344533067739,0.171509649814751,0.0005209148573581955,5.085572554816316e-05,5.518646114079984,10.24299332559636,19663.46933843162,0.37929170267537193
2.091999999999973e-08,2.0,9.427421582238592e-05,0.706266261494069,0.5515312451640766,0.5060246218336384,0.1713755137256723,0.0005207758948592487,5.07381741922282e-05,5.524054361058177,10.26398570997492,19709.02611141208,0.3801557314384043
2.093999999999973e-08,2.0,9.416483893960258e-05,0.7059835450601194,0.5522578754099877,0.5060148542675993,0.1712488729721651,0.0005206524354877318,5.062509934337781e-05,5.529159711498169,10.28447237122978,19753.04765759059,0.38100900243782265
2.095999999999973e-08,2.0,9.40638813639862e-05,0.705717712442639,0.5529797352044749,0.5060051708376587,0.1711299935481377,0.0005205448527537866,5.051671145367049e-05,5.533950369144161,10.30440893269913,19795.42949697176,0.3818497416563371
2.097999999999973e-08,2.0,9.397155366589376e-05,0.7054693235236654,0.5536953262801227,0.5059955916254881,0.1710191250845675,0.0005204534864195477,5.041320998627057e-05,5.538415237231057,10.32375217847241,19836.07074955826,0.38267620119555523
2.099999999999973e-08,2.0,9.388804923808965e-05,0.7052389014462777,0.5544031631028429,0.5059861364621435,0.17091650035453,0.0005203786409350966,5.031478323338764e-05,5.542543949456819,10.3424601577094,19874.8744551169,0.3834866627483129
2.101999999999973e-08,2.0,9.381354386504738e-05,0.7050269315127814,0.5551017758244889,0.5059768249525753,0.1708223347701353,0.0005203205837261394,5.022160817194537e-05,5.546326901324047,10.3604922794328,19911.74787904575,0.38427944105435363
2.103999999999973e-08,2.0,9.374819540259705e-05,0.7048338601625916,0.5557897132061395,0.505967676373546,0.1707368259595002,0.0005202795438145728,5.013385033477818e-05,5.549755277166848,10.37780941101289,19946.60281072195,0.3850528872466392
2.105999999999973e-08,2.0,9.369214340684298e-05,0.7046600940319668,0.556465545507025,0.505958709699085,0.170660153337484,0.000520255710314402,5.005166371599524e-05,5.55282107727245,10.39437396659687,19979.35584467746,0.385805392169541
2.107999999999973e-08,2.0,9.364550887400389e-05,0.7045059990975735,0.5571278673346365,0.505949943499857,0.1705924777578263,0.0005202492312812567,4.997519068870987e-05,5.555517140438159,10.41014999866301,20009.92865097591,0.3865353895768102
2.109999999999973e-08,2.0,9.360839393094653e-05,0.7043718999056872,0.5577753004511269,0.5059413959697837,0.1705339411606022,0.0005202602124588787,4.990456195341195e-05,5.557837166382734,10.42510327902615,20038.24822535348,0.3872413592905247
2.111999999999973e-08,2.0,9.358088163722204e-05,0.7042580788886498,0.5584064965316764,0.5059330848270868,0.1704846663021462,0.0005202887163975056,4.983989649559824e-05,5.559775733383018,10.4392013824398,20064.2471255597,0.3879218302295302
2.113999999999972e-08,2.0,9.356303573919054e-05,0.704164775770027,0.5590201398700567,0.5059250273423088,0.1704447564815469,0.0005203347614881355,4.978130157066421e-05,5.56132831556671,10.45241375920081,20087.86368473124,0.38857538338850983
2.115999999999972e-08,2.0,9.355490053627534e-05,0.7040921870597154,0.5596149500271916,0.5059172402412335,0.1704142953503835,0.0005203983213839801,4.972887269510924e-05,5.562491295266371,10.46471180986897,20109.04220835773,0.38920065467680814
2.117999999999972e-08,2.0,9.355650070069486e-05,0.7040404656400642,0.5601896844180505,0.5059097397345158,0.1703933467199964,0.0005204793243534086,4.968269366185824e-05,5.563261974879252,10.47606894859214,20127.73314599299,0.3897963376980541
2.119999999999972e-08,2.0,9.35678412099975e-05,0.7040097204438824,0.5607431408327878,0.5059025414226929,0.1703819544524765,0.0005205776530318087,4.964283655919054e-05,5.563638583676623,10.48646066811894,20143.89324444972,0.39036118638031125
2.121999999999972e-08,2.0,9.358890723448688e-05,0.7040000162250113,0.5612741598875656,0.5058956603276226,0.170380142349871,0.0005206931441168069,4.960936181095529e-05,5.563620284020578,10.49586459307811,20157.48567398763,0.3908940175376946
2.123999999999972e-08,2.0,9.361966413817618e-05,0.704011373421943,0.5617816274010682,0.5058891107997778,0.170387914127303,0.0005208255884701403,4.958231821798922e-05,5.563207172474518,10.50426053457857,20168.48013446021,0.39139371327376515
2.125999999999972e-08,2.0,9.366005743605226e-05,0.7040437681147738,0.5622644766922159,0.5058829065516941,0.1704052533847038,0.0005209747311706355,4.95617430183567e-05,5.562400280278436,10.51163053280182,20176.85293331228,0.3918592233075121
2.127999999999972e-08,2.0,9.371001286564341e-05,0.7040971320755836,0.5627216907951895,0.5058770605677417,0.1704321236623765,0.0005211402719772964,4.954766194673764e-05,5.561201568719905,10.51795890061387,20182.58704265344,0.39228956713281304
2.129999999999972e-08,2.0,9.376943641631155e-05,0.7041713529121333,0.5631523045873434,0.5058715851397664,0.1704684684952889,0.0005213218657468982,4.954008931057679e-05,5.559613923883749,10.52323225496479,20185.67212769438,0.39268383609205454
2.131999999999972e-08,2.0,9.383821447363432e-05,0.7042662743045791,0.5635554068261861,0.5058664917795274,0.1705142115508351,0.0005215191232606743,4.953902806370433e-05,5.55764114635791,10.52743954907696,20186.10455405095,0.393041195275351
2.133999999999972e-08,2.0,9.391621392288262e-05,0.7043816963347054,0.563930142091087,0.5058617912567263,0.1705692567651613,0.0005217316120044635,4.954446989508547e-05,5.555287940388116,10.53057209228948,20183.88736659375,0.3933608853259257
2.135999999999972e-08,2.0,9.400328236835156e-05,0.7045173759069807,0.5642757126259719,0.5058574935142873,0.1706334885623203,0.0005219588573524374,4.955639531376009e-05,5.552559898105727,10.53262357053455,20179.03024763253,0.39364222406365157
2.137999999999972e-08,2.0,9.409924831305865e-05,0.7046730272605526,0.5645913800787354,0.5058536077089573,0.170706772071542,0.0005222003436988035,4.957477374771641e-05,5.549463483328357,10.53359005441468,20171.54944748616,0.39388460800719344
2.139999999999972e-08,2.0,9.420392145496854e-05,0.7048483225711014,0.5648764671337356,0.5058501421296159,0.1707889534264009,0.0005224555159831843,4.959956363807534e-05,5.546006010604277,10.53347000783125,20161.46769550096,0.39408751370733475
2.141999999999972e-08,2.0,9.431709294469717e-05,0.7050428926412858,0.5651303590331826,0.5058471042406213,0.1708798600613709,0.0005227237811542102,4.963071254645202e-05,5.542195624002947,10.53226428423661,20148.81408490855,0.39425049897181175
2.143999999999972e-08,2.0,9.443853576025192e-05,0.7052563276783258,0.5653525049839239,0.5058445006033272,0.1709793010890511,0.0005230045100127165,4.966815725714715e-05,5.538041271368479,10.52997612343384,20133.62393983526,0.39437320389487274
2.145999999999972e-08,2.0,9.456800504411737e-05,0.7054881781570859,0.5655424194455505,0.5058423369223561,0.1710870676737577,0.0005232970389794012,4.971182389218657e-05,5.533552678536714,10.52661113610137,20115.93865815039,0.3944553517717928
2.147999999999972e-08,2.0,9.470523855764031e-05,0.7057379557668398,0.5656996832964932,0.5058406179704924,0.1712029334842599,0.0005236006722241926,4.976162802109806e-05,5.528740319276251,10.52217728893828,20095.80553867766,0.3944967498122333
2.149999999999972e-08,2.0,9.484995709829871e-05,0.7060051344397246,0.5658239448742132,0.5058393476380552,0.1713266551415588,0.0005239146837027545,4.981747478362161e-05,5.523615385447574,10.51668487771285,20073.27758669871,0.3944972897326544
2.151999999999972e-08,2.0,9.500186503419597e-05,0.7062891514587147,0.565914920886359,0.5058385288613306,0.1714579727439963,0.0005242383195334599,4.987925900743442e-05,5.518189753181541,10.5101465010802,20048.41330643969,0.39445694814236265
2.153999999999972e-08,2.0,9.516065080155048e-05,0.7065894086427865,0.5659723971892281,0.505838163675211,0.1715966103857592,0.0005245708002610911,4.994686533928672e-05,5.512475949559579,10.50257702255599,20021.27647465055,0.39437578680346885
2.155999999999971e-08,2.0,9.532598751890806e-05,0.7069052736067738,0.5659962294307042,0.505838253145325,0.1717422767505952,0.0005249113234369949,5.002016837177676e-05,5.50648711563457,10.49399353347978,19991.93590408299,0.394253952680109
2.157999999999971e-08,2.0,9.549753356396056e-05,0.7072360810932627,0.5659863435542959,0.5058387974240902,0.1718946656969874,0.000525259066063106,5.009903278438276e-05,5.500236970257058,10.48441530445761,19960.46519109103,0.3940916778573085
2.159999999999971e-08,2.0,9.567493326606095e-05,0.7075811343737206,0.5659427361618203,0.5058397956866844,0.1720534569160996,0.0005256131873262667,5.01833134810783e-05,5.49373977058055,10.47386373808198,19926.94245622206,0.3938892792457207
2.161999999999971e-08,2.0,9.585781756036729e-05,0.7079397067159068,0.5658654747317505,0.505841246190651,0.172218316578942,0.0005259728311717752,5.027285574338552e-05,5.487010273686979,10.4623623105194,19891.45007207138,0.39364715815280854
2.163999999999971e-08,2.0,9.604580475606404e-05,0.7083110429144766,0.565754697691213,0.5058431462158375,0.172388898053572,0.0005263371291396519,5.036749538124627e-05,5.480063695237253,10.44993651472348,19854.07438727513,0.393365799637641
2.165999999999971e-08,2.0,9.62385012645799e-05,0.708694360881553,0.5656106143391515,0.5058454921276722,0.1725648426089688,0.000526705203014447,5.046705890081217e-05,5.472915669559003,10.4366137929621,19814.90544090151,0.39304577173018274
2.167999999999971e-08,2.0,9.643550243961364e-05,0.7090888532939174,0.5654335046191783,0.5058482793211668,0.1727457801859324,0.0005270761677095187,5.057136367154167e-05,5.465582207103751,10.42242347137108,19774.03667607121,0.3926877244332459
2.169999999999971e-08,2.0,9.663639337481474e-05,0.7094936892933487,0.5652237187402152,0.5058515022879616,0.172931330151817,0.0005274491339388582,5.06802181119557e-05,5.458079653652012,10.40739668431755,19731.56464699774,0.39229238858839816
2.171999999999971e-08,2.0,9.684074981030948e-05,0.7099080162365318,0.5649816766440912,0.5058551545644681,0.1731211021189999,0.0005278232110952306,5.079342187640147e-05,5.450424647222055,10.39156630123509,19687.58872818919,0.39186057452509127
2.173999999999971e-08,2.0,9.704813899381587e-05,0.7103309614908483,0.564707867318876,0.5058592288027409,0.1733146967440976,0.000528197509890328,5.091076606243007e-05,5.442634077022499,10.3749668438031,19642.21081988308,0.3913931705747784
2.175999999999971e-08,2.0,9.725812064692256e-05,0.7107616342722664,0.5644028479578482,0.5058637167228096,0.1735117065873642,0.0005285711451739029,5.103203342104549e-05,5.434725040425302,10.35763440607721,19595.53505833068,0.39089114137048403
2.177999999999971e-08,2.0,9.747024788217435e-05,0.7111991275214621,0.5640672429636588,0.5058686091873946,0.1737117169495226,0.0005289432384905755,5.115699858968789e-05,5.426714802256179,10.33960656552667,19547.66752484141,0.39035552601413626
2.179999999999971e-08,2.0,9.76840682209289e-05,0.711642519814217,0.5637017427983996,0.5058738961584393,0.1739143067650026,0.0005293129207898077,5.128542833005745e-05,5.418620752398014,10.32092229752495,19498.71596205268,0.38978743603339694
2.181999999999971e-08,2.0,9.789912455754069e-05,0.7120908773020719,0.5633071026800013,0.5058795667756582,0.1741190494690905,0.0005296793348510592,5.141708179089418e-05,5.410460365957292,10.30162188132707,19448.78949114334,0.38918805321091077
2.183999999999971e-08,2.0,9.811495621927106e-05,0.7125432556791467,0.5628841411265549,0.5058856093172224,0.1743255139175321,0.0005300416378384882,5.15517107776184e-05,5.40225116200566,10.28174681001295,19397.99833828518,0.38855862720902284
2.185999999999971e-08,2.0,9.833109996739125e-05,0.7129987021709855,0.5624337383499085,0.5058920112820877,0.1745332652763608,0.0005303990035507636,5.168906004917506e-05,5.394010665097924,10.26133969250285,19346.45356384188,0.3879004730735477
2.187999999999971e-08,2.0,9.854709108837861e-05,0.7134562575412378,0.5619568345010932,0.5058987593547465,0.1747418659600787,0.0005307506247795374,5.182886762373423e-05,5.385756365592727,10.24044416005123,19294.26680242702,0.38721496854101456
2.189999999999971e-08,2.0,9.876246442060949e-05,0.7139149581119495,0.5614544277698789,0.5059058394912334,0.1749508765362492,0.0005310957153458909,5.197086511379549e-05,5.377505682927175,10.2191047653912,19241.55000711261,0.38650355123362967
2.191999999999971e-08,2.0,9.897675546501683e-05,0.7143738377932083,0.5609275723420218,0.5059132368878019,0.1751598566742592,0.000531433512227754,5.211477807203606e-05,5.369275927884516,10.19736688685838,19188.41520571654,0.38576771566776263
2.193999999999971e-08,2.0,9.918950142509439e-05,0.7148319301178692,0.5603773762174832,0.5059209360704481,0.1753683660565913,0.0005317632773514732,5.226032636862278e-05,5.361084267955356,10.17527662572626,19134.97426224269,0.38500901016089184
2.19599999999997e-08,2.0,9.940024232434806e-05,0.7152882702770741,0.5598049988941901,0.5059289208673345,0.1755759653300283,0.0005320842994601809,5.240722458095239e-05,5.352947691844077,10.15288070899998,19081.33865122584,0.3842290335641618
2.19799999999997e-08,2.0,9.960852204662836e-05,0.7157418971522793,0.5592116489216094,0.5059371745016173,0.1757822170154414,0.0005323958956361063,5.255518241667575e-05,5.344882977169888,10.13022638595537,19027.61923784514,0.38342943190616796
2.19999999999997e-08,2.0,9.98138894471474e-05,0.7161918553395114,0.5585985813296876,0.5059456795673747,0.1759866864532665,0.0005326974128892521,5.270390515053253e-05,5.336906657426551,10.10736133058386,18973.92607139465,0.3826118948764211
2.20199999999997e-08,2.0,0.0001000158993797275,0.7166371971615846,0.5579670949383921,0.5059544181254798,0.1761889427036628,0.0005329882293935534,5.285309409593507e-05,5.329034992200675,10.08433353828088,18920.36818478164,0.38177815223472933
2.20399999999997e-08,2.0,0.0001002141137878738,0.7170769846640488,0.5573185295543659,0.5059633716827436,0.1763885594781441,0.0005332677557828131,5.300244709132627e-05,5.321283936725099,10.06119122884953,18867.05340749536,0.38092997007622176
2.20599999999997e-08,2.0,0.0001004081027054223,0.7175102915906553,0.5566542630608197,0.505972521290513,0.1765851160220635,0.0005335354360914749,5.315165902228736e-05,5.313669114718842,10.03798274420286,18814.08818454159,0.38006914703875616
2.20799999999997e-08,2.0,0.0001005974453141884,0.7179362053341884,0.555975708408062,0.5059818475266966,0.1767781980244413,0.0005337907487523673,5.330042235883989e-05,5.306205790604624,10.01475645274766,18761.57740866663,0.3791975103836207
2.20999999999997e-08,2.0,0.0001007817309046891,0.7183538288585478,0.5552843105116225,0.5059913305967265,0.1769673984749213,0.0005340332072403967,5.344842772890805e-05,5.298908845008253,9.991560648874993,18709.62425821071,0.37831691203670126
2.21199999999997e-08,2.0,0.0001009605598872607,0.718762282588037,0.554581543066139,0.5060009503180749,0.1771523185440791,0.0005342623607741166,5.359536450673981e-05,5.291792749646888,9.96844345945126,18658.33004782058,0.37742922452205996
2.21399999999997e-08,2.0,0.0001011335447000376,0.7191607062598766,0.5538689052826937,0.5060106862231778,0.177332568407266,0.0005344777946678794,5.374092143717767e-05,5.284871545466416,9.945452745775412,18607.79408423402,0.37653633687542776
2.21599999999997e-08,2.0,0.0001013003107610938,0.7195482607360434,0.5531479185584398,0.5060205175460203,0.1775077680879895,0.0005346791307462783,5.388478727387812e-05,5.278158820152112,9.922636012807946,18558.11353429566,0.3756401504704503
2.21799999999997e-08,2.0,0.0001014604973116834,0.7199241297706163,0.5524201230867724,0.5060304233265791,0.1776775482414233,0.0005348660274170827,5.402665145223664e-05,5.271667688831945,9.900040314176085,18509.38329731707,0.37474257484534906
2.21999999999997e-08,2.0,0.0001016137582979202,0.7202875217289082,0.5516870744174389,0.5060403823990086,0.1778415509538286,0.0005350381798140745,5.416620477436815e-05,5.265410774115514,9.87771216467539,18461.69588889505,0.37384552346361033
2.22199999999997e-08,2.0,0.0001017597631383796,0.7206376712547643,0.550950339975282,0.506050373497133,0.1779994304789229,0.0005351953196092436,5.430314012670834e-05,5.259400189250842,9.85569744881133,18415.14132822978,0.3729509094963591
2.22399999999997e-08,2.0,0.0001018981975250397,0.7209738408825119,0.5502114955473695,0.5060603752437524,0.1781508539867583,0.0005353372149052865,5.443715320680263e-05,5.25364752056238,9.834041337018137,18369.8070360343,0.37206064156061114
2.22599999999997e-08,2.0,0.0001020287641056785,0.7212953225901717,0.5494721217475129,0.5060703662566798,0.1782955022466028,0.0005354636698109042,5.456794327961441e-05,5.248163812918811,9.812788198138737,18325.77773503114,0.37117661950091013
2.22799999999997e-08,2.0,0.0001021511831952413,0.7216014392906531,0.5487338004681281,0.5060803251386617,0.1784330703191913,0.0005355745241091892,5.469521393911483e-05,5.242959554416222,9.791981519724482,18283.13536012807,0.37030073014893683
2.22999999999997e-08,2.0,0.0001022651933649854,0.7218915462577987,0.5479981113285629,0.506090230583453,0.1785632681802912,0.0005356696526243418,5.481867389521933e-05,5.238044663995531,9.77166382478028,18241.95897024807,0.3694348431482717
2.23199999999997e-08,2.0,0.0001023705520570415,0.722165032484271,0.5472666281298949,0.5061000613658294,0.1786858213507742,0.000535748964696191,5.49380377610379e-05,5.233428478203074,9.751876596439793,18202.32466892367,0.3685808067791207
2.23399999999997e-08,2.0,0.000102467036073922,0.722421321968422,0.5465409153252629,0.506109796447191,0.1788004714555878,0.0005358124033701602,5.50530268602197e-05,5.229119740787763,9.732660199240168,18164.30552563462,0.36774044386967514
2.23599999999997e-08,2.0,0.0001025544420907539,0.7226598749274371,0.5458225245156298,0.5061194149651449,0.1789069767866605,0.0005358599447111832,5.516337002859963e-05,5.225126591368026,9.714053808412446,18127.97150503218,0.36691554772896934
2.237999999999969e-08,2.0,0.0001026325870405255,0.7228801889341948,0.5451129909798129,0.5061288963381168,0.1790051127925889,0.000535891596851266,5.526880442965269e-05,5.221456556839961,9.696095335902557,18093.38939605291,0.366107878187224
2.239999999999969e-08,2.0,0.0001027013085202238,0.723081799975452,0.5444138302484035,0.5061382202540092,0.1790946725699795,0.000535907399177994,5.536907635725996e-05,5.218116541786041,9.678821364476784,18060.62274811418,0.36531915767842404
2.241999999999969e-08,2.0,0.000102760465068966,0.7232642834291225,0.5437265347300378,0.506147366773309,0.1791754672797613,0.0005359074212754715,5.546394204506293e-05,5.215112821536414,9.66226707867359,18029.7318064325,0.36455106745027654
2.243999999999969e-08,2.0,0.0001028099364660477,0.7234272549585936,0.5430525703992178,0.5061563163163256,0.1792473265631797,0.0005358917620235115,5.555316845529515e-05,5.212451034169236,9.646466203898978,18000.77345371798,0.36380524383603813
2.245999999999969e-08,2.0,0.0001028496239008333,0.7235703713221935,0.5423933735536225,0.5061650497643229,0.1793100988812533,0.0005358605484680298,5.563653406620038e-05,5.210136175086245,9.631450942476468,17973.80115033995,0.3630832746723692
2.247999999999969e-08,2.0,0.0001028794501624243,0.723693331096109,0.5417503476495473,0.5061735484448631,0.1793636518522691,0.0005358139348667944,5.571382963044724e-05,5.208172590476963,9.617251917896803,17948.86488028291,0.3623866957972782
2.249999999999969e-08,2.0,0.0001028993597018451,0.7237958753092274,0.5411248602227776,0.5061817942305081,0.1794078725115408,0.0005357521015245957,5.578485892356664e-05,5.206563973294932,9.603898116129573,17926.01109505619,0.36171698771123684
2.251999999999969e-08,2.0,0.0001029093187146255,0.7238777879885672,0.5405182399028532,0.5061897695218343,0.1794426675678668,0.0005356752538200804,5.584943945450341e-05,5.205313358086433,9.59141683519415,17905.2826629465,0.3610755723349864
2.253999999999969e-08,2.0,0.0001029093150973374,0.7239388966141485,0.539931773527297,0.5061974573432892,0.1794679635813901,0.0005355836210391488,5.590740315734231e-05,5.204423118284645,9.579833631904448,17886.71881585454,0.36046380994590693
2.255999999999969e-08,2.0,0.0001028993584258355,0.7239790724823454,0.53936670336299,0.5062048413234727,0.1794837071371361,0.0005354774554150264,5.595859703617153e-05,5.203894962336043,9.56917227694066,17870.355101176,0.35988299622585385
2.257999999999969e-08,2.0,0.0001028794798095498,0.7239982309769539,0.5388242244404475,0.5062119057877682,0.1794898649394011,0.0005353570309904127,5.600288378230607e-05,5.20372993226417,9.559454707215577,17856.22333105544,0.3593343595010464
2.259999999999969e-08,2.0,0.0001028497317693761,0.7239963317474065,0.5383054820073493,0.5062186357355457,0.1794864239011311,0.0005352226426994965,5.604014233591652e-05,5.203928401062811,9.550700986647362,17844.351536543,0.35881905810621817
2.261999999999969e-08,2.0,0.000102810187994294,0.7239733787937561,0.537811569106194,0.5062250169292306,0.1794733911539255,0.0005350746052854991,5.607026841160016e-05,5.204490072517276,9.54292926435857,17834.76391907398,0.3583381779522685
2.263999999999969e-08,2.0,0.0001027609431239577,0.7239294204582511,0.5373435242815643,0.5062310358681091,0.1794507940526624,0.0005349132524489964,5.609317496023591e-05,5.20541397987009,9.536155741374827,17827.48080686988,0.3578927302289019
2.265999999999969e-08,2.0,0.0001027021124131428,0.72386454932352,0.5369023294209623,0.5062366798735595,0.1794186801008476,0.0005347389358426787,5.610879258712109e-05,5.206698486924831,9.530394634893995,17822.51860877745,0.35748364932011467
2.267999999999969e-08,2.0,0.0001026338314249239,0.7237789020175786,0.5364889077338044,0.5062419370592045,0.1793771168705503,0.000534552024305155,5.611706989925692e-05,5.208341288026595,9.525658151161476,17819.88977320502,0.3571117908632541
2.269999999999969e-08,2.0,0.0001025562556091911,0.7236726589260718,0.536104121871621,0.5062467964120642,0.1793261918434803,0.0005343529029492276,5.611797380237744e-05,5.210339410508904,9.521956456072006,17819.60274477399,0.35677793002814073
2.271999999999969e-08,2.0,0.000102469559912925,0.7235460438123554,0.5357487721931588,0.5062512477588419,0.1792660122469547,0.0005341419724944867,5.611148972132375e-05,5.212689216065654,9.519297654496233,17821.66192639821,0.35648275994620404
2.273999999999969e-08,2.0,0.000102373938279543,0.7233993233462179,0.5354235951765274,0.5062552818428228,0.1791967048117387,0.0005339196484592633,5.609762176507521e-05,5.215386404634763,9.51768776749938,17826.06763951216,0.3562268903647887
2.275999999999969e-08,2.0,0.0001022696031832057,0.7232328065422349,0.5351292619812158,0.5062588902861329,0.1791184155254175,0.0005336863605989689,5.607639281096309e-05,5.218426017269415,9.517130718412252,17832.81609020502,0.3560108464557983
2.277999999999969e-08,2.0,0.0001021567850560886,0.7230468441089402,0.5348663771612479,0.5062620656622451,0.1790313093087048,0.0005334425522053916,5.604784453018464e-05,5.221802441580817,9.517628316965972,17841.89933408498,0.35583506785254304
2.279999999999968e-08,2.0,0.0001020357317538942,0.7228418277101821,0.5346354775314648,0.5062648014541137,0.1789355696882395,0.0005331886796511097,5.601203733021446e-05,5.225509416243213,9.519180252411436,17853.30524766633,0.35569990784322525
2.281999999999968e-08,2.0,0.0001019067079183139,0.7226181891402237,0.5344370311873866,0.5062670921221939,0.1788313983937251,0.0005329252117931395,5.596905023709417e-05,5.22954003814147,9.521784084875122,17867.01749920419,0.35560563279366153
2.283999999999968e-08,2.0,0.0001017699943810208,0.7223763994143202,0.5342714366798358,0.506268933058392,0.1787190149528362,0.0005326526296171365,5.591898069437251e-05,5.233886768664616,9.52543524583131,17883.01552679476,0.3555524217269996
2.285999999999968e-08,2.0,0.0001016258874686069,0.7221169677766931,0.5341390223440121,0.5062703206495656,0.178598656212195,0.0005323714257358424,5.586194430254114e-05,5.238541442721409,9.530127036978644,17901.27451676454,0.3555403661318171
2.287999999999968e-08,2.0,0.0001014746983523092,0.7218404406279884,0.5340400457834691,0.5062712522272758,0.1784705758577208,0.0005320821041203958,5.579807447697523e-05,5.243495276990564,9.535850638357719,17921.76539017748,0.3555694699257483
2.289999999999968e-08,2.0,0.0001013167523026441,0.7215474003744768,0.5339746935079714,0.5062717261267718,0.1783350438631094,0.000531785179677897,5.572752204904012e-05,5.248738880976973,9.542595115030002,17944.45479057909,0.35563964964486205
2.291999999999968e-08,2.0,0.0001011523879920065,0.7212384642014226,0.5339430807250015,0.5062717416325737,0.1781923459396023,0.0005314811780512887,5.565045478961299e-05,5.254262267392574,9.550347433108277,17969.30508080317,0.3557507347853992
2.293999999999968e-08,2.0,0.0001009819567060774,0.7209142827732009,0.5339452512832538,0.5062712990329993,0.1780427829162533,0.0005311706352548444,5.556705688040019e-05,5.260054865427575,9.559092474487358,17996.27434205038,0.35590246836700046
2.295999999999968e-08,2.0,0.0001008058216062831,0.7205755388629053,0.5339811777672719,0.5062703995616332,0.1778866701237364,0.0005308540975190406,5.547752831349466e-05,5.266105533432982,9.568813061015781,18025.31638304359,0.35609450764353556
2.297999999999968e-08,2.0,0.0001006243569048711,0.7202229459143276,0.5340507617409767,0.5062690454474914,0.1777243367113046,0.0005305321209582107,5.538208424512468e-05,5.272402574574004,9.57948997748155,18056.38075255412,0.35632642502967204
2.299999999999968e-08,2.0,0.0001004379470940197,0.7198572465393428,0.5341538341386992,0.5062672398524882,0.1775561249698474,0.0005302052714327907,5.528095428514079e-05,5.278933751973943,9.591102004100296,18089.4127630643,0.3565977091688518
2.301999999999968e-08,2.0,0.0001002469860912974,0.7194792109538601,0.5342901558009184,0.5062649869173479,0.177382389591057,0.0005298741242199955,5.517438174858721e-05,5.285686306900352,9.603625947898607,18124.35351893374,0.3569077662098614
2.303999999999968e-08,2.0,0.0001000518764420216,0.7190896353556367,0.5344594181528394,0.5062622916952191,0.1772034969355216,0.0005295392638630632,5.506262285186387e-05,5.292646976509219,9.617036683626456,18161.13995677832,0.35725592121731775
2.305999999999968e-08,2.0,9.985302844162097e-05,0.7186893402473701,0.5346612440225339,0.5062591601934879,0.1770198242401632,0.0005292012838137371,5.494594588001293e-05,5.299802014689359,9.631307193607505,18199.70489148971,0.35764141978237074
2.307999999999968e-08,2.0,9.965085931767009e-05,0.7182791687085998,0.5348951885963275,0.5062555993037055,0.1768317588376971,0.0005288607862368133,5.482463030843702e-05,5.307137212515653,9.646408617103367,18239.97707552456,0.35806342975863037
2.309999999999968e-08,2.0,9.94457923355055e-05,0.7178599846200605,0.5351607405077343,0.5062516168394916,0.1766396973189323,0.0005285183815926317,5.46989659055402e-05,5.31463792184255,9.662310298613901,18281.88126493841,0.358521043188802
2.311999999999968e-08,2.0,9.923825596620127e-05,0.7174326708442232,0.5354573230572264,0.5062472214629699,0.1764440447104178,0.0005281746883654297,5.456925180022066e-05,5.322289078536423,9.678979845629732,18325.3382996898,0.3590132783468086
2.313999999999968e-08,2.0,9.902868298163873e-05,0.7169981273658593,0.5357842955587455,0.5062424227189731,0.1762452135986462,0.0005278303325550279,5.44357955404367e-05,5.330075228865836,9.69638318526893,18370.26519171869,0.3595390819600993
2.315999999999968e-08,2.0,9.881750961454955e-05,0.7165572693965421,0.5361409548099041,0.5062372309582104,0.1760436232731503,0.000527485947299241,5.429891212721042e-05,5.337980555535649,9.714484630252947,18416.57522819646,0.36009733153675383
2.317999999999968e-08,2.0,9.860517464910557e-05,0.7161110254470779,0.5365265366814191,0.506231657368005,0.1758396988200611,0.0005271421722464782,5.415892304980246e-05,5.345988906870465,9.733246943661317,18464.17808346075,0.360686837861358
2.319999999999968e-08,2.0,9.839211857903266e-05,0.7156603353719291,0.5369402178224159,0.5062257138924358,0.1756338702382781,0.0005267996530457635,5.401615530668587e-05,5.354083825618106,9.752631412857307,18512.97994687572,0.36130634758413777
2.321999999999967e-08,2.0,9.817878269965908e-05,0.7152061483897423,0.5373811174768384,0.5062194132598665,0.1754265715101542,0.0005264590405759662,5.38709404373557e-05,5.362248580864221,9.77259792203115,18562.88366012208,0.3619545459666842
2.323999999999967e-08,2.0,9.796560826997969e-05,0.7147494210841583,0.5378482994073026,0.5062127689003206,0.1752182396986568,0.0005261209902816773,5.372361354971813e-05,5.370466199511199,9.793105033688445,18613.78887096933,0.3626300597086458
2.325999999999967e-08,2.0,9.775303561197909e-05,0.7142911153891067,0.538340773921363,0.5062057949700715,0.1750093140032098,0.0005257861612401541,5.357451236722536e-05,5.378719500797366,9.814110068537143,18665.59219700445,0.36333145991815324
2.327999999999967e-08,2.0,9.75415032823854e-05,0.7138321965628349,0.5388574999962733,0.5061985062665342,0.1748002348459545,0.0005254552153272238,5.342397628048024e-05,5.386991130290858,9.835569194036418,18718.18740615484,0.3640572651503188
2.329999999999967e-08,2.0,9.733144718494143e-05,0.7133736311549327,0.5393973874969634,0.5061909182501984,0.1745914429209371,0.000525128816109495,5.327234542648016e-05,5.395263596817894,9.85743751106683,18771.46560742431,0.36480594457602633
2.331999999999967e-08,2.0,9.712329975743388e-05,0.71291638497064,0.5399592994830966,0.5061830469573324,0.1743833782777006,0.0005248076278314151,5.311995978009767e-05,5.403519308740778,9.879669148922124,18825.31545844031,0.36557592120539606
2.333999999999967e-08,2.0,9.691748910241155e-05,0.7124614210367208,0.5405420545997077,0.5061749090195501,0.1741764793720678,0.0005244923141276446,5.29671582798812e-05,5.411740613028316,9.902217358088198,18879.62338315279,0.3663655752276399
2.335999999999967e-08,2.0,9.671443819488107e-05,0.7120096975731883,0.5411444295471094,0.5061665215746338,0.173971182155307,0.0005241835368300365,5.28142779725732e-05,5.419909833515259,9.925034610948359,18934.27380602092,0.3671732473918024
2.337999999999967e-08,2.0,9.651456403675124e-05,0.7115621659751556,0.5417651616243822,0.5061579022840456,0.1737679191347258,0.0005238819545029632,5.266165319729346e-05,5.428009311776239,9.948072699887971,18989.14939592885,0.3679972424896564
2.339999999999967e-08,2.0,9.631827689036648e-05,0.7111197688090589,0.5424029513419857,0.5061490692421678,0.1735671184765879,0.0005235882210770805,5.250961479355467e-05,5.436021446992243,9.971282842877544,19044.13132588331,0.3688358328653978
2.341999999999967e-08,2.0,9.61259794616934e-05,0.7106834378274768,0.5430564650976673,0.5061400409920767,0.1733692030845997,0.0005233029842185208,5.235848935289572e-05,5.443928738219428,9.994615786018265,19099.0995416237,0.36968726201306756
2.343999999999967e-08,2.0,9.593806616457309e-05,0.7102540920067231,0.5437243379110847,0.5061308364335163,0.1731745897245631,0.0005230268838044112,5.22085984980748e-05,5.451713825420273,10.01802191307047,19153.93304489633,0.37054974818652153
2.345999999999967e-08,2.0,9.575492233737243e-05,0.7098326356113506,0.5444051762112205,0.5061214748372455,0.1729836881286265,0.000522760550144899,5.206025820846394e-05,5.459359532652362,10.04145135146311,19208.51018440435,0.371421488082594
2.347999999999967e-08,2.0,9.557692354251306e-05,0.7094199562896378,0.5450975606719343,0.5061119757520582,0.1727969001493982,0.0005225046023232501,5.191377817538011e-05,5.466848909759075,10.06485408474943,19262.70895987774,0.3723006605225361
2.349999999999967e-08,2.0,9.54044348209694e-05,0.709016923204074,0.5458000490896526,0.5061023590180161,0.1726146188975183,0.0005222596462972868,5.17694612049084e-05,5.474165275944241,10.0881800610235,19316.40733215101,0.37318543019213435
2.351999999999967e-08,2.0,9.523781003126709e-05,0.7086243852007761,0.5465111792985164,0.5060926446728383,0.1724372279325899,0.0005220262731341394,5.162760265177655e-05,5.481292261562696,10.11137930721205,19369.4835443921,0.3740739513659266
2.353999999999967e-08,2.0,9.507739114583638e-05,0.708243169021696,0.5472294721169676,0.5060828529643236,0.1722651004412445,0.0005218050570245296,5.148848990083442e-05,5.488213851496789,10.13440203877631,19421.81644724822,0.3749643716757231
2.355999999999967e-08,2.0,9.492350763331115e-05,0.7078740775633824,0.5479534343210838,0.5060730042564106,0.1720985984718393,0.000521596553448675,5.135240187957892e-05,5.494914426442235,10.15719877469054,19473.28583276385,0.3758548358492445
2.357999999999967e-08,2.0,9.477647580035308e-05,0.7075178881859635,0.5486815616386617,0.5060631190411048,0.171938072159712,0.0005214012971426794,5.121960861736049e-05,5.501378805464469,10.17972044725766,19523.77276973291,0.37674348947894964
2.359999999999967e-08,2.0,9.463659822069133e-05,0.7071753510759151,0.5494123417594045,0.506053217844507,0.1717838590120954,0.0005212198002373183,5.109037083466437e-05,5.507592286143758,10.20191851658425,19573.15994507342,0.3776284827473091
2.361999999999966e-08,2.0,9.450416312566559e-05,0.7068471876660577,0.5501442573552552,0.5060433212385378,0.1716362831867534,0.0005210525502204303,5.096493957729105e-05,5.51354068566438,10.22374507930548,19621.33200380718,0.3785079741685018
2.363999999999966e-08,2.0,9.437944388307657e-05,0.7065340891161155,0.5508757891063059,0.5060334497472284,0.1714956548330219,0.000520900008094224,5.084355587884677e-05,5.519210379165993,10.24515298134256,19668.17589200219,0.379380134273284
2.365999999999966e-08,2.0,9.42626984393326e-05,0.706236714857033,0.551605418726407,0.5060236238585348,0.1713622694294462,0.000520762606380725,5.072645046566716e-05,5.524588338709636,10.2660959243184,19713.58119521537,0.3802431492969608
2.367999999999966e-08,2.0,9.415416885086178e-05,0.7059556912021187,0.552331631984002,0.5060138639311568,0.1712364071862926,0.0005206407473457125,5.061384348768046e-05,5.529662169180948,10.28652857537756,19757.44047660405,0.3810952247977094
2.369999999999966e-08,2.0,9.405408078043242e-05,0.7056916100279371,0.5530529217124137,0.5060041902067239,0.1711183324472136,0.0005205348010959251,5.050594428872851e-05,5.53442014448457,10.30640667007772,19799.64960724775,0.3819345892652001
2.371999999999966e-08,2.0,9.39626430835779e-05,0.7054450275277325,0.5537677908052385,0.5059946227174189,0.1710082931579567,0.0005204451039185505,5.040295120001902e-05,5.538851240361512,10.3256871180661,19840.1080927107,0.3827594976472818
2.373999999999966e-08,2.0,9.388004736142709e-05,0.7052164630400041,0.5544747551911849,0.5059851812987819,0.1709065203364939,0.0005203719565190023,5.030505136973694e-05,5.54294516718785,10.34432810125413,19878.71938843881,0.38356823485469105
2.375999999999966e-08,2.0,9.38064676043707e-05,0.7050063979547042,0.5551723467841443,0.5059758854984018,0.1708132276120374,0.0005203156225241379,5.021242061269955e-05,5.546692399102332,10.36228917417579,19915.39120794912,0.38435911917210686
2.377999999999966e-08,2.0,9.374205980353952e-05,0.7048152746993616,0.5558591164029746,0.5059667545895917,0.1707286107674395,0.0005202763269078497,5.012522329270227e-05,5.550084202828113,10.37953135629416,19950.03581651057,0.3851305056355351
2.379999999999966e-08,2.0,9.36869616538069e-05,0.7046434958072642,0.556533636656904,0.5059578074813836,0.1706528473520202,0.0005202542547039133,5.004361222170087e-05,5.55311266255731,10.39601722591701,19982.57031426602,0.38588078930488384
2.381999999999966e-08,2.0,9.364129222593976e-05,0.7044914230696663,0.557194504791183,0.5059490627333114,0.1705860962994331,0.0005202495496635623,4.996772858818394e-05,5.555770704273888,10.41171100554264,20012.91690165948,0.38660840849174993
2.383999999999966e-08,2.0,9.360515173094788e-05,0.7043593767738036,0.5578403454890202,0.5059405384669406,0.1705284976171933,0.0005202623132200379,4.989770189918207e-05,5.558052115909518,10.4265786482757,20041.00313117611,0.3873118478718269
2.385999999999966e-08,2.0,9.357862125489147e-05,0.7042476350283214,0.5584698136245555,0.5059322523819882,0.1704801720825974,0.0005202926034178258,4.983364994806153e-05,5.559951566720788,10.44058791519574,20066.76213847946,0.38798964154195814
2.387999999999966e-08,2.0,9.35617625865766e-05,0.7041564331775381,0.5590815969630454,0.5059242216696037,0.1704412210112421,0.0005203404341658127,4.977567879287353e-05,5.561464622313001,10.4537084533001,20090.13285707661,0.3886403759518033
2.389999999999966e-08,2.0,9.355461801701965e-05,0.7040859633057753,0.5596744188031199,0.5059164630300386,0.170411726032997,0.0005204057744720643,4.972388275727734e-05,5.562587758713647,10.46591186397045,20111.06020986756,0.3892626927701228
2.391999999999966e-08,2.0,9.355721023252849e-05,0.7040363738328012,0.5602470405574003,0.505908992587885,0.1703917489412179,0.0005204885480161392,4.967834443914967e-05,5.56331837195567,10.47717177156897,20129.49528189061,0.3898552916161824
2.393999999999966e-08,2.0,9.356954218087371e-05,0.7040077692012359,0.5607982642664521,0.5059018259115067,0.1703813315501855,0.0005205886327163841,4.963913473883142e-05,5.56365478658955,10.48746388218449,20145.39546793763,0.39041693271626654
2.395999999999966e-08,2.0,9.359159703185796e-05,0.7040002096565812,0.5613269350424565,0.5058949779304386,0.1703804956261419,0.0005207058606445793,4.960631289247404e-05,5.563596259622448,10.49676604212158,20158.72459958042,0.3909464394163146
2.397999999999966e-08,2.0,9.362333811232227e-05,0.7040137111203343,0.5618319434376672,0.5058884629567671,0.1703892428270453,0.0005208400179449705,4.957992652242772e-05,5.563142983319581,10.50505828622731,20169.45304563219,0.3914427006106219
2.399999999999966e-08,2.0,9.366470893637052e-05,0.7040482451564548,0.5623122277341218,0.5058822946048924,0.1704075547159941,0.0005209908451062826,4.956001169047558e-05,5.562296083407229,10.51232288563819,20177.55779085459,0.3919046730181277
2.401999999999966e-08,2.0,9.37156332113857e-05,0.7041037390312554,0.5627667761497538,0.5058764858150534,0.1704353927835772,0.0005211580372432575,4.954659296589843e-05,5.561057616127923,10.51854438511961,20183.02248730347,0.39233138336617657
2.403999999999965e-08,2.0,9.377601494011996e-05,0.7041800758665892,0.5631946289574606,0.5058710487756302,0.1704726985436959,0.0005213412447324349,4.953968349450631e-05,5.559430560729752,10.52370963957105,20185.8374834166,0.39272193041376474
2.405999999999965e-08,2.0,9.384573849989949e-05,0.7042770948860123,0.5635948805123394,0.505865994949016,0.1705193936382352,0.0005215400738581416,4.953928508069869e-05,5.557418810855014,10.52780783995089,20185.99982561348,0.3930754868741042
2.407999999999965e-08,2.0,9.39246688187536e-05,0.7043945917534024,0.563966681183722,0.505861334996642,0.1705753800147264,0.000521754087809498,4.954538826901035e-05,5.555027161452701,10.53083053818441,20183.51323780986,0.39339130116899557
2.409999999999965e-08,2.0,9.401265152991922e-05,0.7045323190033198,0.5643092391873041,0.5058570788073717,0.1706405401125043,0.0005219828076838668,4.955797243731293e-05,5.552261294692678,10.53277166139384,20178.38807398596,0.39366869907479984
2.411999999999965e-08,2.0,9.410951322405127e-05,0.7046899865622064,0.564621822314081,0.505853235425439,0.1707147371210942,0.0005222257138336266,4.957700588842502e-05,5.549127761548549,10.53362752500455,20170.64124950464,0.3939070851929868
2.413999999999965e-08,2.0,9.42150616809422e-05,0.7048672623593215,0.5649037595514652,0.5058498130815471,0.1707978152464501,0.0005224822472112553,4.960244595243973e-05,5.545633962536368,10.53339683515257,20160.29614666239,0.3941059443050151
2.415999999999965e-08,2.0,9.432908619959627e-05,0.705063773026132,0.5651544425934222,0.505846819123899,0.1708896000483682,0.000522751811045762,4.963423908678845e-05,5.541788124317673,10.53208068993863,20147.38250044369,0.394264842545054
2.417999999999965e-08,2.0,9.445135790875147e-05,0.7052791046826798,0.5653733272350893,0.5058442600521733,0.1709898987848262,0.0005230337725051745,4.96723209865158e-05,5.537599275659161,10.52968257004054,20131.93626026581,0.3943834284502631
2.419999999999965e-08,2.0,9.458163017618297e-05,0.7055128038092741,0.5655599346488761,0.5058421414518285,0.1710985008261448,0.0005233274646743894,4.97166166920129e-05,5.533077219497528,10.52620832822003,20113.99943392875,0.3944614338227313
2.421999999999965e-08,2.0,9.471963899911423e-05,0.705764378201668,0.5657138525376494,0.5058404680311277,0.1712151780748528,0.000523632188503062,4.976704070687426e-05,5.528232504601965,10.52166616832279,20093.61990981054,0.39449867446279663
2.423999999999965e-08,2.0,9.486510349353139e-05,0.7060332980077139,0.5658347361621842,0.5058392435588813,0.1713396854537152,0.0005239472150492904,4.982349711331921e-05,5.523076393620538,10.5160666232966,20070.85126372376,0.39449505070846896
2.425999999999965e-08,2.0,9.501772636488633e-05,0.7063189968433072,0.565922309238714,0.5058384709046982,0.1714717613979464,0.0005242717876740079,4.98858796980437e-05,5.517620830998283,10.50942252291419,20045.75254667135,0.3944505478407676
2.427999999999965e-08,2.0,9.517719447743977e-05,0.7066208729852749,0.5659763647039795,0.5058381519803211,0.1716111284136233,0.0005246051245085719,4.995407207611069e-05,5.511878407587223,10.50174896071088,20018.38806006419,0.3943652362903562
2.429999999999965e-08,2.0,9.534317940480377e-05,0.7069382906386904,0.565996765343904,0.5058382877832588,0.1717574936384493,0.0005249464208509654,5.002794782595007e-05,5.50586232542665,10.49306325091092,19988.827114777,0.3942392717054547
2.431999999999965e-08,2.0,9.55153380783775e-05,0.707270581275951,0.5659834442836177,0.5058388783418689,0.1719105494664579,0.0005252948518101769,5.010737062320757e-05,5.499586359544381,10.48338488483535,19957.14378069647,0.3940728948171598
2.433999999999965e-08,2.0,9.569331341624296e-05,0.7076170450447933,0.5659364053353017,0.5058399227625182,0.1720699741729235,0.0005256495748549987,5.019219438672935e-05,5.493064820242225,10.47273547764986,19923.41662321097,0.3938664311623782
2.435999999999965e-08,2.0,9.587673504864797e-05,0.7079769522422837,0.5658557232019933,0.5058414191785392,0.1722354326006509,0.0005260097325842425,5.028226342451558e-05,5.48631251274283,10.46113871492471,19887.72843333144,0.3936202906013424
2.437999999999965e-08,2.0,9.606522002257874e-05,0.7083495448516787,0.5657415435342616,0.5058433648010505,0.1724065768440159,0.0005263744553757916,5.037741259314646e-05,5.479344697641401,10.4486202899472,19850.16594790428,0.39333496669024576
2.439999999999965e-08,2.0,9.625837360098594e-05,0.7087340381389179,0.5655940828384005,0.505845755871899,0.1725830469915395,0.0005267428642293021,5.047746745857282e-05,5.472177049061465,10.43520784123339,19810.81956658595,0.39301103584686103
2.441999999999965e-08,2.0,9.645579003905007e-05,0.7091296223053878,0.5654136282335843,0.5058485877182433,0.1727644718634706,0.0005271140734615223,5.058224447199072e-05,5.464825613933495,10.42093088125825,19769.78306199397,0.3926491563701137
2.443999999999965e-08,2.0,9.665705345247512e-05,0.7095354641934751,0.5652005370572327,0.5058518547095772,0.1729504698047579,0.0005274871935672255,5.069155114870914e-05,5.457306769314235,10.40582072582046,19727.15328963582,0.3922500672524748
2.445999999999964e-08,2.0,9.686173866006865e-05,0.7099507090413175,0.5649552363166714,0.5058555503161419,0.1731406494700304,0.0005278613339066908,5.080518626394972e-05,5.449637181135326,10.38991041513512,19683.02989392992,0.39181458684664106
2.447999999999964e-08,2.0,9.706941211500303e-05,0.7103744822830559,0.56467822198702,0.5058596670700962,0.1733346106605566,0.0005282356055312349,5.092294005345404e-05,5.441833761315181,10.37323463603522,19637.51501681355,0.3913436113264634
2.449999999999964e-08,2.0,9.727963280688639e-05,0.7108058913907971,0.5643700581541314,0.5058641966277972,0.1735319451499628,0.0005286091238100925,5.104459443305536e-05,5.433913626587747,10.35582963644387,19590.71300510563,0.3908381130041686
2.451999999999964e-08,2.0,9.749195324845611e-05,0.7112440277544071,0.564031376003299,0.5058691297351396,0.1737322375582854,0.0005289810111690122,5.116992322501094e-05,5.425894055995365,10.33773314145713,19542.73012298009,0.3902991384450136
2.453999999999964e-08,2.0,9.770592042889002e-05,0.7116879685951754,0.5636628726533739,0.5058744562937159,0.1739350662113172,0.0005293503996065506,5.129869240545616e-05,5.417792450360858,10.31898426226257,19493.67426553819,0.3897278064420567
2.455999999999964e-08,2.0,9.792107684700532e-05,0.712136778909321,0.5632653098378697,0.5058801653302933,0.1741400040444399,0.0005297164332976622,5.143066036065432e-05,5.409626290696463,10.29962340718666,19443.65467967088,0.3891253057934298
2.457999999999964e-08,2.0,9.813696150619881e-05,0.712589513437246,0.5628395124335868,0.5058862450668271,0.1743466194880967,0.0005300782709534895,5.156557816658211e-05,5.401413098824134,10.27969218615326,19392.78168799949,0.38849289294549005
2.459999999999964e-08,2.0,9.835311098392204e-05,0.7130452186543891,0.5623863668392768,0.5058926828940108,0.1745544773937575,0.0005304350882465443,5.170318987935931e-05,5.393170397172484,10.25923331779384,19341.16642190417,0.3878318894455193
2.461999999999964e-08,2.0,9.856906045742249e-05,0.7135029347794869,0.5619068192058156,0.505899465445049,0.1747631399377157,0.0005307860799733282,5.184323285121372e-05,5.384915670982611,10.23829053054321,19288.92055921603,0.38714367926809995
2.463999999999964e-08,2.0,9.878434479811363e-05,0.7139616977960124,0.5614018735213797,0.5059065785731762,0.1749721675612637,0.0005311304622634029,5.198543805927051e-05,5.376666329894424,10.21690846690263,19236.15607239595,0.38642970596011605
2.465999999999964e-08,2.0,9.899849961623843e-05,0.7144205414825332,0.5608725895540901,0.5059140074290537,0.1751811198848023,0.0005314674745103206,5.212953046197678e-05,5.368439672102092,10.19513258225052,19182.98498255991,0.3856914696692878
2.467999999999964e-08,2.0,9.921106236781542e-05,0.7148784994477143,0.560320080656612,0.5059217364420899,0.1753895566541328,0.0005317963813334455,5.227522937017417e-05,5.360252848055858,10.17300904731876,19129.51912499027,0.3849305240024792
2.469999999999964e-08,2.0,9.942157340552512e-05,0.7153346071656783,0.5597455114361604,0.5059297494012769,0.1755970386567463,0.0005321164742495562,5.242224884771223e-05,5.352122826854847,10.15058464575539,19075.86992128136,0.38414847277941405
2.471999999999964e-08,2.0,9.96295770852176e-05,0.7157879040074367,0.5591500952954118,0.5059380294401018,0.1758031286660652,0.000532427073363418,5.257029812827571e-05,5.344066362313628,10.12790667582393,19022.14816358698,0.38334696662934664
2.473999999999964e-08,2.0,9.98346228097711e-05,0.716237435264114,0.558535091848746,0.5059465591205754,0.1760073923517364,0.0005327275287597792,5.2719082063358e-05,5.3360999618033,10.10502284769574,18968.46380591749,0.38252769949700954
2.475999999999964e-08,2.0,0.0001000362661217386,0.7166822541577024,0.5579018042202784,0.5059553204214675,0.1762093992136792,0.0005330172219062191,5.286830158764895e-05,5.328239854856172,10.08198118531468,18914.92576779919,0.3816924050065992
2.477999999999964e-08,2.0,0.0001002340697266636,0.7171214238351146,0.557251576229059,0.5059642948252427,0.1764087234782784,0.0005332955667528485,5.301765421675505e-05,5.320501964591916,10.05882992432193,18861.64174506182,0.38084285275078056
2.479999999999964e-08,2.0,0.0001004276045583404,0.7175540193413313,0.5565857894687992,0.5059734633093027,0.1766049450142003,0.0005335620108385936,5.316683456305423e-05,5.312901878961299,10.03561741494701,18808.71803293143,0.3799808444545989
2.481999999999964e-08,2.0,0.0001006164507681318,0.7179791295674913,0.5559058602883663,0.5059828064354837,0.1767976502065303,0.0005338160360935421,5.3315534884532e-05,5.305454824824419,10.01239202138088,18756.25935603474,0.37910821008183604
2.483999999999964e-08,2.0,0.000100800198749535,0.7183958591698184,0.555213236681247,0.5059923043439359,0.1769864328465247,0.0005340571596473682,5.346344565186998e-05,5.298175641867665,9.989202026463266,18704.36871038115,0.3782268038347223
2.485999999999963e-08,2.0,0.000100978450080413,0.7188033304553454,0.5545093950909846,0.5060019368448082,0.1771708949759859,0.0005342849343366601,5.361025614849729e-05,5.291078759338316,9.966095533226365,18653.14721179579,0.3773385001149987
2.487999999999963e-08,2.0,0.0001011508184940833,0.7192006852304624,0.5537958371415104,0.5060116834143519,0.1773506477433772,0.0005344989492214236,5.375565508829291e-05,5.284178172610036,9.943120372052327,18602.69395578035,0.3764451893981332
2.489999999999963e-08,2.0,0.0001013169307620697,0.7195870866083979,0.553074086300028,0.5060215232883605,0.1775253122110519,0.0005346988298067631,5.389933126545138e-05,5.277487422523056,9.920324005012223,18553.10588317047,0.3755487740889761
2.491999999999963e-08,2.0,0.0001014764275997612,0.7199617207718223,0.5523456844819624,0.5060314354600594,0.1776945201705339,0.0005348842382801431,5.404097422055669e-05,5.27101957452355,9.89775343607107,18504.477656504,0.37465116431142853
2.493999999999963e-08,2.0,0.0001016289644782549,0.7203237986868669,0.5516121886061468,0.5060413987748382,0.1778579149055788,0.0005350548734632211,5.418027493712714e-05,5.264787200513839,9.875455118751598,18456.90154139007,0.373754273700568
2.495999999999963e-08,2.0,0.0001017742124537403,0.7206725577649419,0.5508751671102055,0.5060513919294507,0.1780151519598366,0.0005352104707886546,5.431692655198929e-05,5.258802360450932,9.853474869870986,18410.46729775575,0.3728600151503688
2.497999999999963e-08,2.0,0.0001019118588982434,0.7210072634688598,0.5501361964346612,0.5060613935675462,0.1781658998491969,0.0005353508020036273,5.445062509344707e-05,5.253076586576176,9.831857780968889,18365.26207520704,0.37197029658546427
2.499999999999963e-08,2.0,0.0001020416082432278,0.7213272108598767,0.5493968574860156,0.5060713822796867,0.178309840775505,0.0005354756749103071,5.458107022988355e-05,5.247620867329,9.810648135974626,18321.37031736861,0.37108701671051064
2.501999999999963e-08,2.0,0.0001021631826204862,0.7216317260823955,0.5486587320875234,0.5060813366991781,0.1784466712821274,0.0005355849328474794,5.470796604243144e-05,5.242445633801849,9.789889326758743,18278.87366941043,0.3702120608053959
2.503999999999963e-08,2.0,0.0001022763225119922,0.7219201677832036,0.5479233994280326,0.5060912355023791,0.1785761029079324,0.0005356784542232197,5.483102180362475e-05,5.237560745806244,9.769623775054422,18237.85089363212,0.3693472965201002
2.505999999999963e-08,2.0,0.0001023807872937982,0.7221919284622557,0.5471924325176372,0.5061010575043186,0.1786978627805423,0.0005357561518050248,5.49499527753132e-05,5.232975480385425,9.749892852423313,18198.37778731012,0.3684945697370948
2.507999999999963e-08,2.0,0.0001024763557858324,0.7224464357521573,0.546467394660465,0.5061107816587862,0.178811694205333,0.000535817972076714,5.506448100704291e-05,5.228698519862168,9.730736806693615,18160.527107703,0.367655700455132
2.509999999999963e-08,2.0,0.0001025628266933786,0.7226831536236527,0.5457498359532088,0.5061203871532153,0.1789173571914182,0.0005358638943704128,5.517433614783617e-05,5.224737942238693,9.712194686576728,18124.36849843671,0.3668324787617906
2.511999999999963e-08,2.0,0.0001026400190522694,0.7229015835145813,0.5450412898195113,0.5061298534080382,0.1790146289710025,0.0005358939300821483,5.527925625190751e-05,5.22110121105741,9.69430427283754,18089.96842220527,0.36602666084850877
2.513999999999963e-08,2.0,0.000102707772564292,0.7231012653799208,0.5443432695885079,0.506139160170329,0.1791033044537347,0.0005359081216809481,5.537898859092898e-05,5.217795167524404,9.677102007759117,18057.3900940437,0.3652399651347732
2.515999999999963e-08,2.0,0.0001027659479349936,0.7232817786607096,0.5436572651272766,0.5061482875119226,0.1791831966723516,0.000535906541818959,5.547329045278884e-05,5.214826022025563,9.660622931229367,18026.69342016157,0.364474068454925
2.517999999999963e-08,2.0,0.0001028144271011217,0.7234427431698044,0.5429847395350489,0.5061572159213228,0.1792541371616496,0.0005358892922537504,5.556192993919528e-05,5.2121993478251,9.644900615227115,17997.93493664384,0.36373060237339927
2.519999999999963e-08,2.0,0.0001028531134599928,0.7235838198926093,0.5423271259084161,0.50616592630011,0.1793159763269774,0.0005358565028890514,5.564468674158155e-05,5.209920074098721,9.629967104992657,17971.16775307014,0.36301114958143876
2.521999999999963e-08,2.0,0.0001028819319887714,0.7237047117010907,0.5416858241848119,0.5061744000526438,0.1793685837446944,0.0005358083306460598,5.572135290749163e-05,5.207992481081266,9.615852858698652,17946.4414954209,0.36231724044011754
2.523999999999963e-08,2.0,0.000102900829366008,0.7238051639795706,0.5410621980728695,0.5061826190803027,0.1794118484507066,0.0005357449584700776,5.579173357655201e-05,5.206420194504138,9.60258669386891,17923.80225339112,0.3616503496221629
2.525999999999963e-08,2.0,0.0001029097739841381,0.7238849651609854,0.540457572076241,0.506190565868559,0.1794456791599104,0.0005356665941852339,5.585564769814368e-05,5.205206182095121,9.590195732401046,17903.29252655384,0.3610118929163306
2.527999999999962e-08,2.0,0.0001029087559653088,0.723943947172476,0.5398732286187491,0.5061982234786275,0.1794700044725993,0.0005355734695003672,5.591292870970765e-05,5.204352749338097,9.578705352405919,17884.95117456402,0.3604032241461498
2.529999999999962e-08,2.0,0.0001028977870699227,0.7239819857893739,0.5393104052766676,0.5062055756315081,0.1794847730110415,0.0005354658388791433,5.59634251878604e-05,5.203861537260702,9.568139138761948,17868.81336592887,0.35982563226562614
2.531999999999962e-08,2.0,0.0001028769006102036,0.7239990008968364,0.5387702921251977,0.5062126066966804,0.179489953542222,0.0005353439785755438,5.600700145126953e-05,5.203733519469369,9.558518840565585,17854.91053060711,0.3592803385829757
2.533999999999962e-08,2.0,0.000102846151258858,0.7239949566585803,0.5382540292040815,0.5062193017727576,0.1794855350303487,0.0005352081855478864,5.604353812768866e-05,5.203969001196136,9.549864327417678,17843.27031105026,0.3587684941737328
2.535999999999962e-08,2.0,0.0001028056148649857,0.7239698615923573,0.537762704108557,0.5062256466728894,0.1794715266750438,0.0005350587765503472,5.6072932664319e-05,5.204567617598243,9.542193552698238,17833.91651702091,0.3582911774335132
2.537999999999962e-08,2.0,0.0001027553881679652,0.723923768552016,0.5372973497097071,0.5062316280017273,0.1794479578792212,0.0005348960871149709,5.60950997942773e-05,5.205528334072519,9.535522515810548,17826.86907889266,0.3578493918304859
2.539999999999962e-08,2.0,0.0001026955885212471,0.7238567746161826,0.536858942009509,0.5062372331372549,0.1794148782024894,0.0005347204707208198,5.610997193877077e-05,5.206849445845676,9.529865231519384,17822.14400483458,0.35744406380701965
2.541999999999962e-08,2.0,0.000102626353517401,0.7237690208837999,0.5364483981337302,0.506242450303801,0.1793723572444961,0.0005345322978628427,5.611749955829289e-05,5.208528579600891,9.52523369840435,17819.7533366795,0.35707604088923417
2.543999999999962e-08,2.0,0.0001025478406260475,0.7236606921769524,0.5360665744670703,0.5062472685500701,0.1793204845139657,0.0005343319553146599,5.611765143308067e-05,5.21056269442054,9.521637874525835,17819.70510994179,0.3567460899531046
2.545999999999962e-08,2.0,0.0001024602267366174,0.723532016651604,0.5357142649327988,0.5062516778179973,0.1792593692282502,0.000534119845297276,5.611041488682272e-05,5.212948084804084,9.51908565236276,17822.00331287954,0.35645489570454864
2.547999999999962e-08,2.0,0.000102363707717193,0.7233832653170689,0.535392199420397,0.506255668916793,0.1791891400990873,0.0005338963848453544,5.609579593468448e-05,5.215680383057628,9.517582841092056,17826.64785012333,0.3562030593213097
2.549999999999962e-08,2.0,0.0001022584978819408,0.7232147514652261,0.5351010423625531,0.506259233587488,0.1791099450497577,0.000533662005082383,5.607381937043483e-05,5.218754563813188,9.517133148304122,17833.63450586094,0.3559910973127954
2.551999999999962e-08,2.0,0.0001021448294779544,0.7230268300106816,0.5348413914641943,0.506262364472863,0.1790219509192959,0.0005334171506937698,5.604452877472055e-05,5.222164947988253,9.51773816919615,17842.95491214943,0.3558194405448984
2.553999999999962e-08,2.0,0.0001020229520845647,0.7228198967432669,0.5346137765840319,0.5062650551775731,0.1789253430993173,0.0005331622793084546,5.600798646014921e-05,5.225905208942375,9.519397375369138,17854.59651743631,0.3556884334847146
2.555999999999962e-08,2.0,0.0001018931320354345,0.7225943874944479,0.5344186587704922,0.5062673002338793,0.1788203251590722,0.0005328978610754996,5.596427333632619e-05,5.22996837815316,9.522108111240277,17868.54256090026,0.35559833361142
2.557999999999962e-08,2.0,0.0001017556517570311,0.722350777219401,0.5342564294517372,0.5062690951573046,0.1787071184046585,0.0005326243781455046,5.591348871141237e-05,5.234346853166461,9.525865590225491,17884.77204778482,0.35554931104707876
2.559999999999962e-08,2.0,0.0001016108091332522,0.7220895789966884,0.5341274097808528,0.5062704364081255,0.1785859614279617,0.0005323423243408388,5.585575001452588e-05,5.239032405151832,9.53066289867019,17903.2597313605,0.35554144835289114
2.561999999999962e-08,2.0,0.0001014589167903223,0.7218113429476399,0.5340318501351956,0.506271321442542,0.1784571095916284,0.0005320522047238701,5.579119245644227e-05,5.244016188815516,9.536490999708565,17923.97609677778,0.3555747405435672
2.563999999999962e-08,2.0,0.0001013003014111465,0.7215166550777187,0.5339699297702654,0.5062717486699504,0.1783208345055773,0.0005317545353448423,5.571996861410881e-05,5.249288752007976,9.543338744993425,17946.88735245968,0.355649095264688
2.565999999999962e-08,2.0,0.0001011353029737781,0.7212061360423075,0.5339417566264187,0.5062717174996535,0.1781774234417386,0.0005314498428780995,5.564224795725743e-05,5.25484004777416,9.55119288649772,17971.95542437767,0.35576433318468015
2.567999999999962e-08,2.0,0.0001009642740225613,0.7208804398395197,0.5339473672881538,0.5062712282939638,0.178027178742472,0.0005311386644261775,5.555821630378508e-05,5.260659446186648,9.560038096291295,17999.13795885977,0.35592018854568186
2.569999999999961e-08,2.0,0.0001007875788671506,0.7205402524327832,0.5339867270936606,0.5062702824105293,0.1778704171697074,0.0005308215472001931,5.546807522290445e-05,5.266735748704575,9.569856986510338,18028.38832934786,0.35611630992395316
2.571999999999961e-08,2.0,0.0001006055928173239,0.720186290306103,0.5340597303938007,0.5062688821513506,0.1777074692502078,0.0005304990483541965,5.53720413738019e-05,5.273057202398292,9.580630137381767,18059.65565273757,0.3563522611435929
2.573999999999961e-08,2.0,0.0001004187013493451,0.7198192989550418,0.5341662009576404,0.5062670308008335,0.1775386785643601,0.000530171734681941,5.527034579936786e-05,5.279611516776213,9.592336125532341,18092.88481078107,0.3566275223932803
2.575999999999961e-08,2.0,0.000100227299311134,0.7194400513165974,0.5343058925231949,0.5062647325708525,0.1773644010338161,0.0005298401824521978,5.516323316367812e-05,5.286385880550443,9.60495156040034,18128.01648215289,0.3569414914893788
2.577999999999961e-08,2.0,0.0001000317900625788,0.7190493461412865,0.5344784894900043,0.5062619926346578,0.1771850041557528,0.0005295049770914416,5.505096095316503e-05,5.293366981069238,9.618451120988086,18164.98718070982,0.35729348533425154
2.579999999999961e-08,2.0,9.983258465756757e-05,0.7186480063108593,0.5346836077517296,0.5062588170681452,0.1770008662389899,0.0005291667129888472,5.493379863093666e-05,5.300541023747073,9.632807600726164,18203.7293054924,0.3576827415127397
2.581999999999961e-08,2.0,9.963010096466871e-05,0.7182368771051925,0.5349207956649406,0.5062552128797976,0.1768123755900704,0.000528825993133157,5.481202676434457e-05,5.307893754210332,9.647991952692403,18244.17119803539,0.35810842007487015
2.583999999999961e-08,2.0,9.942476283235919e-05,0.7178168244220053,0.5351895351518766,0.5062511879483427,0.1766199297044642,0.0005284834288555787,5.46859361158566e-05,5.315410480480426,9.663973342907465,18286.23721246023,0.35856960544741245
2.585999999999961e-08,2.0,9.921699919634416e-05,0.7173887329531556,0.5354892429329378,0.5062467510489231,0.1764239344113229,0.0005281396393893954,5.455582671727836e-05,5.323076097900567,9.68071920395129,18329.84779393491,0.3590653085216149
2.587999999999961e-08,2.0,9.90072432341648e-05,0.7169535043213486,0.535819271886311,0.5062419117873584,0.1762248030268325,0.0005277952515200303,5.442200691778378e-05,5.330875114117008,9.698195296571464,18374.91957087721,0.35959446885947843
2.589999999999961e-08,2.0,9.879593146528078e-05,0.7165120551811901,0.5361789125301436,0.5062366806227667,0.1760229554649184,0.0005274508990377938,5.428479242552259e-05,5.3387916768073,9.716365771526963,18421.36545648536,0.3601559570652252
2.591999999999961e-08,2.0,9.85835029011186e-05,0.7160653152885785,0.5365673946243124,0.5062310687986619,0.1758188173602241,0.0005271072222670041,5.414450533348675e-05,5.346809601452798,9.735193239285245,18469.09476484828,0.36074857726408827
2.593999999999961e-08,2.0,9.837039814390891e-05,0.7156142255425035,0.5369838888868829,0.5062250883622781,0.1756128191524002,0.0005267648673856128,5.400147314891747e-05,5.354912401833498,9.754638839814177,18518.01333719812,0.36137106973448263
2.595999999999961e-08,2.0,9.815705853811213e-05,0.7151597360033775,0.5374275088220101,0.5062187520927521,0.1754053951865034,0.0005264244858093549,5.385602781699095e-05,5.363083320526248,9.77466232003234,18568.02368340488,0.3620221136355067
2.597999999999961e-08,2.0,9.79439252738835e-05,0.7147028038920693,0.5378973126540744,0.5062120735174164,0.1751969827787942,0.0005260867333567736,5.370850475739445e-05,5.371305362069186,9.795222111156303,18619.025134233,0.36270032987528017
2.599999999999961e-08,2.0,9.773143854568352e-05,0.7142443915738598,0.5383923053645413,0.5062050668373341,0.1749880213025972,0.0005257522694697811,5.35592419044407e-05,5.379561326055549,9.816275413453715,18670.91400927928,0.36340428406194414
2.601999999999961e-08,2.0,9.752003666610434e-05,0.7137854645315594,0.5389114408260752,0.5061977469408447,0.1747789512437278,0.0005254217562085879,5.340857876851266e-05,5.387833842803762,9.837778280637442,18723.58379604656,0.36413248958234745
2.603999999999961e-08,2.0,9.73101552373271e-05,0.7133269893320627,0.5394536240301647,0.5061901293267401,0.1745702132799997,0.0005250958572965809,5.325685550928178e-05,5.396105408847845,9.85968571135533,18776.92534486413,0.36488341075016506
2.605999999999961e-08,2.0,9.710222628089369e-05,0.7128699315906176,0.5400177134025559,0.506182230115347,0.1743622473345274,0.0005247752369366716,5.310441203756334e-05,5.404358424878393,9.881951740007448,18830.82707502064,0.36565546606802846
2.607999999999961e-08,2.0,9.689667742748851e-05,0.7124152539370997,0.5406025232025502,0.5061740659696521,0.1741554916571199,0.0005244605586757448,5.295158713595487e-05,5.412575233359398,9.90452953429282,18885.17519658983,0.3664470315454303
2.609999999999961e-08,2.0,9.669393106804514e-05,0.7119639139885746,0.5412068260002808,0.5061656541042151,0.1739503818837027,0.0005241524840416373,5.279871761413267e-05,5.420738158433462,9.927371491714737,18939.85394320125,0.3672564441165781
2.61199999999996e-08,2.0,9.64944035671243e-05,0.7115168623324167,0.54182935522783,0.5061570122045521,0.1737473501278227,0.0005238516712303496,5.264613748859924e-05,5.428829545322692,9.950429342395575,18994.7458199864,0.3680820051000073
2.61399999999996e-08,2.0,9.629850444049608e-05,0.7110750405242358,0.5424688077981712,0.5061481584341923,0.173546824054339,0.000523558773570909,5.249417720173564e-05,5.436831801820541,9.97365425042986,19049.73186182136,0.3689219837438322
2.61599999999996e-08,2.0,9.610663559712984e-05,0.7106393791048223,0.5431238467876498,0.5061391113526285,0.1733492259891165,0.0005232744380466873,5.23431628695857e-05,5.444727439064444,9.996996921077134,19104.6919058278,0.3697746207985333
2.61799999999996e-08,2.0,9.591919054811375e-05,0.7102107956402959,0.5437931041758697,0.5061298899208321,0.1731549720149725,0.0005229993036035371,5.219341557220616e-05,5.452499114168429,10.02040770602571,19159.50487311116,0.37063813216089714
2.61999999999996e-08,2.0,9.573655368196663e-05,0.709790192789576,0.5444751836386112,0.5061205134180802,0.1729644711074116,0.0005227339995245737,5.204525067565654e-05,5.460129671889595,10.04383671398235,19214.04906341889,0.37151071253119966
2.62199999999996e-08,2.0,9.555909950942756e-05,0.7093784564032528,0.5451686633875564,0.5061110014462507,0.172778124260528,0.0005224791436048015,5.189897719847733e-05,5.467602187893243,10.06723391882433,19268.20245754938,0.37239053912702846
2.62399999999996e-08,2.0,9.538719197645363e-05,0.7089764536578567,0.5458720990524033,0.5061013738458391,0.1725963236563196,0.0005222353404062807,5.175489721141484e-05,5.474900010776653,10.09054927252563,19321.84303091311,0.3732757753960837
2.62599999999996e-08,2.0,9.522118374906006e-05,0.7085850312294586,0.5465840265990969,0.5060916506993396,0.1724194518278956,0.0005220031793297119,5.161330528231914e-05,5.482006805403889,10.11373281510284,19374.84907293012,0.3741645747712013
2.62799999999996e-08,2.0,9.506141556799658e-05,0.7082050135104483,0.5473029652797454,0.5060818522467674,0.1722478808695186,0.0005217832327837287,5.147448795470799e-05,5.488906594701046,10.13673478875286,19427.0995153928,0.37505508441022684
2.62999999999996e-08,2.0,9.490821557743144e-05,0.7078372008732434,0.5480274206079483,0.5060719988884355,0.1720819716440321,0.0005215760541902161,5.133872327108478e-05,5.495583802454195,10.15950574844117,19478.47426434199,0.3759454489639162
2.63199999999996e-08,2.0,9.476189872492099e-05,0.7074823679845901,0.548755887355128,0.5060621111002784,0.1719220730403034,0.0005213821761072703,5.120628032930686e-05,5.502023294252469,10.18199667607702,19528.85453833034,0.37683381431482466
2.63399999999996e-08,2.0,9.462276613735037e-05,0.7071412621740013,0.5494868525616273,0.50605220943633,0.1717685212313053,0.0005212021082102368,5.107741888234473e-05,5.508210419111619,10.20415909055252,19578.1232075072,0.37771833133032207
2.63599999999996e-08,2.0,9.449110456942553e-05,0.706814601859774,0.5502187985582129,0.5060423144441498,0.1716216389851176,0.0005210363354123844,5.095238896960697e-05,5.514131048917628,10.22594516074961,19626.16513617249,0.37859715957309525
2.63799999999996e-08,2.0,9.43671858299184e-05,0.7065030750358946,0.5509502059918272,0.5060324466672866,0.1714817349795393,0.0005208853158674851,5.083143058952935e-05,5.519771618221823,10.24730781381512,19672.86752314989,0.37946847101228787
2.63999999999996e-08,2.0,9.425126628156845e-05,0.7062073378230249,0.5516795568513111,0.5060226265610882,0.1713491031722498,0.0005207494791354007,5.071477340155457e-05,5.525119161529207,10.26820084578033,19718.12024244097,0.38033045367906126
2.64199999999996e-08,2.0,9.414358632034087e-05,0.7059280130866166,0.5524053374870277,0.506012874495437,0.1712240221772577,0.000520629224254364,5.060263646666214e-05,5.530161350611154,10.28857902685294,19761.81617846763,0.38118131530976995
2.64399999999996e-08,2.0,9.404436992931019e-05,0.7056656891250657,0.5531260416202349,0.5060032106712168,0.1711067546992175,0.0005205249180002216,5.049522801460143e-05,5.534886528991138,10.30839820843475,19803.85155822715,0.38201928692101744
2.64599999999996e-08,2.0,9.395382421336336e-05,0.7054209184306715,0.5538401733362369,0.5059936551235905,0.1709975469764146,0.0005204368930773695,5.039274524655222e-05,5.53928374613802,10.32761542422571,19844.1262746728,0.38284262635982236
2.64799999999996e-08,2.0,9.387213900939423e-05,0.7051942165260077,0.5545462500572985,0.505984227639379,0.1708966282836385,0.0005203654465203883,5.029537416146106e-05,5.543342788527481,10.34618899244852,19882.5442035632,0.38364962177366
2.64999999999996e-08,2.0,9.379948647866984e-05,0.7049860608781566,0.555242805489478,0.5059749477611301,0.1708042104457878,0.0005203108380517704,5.020328941443856e-05,5.547054210113356,10.36407861159249,19919.01350815467,0.3844385950436902
2.651999999999959e-08,2.0,9.373602077546891e-05,0.7047968898930947,0.5559283925394967,0.5059658347056742,0.1707204874130698,0.0005202732886730349,5.011665419561434e-05,5.550409359386984,10.38124545669618,19953.4469339637,0.3852079051264269
2.653999999999959e-08,2.0,9.368187769918773e-05,0.7046271019923459,0.5566015861959404,0.5059569073692172,0.1706456348487004,0.0005202529792350021,5.003562013759841e-05,5.553400405575802,10.39765226860988,19985.76208808826,0.3859559513472399
2.655999999999959e-08,2.0,9.363717442346312e-05,0.7044770547738479,0.5572609863710389,0.5059481842473056,0.1705798097795942,0.0005202500492623621,4.996032724013777e-05,5.556020361182481,10.41326344324656,20015.88170536656,0.38668117659144474
2.657999999999959e-08,2.0,9.360200921000731e-05,0.7043470642587993,0.5579052206974539,0.5059396834411798,0.1705231502610176,0.0005202645957783391,4.98909038199569e-05,5.558263103428685,10.42804511331037,20043.73389603716,0.38738207043643624
2.659999999999959e-08,2.0,9.357646120021716e-05,0.7042374042260733,0.5585329472764516,0.5059314225793636,0.1704757751053295,0.0005202966724021208,4.982746647461167e-05,5.560123391831713,10.44196522950299,20069.25237729124,0.3880571721711221
2.661999999999959e-08,2.0,9.356059019272205e-05,0.7041483056355989,0.5591428573720211,0.5059234188255107,0.1704377836258433,0.000520346288464532,4.977012006824898e-05,5.561596884494179,10.45499363375032,20092.3766836149,0.3887050737461778
2.663999999999959e-08,2.0,9.355443649949449e-05,0.7040799561419271,0.5597336780474247,0.5059156888018218,0.1704092554455889,0.0005204134084118639,4.971895772837525e-05,5.562680150365544,10.46710213144426,20113.05235848271,0.38932442260183575
2.665999999999959e-08,2.0,9.355802078914063e-05,0.7040324996990018,0.5603041747388529,0.5059082485985908,0.1703902503220592,0.0005204979512427634,4.967406086149264e-05,5.563370680073717,10.4782645552994,20131.23112258375,0.3899139244167936
2.667999999999959e-08,2.0,9.357134400957776e-05,0.704006036256973,0.5608531537627884,0.5059011136996664,0.1703808080373737,0.0005205997902450481,4.963549917699241e-05,5.563666892619837,10.48845682781734,20146.87102136631,0.3904723457254147
2.669999999999959e-08,2.0,9.359438729916534e-05,0.7040006215516867,0.5613794647518388,0.5058942989938897,0.1703809483050155,0.0005207187527766184,4.960333072719005e-05,5.563568140553017,10.49765701501949,20159.93654740306,0.39099851644682326
2.671999999999959e-08,2.0,9.362711197808893e-05,0.7040162669872974,0.5618820030157395,0.5058878187027989,0.1703906707422124,0.0005208546203540319,4.957760195318207e-05,5.563074710955513,10.50584537844113,20170.39874063163,0.39149133227352717
2.673999999999959e-08,2.0,9.366945952948974e-05,0.704052939612249,0.5623597118223659,0.5058816863941538,0.1704099548591991,0.0005210071287920574,4.955834774448063e-05,5.562187824873696,10.51300441811203,20178.23526232008,0.3919497569631668
2.675999999999959e-08,2.0,9.372135166174621e-05,0.7041105621886761,0.5628115845955459,0.5058759149120802,0.1704387601140737,0.000521175968654332,4.954559150239578e-05,5.560909632564575,10.51911891351889,20183.43044611033,0.39237282448147226
2.677999999999959e-08,2.0,9.378269036179563e-05,0.7041890133550776,0.5632366670245883,0.5058705163928656,0.1704770259845609,0.0005213607857575107,4.953934521522904e-05,5.559243207210881,10.52417595534221,20185.97532235018,0.39275964104002736
2.679999999999959e-08,2.0,9.385335803051021e-05,0.7042881278819216,0.5636340590823816,0.5058655021977272,0.1705246721050419,0.0005215611819854913,4.953960953553248e-05,5.557192534514674,10.52816497496613,20185.86761937932,0.3931093869773397
2.681999999999959e-08,2.0,9.393321761036115e-05,0.7044076970196436,0.5640029169470617,0.5058608829310782,0.1705815984202332,0.0005217767161551667,4.954637386763038e-05,5.554762500838871,10.53107776462434,20183.11173834095,0.3934213185268285
2.683999999999959e-08,2.0,9.402211279601103e-05,0.704547468938302,0.5643424548241921,0.5058566683760891,0.1706476854035313,0.0005220069051867673,4.955961645593247e-05,5.551958877346002,10.53290849518431,20177.71870549447,0.3936947694206608
2.685999999999959e-08,2.0,9.411986823833658e-05,0.7047071492579696,0.5646519466645179,0.5058528675156135,0.1707227942914542,0.000522251225319313,4.957930448238702e-05,5.548788302818374,10.533653724506,20169.70609894797,0.3939291523730637
2.687999999999959e-08,2.0,9.422628983214979e-05,0.7048864016687401,0.5649307277743397,0.505849488470729,0.1708067673818627,0.0005225091136207903,4.960539416386365e-05,5.545258262646835,10.53331240338023,20159.09795407847,0.394123960392477
2.689999999999959e-08,2.0,9.434116499834064e-05,0.7050848486390451,0.5651781963136742,0.5058465385244955,0.1708994283474535,0.000522779969532796,4.963783085798427e-05,5.541377066683502,10.53188587205773,20145.92464487496,0.39427876796622063
2.691999999999959e-08,2.0,9.446426305030011e-05,0.7053020722107908,0.5653938146793596,0.5058440240636507,0.1710005826118379,0.0005230631566958853,4.967654916842553e-05,5.537153823482305,10.52937785437691,20130.22274573777,0.39439323206752164
2.693999999999958e-08,2.0,9.459533555551088e-05,0.7055376148796384,0.5655771107684154,0.5058419506053803,0.1711100177397734,0.0005233580047947797,4.972147305839594e-05,5.532598413629759,10.52579444257647,20112.03487124243,0.394467093028642
2.695999999999958e-08,2.0,9.47341167817379e-05,0.705790980558574,0.5657276791189723,0.5058403227423467,0.1712275038884987,0.0005236638116664969,4.977251596352223e-05,5.527721459723696,10.52114407980269,20091.4094986255,0.39450017523047354
2.697999999999958e-08,2.0,9.488032413880496e-05,0.7060616356227406,0.5658451819242621,0.5058391441726328,0.1713527942717937,0.0005239798454102025,4.982958091304155e-05,5.522534295704833,10.51543753347251,20068.40077072125,0.3944923876524684
2.699999999999958e-08,2.0,9.503365870493205e-05,0.7063490100333286,0.5659293499172081,0.5058384176482698,0.1714856256833576,0.000524305346738901,4.989256065071565e-05,5.517048933129916,10.50868786650221,20043.0682842825,0.39444372423385055
2.701999999999958e-08,2.0,9.519380574865513e-05,0.7066524985381608,0.5659799831213466,0.5058381450085201,0.1716257190311885,0.0005246395313117052,4.996133776456366e-05,5.51127802708871,10.50091039963744,20015.47686157585,0.39435426409015806
2.703999999999958e-08,2.0,9.536043533482043e-05,0.7069714619464409,0.5659969514658986,0.505838327132059,0.1717727799291772,0.0005249815922841273,5.003578481698387e-05,5.505234839380809,10.49212267189083,19985.69631030481,0.3942241715367214
2.705999999999958e-08,2.0,9.553320292564708e-05,0.7073052284749822,0.5659801952610521,0.5058389639737478,0.1719264992976714,0.000525330702815421,5.011576448456199e-05,5.498933201647081,10.48234439239668,19953.8011698504,0.39405369596338075
2.707999999999958e-08,2.0,9.571175006484919e-05,0.7076530951630804,0.5659297255316423,0.5058400545206094,0.1720865540188611,0.0005256860187680775,5.020112969926096e-05,5.492387476094755,10.47159739068215,19919.87044894572,0.39384317151278125
2.709999999999958e-08,2.0,9.589570505572453e-05,0.7080143293530502,0.5658456242056864,0.5058415968322244,0.1722526075987853,0.0005260466813391265,5.029172380049175e-05,5.485612516498264,10.45990555873495,19883.98735281017,0.3935930166069011
2.711999999999958e-08,2.0,9.608468372067073e-05,0.7083881702333099,0.5657280441564183,0.505843588000631,0.1724243108814651,0.0005264118198563652,5.038738068984815e-05,5.478623627134489,10.44729479185697,19846.23900486806,0.3933037332749532
2.713999999999958e-08,2.0,9.627829015291949e-05,0.7087738304407594,0.5655772090947899,0.5058460241944568,0.1726013027670232,0.0005267805544801857,5.048792499820816e-05,5.471436522316003,10.43379292175073,19806.71616105218,0.3929759063277667
2.715999999999958e-08,2.0,9.64761175474048e-05,0.7091704977190822,0.5653934133116221,0.5058489006228348,0.1727832109789392,0.0005271519990425171,5.059317225704013e-05,5.464067284196809,10.4194296488132,19765.51292177273,0.39261020233268284
2.717999999999958e-08,2.0,9.667774902138726e-05,0.7095773366294743,0.565177021266971,0.5058522115833745,0.1729696528323768,0.0005275252637649192,5.070292908380673e-05,5.456532321491538,10.40423646714718,19722.72643947459,0.3922073684345942
2.719999999999958e-08,2.0,9.688275851122686e-05,0.7099934903101999,0.5649284670265514,0.5058559504301581,0.1731602360483865,0.0005278994580861505,5.08169933733308e-05,5.448848326793723,10.38824658924423,19678.45662677101,0.39176823097816493
2.721999999999958e-08,2.0,9.709071165572245e-05,0.710418082281266,0.5646482535434703,0.5058601096256089,0.1733545595659998,0.0005282736933429832,5.093515450519199e-05,5.441032235107905,10.37149486390847,19632.80586295398,0.3912936939774705
2.723999999999958e-08,2.0,9.730116675189461e-05,0.710850218290417,0.5643369517858411,0.5058646807126111,0.1735522143966998,0.0005286470855337429,5.105719355900801e-05,5.433101181288825,10.35401769434845,19585.87870373792,0.3907847373891413
2.725999999999958e-08,2.0,9.751367569343035e-05,0.7112889881965587,0.5639951997093325,0.5058696543702886,0.1737527844733693,0.0005290187579104432,5.118288354783068e-05,5.425072458972056,10.33585295006039,19537.78159187719,0.39024241523596326
2.727999999999958e-08,2.0,9.77277849771549e-05,0.7117334678866483,0.5636237010760511,0.5058750203902647,0.1739558475378861,0.0005293878436284976,5.13119896614546e-05,5.416963478694979,10.31703987939824,19488.62257335534,0.389667853538165
2.729999999999958e-08,2.0,9.79430366875794e-05,0.7121827212220102,0.5632232241196545,0.5058807677363222,0.1741609760195969,0.0005297534882022998,5.144426953001859e-05,5.408791727757948,10.29761901650056,19438.511016596,0.38906224810005763
2.731999999999958e-08,2.0,9.815896954439928e-05,0.7126358020099793,0.5627946000590142,0.5058868845247573,0.1743677379485315,0.0005301148519954585,5.157947349959147e-05,5.400574729528415,10.27763208943296,19387.55733921791,0.38842686211048266
2.733999999999958e-08,2.0,9.837511992283907e-05,0.7130917559967208,0.5623387214612487,0.5058933580878668,0.1745756978557202,0.0005304711124966612,5.17173449302423e-05,5.392330004701428,10.25712192325755,19335.87273957752,0.38776302360552856
2.735999999999957e-08,2.0,9.85910229312964e-05,0.7135496228770263,0.5618565404573963,0.5059001749583006,0.174784417704219,0.0005308214666100662,5.185762050814378e-05,5.384075032220506,10.2361323448442,19283.56893743242,0.3870721227531773
2.737999999999957e-08,2.0,9.880621345605099e-05,0.7140084383168563,0.5613490668125204,0.5059073209362648,0.1749934578033435,0.0005311651327140665,5.20000305822882e-05,5.375827212335029,10.21470808317154,19230.75792075806,0.38635560900917687
2.739999999999957e-08,2.0,9.902022725712655e-05,0.7144672359843675,0.5608173658545161,0.5059147810777298,0.1752023777494771,0.0005315013527176586,5.21442995171695e-05,5.3676038294982,10.19289467188358,19177.55170286123,0.385614988105039
2.741999999999957e-08,2.0,9.92326020250006e-05,0.7149250495851475,0.5602625562644011,0.5059225397651946,0.1754107373461274,0.0005318293938713033,5.229014607205419e-05,5.359422017543615,10.17073834788029,19124.06208661248,0.38485181891827375
2.743999999999957e-08,2.0,9.944287848195386e-05,0.7153809148973714,0.5596858077333533,0.5059305806995525,0.1756180975463737,0.0005321485505620165,5.243728379794542e-05,5.351298724843945,10.14828595265392,19070.40043975698,0.3840677101869796
2.745999999999957e-08,2.0,9.965060143773895e-05,0.7158338718025922,0.559088338490275,0.5059388869741969,0.1758240213705788,0.0005324581458526908,5.258542146285515e-05,5.343250681852091,10.12558483017587,19016.67747792745,0.38326431711969616
2.747999999999957e-08,2.0,9.985532088314059e-05,0.7162829663078899,0.5584714127061343,0.5059474410703099,0.176028074842308,0.0005327575329960184,5.273426349618249e-05,5.335294368727753,10.10268272798738,18963.00305914752,0.38244333786382634
2.749999999999957e-08,2.0,0.0001000565930311742,0.7167272525551187,0.5578363377798149,0.5059562249340336,0.176229827895553,0.000533046096686181,5.288351046275724e-05,5.327445985412647,10.07962769532053,18909.48598626487,0.3816065098842619
2.751999999999957e-08,2.0,0.0001002539813893323,0.7171657948130219,0.5571844615126639,0.5059652199748913,0.1764288552960205,0.000533323254279316,5.303285955697063e-05,5.319721421858055,10.05646798484235,18856.233820953,0.3807556062166434
2.753999999999957e-08,2.0,0.0001004470577727934,0.7175976694480163,0.5565171691773857,0.5059744071457045,0.1766247375298361,0.0005335884567491062,5.318200512744555e-05,5.312136230731648,10.03325195186629,18803.35270555513,0.3798924316475496
2.755999999999957e-08,2.0,0.0001006354033419128,0.7180219668695003,0.5558358804893259,0.5059837669437997,0.1768170617022709,0.0005338411896091377,5.333063922223033e-05,5.304705600309279,10.01002795756124,18750.94719628188,0.37901881878705496
2.757999999999957e-08,2.0,0.0001008186095741481,0.718437793445582,0.5551420464866053,0.5059932794933074,0.1770054224000943,0.0005340809735714436,5.347845216479636e-05,5.297444329844894,9.986844270018286,18699.1201038963,0.37813662408651094
2.759999999999957e-08,2.0,0.0001009962792537329,0.7188442733851983,0.5544371463279413,0.5060029245487662,0.1771894225600392,0.0005343073651734805,5.362513315032463e-05,5.290366805127505,9.963748969642342,18647.9723452947,0.37724772376790205
2.761999999999957e-08,2.0,0.0001011680273895805,0.7192405505826579,0.5537226840153101,0.5060126815793922,0.1773686742972646,0.0005345199571459097,5.377037087233438e-05,5.283486976486798,9.940789852742634,18597.60280200177,0.3763540097180455
2.763999999999957e-08,2.0,0.0001013334821447805,0.7196257904207237,0.5530001850509358,0.50602252977465,0.1775427997361856,0.0005347183787539189,5.391385416857755e-05,5.276818336961911,9.918014339727304,18548.10818891199,0.37545738531475026
2.765999999999957e-08,2.0,0.0001014922856885808,0.719999181528438,0.5522711930363505,0.5060324481300499,0.1777114317978605,0.0005349022958872228,5.405527269596634e-05,5.270373902866085,9.895469381789608,18499.58292920833,0.37455976123849
2.767999999999957e-08,2.0,0.000101644095054336,0.7203599374899871,0.5515372662235133,0.5060424154542201,0.1778742149862014,0.0005350714111318689,5.419431762285039e-05,5.264166194469199,9.873201372430648,18452.11903873778,0.3736630512373119
2.769999999999957e-08,2.0,0.0001017885829147903,0.7207072985010073,0.5507999740261712,0.506052410455754,0.1780308061275161,0.0005352254636015224,5.433068234807116e-05,5.25820721900534,9.851256057720466,18405.80601571447,0.3727691678986551
2.771999999999957e-08,2.0,0.0001019254383583423,0.7210405329688429,0.5500608935018008,0.5060624117512975,0.1781808751055652,0.0005353642287615646,5.446406323446522e-05,5.252508453736919,9.829678451584615,18360.73073900211,0.3718800183962355
2.773999999999957e-08,2.0,0.000102054367578206,0.7213589390533864,0.5493216058125864,0.5060723979529468,0.1783241055469708,0.0005354875180260037,5.459416036586525e-05,5.247080831260255,9.808512750034247,18316.97737081135,0.37099750026561557
2.775999999999956e-08,2.0,0.0001021750945583166,0.721661846145256,0.5485836926759741,0.5060823476768409,0.1784601954990872,0.0005355951783605456,5.47206783146059e-05,5.24193472479553,9.787802250572355,18274.62726705788,0.37012349717688686
2.777999999999956e-08,2.0,0.0001022873616684833,0.721948616278195,0.5478487328133533,0.5060922396305999,0.1785888580554932,0.0005356870916738517,5.484332692817712e-05,5.237079935627498,9.7675892707127,18233.7588912066,0.36925987475786015
2.779999999999956e-08,2.0,0.0001023909302528738,0.7222186454727227,0.5471182984074394,0.506102052621905,0.178709821971186,0.0005357631742301737,5.496182212137024e-05,5.232525680452998,9.747915071794143,18194.44773486104,0.3684084764362534
2.781999999999956e-08,2.0,0.0001024855811249541,0.7224713650082019,0.5463939515768342,0.5061117656454577,0.1788228322229419,0.0005358233758671075,5.507588668215122e-05,5.228280580786239,9.728819782047287,18156.76624093419,0.3675711193538923
2.783999999999956e-08,2.0,0.0001025711150532046,0.7227062426206471,0.5456772408782047,0.5061213578910378,0.1789276505569003,0.0005358676792512816,5.518525107696816e-05,5.224352652193252,9.71034232505157,18120.78373269112,0.3667495903213044
2.785999999999956e-08,2.0,0.0001026473531513956,0.7229227836237498,0.5449696978443297,0.506130808829465,0.1790240559791636,0.0005358960989571575,5.528965426334189e-05,5.220749295493816,9.692520347562871,18086.56634452893,0.3659456418651661
2.787999999999956e-08,2.0,0.0001027141372579659,0.7231205319507598,0.5442728335681533,0.5061400982196184,0.1791118452314364,0.0005359086806011206,5.538884449486629e-05,5.217477287719027,9.6753901528094,18054.1769578292,0.36516098833671684
2.789999999999956e-08,2.0,0.0001027713302189436,0.723299071115027,0.5435881353407069,0.5061492061929178,0.1791908332078351,0.0005359054998171717,5.548258012612475e-05,5.214542774953786,9.65898663326281,18023.67513779584,0.3643973021328718
2.791999999999956e-08,2.0,0.0001028188161591724,0.7234580250871842,0.5429170633525923,0.5061581132588062,0.1792608533548592,0.0005358866613055393,5.557063040216257e-05,5.211951264869568,9.643343208945941,17995.11707466763,0.36365620999773307
2.793999999999956e-08,2.0,0.0001028565006569356,0.7235970590871177,0.5422610474663732,0.506166800387263,0.1793217580110027,0.0005358522977413352,5.565277623975671e-05,5.209707621070342,9.628491765313553,17968.55552527907,0.36293928945537046
2.795999999999956e-08,2.0,0.0001028843109068999,0.7237158802890642,0.5416214840689778,0.5061752490122962,0.1793734187279643,0.0005358025687734577,5.572881098474907e-05,5.207816057075815,9.614462596736313,17944.0397584234,0.3622480653410135
2.797999999999956e-08,2.0,0.0001029021957871355,0.7238142384383438,0.5409997330108175,0.5061834411120328,0.1794157265302733,0.0005357376599013917,5.579854115253234e-05,5.206280132060041,9.601284349655044,17921.61550006073,0.36158400648054423
2.799999999999956e-08,2.0,0.0001029101259152367,0.7238919263784321,0.5403971146400341,0.506191359209788,0.17944859215528,0.0005356577814587416,5.586178713573016e-05,5.205102746188907,9.588983971408348,17901.32488189557,0.3609485224847542
2.801999999999956e-08,2.0,0.0001029080936099342,0.723948780487263,0.539814906937841,0.5061989864513178,0.1794719462306591,0.0005355631674913828,5.591838388613556e-05,5.204286137671893,9.577586658833514,17883.2063894454,0.36034296070718186
2.803999999999956e-08,2.0,0.0001028961128432727,0.7239846810218394,0.5392543427625797,0.5062063066030683,0.179485739431352,0.0005354540747574568,5.596818155490406e-05,5.203831879390798,9.567115812619056,17867.29481319691,0.3597686033312277
2.805999999999956e-08,2.0,0.0001028742191003452,0.7239995523704302,0.5387166072076464,0.5062133041262236,0.1794899425734493,0.000535330781637047,5.601104609819036e-05,5.203740877219791,9.557592991542837,17853.62119905682,0.35922666463419706
2.807999999999956e-08,2.0,0.0001028424692316453,0.7239933632118188,0.5382028350800598,0.5062199641717786,0.1794845466869155,0.0005351935871769574,5.60468598323748e-05,5.204013367918173,9.549037872551947,17842.21280176632,0.35871828839314435
2.809999999999956e-08,2.0,0.0001028009412155917,0.7239661265812707,0.537714108503948,0.5062262726510541,0.1794695630249942,0.0005350428100580993,5.607552194635687e-05,5.204648918710388,9.541468210852027,17833.0930375757,0.3582445454789538
2.811999999999956e-08,2.0,0.0001027497339161972,0.7239178998430791,0.5372514546548491,0.5062322162272961,0.1794450230521889,0.0005348787877089006,5.609694895541249e-05,5.20564642645261,9.534899805941997,17826.28143991984,0.35780643160266024
2.813999999999956e-08,2.0,0.0001026889667539793,0.7238487845697473,0.5368158436281919,0.506237782382366,0.1794109783689947,0.0005347018753517223,5.611107510455333e-05,5.207004118500973,9.529346467794413,17821.79361448114,0.35740486525919724
2.815999999999956e-08,2.0,0.0001026187793749049,0.7237589263280625,0.5364081864469553,0.5062429594046197,0.1793675006152561,0.0005345124452034973,5.611785270643112e-05,5.208719553198213,9.524819989098445,17819.64119745087,0.35704068583169923
2.817999999999955e-08,2.0,0.0001025393312359819,0.723648514372511,0.5360293332109609,0.5062477364515505,0.1793146813106796,0.0005343108856168667,5.611725242234583e-05,5.21078962209411,9.521330117796442,17819.83181346564,0.3567146519002813
2.819999999999955e-08,2.0,0.0001024508011920547,0.7235177812466806,0.5356800713918988,0.5062521035337267,0.1792526316743607,0.0005340976003807372,5.610926347214129e-05,5.213210551832074,9.51888453581147,17822.36903709328,0.3564274397175381
2.821999999999955e-08,2.0,0.0001023533870028684,0.7233670022934903,0.535361124275651,0.5062560515732194,0.1791814823821724,0.0005338730079656426,5.609389378229306e-05,5.215977907818688,9.517488838226598,17827.25235443837,0.35617964189347856
2.823999999999955e-08,2.0,0.0001022473048446833,0.723196495075278,0.5350731495551362,0.5062595723834522,0.179101383303898,0.0005336375409305107,5.607117005888622e-05,5.219086597621292,9.517146518791778,17834.47712879533,0.35597176625123816
2.825999999999955e-08,2.0,0.0001021327887459355,0.7230066187049684,0.5348167380743715,0.5062626587232708,0.1790125031792772,0.0005333916452752459,5.604113779564232e-05,5.222530876211174,9.517858956045709,17844.03456700978,0.3558042348950943
2.827999999999955e-08,2.0,0.0001020100900308661,0.722797773089729,0.5345924127261478,0.5062653042726044,0.1789150292748347,0.0005331357799533598,5.600386120472383e-05,5.226304351009056,9.51962540590667,17855.91169052558,0.35567738345131306
2.829999999999955e-08,2.0,0.0001018794766910373,0.7225703980887077,0.5344006275031911,0.5062675036821086,0.1788091669809984,0.000532870416328094,5.595942308140099e-05,5.230399988850043,9.522442995042278,17870.0913078635,0.35559146052219265
2.831999999999955e-08,2.0,0.0001017412327682601,0.7223249725866253,0.5342417667044189,0.5062692525445751,0.1786951393913815,0.0005325960377839569,5.590792459142686e-05,5.234810122833384,9.526306720847716,17886.55199254783,0.35554662731303743
2.833999999999955e-08,2.0,0.0001015956576692508,0.7220620134851753,0.5341161442954044,0.5062705474401128,0.1785731868240493,0.0005323131392762031,5.584948499314436e-05,5.239526461173383,9.531209452361926,17905.26806330895,0.3555429574713551
2.835999999999955e-08,2.0,0.000101443065495105,0.7217820746143537,0.5340240034239239,0.5062713859033008,0.1784435663266581,0.0005320222270279751,5.578424128432263e-05,5.244540096022747,9.537141937923828,17926.20957060566,0.3555804370972658
2.837999999999955e-08,2.0,0.0001012837843062963,0.721485745566013,0.5339655160890024,0.5062717664639175,0.1783065511255932,0.0005317238181568493,5.571234778665105e-05,5.249841514382628,9.54409281391392,17949.34228637202,0.3556589649634092
2.839999999999955e-08,2.0,0.0001011181554058208,0.721173650452096,0.5339407829636584,0.5062716886098763,0.1781624300609961,0.0005314184404384785,5.563397565901877e-05,5.255420609073925,9.552048620352926,17974.62770104748,0.35577835290266235
2.841999999999955e-08,2.0,0.0001009465325616076,0.7208464465901655,0.5339498333691217,0.5062711528235475,0.1780115069681473,0.0005311066319885255,5.554931235333908e-05,5.261266691879907,9.56099381771376,18002.0230248609,0.35593832640097445
2.843999999999955e-08,2.0,0.0001007692812502974,0.7205048231189984,0.5339926254001269,0.5062701605405486,0.1778541000470504,0.0005307889410687566,5.545856100509344e-05,5.267368506836088,9.570910810686337,18031.4811974324,0.35613852535307655
2.845999999999955e-08,2.0,0.0001005867778439328,0.7201494995471599,0.5340690461984706,0.5062687141817627,0.1776905411810183,0.0005304659257981871,5.536193977305599e-05,5.273714245771485,9.581779973258065,18062.95090271906,0.35637850501745233
2.847999999999955e-08,2.0,0.0001003994088211557,0.7197812242376128,0.5341789123738825,0.5062668171080827,0.1775211752461001,0.000530138153973687,5.525968112131787e-05,5.280291564074741,9.59357968081311,18096.37659335359,0.35665773712778237
2.849999999999955e-08,2.0,0.0001002075699248646,0.7194007728315585,0.5343219705688869,0.5062644736482506,0.1773463593724371,0.0005298062027809108,5.515203105859197e-05,5.28708759878253,9.60628634361733,18131.69852144934,0.35697561119644977
2.851999999999955e-08,2.0,0.0001000116653474109,0.7190089466148222,0.534497898166208,0.506261689049706,0.1771664621993745,0.0005294706585988371,5.503924832870898e-05,5.29408898695841,9.619874447352515,18168.85277988782,0.3573314359668335
2.853999999999955e-08,2.0,9.981210686572441e-05,0.7186065708302306,0.5347063041349323,0.5062584695024056,0.17698186308571,0.0005291321166791376,5.492160356761436e-05,5.301281886450571,9.634316595066627,18207.77135119322,0.35772444104922224
2.855999999999955e-08,2.0,9.960931300692131e-05,0.7181944929395291,0.5349467300135304,0.5062548220859429,0.1767929513168731,0.0005287911809029059,5.479937842138694e-05,5.308651996988709,9.649583556161849,18248.38216795764,0.3581537786966573
2.857999999999955e-08,2.0,9.940370816723099e-05,0.7177735808385062,0.5352186510255345,0.5062507547895341,0.1766001252707032,0.000528448463396701,5.46728646407043e-05,5.316184583697859,9.665644316783572,18290.60918193582,0.3586185257548312
2.859999999999954e-08,2.0,9.919572176426552e-05,0.7173447210290774,0.5355214773255923,0.5062462764556146,0.1764037915835656,0.0005281045842100737,5.454236314668848e-05,5.32386450097903,9.68246613718895,18334.37244569985,0.35911768574202674
2.861999999999954e-08,2.0,9.898578734593171e-05,0.7169088167521853,0.535854555371296,0.5062413967962025,0.1762043642787466,0.0005277601708376479,5.440818308346013e-05,5.331676218821856,9.700014610450847,18379.58820396625,0.35965019109254937
2.863999999999954e-08,2.0,9.87743417354772e-05,0.716466786085442,0.5362171694181608,0.5062361263331983,0.176002263898811,0.0005274158577879735,5.427064085255433e-05,5.339603849486456,9.71825372803111,18426.16899838826,0.36021490551934976
2.865999999999954e-08,2.0,9.856182413644142e-05,0.7160195600095249,0.5366085431328096,0.5062304764113568,0.1757979166040963,0.0005270722859837093,5.413005914421769e-05,5.347631176605541,9.737145946569921,18474.02378289887,0.3608106265287133
2.867999999999954e-08,2.0,9.83486752764695e-05,0.7155680804473967,0.5370278413214268,0.5062244591355354,0.1755917532789682,0.0005267301021957607,5.398676596077844e-05,5.355741684629146,9.75665226137887,18523.05805327371,0.3614360880424586
2.869999999999954e-08,2.0,9.813533651422676e-05,0.7151132982804784,0.5374741717682235,0.5062180873805375,0.1753842086082256,0.0005263899582977721,5.384109364660815e-05,5.363918590647901,9.776732280974633,18573.1739879507,0.362089963159998
2.871999999999954e-08,2.0,9.792224898784684e-05,0.7146561713459562,0.5379465871806908,0.5062113747255688,0.1751757201651883,0.00052605251054435,5.369337791974943e-05,5.372144876500176,9.797344308093122,18624.27060362282,0.3627708670155025
2.873999999999954e-08,2.0,9.770985272961233e-05,0.7141976624194359,0.5384440872361244,0.506204335461223,0.1749667274740578,0.000525718418661556,5.354395691906287e-05,5.380403323183042,9.818445421511019,18676.24392257004,0.3634773597620665
2.875999999999954e-08,2.0,9.74985858247627e-05,0.7137387371872,0.5389656207259259,0.5061969845214319,0.1747576710879741,0.0005253883449540533,5.339317026171441e-05,5.388676545454317,9.839991564066821,18728.98715506785,0.3642079496379518
2.877999999999954e-08,2.0,9.728888353959893e-05,0.7132803622123302,0.5395100877919385,0.5061893374878743,0.1745489916455286,0.0005250629532198694,5.324135812407227e-05,5.396947028628476,9.861937631197845,18782.39089374141,0.3649610961464099
2.879999999999954e-08,2.0,9.708117749621976e-05,0.7128235028989868,0.5400763422510999,0.5061814105197142,0.1743411289470199,0.0005247429076783459,5.30888603404735e-05,5.405197165435458,9.884237565339037,18836.3433230008,0.36573521330408
2.881999999999954e-08,2.0,9.687589481952152e-05,0.7123691214591275,0.5406631940024567,0.5061732203557383,0.1741345210133725,0.0005244288717048328,5.293601553205901e-05,5.413409294927556,9.90684445049003,18890.73044030641,0.36652867298908415
2.883999999999954e-08,2.0,9.667345733323937e-05,0.7119181748859483,0.541269411512642,0.5061647842421794,0.1739296031688357,0.000524121506579038,5.278316025971506e-05,5.421565741284712,9.929710612251002,18945.4362921732,0.36733980834380625
2.885999999999954e-08,2.0,9.647428073110457e-05,0.711471612938319,0.5418937243736878,0.5061561199328841,0.1737268071105197,0.0005238214700432752,5.263062821239889e-05,5.429648854486241,9.95278771762545,19000.34322152394,0.3681669172631681
2.887999999999954e-08,2.0,9.62787737993176e-05,0.7110303761404511,0.5425348259291237,0.5061472456155403,0.1735265600056839,0.0005235294148788745,5.247874942442579e-05,5.437641050681663,9.976026879847906,19055.33212905715,0.3690082659234398
2.889999999999954e-08,2.0,9.608733761686132e-05,0.7105953938010197,0.5431913759620952,0.5061381799101856,0.1733292835799615,0.000523245987299745,5.2327849532074e-05,5.445524854211325,9.999378762527302,19110.28274508121,0.36986209238213374
2.891999999999954e-08,2.0,9.590036480925857e-05,0.7101675820559025,0.5438620034413416,0.506128941794147,0.1731353932372102,0.0005229718253726396,5.217824906261782e-05,5.453282939093557,10.02279368832469,19165.07391422669,0.37072661020413145
2.893999999999954e-08,2.0,9.571823878272223e-05,0.7097478419386667,0.5445453093186741,0.5061195505992112,0.1729452971742574,0.0005227075572657858,5.203026276524142e-05,5.460898171913355,10.04622174645211,19219.58388932153,0.3716000121444166
2.895999999999954e-08,2.0,9.554133301372497e-05,0.7093370574828601,0.5452398693737168,0.5061100259355888,0.1727593955310053,0.0005224537995366142,5.188419897651383e-05,5.468353653914432,10.0696129041736,19273.6906365783,0.37248047384271155
2.897999999999954e-08,2.0,9.537001032132866e-05,0.7089360938601097,0.5459442370994878,0.5061003876880565,0.1725780795392176,0.0005222111552627535,5.174035902901632e-05,5.475632764216427,10.09291711659546,19327.27214821207,0.3733661575602702
2.899999999999954e-08,2.0,9.520462219672615e-05,0.7085457955579437,0.546656946624554,0.5060906559392605,0.1724017307102046,0.0005219802122280175,5.159903669542142e-05,5.482719201946946,10.11608443989294,19380.2067643781,0.3742552159143494
2.901999999999953e-08,2.0,9.504550811771916e-05,0.7081669846011786,0.5473765156653294,0.5060808509651444,0.1722307200247732,0.0005217615409698397,5.146051767582613e-05,5.489597029199011,10.13906514226421,19432.37350038854,0.3751457956405562
2.903999999999953e-08,2.0,9.489299492201455e-05,0.707800458820616,0.5481014485042389,0.506070993157897,0.1720654071653897,0.0005215556929005866,5.132507912032223e-05,5.496250712594773,10.16180981772858,19483.65238085037,0.3760360413388492
2.905999999999953e-08,2.0,9.474739616743937e-05,0.7074469901726952,0.5488302389873424,0.5060611030209632,0.1719061397539436,0.0005213631983112404,5.119298919390574e-05,5.502665165357732,10.18426949706828,19533.9247765404,0.3769240992333988
2.907999999999953e-08,2.0,9.460901155238791e-05,0.7071073231136407,0.5495613735371839,0.506051201091945,0.1717532526347849,0.0005211845644702368,5.106450667546182e-05,5.508825787669808,10.20639576100484,19583.0737454384,0.377808120902399
2.909999999999953e-08,2.0,9.447812632498246e-05,0.7067821730315296,0.5502933341745151,0.5060413079374888,0.1716070671664422,0.0005210202736276592,5.093988059732708e-05,5.514718507209753,10.22814084992178,19630.98437361614,0.3786862670080729
2.911999999999953e-08,2.0,9.435501075370869e-05,0.7064722247395809,0.5510246015447369,0.5060314440764242,0.1714678905613786,0.0005208707811375736,5.081934991699694e-05,5.520329817649433,10.24945777520393,19677.54411721709,0.3795567109833583
2.913999999999953e-08,2.0,9.423991958837541e-05,0.7061781310338394,0.5517536579427773,0.5060216299748229,0.1713360152372305,0.0005207365135100376,5.070314322697894e-05,5.525646817002618,10.2703004265218,19722.64314114364,0.3804176427055468
2.915999999999953e-08,2.0,9.413309158364773e-05,0.7059005113182919,0.5524789903323616,0.5060118859696434,0.171211718218563,0.0005206178666051753,5.059147849427411e-05,5.530657243606957,10.2906236801144,19766.1746555436,0.38126727211379857
2.917999999999953e-08,2.0,9.403474901435809e-05,0.7056399503003137,0.5531990933535011,0.5060022322642357,0.1710952605525984,0.0005205152037818016,5.04845628350809e-05,5.535349511636324,10.31038350242193,19808.03524567942,0.38210383280090277
2.919999999999953e-08,2.0,9.394509725435996e-05,0.7053969967591892,0.5539124723142724,0.5059926888527698,0.1709868867776362,0.0005204288542121653,5.038259231619375e-05,5.53971274393334,10.32953705410849,19848.12519618178,0.38292558553663625
2.921999999999953e-08,2.0,9.386432434849573e-05,0.7051721623903038,0.5546176461608336,0.50598327551644,0.170886824407631,0.0005203591111758839,5.028575178838484e-05,5.543736804065152,10.34804278885372,19886.34880528888,0.3837308217532026
2.923999999999953e-08,2.0,9.379260064899289e-05,0.7049659207274387,0.5553131504218914,0.5059740117489241,0.1707952834713415,0.0005203062305434054,5.019421474329753e-05,5.547412325406436,10.36586055194503,19922.61469004315,0.3845178669505499
2.925999999999953e-08,2.0,9.373007844621327e-05,0.7047787061454405,0.5559975401216919,0.505964916753541,0.1707124560694999,0.0005202704292622439,5.010814319891806e-05,5.55073073916278,10.3829516730821,19956.83607812456,0.385285084052192
2.927999999999953e-08,2.0,9.367689166465955e-05,0.7046109129453645,0.5566693926578791,0.505956009369989,0.1706385159881211,0.0005202518840547126,5.002768760527349e-05,5.553684299157327,10.39927905842028,19988.9310873243,0.386030876669758
2.929999999999953e-08,2.0,9.363315555453762e-05,0.7044628945240197,0.5573273106384466,0.50594730807268,0.1705736183314033,0.0005202507301402597,4.995298677528498e-05,5.556266105306585,10.41480727630208,20018.82298847374,0.3867536923070434
2.931999999999953e-08,2.0,9.359896644937556e-05,0.7043349626296636,0.5579699246742397,0.5059388308989884,0.1705178992120243,0.00052026706018908,4.988416783258491e-05,5.558470123632724,10.4295026417026,20046.44045293242,0.38745202546221535
2.933999999999953e-08,2.0,9.357440152038082e-05,0.7042273867054156,0.5585958961213713,0.5059305954489959,0.1704714754622995,0.0005203009233196789,4.982134618116413e-05,5.560291204753746,10.44333329388013,20071.71778064215,0.3881244206590718
2.935999999999953e-08,2.0,9.35595185976765e-05,0.7041403933217706,0.5592039197701358,0.5059226188154555,0.1704344444036983,0.0005203523243446883,4.976462548886022e-05,5.561725098726783,10.45626927225985,20094.59511001142,0.3887694753664376
2.937999999999953e-08,2.0,9.35543559894563e-05,0.7040741656994081,0.5597927264748961,0.5059149175851657,0.170406883638197,0.0005204212230768718,4.971409768954509e-05,5.562768468204612,10.46828258508887,20115.01860588532,0.3893858428366991
2.939999999999953e-08,2.0,9.355893236887743e-05,0.7040288433233037,0.5603610857216467,0.5059075077708628,0.1703888508986552,0.0005205075338969818,4.966984299625637e-05,5.563418897811741,10.47934727589561,20132.9406270797,0.3899722348229915
2.941999999999952e-08,2.0,9.357324666007967e-05,0.7040045216489532,0.5609078081278267,0.5059004048144216,0.1703803839217226,0.000520611125394441,4.963192993017613e-05,5.563674901720269,10.4894394823424,20148.3198700279,0.3905274242061041
2.943999999999952e-08,2.0,9.359727799284064e-05,0.7040012519013292,0.5614317478711881,0.5058936235208797,0.1703815003801507,0.0005207318202796187,4.960041535794961e-05,5.563535927366146,10.49853749251234,20161.12149028056,0.3910502474910374
2.945999999999952e-08,2.0,9.363098565759306e-05,0.7040190409669946,0.5619318050423779,0.5058871780636636,0.1703921978380377,0.000520869395377558,4.957534454233789e-05,5.563002357306734,10.50662179327326,20171.31719873352,0.3915396072043402
2.947999999999952e-08,2.0,9.367430913001416e-05,0.7040578513795974,0.562406927918137,0.5058810819209357,0.1704124537655863,0.000521023581898857,4.955675119895266e-05,5.562075507196602,10.51367511577047,20178.88533462085,0.3919944741525506
2.949999999999952e-08,2.0,9.372716809722218e-05,0.7041176013987815,0.5628561151498417,0.5058753478830439,0.170442225576911,0.0005211940657963254,4.954465756419054e-05,5.56075762190321,10.51968247274817,20183.81091249627,0.39241388957293066
2.951999999999952e-08,2.0,9.378946255450763e-05,0.7041981651823428,0.5632784178643724,0.5058699879913733,0.1704814507271916,0.0005213804883999685,4.953907446737878e-05,5.559051867776217,10.52463119276269,20186.0856455543,0.3927969671371808
2.953999999999952e-08,2.0,9.386107290489049e-05,0.7042993730512714,0.5636729416721121,0.5058650135482071,0.1705300468327159,0.0005215824471376118,4.954000141239046e-05,5.556962323112623,10.52851094604851,20185.7079428724,0.39314289483939624
2.955999999999952e-08,2.0,9.39418601301494e-05,0.7044210118471208,0.5640388485791331,0.505860435058279,0.1705879118498103,0.0005217994965305238,4.954742666200241e-05,5.554493964868034,10.53131376711212,20182.68288324434,0.39345093672932285
2.957999999999952e-08,2.0,9.403166596584446e-05,0.7045628253809493,0.5643753587984551,0.5058562622412177,0.1706549242762277,0.0005220311492701147,4.956132733042064e-05,5.551652653674482,10.53303406887759,20177.02216353278,0.39372043452222744
2.959999999999952e-08,2.0,9.413031314866198e-05,0.7047245149728923,0.5646817524575078,0.5058525039759864,0.1707309434106819,0.0005222768775618397,4.958166947749001e-05,5.548445115251634,10.53366865347187,20168.74402452298,0.39395080904682594
2.961999999999952e-08,2.0,9.423760566879321e-05,0.7049057400812244,0.56495737119679,0.5058491683160967,0.1708158096341119,0.0005225361145412649,4.960840821019514e-05,5.544878920286911,10.53321671453827,20157.87315252916,0.3941415615626781
2.963999999999952e-08,2.0,9.435332909534552e-05,0.7051061190195903,0.5652016196569493,0.5058462624371036,0.1709093447480692,0.0005228082559453017,4.964148778520208e-05,5.540962460905949,10.53167983617825,20144.44056002076,0.3942922749088801
2.965999999999952e-08,2.0,9.447725090761581e-05,0.7053252297608915,0.5654139668493972,0.5058437926547786,0.1710113523338196,0.0005230926618425583,4.968084171823417e-05,5.536704925821141,10.52906198347621,20128.48344380956,0.39440261451557757
2.967999999999952e-08,2.0,9.460912089988396e-05,0.7055626108261361,0.565593947407831,0.5058417643758297,0.171121618167239,0.0005233886586028965,4.972639289424946e-05,5.532116272311374,10.52536948971867,20110.0450243123,0.39447232924059195
2.969999999999952e-08,2.0,9.474867159260792e-05,0.7058177622563813,0.5657411627159313,0.5058401821192039,0.1712399106531155,0.000523695540909315,4.977805368440362e-05,5.52720719712893,10.52061103532858,20089.17436467225,0.39450125206281583
2.971999999999952e-08,2.0,9.489561871730703e-05,0.7060901466657183,0.5658552819087974,0.505839049470207,0.1713659813136187,0.0005240125739895449,4.983572606396287e-05,5.521989104515284,10.51479762363627,20065.92617345488,0.3944893005951787
2.973999999999952e-08,2.0,9.504966170801452e-05,0.7063791903730864,0.5659360427436021,0.5058383691050929,0.1714995652945594,0.0005243389958699413,4.989930173734609e-05,5.516474073425185,10.50794254857299,20040.36058988719,0.3944364774490427
2.975999999999952e-08,2.0,9.521048426616553e-05,0.7066842846105269,0.5659832523372904,0.5058381427487537,0.1716403819238824,0.0005246740198265737,4.996866226462685e-05,5.510674822166292,10.50006135941714,20012.54295550567,0.394342870413408
2.977999999999952e-08,2.0,9.537775493176183e-05,0.7070047868053381,0.5659967877670784,0.5058383712027483,0.1717881352860303,0.0005250168368359278,5.004367919587722e-05,5.504604672551727,10.49117181774238,19982.54357130448,0.3942086524810481
2.979999999999952e-08,2.0,9.555112772722525e-05,0.7073400219334257,0.565976596531908,0.5058390543067063,0.1719425148463037,0.0005253666181979285,5.012421420782468e-05,5.498277511794349,10.48129385170323,19950.4374443419,0.3940340816856043
2.981999999999952e-08,2.0,9.573024280667495e-05,0.7076892839410015,0.5659226968709928,0.5058401909699449,0.1721031960888598,0.0005257225181338467,5.021011924939539e-05,5.491707754233547,10.47044950286943,19916.30402295931,0.393819500782133
2.983999999999952e-08,2.0,9.591472717657232e-05,0.7080518372316357,0.5658351779380009,0.5058417791367162,0.1722698412021701,0.0005260836765299865,5.0301236690737e-05,5.484910301140403,10.45866287074539,19880.22692460264,0.3935653367358308
2.985999999999952e-08,2.0,9.61041954203098e-05,0.7084269182155288,0.5657141998274847,0.5058438158215413,0.1724420997755846,0.0005264492216302167,5.039739948247589e-05,5.477900500680544,10.44596005024571,19842.29365540416,0.3932721000519001
2.987999999999952e-08,2.0,9.629825049221134e-05,0.708813736917743,0.5655599934526157,0.5058462970784015,0.1726196095405257,0.000526818272846825,5.049843131989697e-05,5.470694106293184,10.43236906725957,19802.5953254906,0.39294038391208996
2.989999999999953e-08,2.0,9.649648451330386e-05,0.7092114786420034,0.5653728602713659,0.5058492180399012,0.1728019971199608,0.0005271899434935899,5.060414681896969e-05,5.463307235550023,10.41791980763057,19761.22635912391,0.3925708631514051
2.991999999999953e-08,2.0,9.669847963385695e-05,0.7096193056865672,0.5651531718608198,0.5058525728904915,0.1729888788193986,0.0005275633436095472,5.071435169897568e-05,5.455756327760707,10.40264394467657,19718.28420356595,0.3921642930414212
2.993999999999953e-08,2.0,9.690380889481787e-05,0.7100363591085451,0.5649013693374013,0.5058563549095175,0.173179861423077,0.0005279375826785756,5.082884297882008e-05,5.448058102368159,10.38657486062711,19673.86903567116,0.3917215079143243
2.995999999999954e-08,2.0,9.711203715263478e-05,0.7104617605329583,0.5646179626233879,0.5058605564485492,0.1733745430282869,0.0005283117724125756,5.094740918180878e-05,5.440229516406185,10.36974756708952,19628.08346998455,0.391243419595101
2.997999999999954e-08,2.0,9.732272199938657e-05,0.7108946140027248,0.5643035295582638,0.5058651689783478,0.1735725138815684,0.0005286850294050269,5.106983055612107e-05,5.432287723037195,10.35219861996704,19581.03226720307,0.3907310156766954
2.999999999999954e-08,2.0,9.753541474221729e-05,0.7113340078656749,0.5639587148560586,0.505870183070309,0.1737733572494341,0.0005290564778223525,5.119587930575294e-05,5.424250029445136,10.33396603392066,19532.82204662962,0.39018535760662454
3.001999999999954e-08,2.0,9.774966137376515e-05,0.711779016694622,0.5635842289080519,0.5058755884473596,0.1739766502874104,0.0005294252519418185,5.132531983927959e-05,5.416133856073536,10.31508919183872,19483.56100130318,0.38960757862064155
3.003999999999955e-08,2.0,9.796500359713232e-05,0.7122287032364473,0.5631808464328665,0.5058813739694938,0.1741819649398067,0.0005297904987034072,5.14579090311691e-05,5.4079566954831,10.29560875438025,19433.35861926064,0.3889988814930598
3.005999999999955e-08,2.0,9.818097983688165e-05,0.7126821203860901,0.5627494049742292,0.5058875276885539,0.1743888688340748,0.0005301513800866548,5.159339650309125e-05,5.399736072788202,10.27556656509114,19382.32540941716,0.3883605361401544
3.007999999999955e-08,2.0,9.839712629918814e-05,0.7131383131812892,0.5622908032493544,0.5058940368377876,0.1745969262019414,0.0005305070754801676,5.17315249198657e-05,5.39148950594407,10.25500555612744,19330.57263533294,0.38769387704741304
3.009999999999955e-08,2.0,9.861297801245733e-05,0.7135963208138708,0.5618059993491862,0.5059008878904192,0.174805698791258,0.0005308567838573059,5.18720303075536e-05,5.383234467811847,10.23396965011417,19278.21205514641,0.38700030055792817
3.011999999999956e-08,2.0,9.882806991116545e-05,0.7140551786533511,0.5612960087944296,0.5059080665531259,0.175014746800547,0.0005311997259262743,5.201464238820154e-05,5.374988348269556,10.2125036631371,19225.35567074916,0.3862812619938827
3.013999999999956e-08,2.0,9.904193789413219e-05,0.7145139202785865,0.5607619024495955,0.5059155578282504,0.1752236298003201,0.0005315351460708134,5.215908493876987e-05,5.366768418261868,10.19065320441853,19172.11548427107,0.3855382726492753
3.015999999999956e-08,2.0,9.925411991965028e-05,0.714971579513198,0.5602048042999896,0.5059233460110192,0.1754319076729371,0.0005318623142504279,5.230507616856182e-05,5.358591794053037,10.16846457763321,19118.60326476408,0.38477289662705255
3.017999999999957e-08,2.0,9.946415706863709e-05,0.7154271924604781,0.5596258890948662,0.5059314147552197,0.1756391415352406,0.0005321805276791721,5.245232912266657e-05,5.350475403541558,10.14598467943338,19064.93032294849,0.3839867475596256
3.019999999999957e-08,2.0,9.96715946379899e-05,0.7158797995334972,0.5590263798626695,0.5059397470739339,0.1758448946755611,0.0005324891124527763,5.260055210549039e-05,5.342435952896306,10.12326090009226,19011.20729673142,0.3831814851871084
3.021999999999957e-08,2.0,9.987598319532115e-05,0.7163284474761324,0.5584075453025619,0.5059483254084309,0.1760487334695009,0.000532787424946012,5.274944913181411e-05,5.334489895339417,10.10034102184924,18957.54394517236,0.382358811833061
3.023999999999957e-08,2.0,0.0001000768796570934,0.716772191370764,0.557770697059124,0.5059571316321473,0.1762502283059455,0.0005330748531510125,5.289872039915275e-05,5.326653400331397,10.0772731198154,18904.04895344154,0.38152046875317847
3.025999999999958e-08,2.0,0.0001002738483214162,0.7172100966284078,0.5571171868853582,0.5059661471225,0.1764489544879012,0.0005333508177813175,5.304806278872176e-05,5.318942324951569,10.05410546103316,18850.82974627689,0.38066823239745695
3.027999999999958e-08,2.0,0.0001004664619174412,0.7176412409570965,0.5564484037017854,0.5059753527677907,0.1766444931394954,0.0005336147733133156,5.31971703884262e-05,5.311372185726103,10.03088640649599,18797.99231234232,0.37980391056229
3.029999999999958e-08,2.0,0.0001006543026027892,0.7180647163043585,0.5557657705576227,0.5059847290415904,0.1768364320839327,0.0005338662087926838,5.334573504498663e-05,5.303958132666239,10.00766431172938,18745.64103684572,0.3789293384736899
3.031999999999959e-08,2.0,0.000100836962970935,0.7184796307697097,0.555070741502651,0.5059942560121996,0.1770243667236743,0.0005341046485784008,5.349344693819404e-05,5.296714923767177,9.984487430684766,18693.87854470087,0.37804637477897673
3.033999999999959e-08,2.0,0.0001010140470002356,0.7188851104831249,0.5543647983765225,0.5060039134192152,0.177207900887834,0.0005343296528546652,5.363999518415463e-05,5.289656901702135,9.961403818554171,18642.80555147034,0.3771568974886885
3.035999999999959e-08,2.0,0.0001011851710065917,0.7192803014455338,0.5536494475248223,0.5060136806851335,0.1773866476780015,0.0005345408180841244,5.378506846003438e-05,5.282797970962057,9.938461238202592,18592.52072427985,0.37626279984682076
3.037999999999959e-08,2.0,0.0001013499645317669,0.719664371327468,0.5529262164492744,0.5060235369936718,0.17756023027773,0.0005347377772353228,5.392835565685405e-05,5.276151577149698,9.915707065831146,18543.12054984574,0.37536598617154443
3.03999999999996e-08,2.0,0.000101508071229479,0.7200365112220668,0.5521966504019833,0.5060334613030582,0.1777282827568362,0.0005349201999584847,5.406954655230635e-05,5.269730686680866,9.893188200515205,18494.69921173853,0.3744683676451471
3.04199999999996e-08,2.0,0.0001016591496816944,0.7203959373487528,0.5514623089316042,0.5060434324256463,0.1778904508360143,0.0005350877925449158,5.420833250977771e-05,5.263547768578884,9.870950973236459,18447.34847395697,0.3735718580955899
3.04399999999996e-08,2.0,0.0001018028742074281,0.7207418927039877,0.550724762391754,0.5060534290424227,0.1780463926428728,0.0005352402978446939,5.434440719496823e-05,5.257614776619313,9.8490410600017,18401.1575728917,0.37267836974888124
3.045999999999961e-08,2.0,0.0001019389355969596,0.7210736486556303,0.5499855884199061,0.5060634297834136,0.178195779425162,0.0005353774949801085,5.447746731588189e-05,5.251943133491285,9.827503394674686,18356.21311471043,0.3717898089947441
3.047999999999961e-08,2.0,0.0001020670418339867,0.7213905064775429,0.5492463683973536,0.5060734132429127,0.1783382962522801,0.0005354991990298599,5.460721337696478e-05,5.246543715239369,9.806382086066161,18312.5989802262,0.37090807214507354
3.049999999999961e-08,2.0,0.000102186918739166,0.7216917988212087,0.5485086838986504,0.5060833580601747,0.17847364267111,0.0005356052605234063,5.473335045272785e-05,5.241426837635514,9.78572033491716,18270.39623426088,0.3700350412275404
3.051999999999961e-08,2.0,0.0001022983105978169,0.7219768911212656,0.5477741131412245,0.5060932429348453,0.1786015333472477,0.0005356955649206195,5.485558897100578e-05,5.236602242754119,9.765560355276913,18229.68304156857,0.3691725797939768
3.053999999999962e-08,2.0,0.0001024009807058124,0.722245182931992,0.5470442274435948,0.5061030467074321,0.1787216986579755,0.0005357700319177851,5.497364551073582e-05,5.232079087386357,9.745943295922668,18190.53458633573,0.36832252878561933
3.055999999999962e-08,2.0,0.0001024947118967109,0.7224961091919326,0.5463205877027982,0.5061127483744146,0.1788338852680297,0.0005358286147550272,5.508724360380077e-05,5.227865931577469,9.726909166282145,18153.02299734243,0.36748670243476855
3.057999999999962e-08,2.0,0.0001025793069847492,0.7227291414140006,0.5456047408993175,0.5061223271679748,0.178937856654808,0.0005358712993675592,5.519611454537635e-05,5.223970728913158,9.708496762521628,18117.21727582667,0.36666688424450955
3.059999999999963e-08,2.0,0.000102654589187031,0.7229437887985469,0.5448982166398822,0.5061317625702779,0.179033393614077,0.000535898103555528,5.529999820175806e-05,5.220400816851355,9.690743598224767,18083.18322817249,0.36586482302580525
3.061999999999963e-08,2.0,0.0001027204024601484,0.7231395992670566,0.5442025237461205,0.5061410343919513,0.1791202947131116,0.000535909076015921,5.539864381970756e-05,5.217162908717893,9.67368583534307,18050.98340050446,0.3650822290330089
3.063999999999963e-08,2.0,0.0001027766118148252,0.7233161604142909,0.5435191468990479,0.5061501227850405,0.1791983767223412,0.0005359042954107288,5.549181082578923e-05,5.214263085676905,9.657358219812732,18020.6770173602,0.3643207701767067
3.065999999999963e-08,2.0,0.0001028231035444443,0.7234731003768727,0.542849543346909,0.5061590083197456,0.1792674749927309,0.0005358838693156161,5.557926961940763e-05,5.211706790289297,9.641794017539443,17992.31992157759,0.36358206835417817
3.067999999999964e-08,2.0,0.000102859785431279,0.7236100886164851,0.542195139685838,0.5061676719955722,0.1793274438099908,0.0005358479332224753,5.566080234761637e-05,5.209498819985631,9.627024955119472,17965.96451762834,0.3628676958758472
3.069999999999964e-08,2.0,0.0001028865868668919,0.7237268366160324,0.5415573287202571,0.506176095315867,0.1793781566931308,0.0005357966494405655,5.573620366517122e-05,5.207643322064237,9.613081161022407,17941.65971560216,0.36217917202712624
3.071999999999964e-08,2.0,0.0001029034589507214,0.7238230984872994,0.5409374664118405,0.5061842602967074,0.1794195066684929,0.0005357302060685848,5.58052814676358e-05,5.206143788556846,9.599991111581094,17919.45087813863,0.36151795974334755
3.073999999999965e-08,2.0,0.0001029103745038911,0.7238986714888275,0.5403368689232544,0.506192149538809,0.1794514064870484,0.0005356488158825003,5.58678576008969e-05,5.205003052572216,9.587781577539875,17899.37976758833,0.360885462436206
3.075999999999965e-08,2.0,0.0001029073280624115,0.7239533964529175,0.5397568097647654,0.5061997462337469,0.1794737888161306,0.0005355527153102137,5.592376853479396e-05,5.204223284476379,9.576477575487605,17881.48449577092,0.36028302094863474
3.077999999999965e-08,2.0,0.0001028943357873595,0.7239871581208601,0.5391985170491271,0.5062070342328339,0.1794866063737008,0.0005354421633377625,5.597286600425856e-05,5.203805989520754,9.566102319953112,17865.79947369351,0.3597119106754263
3.079999999999965e-08,2.0,0.000102871435356279,0.7239998853856873,0.5386631708620278,0.5062139980503065,0.1794898320363148,0.0005353174405165875,5.601501760573965e-05,5.203752005293675,9.556677180473395,17852.35536367186,0.35917333882571295
3.081999999999966e-08,2.0,0.0001028386857739133,0.723991551441934,0.5381519007526506,0.5062206229288237,0.1794834588892079,0.0005351788479161977,5.605010735251661e-05,5.204061500607997,9.54822163943935,17841.17903130297,0.3586684418634427
3.083999999999966e-08,2.0,0.0001027961671665157,0.7239621738420939,0.5376657833507662,0.5062268948392921,0.1794675002496809,0.0005350267061900069,5.607803617694104e-05,5.204733974217097,9.540753255015138,17832.29349980687,0.3581982831010853
3.085999999999966e-08,2.0,0.0001027439804983338,0.7239118144596522,0.537205840114006,0.5062328005426859,0.1794419896325095,0.0005348613545980641,5.609872238358937e-05,5.205768254974048,9.534287624962522,17825.71790427319,0.35776385048149645
3.087999999999967e-08,2.0,0.0001026822472744569,0.7238405793587702,0.536773035210836,0.5062383275862309,0.1794069806885847,0.0005346831501525117,5.611210204183227e-05,5.207162501841877,9.52883835565274,17821.46744840333,0.35736605452225123
3.089999999999967e-08,2.0,0.0001026111091690559,0.7237486185708993,0.5363682735419988,0.5062434643612965,0.1793625470858051,0.0005344924667286751,5.611812932234487e-05,5.208914205372547,9.524417032123935,17819.5533613738,0.35700572645619366
3.091999999999967e-08,2.0,0.0001025307276430886,0.7236361257787929,0.5359923989050037,0.5062482000957099,0.1793087823634593,0.0005342896943055543,5.611677676672655e-05,5.211020189076863,9.521033193452265,17819.98285747824,0.35668361654154446
3.093999999999967e-08,2.0,0.000102441283490895,0.7235033379085821,0.5356461923035519,0.5062525249075177,0.1792457997294137,0.0005340752381776231,5.610803549544865e-05,5.213476612305455,9.518694309319491,17822.75909626381,0.35640039257413825
3.095999999999968e-08,2.0,0.0001023429763795711,0.7233505346307757,0.5353303704055886,0.5062564297932572,0.1791737318313831,0.0005338495182995519,5.609191534412712e-05,5.216278973076104,9.517405762031025,17827.88114588248,0.35615663857420554
3.097999999999968e-08,2.0,0.0001022360243209128,0.7231780377712329,0.5350455841509763,0.5062599066774368,0.1790927304718833,0.0005336129686046658,5.606844493416647e-05,5.21942211246958,9.517170829888626,17835.34394745857,0.35595285367909296
3.099999999999968e-08,2.0,0.0001021206631395809,0.7229862106333513,0.5347924175116491,0.5062629483966353,0.1790029662981904,0.0005333660364565562,5.603767166873714e-05,5.222900219040103,9.517990676156442,17845.13828325045,0.3557894512134587
3.101999999999968e-08,2.0,0.0001019971458776032,0.7227754572328979,0.5345713864043794,0.5062655487446024,0.1789046284371868,0.0005331091820735077,5.599966166104852e-05,5.226706834864422,9.519864339543332,17857.25074649096,0.3556667579671926
3.103999999999969e-08,2.0,0.0001018657421985919,0.7225462214470927,0.5343829377582148,0.5062677024521082,0.1787979241064668,0.0005328428780829908,5.595449958694794e-05,5.230834861683972,9.52278873042201,17871.66371573202,0.355585013651748
3.105999999999969e-08,2.0,0.0001017267377320941,0.7222989860797392,0.534227448735941,0.506269405227613,0.17868307817186,0.0005325676090447634,5.590228846976504e-05,5.235276568764845,9.526758628724197,17888.35533165791,0.35554437056408095
3.107999999999969e-08,2.0,0.000101580433421134,0.7220342718443696,0.5341052261108503,0.5062706537328393,0.1785603326827926,0.0005322838710977361,5.584314939055189e-05,5.240023600936283,9.531766687711086,17907.29947923013,0.35554489342805773
3.10999999999997e-08,2.0,0.0001014271448136641,0.7217526362675465,0.5340165057974521,0.5062714456189935,0.178429946355923,0.0005319921715681346,5.577722113259457e-05,5.245066988431486,9.537803439570315,17928.46577320126,0.35558655944152906
3.11199999999997e-08,2.0,0.0001012672013606223,0.7214546725146311,0.5339614525367149,0.5062717794980793,0.1782921940385125,0.0005316930286921572,5.570465975445698e-05,5.25039715699552,9.544857307015793,17951.81954988943,0.3556692584982024
3.11399999999997e-08,2.0,0.0001011009456616087,0.721141008140491,0.5339401597337955,0.5062716549747158,0.1781473661222512,0.0005313869712898217,5.562563810133839e-05,5.256003939881641,9.552914616848884,17977.32186331431,0.35579279361154426
3.11599999999997e-08,2.0,0.0001009287327205074,0.7208123037677788,0.5339526494482142,0.5062710726132377,0.1779957679390266,0.0005310745385414815,5.554034525006531e-05,5.261876590201756,9.561959619630866,18004.92948860133,0.3559568815091876
3.117999999999971e-08,2.0,0.0001007509291523521,0.7204692516955646,0.533998872533832,0.5062700339651806,0.177837719109641,0.000530756279703075,5.544898589829436e-05,5.268003795248585,9.571974511429277,18034.59493081118,0.3561611534241911
3.119999999999971e-08,2.0,0.0001005679124033663,0.7201125744412543,0.5340787089280045,0.5062685415322746,0.1776735528769808,0.0005304327539101354,5.535177969420269e-05,5.274373691253774,9.582939461758457,18066.26644210205,0.35640515605102363
3.121999999999971e-08,2.0,0.0001003800699257964,0.7197430232188627,0.5341919680867262,0.5062665987896989,0.1775036153949302,0.0005301045299063364,5.524896051790172e-05,5.28097388019303,9.594832643676117,18099.8880454227,0.356688352691796
3.123999999999972e-08,2.0,0.0001001877983690422,0.7193613763568484,0.5343383895646278,0.5062642101450969,0.1773282650045387,0.0005297721858454349,5.514077571165301e-05,5.287791447099092,9.60763027012471,18135.39956763191,0.35701012456008907
3.125999999999972e-08,2.0,9.999150272903155e-05,0.7189684376588403,0.5345176437361403,0.5062613809577522,0.1771478714690004,0.0005294363090024328,5.502748527060133e-05,5.294812979485162,9.62130663247456,18172.73668026866,0.3573697722671399
3.127999999999972e-08,2.0,9.979159551693648e-05,0.7185650347107116,0.5347293326562297,0.5062581174937758,0.1769628151989752,0.0005290974955420648,5.490936099174104e-05,5.302024587332882,9.635834145322631,18211.8309508357,0.3577665174572545
3.129999999999972e-08,2.0,9.958849588948984e-05,0.7181520171375637,0.5349729910565806,0.506254426941384,0.1767734864400382,0.0005287563501808004,5.478668559309412e-05,5.309411925238058,9.6511833934968,18252.60990283468,0.3581995046165424
3.131999999999973e-08,2.0,9.938262880160907e-05,0.7177302548142919,0.5352480874752052,0.5062503173624445,0.1765802844538145,0.0005284134858901314,5.465975180127018e-05,5.316960215158132,9.667323185281134,18294.99708735893,0.3586678030213908
3.133999999999973e-08,2.0,9.917442412390505e-05,0.7173006360335037,0.5355540255149709,0.5062457977040539,0.1763836166647967,0.0005280695234780866,5.452886141943473e-05,5.324654271343648,9.684220607802319,18338.91216447788,0.35917040885017415
3.135999999999973e-08,2.0,9.896431578538242e-05,0.7168640656346449,0.5358901452286416,0.5062408777466668,0.1761838978043984,0.0005277250911967803,5.439432437410645e-05,5.33247852588556,9.701841088552897,18384.27099714164,0.3597062474242433
3.137999999999974e-08,2.0,9.875274088425646e-05,0.7164214630982773,0.5362557246255716,0.5062355681121892,0.1759815490244638,0.0005273808242141127,5.425645775265704e-05,5.340417056447189,9.720148458978338,18430.98575581131,0.36027417560110775
3.139999999999974e-08,2.0,9.85401388267733e-05,0.7159737606095185,0.5366499812973234,0.5062298802089277,0.1757769970117428,0.0005270373640978143,5.411558482998265e-05,5.348453614599087,9.739105024063422,18478.96503644458,0.3608729842855807
3.141999999999974e-08,2.0,9.832695043731654e-05,0.7155219010947258,0.5370720741570092,0.5062238262364533,0.1755706730757659,0.0005266953581514993,5.397203409587602e-05,5.356571656310425,9.758671633829415,18528.11398998967,0.3615014010812433
3.143999999999974e-08,2.0,9.811361709927318e-05,0.7150668362355558,0.537521105289335,0.5062174191276189,0.1753630122415668,0.0005263554587516772,5.382613828144568e-05,5.364754372999518,9.77880776063618,18578.33446589105,0.36215809304776825
3.145999999999975e-08,2.0,9.790057987028573e-05,0.7146095244645849,0.5379961219058719,0.5062106725504615,0.1751544523198624,0.0005260183225272307,5.367823339558501e-05,5.372984724681126,9.79947157818527,18629.52516768648,0.3628416695860095
3.147999999999975e-08,2.0,9.768827863095643e-05,0.7141509289467123,0.5384961184022464,0.5062036008475662,0.1749454329860876,0.0005256846095313871,5.352865776957336e-05,5.38124547359574,9.820620046075497,18681.58182304391,0.3635506854161588
3.149999999999975e-08,2.0,9.747715121097074e-05,0.7136920155505935,0.5390200385115347,0.5061962190352827,0.1747363948410218,0.000525354982249817,5.337775112014585e-05,5.38951921984159,9.842208995791458,18734.39736621987,0.3642836436705129
3.151999999999976e-08,2.0,9.726763255128261e-05,0.7132337508143822,0.5395667775503101,0.5061885427407207,0.1745277784843276,0.0005250301045961786,5.32258536287267e-05,5.397788437376545,9.86419322193478,18787.86213510884,0.36503899906598253
3.153999999999976e-08,2.0,9.706015384667076e-05,0.71277709991006,0.5401351847514089,0.5061805881985781,0.1743200235738699,0.0005247106407410964,5.307330504639817e-05,5.406035511892936,9.886526574562854,18841.86408074213,0.365815161177539
3.155999999999976e-08,2.0,9.685514172686835e-05,0.7123230246106447,0.5407240656796634,0.5061723721860739,0.1741135679020104,0.0005243972539273391,5.292044382182615e-05,5.414242778914416,9.909162056404755,18896.28899120394,0.366610497777653
3.157999999999976e-08,2.0,9.6653017420916e-05,0.7118724812645565,0.5413321847244783,0.5061639120176801,0.1739088464618549,0.0005240906051196815,5.276760626088906e-05,5.422392563599638,9.932051920803795,18951.02072767686,0.3674233382626234
3.159999999999977e-08,2.0,9.645419596248643e-05,0.7114264187814101,0.5419582676653358,0.506155225478296,0.1737062905345078,0.0005237913516437461,5.261512571470726e-05,5.4304672205844,9.955147774118748,19005.94147436342,0.368251977130828
3.161999999999977e-08,2.0,9.625908538114387e-05,0.7109857766334728,0.5426010043039443,0.5061463308162124,0.1735063267703968,0.0005235001456648269,5.246333180396263e-05,5.438449175329697,9.97840067841986,19060.93199983285,0.3690946775335475
3.163999999999977e-08,2.0,9.606808593685319e-05,0.7105514828770003,0.543259051158993,0.5061372466748266,0.1733093762955485,0.0005232176326625655,5.231254967567878e-05,5.446320965289664,10.00176125817512,19115.87193129914,0.3699496748634445
3.165999999999978e-08,2.0,9.588158934298014e-05,0.7101244521976153,0.5439310342171142,0.5061279920841479,0.173115853815941,0.0005229444497549506,5.216309929949276e-05,5.454065282351431,10.02517980675347,19170.64003920726,0.37081518040117323
3.167999999999978e-08,2.0,9.569997803465018e-05,0.7097055839838468,0.5446155517359205,0.5061185863913794,0.172926166750627,0.0005226812240289632,5.201529479907561e-05,5.461665014844947,10.04860639640654,19225.11453338474,0.37168938498529347
3.169999999999978e-08,2.0,9.552362442799678e-05,0.7092957604328877,0.5453111770926443,0.5061090492512745,0.1727407143667897,0.0005224285707337549,5.186944382492075e-05,5.469103290560189,10.0719909875485,19279.17336795403,0.3725704627258546
3.171999999999978e-08,2.0,9.535289022669682e-05,0.7088958446925601,0.5460164616741963,0.506099400555899,0.1725598869472101,0.000522187091494923,5.172584696367725e-05,5.476363519056796,10.09528354096573,19332.694556016,0.3734565747269861
3.173999999999979e-08,2.0,9.518812572160534e-05,0.7085066790433995,0.546729937802127,0.5060896604241476,0.1723840649633376,0.0005219573724080069,5.15847971894981e-05,5.483429434690948,10.11843412877214,19385.55649112032,0.3743458728387894
3.175999999999979e-08,2.0,9.502966913942127e-05,0.7081290831246914,0.5474501216883108,0.5060798491310023,0.1722136182842001,0.0005217399821707823,5.144657935215989e-05,5.490285138634543,10.14139304771636,19437.63827629517,0.37523650340411063
3.177999999999979e-08,2.0,9.487784598646731e-05,0.7077638522081909,0.5481755164148291,0.506069987096514,0.172048905394358,0.0005215354701144431,5.131146970675388e-05,5.496915141301375,10.16411093065603,19488.82005748463,0.37612661102047107
3.17999999999998e-08,2.0,9.473296844305867e-05,0.7074117555231658,0.5489046149338898,0.5060600948148535,0.1718902726508883,0.0005213443642939742,5.117973547935901e-05,5.503304403449096,10.18653885978435,19538.98336194614,0.37701434228300146
3.18199999999998e-08,2.0,9.45953347547996e-05,0.7070735346362879,0.5496359030813206,0.5060501928430684,0.17173805355259,0.0005211671694994462,5.105163447291142e-05,5.509438377365014,10.20862847742874,19588.01143831372,0.3778978495287306
3.18399999999998e-08,2.0,9.446522867585329e-05,0.7067499018897859,0.5503678625995139,0.5060403017302164,0.1715925680511525,0.0005210043653489251,5.092741470742217e-05,5.515303046401636,10.23033209798874,19635.78959868661,0.37877529454836134
3.18599999999998e-08,2.0,9.434291891076595e-05,0.7064415389011502,0.5510989741634414,0.5060304420061866,0.1714541218774313,0.0005208564043260005,5.080731409826445e-05,5.520884964267434,10.25160281684311,19682.20555934012,0.37964485228601014
3.187999999999981e-08,2.0,9.422865860948323e-05,0.7061490951275465,0.5518277204056984,0.5060206341112011,0.1713230059123381,0.0005207237099226441,5.069156016650676e-05,5.526171292340284,10.27239461977933,19727.14978026512,0.3805047144933603
3.189999999999981e-08,2.0,9.412268486238777e-05,0.7058731864979658,0.552552588934303,0.5060108983849764,0.1711994955754325,0.0005206066747513057,5.058036978461873e-05,5.531149836410129,10.29266248879066,19770.51580006629,0.3813530933588706
3.191999999999981e-08,2.0,9.402521824960438e-05,0.705614394115988,0.5532720753393174,0.5060012549968694,0.1710838502604708,0.000520505658786532,5.047394895142791e-05,5.535809081124688,10.31236250778446,19812.20056632224,0.38218822507884664
3.193999999999981e-08,2.0,9.39364623916595e-05,0.7053732630358938,0.5539846861821313,0.5059917239356442,0.1709763127909576,0.0005204209876005676,5.037249259935775e-05,5.540138223549778,10.33145196406665,19852.10475792,0.38300837339117366
3.195999999999982e-08,2.0,9.385660355537776e-05,0.7051503011147011,0.5546889419636042,0.5059823249405188,0.1708771089246772,0.0005203529507523817,5.027618442780166e-05,5.544127204129325,10.34988944914121,19890.13309942075,0.38381183303892696
3.197999999999982e-08,2.0,9.378581026236226e-05,0.7049459779425451,0.5553833800650406,0.5059730774917952,0.1707864468802301,0.0005203018001947234,5.018519676545324e-05,5.547766736465454,10.36763495471421,19926.19466400868,0.38459693318481053
3.199999999999982e-08,2.0,9.372423295360978e-05,0.7047607238536526,0.5560665576583252,0.5059640007430515,0.1707045169142674,0.000520267748857421,5.00996904554919e-05,5.55104833421992,10.38464996744086,19960.20316509522,0.38536204074405783
3.201999999999983e-08,2.0,9.367200365787418e-05,0.7045949290199962,0.5567370545793243,0.5059551135128748,0.1706314909224113,0.0005202509692713001,5.001981476631695e-05,5.553964336569713,10.4008975583339,19992.07723322866,0.386105563656913
3.203999999999983e-08,2.0,9.362923571702502e-05,0.7044489426295354,0.5573934761610235,0.5059464342184383,0.1705675220922938,0.0005202515923893165,4.994570732182823e-05,5.556507930538919,10.41634247037575,20021.74067846189,0.3868259540687297
3.205999999999983e-08,2.0,9.359602351629386e-05,0.7043230721507763,0.5580344560206346,0.5059379808685588,0.1705127445816652,0.0005202697064687345,4.987749405389318e-05,5.558673171655298,10.43095120028639,20049.12273498522,0.3875217114389694
3.207999999999983e-08,2.0,9.357244227236565e-05,0.7042175826851977,0.5586586587972701,0.5059297709988854,0.1704672732497296,0.0005203053561689341,4.981528917114128e-05,5.560455001278993,10.4446920779967,20074.15828832154,0.38819138554754046
3.209999999999984e-08,2.0,9.355854782750161e-05,0.7041326964089103,0.5592647828345443,0.5059218216665005,0.170431203414646,0.0005203585417278768,4.975919514673798e-05,5.56184926206997,10.45753533981728,20096.78808210297,0.38883357941989827
3.211999999999984e-08,2.0,9.355437650238203e-05,0.70406859210472,0.5598515628048184,0.5059141493869286,0.1704046106650665,0.0005204292183694744,4.970930271945708e-05,5.562852709970605,10.46945319886311,20116.95890492913,0.3894469521397519
3.213999999999984e-08,2.0,9.355994495613465e-05,0.7040254047855863,0.5604177722695558,0.5059067701304949,0.1703875506986387,0.0005205172958038107,4.96656909107631e-05,5.563463024190715,10.48041990876662,20134.6237545905,0.3900302215709171
3.215999999999985e-08,2.0,9.357525010600935e-05,0.7040032254102655,0.5609622261726099,0.5058996992613529,0.1703800592150803,0.0005206226379699251,4.962842705243732e-05,5.563678813602733,10.49041182425218,20149.74198040574,0.3905821669575297
3.217999999999985e-08,2.0,9.360026905541529e-05,0.704002100691738,0.5614837832610126,0.5058929515358043,0.1703821518367274,0.0005207450628817829,4.959756682755183e-05,5.5634996210569,10.49940745465168,20162.27940126475,0.39110163142428517
3.219999999999985e-08,2.0,9.363495908256761e-05,0.7040220329988239,0.5619813484301708,0.505886541043542,0.1703938240839014,0.0005208843427244038,4.957315431955833e-05,5.56292592405759,10.50738751394919,20172.20840041371,0.39158752434626937
3.221999999999985e-08,2.0,9.367925763870614e-05,0.7040629803511946,0.5624538749881238,0.5058804812081192,0.1704150513779839,0.0005210402040593516,4.955522207242871e-05,5.561959133333296,10.51433496348401,20179.50799490767,0.3920388236101399
3.223999999999986e-08,2.0,9.37330824079034e-05,0.7041248565077887,0.5629003668358541,0.505874784730609,0.1704457890992762,0.000521212328283639,4.954379115684751e-05,5.560601587776719,10.52023505091821,20184.16388108379,0.3924545777365779
3.225999999999986e-08,2.0,9.379633137765598e-05,0.7042075311484484,0.5633198805583748,0.5058694635924107,0.1704859726725158,0.0005214003521997749,4.953887124555611e-05,5.558856547309432,10.52507534164996,20186.16845432677,0.392833907885859
3.227999999999986e-08,2.0,9.386888297205081e-05,0.7043108301483929,0.5637115274236673,0.5058645290015038,0.1705355177068745,0.0005216038688380357,4.954046069308732e-05,5.556728182182788,10.5288457462976,20185.52080480624,0.3931760097167928
3.229999999999987e-08,2.0,9.395059619687596e-05,0.7044345359449503,0.564074475284261,0.5058599913977829,0.1705943201632769,0.0005218224283871707,4.95485466231633e-05,5.554221560291062,10.53153854049123,20182.22668780588,0.3934801551209841
3.231999999999987e-08,2.0,9.404131084823538e-05,0.7045783879957759,0.5644079503786097,0.5058558604020983,0.1706622565756057,0.0005220555393716473,4.956310501923432e-05,5.551342631042795,10.53314838061597,20176.2984706451,0.393745693803004
3.233999999999987e-08,2.0,9.414084773419002e-05,0.7047420833275925,0.5647112390271457,0.5058521448242914,0.170739184298626,0.0005223026699302408,4.958410082162123e-05,5.548098207385085,10.5336723118006,20167.75505514357,0.3939720547285197
3.235999999999987e-08,2.0,9.424900896071029e-05,0.7049252771742959,0.5649836892202573,0.5058488526151973,0.1708249418089063,0.0005225632493311178,4.961148802696318e-05,5.544495944560274,10.53310977181559,20156.62177793404,0.39415874741135104
3.237999999999988e-08,2.0,9.436557823155618e-05,0.7051275837030823,0.565224712093174,0.5058459908775774,0.1709193490315568,0.0005228366695768971,4.964520979362714e-05,5.540544317205877,10.53146258723259,20142.9302878758,0.39430536306161723
3.239999999999988e-08,2.0,9.449032121310233e-05,0.7053485768270682,0.5654337832851296,0.505843565821251,0.1710222077188009,0.0005231222872321054,4.968519854900387e-05,5.536252593407277,10.52873496552815,20126.71840314199,0.3944115755663287
3.241999999999988e-08,2.0,9.462298591374264e-05,0.7055877911026909,0.5656104441779325,0.5058415827770943,0.1711333018531596,0.00052341942532532,4.973137610253631e-05,5.531630807327154,10.52493347954282,20108.02994749626,0.39447714232477293
3.243999999999989e-08,2.0,9.476330312857995e-05,0.7058447227100005,0.5657543030114691,0.5058400461554866,0.1712523981009966,0.0005237273754558422,4.978365376060806e-05,5.526689729048655,10.52006704799655,20086.91456855789,0.39450190491047255
3.245999999999989e-08,2.0,9.491098689902784e-05,0.7061188305137778,0.5658650358714704,0.5058389594635387,0.1713792462891822,0.0005240453999563189,4.984193244733714e-05,5.521440833264113,10.51414690852976,20063.42753777851,0.3944857895822882
3.247999999999989e-08,2.0,9.506573503766534e-05,0.7064095372032427,0.5659423875472792,0.5058383252670113,0.1715135799303502,0.0005243727342387823,4.990610282758186e-05,5.515896265470873,10.50718658698741,20037.62953510617,0.394428807616929
3.249999999999989e-08,2.0,9.522722966789934e-05,0.7067162305079558,0.565986172255212,0.505838145210944,0.1716551167694531,0.000524708589174926,4.997604543639585e-05,5.510068807309524,10.49920185947323,20009.58641821095,0.39433105548575886
3.25199999999999e-08,2.0,9.539513782839584e-05,0.7070382644873474,0.5659962742255353,0.5058384199851996,0.1718035593768387,0.0005250521536360519,5.005163081140543e-05,5.503971839726034,10.49021071090468,19979.36897936454,0.39419271484869667
3.25399999999999e-08,2.0,9.556911209170366e-05,0.707374960891163,0.5659726481489854,0.5058391493486359,0.1719585957605212,0.0005254025970432162,5.013271963252965e-05,5.497619305591848,10.48023328665174,19947.05268993884,0.3940140523884642
3.25599999999999e-08,2.0,9.574879124661019e-05,0.7077256105879557,0.5659153194812285,0.5058403320984214,0.1721199000225711,0.0005257590720512928,5.0219162865656e-05,5.491025670479591,10.4692918410006,19912.71743567598,0.3937954194586574
3.257999999999991e-08,2.0,9.59338009934863e-05,0.708089475058621,0.5658243846015923,0.5058419660978819,0.172287133032302,0.0005261207172175727,5.031080191487256e-05,5.484205883221831,10.45741067907813,19876.44724272197,0.3935372515692903
3.259999999999991e-08,2.0,9.612375470170891e-05,0.708465787951824,0.5657000108249485,0.5058440482497086,0.1724599431408785,0.0005264866597772551,5.0407468779982e-05,5.477175334962589,10.44461609598488,19838.32999758011,0.39324006768406994
3.261999999999991e-08,2.0,9.63182541782093e-05,0.7088537566980475,0.565542436263582,0.5058465745275948,0.172637966910016,0.000526856018376912,5.050898622406542e-05,5.469949818317809,10.43093630982217,19798.45716094658,0.39290446935356604
3.263999999999991e-08,2.0,9.651689049577789e-05,0.7092525641788573,0.5653519695384718,0.5058495399534294,0.1728208298791367,0.0005272279058873051,5.061516794791494e-05,5.462545485361868,10.41640139236215,19756.92347853198,0.39253113965933506
3.265999999999992e-08,2.0,9.671924482992307e-05,0.7096613704478726,0.5651289893374504,0.5058529386328123,0.1730081473436132,0.0005276014321474636,5.072581877624637e-05,5.454978806041194,10.40104319409283,19713.82668875273,0.3921208419938372
3.267999999999992e-08,2.0,9.692488935245939e-05,0.7100793144998151,0.5648739438203081,0.505856763736306,0.1731995251682433,0.0005279757067608215,5.084073485258097e-05,5.447266525735269,10.38489526738259,19669.26723029524,0.39167441865206476
3.269999999999992e-08,2.0,9.71333881303571e-05,0.7105055160839107,0.5645873498690116,0.5058610075388791,0.173394560608553,0.0005283498417965107,5.095970384783444e-05,5.439425623546733,10.36799278453741,19623.34794931301,0.39119278926045864
3.271999999999993e-08,2.0,9.734429807757141e-05,0.710939077557825,0.5642697921838702,0.5058656614052555,0.1735928431638502,0.0005287229545163873,5.108250517953483e-05,5.431473270040929,10.35037245448583,19576.173809123,0.39067694902002
3.273999999999993e-08,2.0,9.755716990812749e-05,0.7113790857782284,0.5639219222245867,0.505870715833306,0.1737939554346332,0.0005290941699824485,5.120891024681888e-05,5.423426785993382,10.33207243490045,19527.85160199968,0.39012796678995354
3.275999999999993e-08,2.0,9.777154913773467e-05,0.7118246140240089,0.5635444569978815,0.5058761604434833,0.1739974740080469,0.0005294626236653174,5.133868267812294e-05,5.415303600862821,10.31313224347571,19478.48966576878,0.3895469829898346
3.277999999999993e-08,2.0,9.798697708196106e-05,0.7122747239480804,0.5631381776914932,0.505881984026145,0.1742029703440229,0.0005298274639103243,5.14715785967999e-05,5.407121212522252,10.29359266520077,19428.19760461305,0.38893520734747034
3.279999999999994e-08,2.0,9.82029918978353e-05,0.7127284675536781,0.5627039281571404,0.5058881745350297,0.1744100116855917,0.0005301878543822885,5.160734690153974e-05,5.398897146960405,10.27349565932579,19377.08601660677,0.38829391647154876
3.281999999999994e-08,2.0,9.841912961669164e-05,0.7131848891909767,0.5622426132431974,0.5058947191384376,0.1746181619660533,0.0005305429763476639,5.174572956687173e-05,5.390648919457923,10.25288426288465,19325.26622719052,0.38762445127714407
3.283999999999994e-08,2.0,9.863492521475558e-05,0.713643027569828,0.56175519698062,0.5059016042166559,0.1748269827363059,0.0005308920309158277,5.188646196054236e-05,5.382393995943809,10.23180249444548,19272.85003090905,0.3869282142443141
3.285999999999994e-08,2.0,9.884991366912434e-05,0.7141019177843774,0.5612427006238491,0.505908815416876,0.1750360340851,0.0005312342411005484,5.202927318306047e-05,5.374149756006664,10.21029525497016,19219.94944041573,0.3862066665387491
3.287999999999995e-08,2.0,9.906363104531493e-05,0.7145605933452951,0.5607062005512199,0.5059163376544276,0.1752448755753404,0.0005315688538242786,5.217388642606832e-05,5.365933456258806,10.18840822942191,19166.67644487294,0.3854613249758795
3.289999999999995e-08,2.0,9.927561556393635e-05,0.715018088215343,0.5601468260276101,0.5059241551712614,0.1754530671693151,0.0005318951417288504,5.232001935479981e-05,5.35776219549698,10.16618778601531,19113.14277654717,0.38469375885829504
3.291999999999995e-08,2.0,9.948540869239935e-05,0.7154734388439891,0.5595657568348463,0.5059322515407944,0.1756601701658231,0.0005322124049162429,5.246738451109912e-05,5.349652880350024,10.14368087671031,19059.45968754087,0.3839055866690232
3.293999999999996e-08,2.0,9.969255620918608e-05,0.7159256861967848,0.558964220773587,0.5059406097297399,0.1758657481222083,0.0005325199724856339,5.261568974217963e-05,5.341622192826649,10.12093493585311,19005.73773526616,0.3830984726513787
3.295999999999996e-08,2.0,9.989660928640898e-05,0.7163738777752305,0.5583434910431885,0.5059492121063102,0.1760693677841495,0.0005328172039915191,5.276463865135437e-05,5.333686558445963,10.09799778052384,18952.0865784292,0.382274123259039
3.297999999999996e-08,2.0,0.0001000971255382181,0.7168170696228752,0.557704883504231,0.5059580405051228,0.1762705999963555,0.0005331034906917915,5.291393107577987e-05,5.325862116334497,10.07491750949888,18898.61478195346,0.38143428350787545
3.299999999999996e-08,2.0,0.0001002936700806854,0.7172543283134261,0.5570497538311349,0.5059670762384628,0.1764690206169374,0.0005333782567117169,5.306326358714549e-05,5.318164689965149,10.05174240434256,18845.42963245571,0.3805807332141975
3.301999999999997e-08,2.0,0.0001004858165508373,0.7176847329166792,0.5563794945604446,0.5059763001639371,0.1766642114087508,0.0005336409599953473,5.321233002015154e-05,5.310609759893912,10.02852082953814,18792.63696254795,0.3797152831516938
3.303999999999997e-08,2.0,0.0001006731481304425,0.7181073769381331,0.5556955320430729,0.5059856926984496,0.1768557609304269,0.000533891093171455,5.336082202434699e-05,5.303212437164055,10.00530113512599,18740.34098544676,0.378839771112646
3.305999999999997e-08,2.0,0.0001008552585224225,0.7185213702281957,0.5549993233068828,0.5059952338882295,0.177043265400566,0.0005341281842081,5.350842964391206e-05,5.295987438707477,9.982131558758436,18688.6441380321,0.3779560579063168
3.307999999999998e-08,2.0,0.0001010317529255386,0.7189258408569705,0.5542923528386676,0.506004903425132,0.1772263295577589,0.000534351796983976,5.365484192053155e-05,5.288949063409134,9.959060130591887,18637.6469337307,0.3770660232809087
3.309999999999998e-08,2.0,0.0001012022489555117,0.7193199369506659,0.5535761292926014,0.5060146807186261,0.1774045674901205,0.0005345615316531263,5.3799747523628e-05,5.282111170140249,9.936134577924465,18587.44782326006,0.37617156180248085
3.311999999999998e-08,2.0,0.0001013663775583395,0.7197028284857657,0.5528521821348493,0.5060245449139777,0.1775776034569665,0.0005347570249321107,5.394283540261919e-05,5.275487156424552,9.913402232952436,18538.14306452725,0.37527457867788283
3.313999999999998e-08,2.0,0.0001015237838643245,0.7200737090371786,0.5521220582319902,0.5060344749657605,0.1777450726765398,0.000534937950188502,5.408379546509109e-05,5.269089939022217,9.890909940552948,18489.82659964128,0.3743769855554504
3.315999999999999e-08,2.0,0.0001016741280287703,0.7204317974766866,0.5513873183934247,0.5060444496574463,0.1779066221024066,0.0005351040174606314,5.422231927502637e-05,5.262931935095862,9.86870396942037,18442.58994027536,0.3734806962910181
3.317999999999999e-08,2.0,0.0001018170860082628,0.7207763396181142,0.5506495338758437,0.5060544476759616,0.1780619111626442,0.0005352549732894939,5.435810077454605e-05,5.257025045225735,9.846829923464409,18396.52205928917,0.3725876227131995
3.319999999999999e-08,2.0,0.0001019523503187519,0.7211066098057538,0.5499102828602699,0.5060644476322029,0.1782106124844792,0.000535390600493421,5.449083702274661e-05,5.251380636940451,9.825332656753428,18351.70928981254,0.37169967037579066
3.322e-08,2.0,0.0001020796307248162,0.7214219124427019,0.5491711469099991,0.5060744281361214,0.1783524125787,0.0005355107177682414,5.462022895462211e-05,5.246009530015912,9.80425618891378,18308.23522967634,0.37081873433129914
3.324e-08,2.0,0.0001021986549066039,0.721721583455887,0.5484337074201366,0.5060843678176665,0.1784870125065389,0.0005356151792439741,5.474598215306552e-05,5.240921982213712,9.783643624228635,18266.18065238245,0.3699466949135978
3.326e-08,2.0,0.0001023091690543669,0.7220049916947036,0.5476995420671359,0.5060942454018865,0.1786141285036082,0.0005357038738823811,5.486780763646203e-05,5.236127676699351,9.76353707135152,18225.62342249405,0.3690854135635277
3.328e-08,2.0,0.0001024109384373721,0.7222715402603075,0.5469702212690508,0.5061040397297707,0.1787334925835812,0.0005357767248466126,5.498542265427471e-05,5.231635709819263,9.743977566842617,18186.63841665055,0.36823672868546964
3.330000000000001e-08,2.0,0.0001025037478976658,0.7225206677627706,0.5462473046648255,0.5061137298328617,0.1788448530964855,0.0005358336887285844,5.509855149265812e-05,5.227454580467892,9.72500499945056,18149.29744810533,0.36740245156834
3.332000000000001e-08,2.0,0.0001025874023157972,0.7227518495034497,0.5455323376231674,0.5061232949534774,0.1789479752643227,0.0005358747547653082,5.520692628194007e-05,5.223592179732826,9.706658038315924,18113.66919601774,0.36658436235884473
3.334000000000001e-08,2.0,0.0001026617269995415,0.7229645985800784,0.5448268477890975,0.5061327146183145,0.1790426416691423,0.0005358999439308321,5.53102878075531e-05,5.220055782043431,9.68897406203065,18079.81913743434,0.3657842061199552
3.336000000000002e-08,2.0,0.000102726568043038,0.7231584669122532,0.544132341678395,0.5061419686575522,0.1791286527163305,0.0005359093080347202,5.540838631574709e-05,5.216852036521981,9.671989091702072,18047.8094832334,0.3650036889620645
3.338000000000002e-08,2.0,0.0001027817926079694,0.723333046185156,0.5434503013276346,0.5061510372769475,0.1792058270484987,0.0005359029287144831,5.550098231527539e-05,5.213986959758926,9.655737724969743,18017.69911601677,0.3642444742791359
3.340000000000002e-08,2.0,0.0001028272891744771,0.7234879687095245,0.5427821810095815,0.506159901075327,0.179274001932778,0.0005358809164523399,5.558784736595503e-05,5.21146592872426,9.640253074101624,17989.54353128007,0.36350817907680355
3.342000000000002e-08,2.0,0.0001028629677140189,0.723622908196059,0.5421294040210984,0.5061685411146991,0.1793330335971809,0.0005358434095041743,5.566876485499444e-05,5.209293675034832,9.625566705134109,17963.39477990561,0.36279637042391755
3.344000000000003e-08,2.0,0.000102888759832104,0.7237375804426351,0.5414933595527284,0.5061769389356773,0.1793827975388698,0.0005357905728702447,5.57435307516741e-05,5.207474279303822,9.61170858116399,17939.30141337464,0.3621105620138586
3.346000000000003e-08,2.0,0.0001029046188336787,0.7238317439328743,0.5408753996464676,0.5061850766251582,0.1794231887802697,0.0005357225971956951,5.581195434109036e-05,5.20601116679229,9.59870700677616,17917.30842981378,0.3614522108661979
3.348000000000003e-08,2.0,0.0001029105197592987,0.7239052003448125,0.5402768362501851,0.5061929368292439,0.1794541220959242,0.0005356396977293571,5.587385892738001e-05,5.204907103103715,9.586588576699796,17897.4572223428,0.36082271415426087
3.350000000000004e-08,2.0,0.0001029064593453773,0.7239577949685955,0.5396989383744488,0.5062005028180798,0.1794755321862762,0.0005355421132287477,5.592908250708779e-05,5.204164191143669,9.57537812569837,17879.78552791871,0.3602234061881726
3.352000000000004e-08,2.0,0.0001028924559568111,0.7239894170323191,0.5391429293594241,0.5062077584958825,0.1794873738213509,0.000535430104938484,5.597747840310341e-05,5.203783868100094,9.5650986827731,17864.32737821502,0.35965555553807316
3.354000000000004e-08,2.0,0.0001028685494457477,0.7239999999353324,0.5386099842567824,0.5062146884625733,0.1794896219307822,0.0005353039555295888,5.60189158599413e-05,5.203766903669692,9.555771426708038,17851.11305081669,0.3591203623260002
3.356000000000004e-08,2.0,0.0001028348009848965,0.7239895213885068,0.5381012273334358,0.5062212780205629,0.1794822716632081,0.0005351639681254131,5.605328059098273e-05,5.204113398300656,9.547415646025629,17840.16902234389,0.3586189556702277
3.358000000000005e-08,2.0,0.0001027912928295854,0.7239580034611814,0.5376177297011495,0.506227513232853,0.1794653383917549,0.0005350104653009818,5.608047527874275e-05,5.204822782681074,9.540048700403526,17831.51792187198,0.3581523913093946
3.360000000000005e-08,2.0,0.0001027381280569986,0.7239055125346814,0.5371605070779658,0.506233380926282,0.1794388576886908,0.0005348437881797783,5.610042001916616e-05,5.205893817257621,9.533685986612118,17825.17848633504,0.357721649389275
3.362000000000005e-08,2.0,0.0001026754302371896,0.7238321591625088,0.5367305176845905,0.506238868745822,0.1794028852462278,0.000534664295513896,5.61130527114786e-05,5.207324593018184,9.528340906045983,17821.16551636903,0.35732763243836263
3.364000000000006e-08,2.0,0.0001026033430842832,0.7237380978375014,0.5363286602807672,0.5062439651540364,0.1793574967666306,0.0005344723628697127,5.611832938517717e-05,5.209112532336174,9.524024836899114,17819.48983435233,0.3569711635141366
3.366000000000006e-08,2.0,0.0001025220300428015,0.7236235266664486,0.5359557723438818,0.5062486594813439,0.1793027877988569,0.0005342683818039401,5.611622446631419e-05,5.211254391114649,9.520747108078416,17820.15824318841,0.3566529845450249
3.368000000000006e-08,2.0,0.0001024316738574474,0.7234886869528488,0.5356126283939291,0.5062529419214881,0.1792388735449678,0.0005340527591502276,5.61067309754141e-05,5.213746261039931,9.518514977895412,17823.17348765514,0.3563737548489613
3.370000000000006e-08,2.0,0.0001023324760815807,0.7233338626886907,0.5352999384661967,0.5062568035776032,0.1791658886137835,0.0005338259162999754,5.608986065995004e-05,5.216583573186846,9.517333614649967,17828.53421695219,0.35613404985241326
3.372000000000007e-08,2.0,0.0001022246565725873,0.7231593799563234,0.5350183467349128,0.5062602364535431,0.179083986745099,0.0005335882885954922,5.606564405462875e-05,5.21976110179553,9.517206082134349,17836.23495033124,0.35593435998981376
3.374000000000007e-08,2.0,0.0001021084529296413,0.7229656062416809,0.53476843028837,0.506263233495619,0.1789933404821911,0.0005333403247178804,5.603413047329384e-05,5.22327296946515,9.518133327188385,17846.26604452451,0.3557750898061789
3.376000000000007e-08,2.0,0.0001019841199218722,0.722752949660303,0.53455069805793,0.5062657885797005,0.1788941408159992,0.0005330824861857236,5.599538792671441e-05,5.227112652593226,9.520114172320955,17858.61366491074,0.3556565572419308
3.378000000000007e-08,2.0,0.0001018519288626854,0.7225218580977848,0.5343655899006098,0.5062678965485461,0.1787865967789775,0.0005328152468456997,5.594950297103094e-05,5.23127298830754,9.523145310541475,17873.25975921129,0.35557899312163227
3.380000000000008e-08,2.0,0.0001017121669780102,0.7222728182664646,0.5342134758368791,0.5062695531946227,0.1786709350120546,0.0005325390924691715,5.589658048220584e-05,5.235746181726209,9.527221305401685,17890.18203570326,0.35554254082482445
3.382000000000008e-08,2.0,0.0001015651367244564,0.7220063546803372,0.5340946554426023,0.5062707552930058,0.1785473992829731,0.0005322545203346957,5.583674336223833e-05,5.24052381479323,9.5323345934006,17909.35394481275,0.3555472561596291
3.384000000000008e-08,2.0,0.0001014111551048817,0.7217230285503519,0.5340093573960388,0.5062715005799104,0.1784162499794992,0.0005319620389085946,5.577013217358705e-05,5.245596855529591,9.538475491735232,17930.74466611366,0.3555931074165396
3.386000000000009e-08,2.0,0.0001012505529375755,0.7214234366024195,0.5339577391781375,0.5062717877811768,0.1782777635560349,0.000531662167502487,5.569690470852135e-05,5.250955668945927,9.545632208555126,17954.31909965735,0.35567997562210263
3.388000000000009e-08,2.0,0.0001010836741262664,0.7211082098206227,0.5339398869263743,0.5062716165865481,0.1781322319571892,0.0005313554360182083,5.561723549090513e-05,5.256590028458836,9.553790858682625,17980.03786368573,0.3558076549691851
3.390000000000009e-08,2.0,0.0001009108748873654,0.7207780121182712,0.5339558154397323,0.5062709876738047,0.1779799619970801,0.0005310423846581542,5.553131521801289e-05,5.262489129054188,9.56293548195844,18007.8572977077,0.35597585344265215
3.392000000000009e-08,2.0,0.000100732522981364,0.7204335389396038,0.5340054683344791,0.5062699026788643,0.1778212747179967,0.0005307235637100462,5.543935014086365e-05,5.268641601038322,9.573048067149989,18037.72947300319,0.35618419361648246
3.39400000000001e-08,2.0,0.0001005489969049979,0.7200755157950826,0.5340887183477653,0.5062683642156537,0.177656504707433,0.0005303995332835518,5.534156139142311e-05,5.275035525616204,9.584108578580034,18069.6022095788,0.3564322136403323
3.39600000000001e-08,2.0,0.0001003606850907907,0.7197046967333623,0.5342053677881489,0.5062663758421488,0.177485999397175,0.0005300708631066141,5.523818425600974e-05,5.281658451133887,9.596094988385575,18103.41910163716,0.35671936839097385
3.39800000000001e-08,2.0,0.0001001679850708027,0.7193218627531549,0.5343551491295663,0.5062639420761159,0.1773101183236843,0.00052973813225865,5.512946740384526e-05,5.288497411217736,9.608983311558365,18139.11955061352,0.357045030805882
3.400000000000011e-08,2.0,9.997130265088815e-05,0.7189278201583326,0.5345377257473637,0.5062610683572354,0.177129232373515,0.000529401928947686,5.501567207076826e-05,5.295538943641759,9.622747646646957,18176.63880782318,0.3574084933738487
3.402000000000011e-08,2.0,9.977105105251365e-05,0.7185233988597353,0.5347526927924424,0.5062577610588727,0.1769437229932275,0.0005290628502086844,5.489707120745377e-05,5.302769111146798,9.637360219261566,18215.90802578595,0.35780896979921495
3.404000000000011e-08,2.0,9.956765006811906e-05,0.7181094506272577,0.5349995782016999,0.5062540274464646,0.1767539813875679,0.0005287215016296972,5.477394859264669e-05,5.310173523034639,9.652791431229355,18256.85432023515,0.35824559681413193
3.406000000000011e-08,2.0,9.936152518732353e-05,0.7176868472958992,0.5352778438404037,0.5062498756855072,0.1765604076855923,0.0005283784969835968,5.464659792095165e-05,5.317737358749695,9.669009912527693,18299.40084187011,0.35871743615481133
3.408000000000012e-08,2.0,9.915310673962933e-05,0.717256478929552,0.5355868867742865,0.5062453147964071,0.1763634100985315,0.0005280344578719849,5.451532186597346e-05,5.325445392261023,9.68598257880901,18343.4668598034,0.35922347667575494
3.410000000000012e-08,2.0,9.894282901117987e-05,0.7168192519463978,0.5359260406666331,0.5062403546589069,0.1761634040492563,0.0005276900132598963,5.43804311283372e-05,5.333282018444454,9.70367469162857,18388.96785573493,0.3597626366173768
3.412000000000012e-08,2.0,9.873112938091217e-05,0.71637608720986,0.5362945772977841,0.5062350059636246,0.1759608112971633,0.0005273457990082694,5.424224346947678e-05,5.341231280264482,9.722049924152154,18435.81563072185,0.3603337660006208
3.414000000000013e-08,2.0,9.851844743390971e-05,0.7159279180891315,0.5366917082019992,0.506229280213149,0.1757560590385109,0.0005270024572840496,5.41010827405016e-05,5.349276897941687,9.741070429437464,18483.91842352855,0.3609356491634883
3.416000000000013e-08,2.0,9.830522409697562e-05,0.715475688493364,0.5371165864187908,0.5062231896705238,0.1755495790060119,0.0005266606359556077,5.395727790693463e-05,5.357402298890417,9.760696914028735,18533.18104232014,0.3615670074127789
3.418000000000013e-08,2.0,9.809190075449591e-05,0.7150203508836583,0.5375683083533622,0.5062167473572692,0.1753418065478729,0.0005263209878549485,5.381116207823631e-05,5.36559064959657,9.780888713938715,18583.50500860946,0.3622265018054893
3.420000000000013e-08,2.0,9.787891838928912e-05,0.7145628642670435,0.5380459157429831,0.506209966999071,0.1751331797100599,0.0005259841700154482,5.366307154264811e-05,5.373824888203987,9.801603875719792,18634.78871508988,0.3629127360329232
3.422000000000014e-08,2.0,9.766671670676453e-05,0.7141041921766682,0.5385483977236704,0.5062028630210073,0.174924138302106,0.0005256508427684747,5.351334481571751e-05,5.382087758962339,9.822799239678337,18686.92759616641,0.36362425942156434
3.424000000000014e-08,2.0,9.74557332867631e-05,0.7136453006424613,0.5390746929937518,0.5061954504907237,0.1747151229701935,0.0005253216688089681,5.336232170264778e-05,5.390361847287505,9.844430527896282,18739.81431265913,0.36435957002355823
3.426000000000014e-08,2.0,9.724640272164695e-05,0.7131871561565319,0.5396236920684466,0.5061877451111538,0.1745065742579418,0.0005249973121154554,5.321034238216171e-05,5.398629616569845,9.866452434094017,18793.33894937014,0.3651171178105048
3.428000000000015e-08,2.0,9.703915578468317e-05,0.7127307236375973,0.5401942396218272,0.5061797631614741,0.1742989316785444,0.0005246784368361095,5.305774651153318e-05,5.406873445463027,9.88881871796157,18847.3892268046,0.36589530794328284
3.430000000000015e-08,2.0,9.683441858752115e-05,0.7122769643987236,0.5407851369100866,0.5061715214876155,0.1740926327787836,0.0005243657060286216,5.290487235972182e-05,5.415075666771162,9.911482300973057,18901.85072559275,0.36669250413130294
3.432000000000015e-08,2.0,9.663261177046956e-05,0.711826834122662,0.5413951442722952,0.5061630374413034,0.1738881122184678,0.0005240597803671459,5.275205596770954e-05,5.423218606648682,9.934395366276002,18956.60712469894,0.3675070320538274
3.434000000000015e-08,2.0,9.643414968459444e-05,0.7113812808490418,0.5420229837024062,0.5061543288686716,0.1736858008458692,0.0005237613167064622,5.259963034217796e-05,5.431284625213111,9.95750945965251,19011.54045179918,0.368337182856537
3.436000000000016e-08,2.0,9.62394396089966e-05,0.7109412429776615,0.5426673414885401,0.5061454140476921,0.1734861247925952,0.0005234709666183128,5.244792468104259e-05,5.439256157267621,9.980775594110828,19066.53134669125,0.36918121669594495
3.438000000000016e-08,2.0,9.604888096249913e-05,0.7105076472920819,0.5433268709131833,0.506136311675202,0.173289504568508,0.0005231893747924448,5.229726363617695e-05,5.447115754216716,10.00414435508869,19121.45933593826,0.3700373663446753
3.440000000000016e-08,2.0,9.586286455273906e-05,0.7100814070076877,0.544000195010217,0.5061270408030477,0.1730963541799675,0.0005229171774189353,5.214796661126216e-05,5.454846125855812,10.02756600879627,19176.20311937598,0.3709038408302495
3.442000000000017e-08,2.0,9.568177182210064e-05,0.7096634198483216,0.5446859093723215,0.5061176208238313,0.1729070802520407,0.0005226550004466693,5.20003470993156e-05,5.46243018310236,10.05099061066745,19230.64086649455,0.3717788291202808
3.444000000000017e-08,2.0,9.550597413310884e-05,0.709254566155548,0.5453825850045994,0.5061080714060828,0.1727220811777781,0.0005224034578360285,5.185471205728299e-05,5.46985108033532,10.07436811641994,19284.65052308684,0.37266050382682125
3.446000000000017e-08,2.0,9.533583205291337e-05,0.708855707034527,0.5460887712179091,0.5060984124790412,0.1725417462751953,0.0005221631497028292,5.171136132151823e-05,5.477092258396829,10.09764849268328,19338.11012598266,0.3735470249427138
3.448000000000017e-08,2.0,9.517169467910845e-05,0.7084676825404008,0.5468029985577268,0.5060886641671669,0.1723664549748651,0.0005219346604728594,5.157058706103777e-05,5.484137486911518,10.12078182967181,19390.8981260272,0.3744365435828617
3.450000000000018e-08,2.0,9.50138989666959e-05,0.7080913099090167,0.5475237817620139,0.5060788467742718,0.1721965760187475,0.0005217185569459762,5.143267327171115e-05,5.490970906966217,10.14371845285612,19442.89371694038,0.3753272057432664
3.452000000000018e-08,2.0,9.486276909807688e-05,0.7077273818357095,0.5482496227439061,0.5060689807176689,0.1720324666929533,0.0005215153863901496,5.129789530785276e-05,5.497577072796963,10.16640903608993,19493.97716999353,0.3762171560509528
3.454000000000018e-08,2.0,9.471861585603929e-05,0.7073766648057702,0.548979013592737,0.5060590865119613,0.1718744720750166,0.0005213256745660384,5.116651945379266e-05,5.503940993518547,10.1888047131452,19544.03017197755,0.37710454151772044
3.456000000000019e-08,2.0,9.458173604128285e-05,0.7070398974801169,0.5497104395892548,0.5060491847031253,0.1717229243181766,0.0005211499238031858,5.103880253154966e-05,5.510048173538284,10.21085719009643,19592.93616620119,0.3779875152710782
3.458000000000019e-08,2.0,9.445241189460411e-05,0.7067177891395678,0.5504423822285986,0.5060392958522535,0.171578141953174,0.0005209886110297196,5.091499154669538e-05,5.515884652685401,10.23251885551053,19640.58069385862,0.37886424027542465
3.460000000000019e-08,2.0,9.433091056494847e-05,0.7064110181909933,0.5511733222469681,0.5060294404698662,0.1714404292298379,0.0005208421858769657,5.079532336827215e-05,5.521437044696976,10.25374289087202,19686.85173534345,0.3797328930171302
3.462000000000019e-08,2.0,9.421748358362508e-05,0.7061202307384918,0.5519017426456478,0.5060196389998793,0.1713100754789199,0.0005207110687618121,5.06800244444638e-05,5.526692575091094,10.27448337820788,19731.64004874978,0.38059166716672793
3.46400000000002e-08,2.0,9.411236638555461e-05,0.7058460392226019,0.5526261317084158,0.5060099117544297,0.1711873545161968,0.000520595649068118,5.056931054969993e-05,5.531639117072745,10.29469540733549,19774.83950502335,0.38143877719221897
3.46600000000002e-08,2.0,9.401577783803774e-05,0.705589021130413,0.5533449860061112,0.5060002788983446,0.1710725240692508,0.0005204962833305977,5.046338656460112e-05,5.536265226505986,10.31433517971054,19816.34741695034,0.3822724619368604
3.46800000000002e-08,2.0,9.392791981760527e-05,0.7053497177792943,0.5540568133845046,0.5059907603847381,0.1709658252486973,0.0005204132935419573,5.036244628434581e-05,5.540560174607021,10.33336011129622,19856.06486138523,0.38309098813580733
3.47000000000002e-08,2.0,9.38489767956203e-05,0.7051286331768019,0.5547601359293811,0.5059813759402442,0.1708674820442083,0.0005203469654868768,5.026667225665624e-05,5.54451397939921,10.35172893144868,19893.89699190962,0.3838926538851728
3.472000000000021e-08,2.0,9.377911547292878e-05,0.7049262329591648,0.5554534929051098,0.505972145001637,0.1707777008668588,0.0005202975472227382,5.017623564496519e-05,5.548117434597957,10.36940178024188,19929.75334131792,0.384675792038251
3.474000000000021e-08,2.0,9.371848442441398e-05,0.7047429434105893,0.5561354436607376,0.5059630867020734,0.170696670118076,0.0005202652476104511,5.009129611783119e-05,5.551362136978081,10.38634030124947,19963.54811118625,0.38543877354266165
3.476000000000021e-08,2.0,9.366721379350307e-05,0.7045791505654412,0.556804570500019,0.5059542198089808,0.1706245598064774,0.0005202502350139866,5.001200176020442e-05,5.554240510909879,10.4025077322132,19995.20044797968,0.3861800106935416
3.478000000000022e-08,2.0,9.362541499769678e-05,0.7044351993952017,0.5574594815095606,0.5059455627115368,0.1705615211928189,0.0005202526360714258,4.993848900756167e-05,5.55674583113101,10.41786899064266,20024.63470307603,0.38689796031674173
3.480000000000022e-08,2.0,9.359318048493197e-05,0.704311393081908,0.5580988133416185,0.5059371333600545,0.1705076864840917,0.0005202725346544342,4.987088259860294e-05,5.558872242463473,10.43239075678618,20051.78067628612,0.3875911268575268
3.482000000000022e-08,2.0,9.357058350206882e-05,0.7042079923796076,0.5587212339458489,0.5059289492549277,0.1704631685569349,0.0005203099709181102,4.980929554754175e-05,5.560614777560618,10.44604155104918,20076.57384042954,0.38825806538891405
3.484000000000022e-08,2.0,9.35576779151151e-05,0.7041252150651723,0.5593254452466866,0.5059210273877223,0.1704280607311653,0.000520364940556118,4.975382913182191e-05,5.561969371419552,10.45879180831329,20098.95554672822,0.3888973845155213
3.486000000000023e-08,2.0,9.355449804268043e-05,0.7040632354796289,0.5599101857607678,0.505913384231803,0.1704024365735269,0.0005204373941618863,4.970457289635055e-05,5.562932873765257,10.47061394626928,20118.87320881542,0.38950774918724085
3.488000000000023e-08,2.0,9.356105854210516e-05,0.7040221841609713,0.5604742331511688,0.5059060356853397,0.1703863497522394,0.0005205272368085174,4.96616046702613e-05,5.563503058070456,10.48148243023293,20136.2804653557,0.3900878833989294
3.490000000000023e-08,2.0,9.357735430995612e-05,0.704002147569229,0.5610164067129844,0.50589899706382,0.170379833922387,0.0005206343277467968,4.962499059739916e-05,5.563678628340749,10.49137383159692,20151.13731935719,0.3906365727905974
3.492000000000024e-08,2.0,9.360336043617259e-05,0.7040031679043693,0.5615355697871356,0.5058922830451675,0.1703829026624967,0.0005207584803314604,4.959478517674037e-05,5.563459222460404,10.50026688240789,20163.41025445138,0.3911526671246389
3.494000000000024e-08,2.0,9.363903217374677e-05,0.7040252430174188,0.5620306320969918,0.5058859076643352,0.1703955494422994,0.0005208994620735491,4.957103131407972e-05,5.562845413252371,10.50814252326434,20173.0723265378,0.3916350826546924
3.496000000000024e-08,2.0,9.368430496305894e-05,0.7040683264149883,0.5625005520047889,0.5058798842607375,0.1704177476417868,0.0005210569949263439,4.955376038141346e-05,5.561838706081019,10.51498394704635,20180.10323138016,0.3920828043630021
3.498000000000024e-08,2.0,9.373909447293451e-05,0.7041323273571956,0.5629443386825231,0.5058742254751072,0.170449450601516,0.0005212307557010701,4.954299228551441e-05,5.56044153417501,10.52077663571947,20184.48934688962,0.39249488808100713
3.500000000000025e-08,2.0,9.380329669736647e-05,0.7042171110487765,0.5633610541943603,0.5058689431994328,0.1704905917240385,0.0005214203767170845,4.953873554235167e-05,5.558657250532876,10.52550839274676,20186.22375100955,0.39287046247032187
3.502000000000025e-08,2.0,9.387678807012797e-05,0.704322498922983,0.5637498154853197,0.5058640485762724,0.1705410846063574,0.0005216254465810495,4.954098735903511e-05,5.556490117611741,10.52916936840011,20185.30621428205,0.39320873087896224
3.504000000000025e-08,2.0,9.395942563603809e-05,0.7044482690176711,0.5641097962733561,0.5058595519513706,0.1706008232230599,0.000521845511197025,4.954973372016325e-05,5.553945293695194,10.53175208052976,20181.74316834059,0.3935089730502962
3.506000000000026e-08,2.0,9.40510472412092e-05,0.7045941564427851,0.5644402288396685,0.5058554628756229,0.170669682139977,0.0005220800749002842,4.956494948044499e-05,5.551028817162774,10.53325142813395,20175.54764974658,0.39377054669969147
3.508000000000026e-08,2.0,9.415147178085539e-05,0.7047598539382544,0.5647404057144466,0.5058517900605483,0.1707475167777854,0.0005223286018140653,4.95865984607046e-05,5.547747587588554,10.53366470031192,20166.73922072836,0.3939928889366612
3.510000000000026e-08,2.0,9.426049946704262e-05,0.7049450125211276,0.5650096812529855,0.505848541383084,0.1708341637053472,0.0005225905173204553,4.961463354933148e-05,5.544109344911267,10.53299157799578,20155.34386655717,0.39417551754763824
3.512000000000026e-08,2.0,9.437791215474034e-05,0.7051492422205818,0.5652474730994775,0.5058457238441058,0.1709294409819685,0.0005228652097419784,4.964899680650486e-05,5.540122645633086,10.53123413106857,20141.39387140614,0.39431803211750904
3.514000000000027e-08,2.0,9.450347368858304e-05,0.7053721128992574,0.5654532635335464,0.5058433435762116,0.1710331485283197,0.000523152032123676,4.968961957345669e-05,5.535796837305287,10.52839680831717,20124.92767270414,0.3944201150052267
3.516000000000027e-08,2.0,9.463693030842193e-05,0.7056131551591889,0.565626600696965,0.5058414058054704,0.1711450685449456,0.0005234503042097341,4.973642258430355e-05,5.531142030285771,10.52448642285204,20105.98969608226,0.3944815321520194
3.518000000000027e-08,2.0,9.477801107605868e-05,0.7058718613304267,0.5657670996957909,0.505839914862379,0.1712649659580683,0.0005237593145032583,4.97893160829132e-05,5.52616906803823,10.51951213049506,20084.63017115397,0.3945021337377226
3.520000000000028e-08,2.0,9.492642836093966e-05,0.7061476865402624,0.5658744435755649,0.5058388741469888,0.1713925889113577,0.0005240783225009892,4.98481999425262e-05,5.520889494981764,10.51348540379069,20060.90493042831,0.39448185466420727
3.522000000000028e-08,2.0,9.508187834710958e-05,0.7064400498608102,0.565948384165026,0.5058382861432117,0.171527669283305,0.0005244065609905977,4.991296379078915e-05,5.515315523168859,10.50641999919409,20034.87519177409,0.39442071488172104
3.524000000000028e-08,2.0,9.524404159887583e-05,0.7067483355325248,0.565988742786232,0.5058381523874871,0.171669923248639,0.0005247432385003854,4.998348713809909e-05,5.509459996819919,10.49833192011144,20006.60732687789,0.394318819537593
3.526000000000028e-08,2.0,9.541258364734179e-05,0.7070718942610811,0.5659954108268541,0.5058384734865828,0.1718190518633638,0.0005250875417884001,5.005963951209701e-05,5.503336355995617,10.48923937339804,19976.17261623204,0.39417635896349035
3.528000000000029e-08,2.0,9.55871556348874e-05,0.7074100445848815,0.5659683501728618,0.5058392490899556,0.1719747416915989,0.0005254386384591041,5.01412805963678e-05,5.496958598450672,10.47916272200608,19943.64699318109,0.39399360848126297
3.530000000000029e-08,2.0,9.576739497957051e-05,0.7077620743103132,0.5659075934977406,0.5058404779111849,0.1721366654537462,0.0005257956795943393,5.02282603763582e-05,5.490341240948766,10.4681244314371,19909.11077761887,0.3937709280439944
3.532000000000029e-08,2.0,9.595292609612224e-05,0.708127242011731,0.5658132444068844,0.5058421577041597,0.1723044827139206,0.0005261578024853995,5.032041929070551e-05,5.483499279093459,10.45614901270475,19872.64840189251,0.3935087616929638
3.53400000000003e-08,2.0,9.61433611352932e-05,0.7085047785930073,0.565685477433774,0.5058442852882679,0.1724778405861263,0.000526524133353055,5.04175883911534e-05,5.476448146947917,10.44326295950804,19834.34812950051,0.39320763684764765
3.53600000000003e-08,2.0,9.633830077778518e-05,0.7088938889073599,0.5655245378870931,0.5058468565285137,0.1726563744768526,0.0005268937901413672,5.051958950935622e-05,5.46920367550573,10.42949468233083,19794.30176911474,0.39286816341024056
3.53800000000003e-08,2.0,9.653733504427371e-05,0.7092937534320471,0.565330741545966,0.5058498663645652,0.172839708843539,0.0005272658852726311,5.06262354338954e-05,5.46178205127442,10.41487443720958,19752.60438445473,0.39249103270242697
3.54000000000003e-08,2.0,9.674004415732044e-05,0.7097035299944005,0.5651044742030842,0.5058533087948908,0.1730274579863556,0.0005276395284486979,5.073733009589945e-05,5.45419977403642,10.39943425188905,19709.35400246493,0.3920770162167286
3.542000000000031e-08,2.0,9.694599941639907e-05,0.7101223555455628,0.5648461910535488,0.5058571769097242,0.1732192268526985,0.0005280138293868677,5.085266876671602e-05,5.446473615034156,10.38320784714572,19664.65132021779,0.3916269642008503
3.544000000000031e-08,2.0,9.715476412139329e-05,0.7105493479781948,0.5645564159299243,0.5058614628792761,0.1734146118716417,0.0005283879005754078,5.097203826608851e-05,5.438620574643055,10.36623055599764,19618.59941287253,0.39114180405828264
3.546000000000031e-08,2.0,9.736589450551446e-05,0.7109836079843208,0.5642357403820782,0.5058661579906532,0.1736132017977056,0.0005287608599380927,5.10952171843913e-05,5.430657840759721,10.34853923861234,19571.30344296653,0.3906225385843727
3.548000000000032e-08,2.0,9.75789407125556e-05,0.7114242209494012,0.5638848226030957,0.505871252640154,0.1738145785809947,0.0005291318334929674,5.122197611740231e-05,5.42260274696552,10.3301721956252,19522.87037321578,0.390070244022101
3.550000000000032e-08,2.0,9.779344777916683e-05,0.7118702588786435,0.5635043862006879,0.5058767363741488,0.1740183182430455,0.000529499957896288,5.135207791724733e-05,5.414472731670182,10.31116907770635,19473.40868292568,0.3894860679576424
3.552000000000032e-08,2.0,9.800895665665941e-05,0.7123207823514945,0.5630952188162537,0.5058825978854278,0.1742239917752561,0.0005298643829573022,5.148527795798956e-05,5.406285297288881,10.29157079407545,19423.02809000992,0.3888712270409976
3.554000000000032e-08,2.0,9.822500523278033e-05,0.7127748425001957,0.5626581705919304,0.5058888250579846,0.174431166039258,0.0005302242740166832,5.162132441954406e-05,5.398057970632708,10.27141941782373,19371.8392785249,0.38822700455267234
3.556000000000033e-08,2.0,9.844112938757874e-05,0.7132314830082362,0.5621941524887162,0.5058954049673545,0.174639404685916,0.0005305788142749899,5.17599585883431e-05,5.389808263557571,10.25075809072386,19319.95363352572,0.3875547478028002
3.558000000000033e-08,2.0,9.865686404361713e-05,0.7136897421244944,0.5617041344569769,0.5059023239292092,0.1748482690723657,0.0005309272069660969,5.190091517844477e-05,5.381553635024467,10.22963092540223,19267.48298294584,0.38685586538461114
3.560000000000033e-08,2.0,9.887174424432145e-05,0.714148654688825,0.56118914346339,0.5059095675035525,0.1750573191936366,0.0005312686774629368,5.204392267142264e-05,5.373311453606179,10.2080829075295,19214.53934810915,0.3861318242697534
3.562000000000033e-08,2.0,9.908530622055663e-05,0.7146072541648264,0.5606502613766281,0.5059171205469857,0.1752661146083017,0.0005316024752127472,5.218870367868827e-05,5.365098961566264,10.18615979591445,19161.23470237409,0.38538414676832644
3.564000000000034e-08,2.0,9.929708847897562e-05,0.7150645746755065,0.5600886227168433,0.5059249672205923,0.1754742153746023,0.0005319278755903573,5.233497532445481e-05,5.356933239534117,10.16390802312657,19107.68073932243,0.38461440734224106
3.566000000000034e-08,2.0,9.950663287213234e-05,0.7155196530375592,0.5595054122722398,0.5059330910456661,0.1756811829765708,0.0005322441815691016,5.248244965290674e-05,5.348831172874437,10.14137459453788,19053.98864979648,0.38382422929566906
3.568000000000034e-08,2.0,9.971348568370412e-05,0.7159715307899689,0.5589018625887935,0.5059414749150655,0.175886581256482,0.0005325507252991484,5.263083405759108e-05,5.340809418764461,10.11860698837505,19000.26890901547,0.3830152813323115
3.570000000000035e-08,2.0,9.991719868880946e-05,0.7164192562126678,0.5582792513373781,0.5059501011521567,0.1760899773332782,0.0005328468694953383,5.277983173646305e-05,5.332884375049562,10.09565305467278,18946.63107289045,0.3821892740040999
3.572000000000035e-08,2.0,0.0001001173302226406,0.7168618863309969,0.5576388985653177,0.5059589515253524,0.1762909425232233,0.0005331320087256297,5.292914217034933e-05,5.325072149880701,10.07256091568187,18893.18358460371,0.38134795604209437
3.574000000000035e-08,2.0,0.0001003134462174541,0.7172984889017464,0.5569821638375487,0.5059680073099748,0.1764890532425448,0.0005334055705047389,5.307846162806629e-05,5.317388533178382,10.04937886562052,18840.03359040892,0.3804931105950039
3.576000000000035e-08,2.0,0.0001005051212411097,0.7177281443765964,0.5563104432753078,0.50597724930565,0.1766838919082897,0.0005336670162854128,5.322748369565182e-05,5.309848968917125,10.02615527228104,18787.28676557165,0.37962655136701806
3.578000000000036e-08,2.0,0.0001006919394973282,0.7181499478388175,0.5556251664983749,0.5059866579007333,0.1768750478172747,0.000533915842254349,5.337589983268621e-05,5.302468529251244,10.00293847837654,18735.04714926834,0.3787501186811002
3.580000000000036e-08,2.0,0.0001008734958208988,0.7185630109091581,0.5549277934795973,0.5059962130921993,0.1770621180193477,0.0005341515800264731,5.352339995279249e-05,5.295261889468379,9.97977670509709,18683.41698924205,0.37786567546024963
3.582000000000036e-08,2.0,0.0001010493966282467,0.718966463616899,0.554219811318482,0.5060058945522251,0.1772447081650098,0.0005343737971469813,5.366967303097864e-05,5.288243304768834,9.956717955753817,18632.49659491666,0.37697510315347216
3.584000000000037e-08,2.0,0.0001012192608566723,0.7193594562321377,0.5535027309432675,0.5060156816501554,0.1774224333435822,0.0005345820974959781,5.381440773447379e-05,5.281426587852686,9.933809921938842,18582.38419967586,0.3760802975996853
3.586000000000037e-08,2.0,0.0001013827208529927,0.7197411610554438,0.5527780837488896,0.5060255535208225,0.1775949188921704,0.0005347761215073422,5.395729307934959e-05,5.2748250882923,9.911099890072329,18533.17583091872,0.3751831648567192
3.588000000000037e-08,2.0,0.0001015394232450793,0.7201107741611134,0.5520474181808157,0.5060354890881246,0.1777618011916272,0.0005349555462977254,5.409801910909825e-05,5.268451672669085,9.888634650723397,18484.96518852793,0.3742856169891885
3.590000000000037e-08,2.0,0.0001016890297573754,0.7204675170903526,0.5513122962726503,0.506045467134616,0.1779227284299396,0.0005351200856192859,5.423627759702202e-05,5.262318706435513,9.866460408571035,18437.84353030355,0.3733895678427107
3.592000000000038e-08,2.0,0.0001018312180041377,0.7208106384908258,0.5505742901478962,0.5060554663262221,0.1780773613492772,0.0005352694897329607,5.437176276808249e-05,5.256438036480232,9.844622695352017,18391.89956495256,0.37249692879861895
3.594000000000038e-08,2.0,0.0001019656822219153,0.7211394156991118,0.5498349784940972,0.506065465282604,0.1782253739573487,0.0005354035451176831,5.450417204159346e-05,5.250820975343252,9.823166283658132,18347.21935115124,0.3716096045367485
3.596000000000038e-08,2.0,0.0001020921339752914,0.721453156262738,0.5490959430200065,0.5060754426025098,0.1783664542193264,0.0005355220741130131,5.463320678984597e-05,5.245478286060785,9.80213510389334,18303.88620325063,0.37072948880068013
3.598000000000039e-08,2.0,0.0001022103027978837,0.721751199398586,0.5483587649041648,0.5060853769344063,0.1785003047112062,0.0005356249344121473,5.475857311355188e-05,5.240420168575649,9.781572162251772,18261.98060212997,0.3698584601929586
3.600000000000039e-08,2.0,0.0001023199368029532,0.722032917384596,0.5476250212456163,0.5060952470019472,0.178626643250922,0.0005357120185032477,5.487998262862844e-05,5.235656246696687,9.761519461993974,18221.58011176819,0.36899837799469426
3.602000000000039e-08,2.0,0.0001024208032261218,0.7222977168818412,0.5468962815251457,0.5061050316743589,0.1787452034882996,0.0005357832529773264,5.499715326469977e-05,5.231195556535388,9.742017925884573,18182.75930005009,0.3681510780368461
3.604000000000039e-08,2.0,0.0001025126889348985,0.7225450401841851,0.5461741040876723,0.5061147099915112,0.1788557354702294,0.000535838597800864,5.510981006928654e-05,5.227046535409032,9.723107322039098,18145.58966439468,0.36731836861744294
3.60600000000004e-08,2.0,0.0001025954008680509,0.7227743663928917,0.5454600326540233,0.5061242612335309,0.1789580061623756,0.0005358780454724127,5.52176860175705e-05,5.223217012133335,9.704826191048536,18110.13956075225,0.36650202649164776
3.60800000000004e-08,2.0,0.000102668766439858,0.7229852125137137,0.5447555928724656,0.5061336649449703,0.1790517999438679,0.0005359016201613231,5.532052282118668e-05,5.219714197702412,9.687211776604599,18076.47413659329,0.36570379292859767
3.61000000000004e-08,2.0,0.0001027326338728331,0.7231771344741486,0.544062288917893,0.5061429010031493,0.1791369190565184,0.0005359093767485873,5.541807173548988e-05,5.216544677276162,9.670299957502662,18044.65526648047,0.3649253698613746
3.612000000000041e-08,2.0,0.000102786872494291,0.7233497280587192,0.5433816001486547,0.5061519496409093,0.1792131840251018,0.0005359013998676547,5.55100943583013e-05,5.213714402482684,9.654125183224679,18014.74149089524,0.3641684161235529
3.614000000000041e-08,2.0,0.0001028313729608752,0.7235026297603112,0.5427149778284336,0.506160791513202,0.1792804340304566,0.000535877802865633,5.559636341921251e-05,5.211228684955861,9.638720410990928,17986.78795696966,0.363434543797977
3.616000000000041e-08,2.0,0.0001028660474467338,0.7236355175457705,0.5420638419226311,0.506169407717966,0.179338527252029,0.000535838726782194,5.567666355210626e-05,5.209092190126936,9.624117046466285,17960.8463618537,0.3627253146706021
3.618000000000041e-08,2.0,0.0001028908297599948,0.7237481115341524,0.5414295779760684,0.5061777798604825,0.1793873411618676,0.0005357843392667695,5.575079204971513e-05,5.207308932191373,9.61034488602404,17936.9648974361,0.3620422368142008
3.620000000000042e-08,2.0,0.000102905675423474,0.7238401745861918,0.5408135340807946,0.5061858900719348,0.1794267727867462,0.0005357148335305019,5.581855959265036e-05,5.205882269283102,9.597432062740642,17915.18819721873,0.36138676129404834
3.622000000000042e-08,2.0,0.0001029105616847793,0.7239115128037519,0.5402170179401032,0.506193721071116,0.1794567389206828,0.0005356304272534271,5.587979095160196e-05,5.204814899779909,9.585404994040546,17895.55728413712,0.3607602790194204
3.624000000000042e-08,2.0,0.0001029054874919717,0.7239619759382028,0.5396412940367986,0.5062012561802465,0.1794771763046069,0.0005355313615423135,5.593432565508165e-05,5.204108858785194,9.574288333154515,17878.10952019853,0.3601641177321917
3.626000000000043e-08,2.0,0.0001028904734003797,0.7239914577068662,0.5390875809110159,0.506208479383654,0.1794880417556687,0.0005354178998591724,5.598201862143126e-05,5.203765515714753,9.564104922329498,17862.87855681531,0.35959953915534726
3.628000000000043e-08,2.0,0.0001028655614469226,0.7239998960168628,0.5385570485548036,0.506215375340482,0.1794893122630551,0.0005352903270146221,5.602274074759271e-05,5.203785572046414,9.554875749944873,17849.89428677621,0.3590677362917485
3.630000000000043e-08,2.0,0.0001028308149579343,0.7239872730958878,0.5380508159279256,0.5062219294399923,0.179480985033018,0.0005351489481454127,5.605637945355782e-05,5.204169060166731,9.546619909492703,17839.18279682138,0.35856983089490757
3.632000000000043e-08,2.0,0.0001027863183269597,0.7239536155296434,0.5375699486012093,0.5062281278108528,0.1794630775000803,0.0005349940877688112,5.608283917530039e-05,5.204915342385732,9.539354562570534,17830.76632183795,0.35810687110112904
3.634000000000044e-08,2.0,0.0001027321767288832,0.7238989942058444,0.5371154565310032,0.5062339573727581,0.1794356272873583,0.0005348260888322448,5.610204180549269e-05,5.206023111059031,9.533094903862883,17824.66319972858,0.35767982924364494
3.636000000000044e-08,2.0,0.0001026685158069005,0.7238235241649184,0.5366882919701693,0.506239405842028,0.179398692133056,0.0005346453118492038,5.611392707529871e-05,5.207490388901429,9.527854130254841,17820.88782804508,0.3572895998371133
3.638000000000044e-08,2.0,0.0001025954812990281,0.7237273643577147,0.5362893475182744,0.5062444617792992,0.1793523497663115,0.0005344521340387317,5.611845287710877e-05,5.209314530436176,9.523643412071674,17819.45062152469,0.35693699775196286
3.640000000000045e-08,2.0,0.0001025132386406332,0.7236107173107301,0.535919454315491,0.5062491145912088,0.1792966977495306,0.000534246948557639,5.611559552217922e-05,5.211492223676204,9.520471868582101,17820.3579716936,0.35662275656596043
3.642000000000045e-08,2.0,0.000102421972509966,0.7234738286995593,0.5355793803819825,0.5062533545739692,0.1792318532706386,0.0005340301637415557,5.610534993376171e-05,5.214019492986188,9.518346545775664,17823.61220775925,0.3563475271113439
3.644000000000045e-08,2.0,0.0001023218863531034,0.7233169868314658,0.5352698291063881,0.5062571729109616,0.1791579529024627,0.0005338022024420035,5.608772977051913e-05,5.216891702232239,9.517272398544842,17829.21156002325,0.35611187620392537
3.646000000000045e-08,2.0,0.0001022132018555285,0.7231405220381655,0.5349914378843116,0.5062605617120424,0.1790751523129289,0.0005335635013742926,5.606276748166528e-05,5.220103559172207,9.517252275296412,17837.15012511716,0.35591628557138266
3.648000000000046e-08,2.0,0.0001020961583966275,0.7229448059800999,0.5347447769095809,0.5062635140069344,0.1789836259433647,0.0005333145105614236,5.603051428958254e-05,5.223649120202445,9.518286907114469,17847.41783435539,0.3557611509662162
3.650000000000046e-08,2.0,0.0001019710124545406,0.7227302508636659,0.534530348118347,0.5062660237801656,0.1788835666388262,0.0005330556927874632,5.599104010230289e-05,5.227521796416892,9.520374899510731,17860.00042458348,0.3556467814795208
3.652000000000046e-08,2.0,0.0001018380369974822,0.7224973085730486,0.5343485842879777,0.506268085960188,0.1787751852478484,0.000532787523143601,5.594443335265178e-05,5.231714360101471,9.523512728873618,17874.87941287012,0.3555733990401293
3.654000000000046e-08,2.0,0.0001016975208291524,0.7222464697184879,0.5341998482900336,0.5062696964498989,0.178658710175762,0.0005325104885790414,5.589080076743687e-05,5.236218952621094,9.527694741659401,17892.0320744916,0.3555411381142717
3.656000000000047e-08,2.0,0.0001015497679241535,0.7219782626029826,0.5340844324985408,0.5062708521114548,0.1785343869090587,0.0005322250875380686,5.583026706455932e-05,5.241027092827506,9.53291315842409,17911.43142560379,0.35555004558948206
3.658000000000047e-08,2.0,0.0001013950967211928,0.7216932521096073,0.5340025583521139,0.5062715507923914,0.1784024774951943,0.0005319318295942117,5.576297458242542e-05,5.246129686945324,9.53915808074303,17933.04621011315,0.3556000808569195
3.660000000000047e-08,2.0,0.0001012338394097839,0.7213920385117869,0.5339543760704556,0.5062717913061334,0.1782632599954008,0.000531631235161171,5.568908284060752e-05,5.251517039066529,9.54641750310017,17956.84089217603,0.35569111607505477
3.662000000000048e-08,2.0,0.0001010663411783538,0.7210752562090337,0.5339399645231255,0.5062715734537508,0.1781170278951104,0.0005313238351903428,5.560876803706457e-05,5.257178863210012,9.554677327794831,17982.77565389466,0.3558229366280151
3.664000000000048e-08,2.0,0.0001008929594592476,0.7207435723908099,0.5339593312504739,0.5062708980002439,0.1779640894896615,0.0005310101709331472,5.552222248187717e-05,5.263104296075914,9.563921384927855,18010.80639966108,0.35599524176081243
3.666000000000048e-08,2.0,0.0001007140631386898,0.7203976856313298,0.5340124126340388,0.5062697666919972,0.1778047672301163,0.0005306907936772031,5.542965397364734e-05,5.269281911447823,9.574131455511283,18040.88476676086,0.35620764540392247
3.668000000000048e-08,2.0,0.0001005300317669366,0.7200383244182619,0.534099074215727,0.506268182228939,0.1776393970469258,0.0005303662645333238,5.533128511939965e-05,5.275699735370482,9.585287299740894,18072.95814369927,0.3564596771688012
3.670000000000049e-08,2.0,0.0001003412547368371,0.7196662456184271,0.534219111162534,0.5062661482778136,0.1774683276364953,0.0005300371541818878,5.522735260483386e-05,5.282345263050241,9.597366688467618,18106.96969589076,0.3567507835260386
3.672000000000049e-08,2.0,0.0001001481304657908,0.7192822328837285,0.5343722488756263,0.5062636694403418,0.1772919197284708,0.0005297040426546975,5.511810641649522e-05,5.289205476600956,9.610345439882034,18142.85840017047,0.3570803291471555
3.674000000000049e-08,2.0,9.995106554946719e-05,0.7188870950006662,0.5345581437400475,0.5062607512624646,0.1771105453189824,0.000529367519060696,5.500380902323179e-05,5.296266864575082,9.624197459436102,18180.55908778305,0.3574475984210651
3.67600000000005e-08,2.0,9.975047392204035e-05,0.718481664186916,0.5347763840134022,0.5062574001986636,0.1769245868877522,0.0005290281813311828,5.488473451905715e-05,5.303515442394927,9.638894784987853,18220.00249728417,0.35785179712565
3.67800000000005e-08,2.0,9.954677599145614e-05,0.7180667943385581,0.535026490849364,0.5062536236173494,0.17673443658448,0.0005286866358930806,5.476116773510253e-05,5.310936774614398,9.654407635178796,18261.11533700894,0.3582920542648841
3.68000000000005e-08,2.0,9.934039778424461e-05,0.7176433592316483,0.5353079194539373,0.5062494297615434,0.1765404954024746,0.0005283434973458108,5.463340332313185e-05,5.31851599811621,9.670704462998547,18303.82035849849,0.35876742405146267
3.68200000000005e-08,2.0,9.913177006857089e-05,0.7172122506819185,0.5356200603699289,0.506244827750608,0.1763431723251276,0.0005279993880509161,5.450174481841256e-05,5.326237847163116,9.68775201252896,18348.03644051714,0.3592768880448013
3.684000000000051e-08,2.0,9.892132748978717e-05,0.7167743766664844,0.535962240887191,0.5062398275375078,0.176142883463225,0.0005276549377102729,5.436650368456364e-05,5.33408667939618,9.705515380789345,18393.67868498653,0.35981935742396604
3.686000000000051e-08,2.0,9.870950768736363e-05,0.716330659411513,0.5363337265737447,0.50623443990711,0.1759400511688618,0.0005273107828430296,5.422799834807982e-05,5.342046503685072,9.72395808265531,18440.65852442458,0.3603936754048829
3.688000000000051e-08,2.0,9.849675042721008e-05,0.7158820334498812,0.5367337229250008,0.506228676430261,0.1757351031439742,0.0005269675662377532,5.408655322510444e-05,5.350101008909435,9.743042120738425,18488.88384212746,0.36099861978102654
3.690000000000052e-08,2.0,9.828349671845819e-05,0.7154294436529136,0.5371613771258829,0.5062225494589129,0.1755284715294053,0.000526625936291291,5.394249774786774e-05,5.358233594560946,9.762728058177611,18538.25910461345,0.36163290559647754
3.692000000000052e-08,2.0,9.807018794846605e-05,0.7149738432403476,0.5376157799227753,0.506216072077268,0.1753205919925049,0.0005262865463118311,5.379616539313742e-05,5.366427402229545,9.782975096194635,18588.68550745378,0.3622951879302704
3.694000000000052e-08,2.0,9.785726500529572e-05,0.7145161917727124,0.538095967599798,0.5062092580939966,0.1751119027993171,0.0005259500536993298,5.364789271964874e-05,5.374665348846989,9.803741154341717,18640.06113391563,0.36298406480048095
3.696000000000052e-08,2.0,9.764516742117788e-05,0.7140574531303574,0.5386009240560853,0.5062021219907304,0.174902843889328,0.00052561711908211,5.349801841648727e-05,5.382930160734226,9.824982955258822,18692.28112740369,0.3636980801667573
3.698000000000053e-08,2.0,9.74343325063922e-05,0.7135985934833792,0.5391295829783171,0.5061946789116527,0.1746938559389238,0.0005252884053247196,5.334688236880757e-05,5.391204409308226,9.846656111845455,18745.23787700684,0.3644357270393933
3.700000000000053e-08,2.0,9.722519450682302e-05,0.713140579256728,0.5396808301049401,0.5061869446096265,0.1744853794314997,0.0005249645764874175,5.319482474237305e-05,5.399470547476982,9.868715218630093,18798.82121697145,0.3651954506734404
3.702000000000053e-08,2.0,9.70181837547839e-05,0.712684375094776,0.5402535055761127,0.5061789354334529,0.1742778537204343,0.0005246462966544866,5.304218509261596e-05,5.40771094756052,9.89111394521948,18852.91863926644,0.36597565185567843
3.704000000000054e-08,2.0,9.68137258461089e-05,0.7122309418296368,0.5408464063656154,0.5061706682719341,0.1740717161028079,0.0005243342287134538,5.288930149913394e-05,5.415907939748379,9.913805133577718,18907.41551987362,0.3667746902628075
3.706000000000054e-08,2.0,9.66122408132587e-05,0.7117812344575132,0.541458288788575,0.5061621605391059,0.1738674008901256,0.000524029033004675,5.273650973057911e-05,5.424043851913752,9.93674089699604,18962.19535780452,0.36759088789844946
3.708000000000054e-08,2.0,9.64141423271716e-05,0.7113362001273377,0.5420878710810786,0.506153430116544,0.1736653384938416,0.0005237313659251439,5.258414244024432e-05,5.432101049776596,9.959872722471472,19017.14002726929,0.368422532587237
3.710000000000054e-08,2.0,9.6219836897747e-05,0.7108967761459382,0.5427338360453812,0.5061444953368749,0.1734659545119649,0.0005234418784082727,5.243252839653398e-05,5.440061978218781,9.98315157433595,19072.13004181779,0.3692678815334163
3.712000000000055e-08,2.0,9.60297231054016e-05,0.7104638880039351,0.5433948337566502,0.5061353749246447,0.173269668834423,0.0005231612143652706,5.228199174799882e-05,5.44790920272705,10.00652800082536,19127.04483065676,0.37012516492222725
3.714000000000055e-08,2.0,9.584419083373468e-05,0.7100384474265231,0.5440694843248524,0.5061260879784202,0.1730768947534873,0.0005228900090121476,5.213285132636938e-05,5.455625451749971,10.02995224141259,19181.76302576776,0.37099258957136505
3.716000000000055e-08,2.0,9.566362053542858e-05,0.7096213504532459,0.5447563807076189,0.5061166539105352,0.1728880380967696,0.000522628887169602,5.198541998665876e-05,5.463193658930234,10.05337433656834,19236.16275980139,0.37186834261084933
3.718000000000056e-08,2.0,9.548838250156137e-05,0.7092134755508075,0.5454540915676478,0.5061070924280968,0.1727034963691003,0.0005223784614619991,5.184000398705406e-05,5.470597005983319,10.07674423775994,19290.12197317208,0.3727505951985475
3.720000000000056e-08,2.0,9.531883616614758e-05,0.7088156817628933,0.5461611641704143,0.506097423471914,0.1725236579206332,0.0005221393305041732,5.169690240710584e-05,5.477818965171454,10.10001191932931,19343.51873009993,0.3736375062497811
3.722000000000056e-08,2.0,9.515532941618783e-05,0.7084288069008995,0.5468761273157136,0.5060876671967381,0.1723489011274343,0.0005219120770041739,5.155640660627344e-05,5.484843342131863,10.12312749005023,19396.23154182974,0.37452722618827927
3.724000000000056e-08,2.0,9.499819793877097e-05,0.7080536657793812,0.5475974942988168,0.5060778439096719,0.1721795936017481,0.000521697265872015,5.141879972084934e-05,5.4916543179975,10.14604130598709,19448.13969654992,0.3754179006970687
3.726000000000057e-08,2.0,9.484776457558544e-05,0.7076910484999352,0.5483237658947565,0.5060679740499463,0.172016091418125,0.0005214954422641438,5.128435620072883e-05,5.498236491560833,10.16870408244946,19499.12359406373,0.3763076744766315
3.728000000000057e-08,2.0,9.470433871610701e-05,0.7073417187871307,0.5490534333615549,0.5060580781271213,0.1718587383724257,0.0005213071296546829,5.115334138363656e-05,5.50457492041185,10.19106700665001,19549.06508453209,0.37719469498912916
3.730000000000057e-08,2.0,9.456821569991292e-05,0.7070064123799944,0.5497849814559512,0.5060481767006916,0.1717078652598041,0.0005211328278645028,5.102601110777936e-05,5.51065516179527,10.21308184885829,19597.84780918415,0.37807711619614714
3.732000000000058e-08,2.0,9.44396762591084e-05,0.7066858354824386,0.5505168914575089,0.5060382903183799,0.171563789188495,0.0005209730111397744,5.090261136020455e-05,5.516463312115442,10.23470107364804,19645.35754214362,0.3789531022690139
3.734000000000058e-08,2.0,9.431898597142416e-05,0.7063806632758923,0.551247644194739,0.5060284394958577,0.1714268129154209,0.000520828126212069,5.078337796143236e-05,5.52198604583163,10.25587794903313,19691.48253114344,0.37982083127931815
3.736000000000058e-08,2.0,9.420639475469536e-05,0.7060915384972717,0.5519757230691992,0.5060186446554088,0.1712972242202404,0.0005206985904318526,5.06685362833933e-05,5.527210652674226,10.27656665508438,19736.1138361471,0.38067849884895877
3.738000000000058e-08,2.0,9.410213637339518e-05,0.7058190700852829,0.5526996170713073,0.5060089261060452,0.1711752953037667,0.0005205847899080722,5.055830100093354e-05,5.532125073926302,10.29672238982991,19779.14566356839,0.3815243217675406
3.740000000000059e-08,2.0,9.4006427987681e-05,0.7055638318979088,0.5534178237839537,0.5059993039828139,0.1710612822271451,0.0005204870777454674,5.04528758737535e-05,5.536717936707442,10.31630147403023,19820.47569502808,0.38235654155680854
3.742000000000059e-08,2.0,9.391946971574706e-05,0.705326361503781,0.5541288523677631,0.5059897982275745,0.1709554243776641,0.000520405772312543,5.035245355882496e-05,5.54097858701036,10.33526145264345,19860.00540831116,0.383173427990099
3.744000000000059e-08,2.0,9.384144423972031e-05,0.7051071590499821,0.554831226524209,0.505980428529205,0.170857943977336,0.000520341155631243,5.025721545007274e-05,5.544897120438039,10.3535611945745,19897.64038943691,0.383973282546873
3.746000000000059e-08,2.0,9.377251642601658e-05,0.7049066862086636,0.5555234874305858,0.5059712143052895,0.1707690456200497,0.0005202934718210759,5.016733154522442e-05,5.548464411402242,10.37116098854184,19933.29063353765,0.3847544418105361
3.74800000000006e-08,2.0,9.371283299019411e-05,0.7047253652046973,0.5562041966431535,0.5059621746434741,0.1706889158532122,0.0005202629256877352,5.008296033660493e-05,5.551672139746691,10.38802263666276,19966.87083349412,0.38551528078994124
3.75000000000006e-08,2.0,9.366252217737022e-05,0.7045635779264088,0.5568719389626088,0.5059533282843058,0.1706177227895874,0.0005202496813884476,5.000424872572072e-05,5.554512815569535,10.40410954361257,19998.30065411281,0.38625421617302136
3.75200000000006e-08,2.0,9.36216934880515e-05,0.7044216651212648,0.5575253252583274,0.5059446935639638,0.1705556157650362,0.0005202538612626942,4.993133195845554e-05,5.556979801228716,10.41938680297097,20027.50499089493,0.38696970949329124
3.754000000000061e-08,2.0,9.35904374206017e-05,0.7042999256782099,0.5581629952456586,0.5059362883984831,0.1705027250277789,0.0005202755447596682,4.986433358073027e-05,5.559067331322067,10.43382127863682,20054.41421133207,0.3876602702178797
3.756000000000061e-08,2.0,9.356882526004397e-05,0.7041986159981632,0.558783620212858,0.5059281302280847,0.1704591614746726,0.0005203147675494043,4.980336541154845e-05,5.56077052964965,10.44738168294051,20078.96437793979,0.3883244587381854
3.758000000000061e-08,2.0,9.355690888457659e-05,0.7041179494540005,0.5593859056920485,0.5059202360029929,0.1704250164200357,0.0005203715207477548,4.974852753333934e-05,5.562085423970816,10.46003864936553,20101.09745117266,0.3889608892720128
3.760000000000061e-08,2.0,9.355472061936265e-05,0.7040580959411603,0.5599685940709175,0.505912622129582,0.1704003614123048,0.0005204457503401262,4.969990829666194e-05,5.563008957590595,10.47176480152744,20120.76147164972,0.3895682326586127
3.762000000000062e-08,2.0,9.356227310913827e-05,0.7040191815198191,0.5605304671396499,0.5059053044579982,0.1703852480839845,0.0005205373567327415,4.965758433928765e-05,5.563538998610688,10.48253481635649,20137.91072009173,0.39014521905566546
3.764000000000062e-08,2.0,9.357955923907396e-05,0.7040012881493909,0.5610703485699073,0.5058982982303157,0.1703797080499545,0.0005206461945140616,4.96216206168983e-05,5.563674345909417,10.49232548315359,20152.50585466483,0.39069064051995284
3.766000000000062e-08,2.0,9.360655207558373e-05,0.7040044535159082,0.56158710632045,0.5058916180701687,0.1703837528395235,0.0005207720723535054,4.959207044555447e-05,5.563414732710635,10.50111575650475,20164.51402443194,0.39120335348092644
3.768000000000063e-08,2.0,9.364320485640633e-05,0.7040286709526502,0.562079654966299,0.505885277933117,0.170397373877091,0.0005209147531176572,4.956897555337088e-05,5.562760826837112,10.50888680474723,20173.90895890718,0.391682281089208
3.770000000000063e-08,2.0,9.368945100179268e-05,0.7040738894541836,0.5625469579461221,0.505879291098474,0.1704205424967316,0.0005210739541293412,4.955236614171726e-05,5.561714228533755,10.51562205201455,20180.67103274242,0.3921264154493905
3.772000000000063e-08,2.0,9.374520417599934e-05,0.7041400137837877,0.5629880297248141,0.5058736701220761,0.1704532100053495,0.0005212493476471569,4.954226095359269e-05,5.560277464988652,10.52130721557949,20184.78730586643,0.3925348197194646
3.774000000000063e-08,2.0,9.381035837104604e-05,0.7042269046740364,0.5634019378660359,0.5058684268304996,0.1704953077796549,0.0005214405614890394,4.953866734967614e-05,5.558453982462222,10.52593033656664,20186.25153844671,0.39290663008638094
3.776000000000064e-08,2.0,9.388478804180772e-05,0.704334379120116,0.5637878050117563,0.5058635722764167,0.170546747411399,0.0005216471798747988,4.954158138992125e-05,5.556248135184699,10.52948180578109,20185.06418132708,0.3932410576003573
3.778000000000064e-08,2.0,9.396834826448564e-05,0.7044622107652593,0.5641448107636425,0.5058591167353816,0.1706074208860432,0.0005218687444093588,4.955098792139128e-05,5.553665171956282,10.53195438277158,20181.23234165221,0.39353738987759934
3.780000000000064e-08,2.0,9.406087494737518e-05,0.7046101303774865,0.5644721934634083,0.5058550696639647,0.1706772008090942,0.0005221047552790124,4.956686067042412e-05,5.550711219641595,10.53334320990285,20174.76972465772,0.39379499265431406
3.782000000000065e-08,2.0,9.416218506603092e-05,0.7047778264166465,0.5647692518670662,0.5058514396992908,0.1707559406652003,0.000522354672580652,4.958916234002414e-05,5.547393264514638,10.53364581960385,20165.69655166136,0.3940133112018659
3.784000000000065e-08,2.0,9.427207695156735e-05,0.7049649456905649,0.5650353467102858,0.5058482346201251,0.1708434751240388,0.0005226179178537263,4.961784471078797e-05,5.543719130675373,10.53286213659535,20154.03945553844,0.39419187158624697
3.786000000000065e-08,2.0,9.439033060420532e-05,0.7051710940989192,0.5652699021599096,0.5058454613493458,0.1709396203780007,0.0005228938757332347,4.965284874646449e-05,5.539697456513231,10.53099447331241,20139.83135401077,0.3943302817819089
3.788000000000065e-08,2.0,9.451670806058305e-05,0.7053958374632705,0.5654724071489581,0.5058431259181599,0.1710441745254886,0.0005231818957910854,4.96941047026621e-05,5.535337668465925,10.52804752035423,20123.11130230364,0.3944282326234695
3.790000000000066e-08,2.0,9.465095378691148e-05,0.7056387024415062,0.5656424165903166,0.5058412334716842,0.1711569179847629,0.0005234812944826744,4.974153224000822e-05,5.530649953064005,10.52402833022556,20103.92432575042,0.39448549860555365
3.792000000000066e-08,2.0,9.479279512623849e-05,0.7058991775247672,0.565779552466615,0.5058397882364583,0.1712776139519299,0.0005237913572637938,4.979504054046964e-05,5.525645226533397,10.51894629622996,20082.32123412523,0.3945019385146852
3.794000000000066e-08,2.0,9.494194277180427e-05,0.70617671411476,0.5658835047916779,0.5058387935293056,0.1714060088879101,0.0005241113407934913,4.985452842833183e-05,5.52033510295811,10.51281312482828,20058.35841848441,0.3944774959037678
3.796000000000067e-08,2.0,9.509809129446751e-05,0.706470727679184,0.5659540324412857,0.5058382517283143,0.1715418330477758,0.0005244404752860334,4.991988449473272e-05,5.514731860294942,10.50564280334762,20032.09763246777,0.3944121993935099
3.798000000000067e-08,2.0,9.526091969605224e-05,0.7067805989828412,0.5659909638488966,0.5058381642851247,0.1716848010372155,0.0005247779669266973,4.999098722743688e-05,5.508848405249134,10.49745156140225,20003.60575898296,0.39430616281168107
3.800000000000067e-08,2.0,9.543009201623874e-05,0.7071056753918356,0.5659941975643549,0.5058385316995389,0.1718346124092653,0.0005251230004128061,5.006770514490667e-05,5.502698236319318,10.48825782793495,19972.95456434014,0.39415958515508953
3.802000000000067e-08,2.0,9.560525796468626e-05,0.7074452722481146,0.5659637026715856,0.5058393535353869,0.1719909522860111,0.0005254747415342202,5.014989693653902e-05,5.496295406022139,10.47808218228583,19940.2204408401,0.39397275038557444
3.804000000000068e-08,2.0,9.578605360563125e-05,0.7077986743114582,0.5658995190636742,0.5058406283988921,0.1721534920181637,0.0005258323398533226,5.023741160827214e-05,5.489654481616653,10.46694730121682,19905.48413993803,0.3937460270455105
3.806000000000068e-08,2.0,9.597210206641682e-05,0.7081651372658785,0.5658017575717628,0.5058423539582566,0.1723218898671336,0.0005261949313984846,5.033008863559026e-05,5.482790505336371,10.45487790034196,19868.83049700936,0.39347986770462917
3.808000000000068e-08,2.0,9.61630142968093e-05,0.7085438892872574,0.5656705999466338,0.5058445269258988,0.1724957917222869,0.0005265616414301025,5.042775812326514e-05,5.475718953455825,10.44190067190733,19830.34814983464,0.3931748082243469
3.810000000000069e-08,2.0,9.635838985028485e-05,0.7089341326689197,0.5655062986899324,0.5058471430818655,0.1726748318379437,0.0005269315871933187,5.053024097400405e-05,5.468455695192584,10.42804421741043,19790.12925179722,0.3928314668519887
3.812000000000069e-08,2.0,9.655781771373202e-05,0.7093350455017193,0.5653091767344717,0.5058501972600427,0.1728586336025738,0.0005273038807159388,5.063734906545385e-05,5.461016950774144,10.4133389770137,19748.26918185231,0.39245054313189787
3.814000000000069e-08,2.0,9.676087715646435e-05,0.7097457834050989,0.5650796269711823,0.505853683375473,0.1730468103246995,0.0005276776315661846,5.074888543785662e-05,5.453419249659095,10.39781715427702,19704.86625217665,0.3920328166464828
3.816000000000069e-08,2.0,9.696713862456243e-05,0.7101654813054783,0.5648181116228257,0.5058575944146069,0.1732389660477515,0.0005280519496285717,5.086464449188925e-05,5.445679388240801,10.38151263816999,19660.02141545406,0.39157914557507423
3.81800000000007e-08,2.0,9.717616465114384e-05,0.7105932552582238,0.5645251614627376,0.5058619224665795,0.1734346963783354,0.0005284259478134673,5.098441219908695e-05,5.43781438800756,10.36446092091909,19613.83797257759,0.39109046508440215
3.82000000000007e-08,2.0,9.738751080816078e-05,0.711028204309365,0.5642013748794876,0.5058666587175283,0.1736335893399684,0.0005287987447587514,5.110796632443983e-05,5.429841453482529,10.34669901365024,19566.42128258193,0.3905677855395192
3.82200000000007e-08,2.0,9.760072667002227e-05,0.7114694123931335,0.5638474167865161,0.5058717934858519,0.1738352262366964,0.00052916946744038,5.123507666363666e-05,5.421777930898842,10.32826535840729,19517.8784754261,0.39001219054981967
3.824000000000071e-08,2.0,9.781535681425033e-05,0.7119159502613313,0.5634640173784851,0.5058773162205822,0.1740391825385036,0.0005295372537507842,5.136550529457366e-05,5.41364126692508,10.30919973850088,19468.31816926839,0.38942483483998147
3.826000000000071e-08,2.0,9.803094182917899e-05,0.7123668774404602,0.5630519707342743,0.5058832155405909,0.1742450287728726,0.0005299012549634363,5.149900684564587e-05,5.405448968375214,10.28954318578744,19417.85019266926,0.38880694196140164
3.828000000000071e-08,2.0,9.824701935353609e-05,0.7128212442124985,0.562612133269272,0.5058894792369759,0.174452331434278,0.000530260638143307,5.163532878042768e-05,5.397218562208074,10.26933788682105,19366.58531317514,0.388159801834994
3.830000000000071e-08,2.0,9.846312511767903e-05,0.7132780936151417,0.5621454220378457,0.5058960943161375,0.1746606538959631,0.0005306145884233969,5.177421170127174e-05,5.388967556726652,10.24862708649147,19314.63497251928,0.3874847681418826
3.832000000000072e-08,2.0,9.867879401098746e-05,0.7137364634573063,0.5616528128895852,0.5059030470060772,0.1748695573356529,0.0005309623112080621,5.191538967137953e-05,5.380713403270679,10.22745499107323,19262.11102969513,0.38678325555393234
3.834000000000072e-08,2.0,9.889356114499399e-05,0.7141953883456419,0.5611353384811945,0.5059103228032232,0.1750786016595806,0.0005313030342254084,5.205859055784297e-05,5.372473459287836,10.20586666930736,19209.12551193423,0.38605673682161384
3.836000000000072e-08,2.0,9.91069629364779e-05,0.7146539017177906,0.5605940861486184,0.5059179064824924,0.175287346436361,0.0005316360094906749,5.220353639511172e-05,5.364264952064327,10.18390795341705,19155.79037464671,0.3853067397122574
3.838000000000072e-08,2.0,9.931853817997236e-05,0.7151110378781076,0.5600301956422812,0.5059257821476837,0.1754953518251475,0.0005319605151051095,5.234994377130869e-05,5.356104943974397,10.16162533868202,19102.21727015622,0.38453484381713365
3.840000000000073e-08,2.0,9.952782913368712e-05,0.7155658340315556,0.5594448567310047,0.505933933245111,0.1757021795095125,0.000532275856953609,5.249752423669732e-05,5.34801029851719,10.1390658834447,19048.51732609841,0.38374267722149225
3.842000000000073e-08,2.0,9.97343825882477e-05,0.7160173323114911,0.5588393066784906,0.5059423426173365,0.1759073936215649,0.0005325813702279663,5.264598473659649e-05,5.339997647974359,10.11627710817129,18994.80093312524,0.38293191305692564
3.844000000000073e-08,2.0,9.993775094210277e-05,0.7164645817970704,0.558214827598901,0.5059509925201111,0.1761105616676737,0.0005328764208404196,5.279502806784096e-05,5.332083361944709,10.09330689540841,18941.17754260898,0.38210426593122726
3.846000000000074e-08,2.0,0.0001001374932530144,0.716906640516027,0.5575727436963688,0.505959864679176,0.1763112554404173,0.0005331604066567188,5.294435336089541e-05,5.324283517564587,10.0702033892534,18887.75547381787,0.38126148825595146
3.848000000000074e-08,2.0,0.0001003331762894197,0.7173425774286012,0.5569144183959117,0.5059689403102079,0.1765090519280791,0.0005334327586148607,5.309365658645723e-05,5.31661387065873,10.04701489614345,18834.64173110038,0.38040536646783263
3.850000000000074e-08,2.0,0.0001005243755511747,0.7177714743884456,0.5562412513714554,0.5059782001783529,0.1767035342064295,0.0005336929416610615,5.324263108841142e-05,5.309089828606778,10.02378978557322,18781.94183040019,0.37953771716502593
3.852000000000074e-08,2.0,0.0001007106762834778,0.7181924280763734,0.5555546754792995,0.5059876246208252,0.1768942923241016,0.0005339404555705446,5.339096814164442e-05,5.301726424160471,10.00057639250929,18729.75963550678,0.3786603831551979
3.854000000000075e-08,2.0,0.0001008916744536592,0.7186045519028808,0.5548561536035259,0.5059971936088012,0.1770809241664266,0.0005341748355869812,5.353835753627354e-05,5.294538290975144,9.977422920101066,18678.19720323836,0.3777752294370993
3.856000000000075e-08,2.0,0.0001010669777147286,0.7190069778754322,0.5541471754224278,0.5060068867722706,0.1772630363090534,0.0005343956529495214,5.368448818641531e-05,5.287539640082255,9.954377344417871,18627.35463785323,0.3768841391133744
3.858000000000075e-08,2.0,0.0001012362063256139,0.7193988584265789,0.5534292541031509,0.5060166834638753,0.177440244846365,0.000534602515243397,5.382904876467726e-05,5.280744238047736,9.931487319802024,18577.32995378886,0.3759890092567859
3.860000000000076e-08,2.0,0.0001013989940521558,0.7197793681990582,0.5527039229342456,0.5060265627855705,0.1776121762060409,0.0005347950666442789,5.39717283600584e-05,5.274165386036564,9.908800086529233,18528.21894694124,0.3750917467282048
3.862000000000076e-08,2.0,0.0001015549890191015,0.7201477057841162,0.5519727319038693,0.5060365036539618,0.1777784679349462,0.0005349729879943279,5.411221716001275e-05,5.267815900512423,9.88636237935666,18480.11507351373,0.3741942639689231
3.864000000000076e-08,2.0,0.0001017038545374052,0.7205030954093912,0.551237244233825,0.5060464848283092,0.177938769467742,0.0005351359967812208,5.42502071538753e-05,5.261708094788639,9.864220338612919,18433.10933658926,0.373298474766083
3.866000000000076e-08,2.0,0.0001018452698774613,0.7208447885728013,0.5504990328775674,0.5060564849768713,0.178092742863575,0.0005352838469598661,5.438539285793144e-05,5.255853762145929,9.842419422401976,18387.29017941005,0.3724062900139924
3.868000000000077e-08,2.0,0.0001019789310128594,0.7211720656189999,0.5497596769926942,0.5060664827057617,0.1782400635222991,0.0005354163286889745,5.45174720587988e-05,5.250264159732077,9.821004321541382,18342.74338548693,0.37151961347039514
3.870000000000077e-08,2.0,0.000102104551305728,0.7214842372550734,0.5490207583962924,0.5060764566258036,0.1783804208657722,0.0005355332679237449,5.464614657489667e-05,5.244949993948315,9.800018875800438,18299.55198450131,0.37064033753052017
3.872000000000077e-08,2.0,0.0001022218621585845,0.721780646002292,0.5482838580138037,0.506086385381729,0.1785135189957612,0.0005356345259375165,5.4771123032127e-05,5.239921406538709,9.779505993027207,18257.79616411063,0.36977033901804257
3.874000000000078e-08,2.0,0.0001023306136042433,0.7220606675808557,0.5475505523298708,0.5060962477190181,0.178639077314192,0.0005357199987149569,5.489211365301713e-05,5.23518796207956,9.75950756972739,18217.55318662311,0.3689114750156788
3.876000000000078e-08,2.0,0.0001024305748590401,0.7223237122247175,0.5468224098518025,0.5061060225129301,0.1787568311173451,0.0005357896162900431,5.500883705489796e-05,5.23075863608913,9.740064414656386,18178.8973106633,0.36806557873445744
3.878000000000078e-08,2.0,0.0001025215348114448,0.7225692259237165,0.5461009875940271,0.5061156888348171,0.178866532149955,0.00053584334197247,5.512101905585796e-05,5.226641804449321,9.721216173987328,18141.89971681457,0.3672344554440722
3.880000000000078e-08,2.0,0.0001026033024716829,0.722796691590404,0.5453878275939997,0.5061252259804615,0.178967949130903,0.0005358811715359295,5.522839348352089e-05,5.22284523336564,9.703001259593515,18106.62843738848,0.36641987846309676
3.882000000000079e-08,2.0,0.0001026757073549539,0.7230056301491038,0.5446844534676746,0.506134613535358,0.1790608682366434,0.0005359031323126341,5.533070298490522e-05,5.219376070554921,9.685456779011716,18073.14828934688,0.36562358523103117
3.884000000000079e-08,2.0,0.0001027385998242417,0.7231956015449158,0.5439923670146648,0.5061438314018514,0.1791450935541783,0.0005359092822674823,5.542769983195015e-05,5.216240836894543,9.668618468604906,18041.52081056719,0.3648472734604865
3.886000000000079e-08,2.0,0.0001027918513658159,0.7233662056705351,0.5433130448808029,0.5061528598628836,0.1792204474899229,0.000535899708996699,5.551914672054435e-05,5.213445419222901,9.652520628498676,18011.80419853173,0.36409259739087996
3.88800000000008e-08,2.0,0.0001028353548237615,0.7235170832089358,0.5426479352877421,0.5061616796074548,0.1792867711463563,0.0005358745287240069,5.560481755725686e-05,5.210995063534498,9.637196060794757,17984.05325168615,0.36336116414138586
3.89000000000008e-08,2.0,0.0001028690245671568,0.7236479163901454,0.5419984548367519,0.5061702717923591,0.1793439246530406,0.0005358338852393665,5.568449823128983e-05,5.20889436926093,9.622676009645259,17958.31931261055,0.3626545301837113
3.89200000000008e-08,2.0,0.0001028927966165351,0.7237584296605135,0.5413659853957619,0.5061786180655101,0.1793917874639857,0.0005357779488527165,5.575798736557506e-05,5.20714728389244,9.608990104680599,17934.65021331454,0.36197419793177615
3.89400000000008e-08,2.0,0.0001029066287037485,0.7238483902630688,0.5407518710761342,0.506186700625221,0.1794302586081707,0.0005357069153076879,5.582509704434193e-05,5.205757098634497,9.59616630638681,17913.09022187098,0.3613216124679635
3.896000000000081e-08,2.0,0.0001029105002921287,0.7239176087277381,0.540157415307498,0.5061945022409615,0.1794592569052933,0.0005356210047268357,5.58856535109471e-05,5.204726444366186,9.584230854917285,17893.67999077109,0.36069815840220465
3.898000000000081e-08,2.0,0.0001029044125315082,0.7239659392703984,0.5395838780163724,0.5062020063097892,0.1794787211337766,0.0005355204605329755,5.593949783324272e-05,5.204057288599745,9.573208220949313,17876.45650629595,0.3601051568825958
3.900000000000081e-08,2.0,0.0001028883881752347,0.723993280099919,0.5390324729161194,0.5062091968741467,0.1794886101632147,0.0005354055484171091,5.598648653031817e-05,5.203750932719956,9.563121060064606,17861.4530393593,0.35954386275290473
3.902000000000082e-08,2.0,0.000102862471434131,0.7239995736325487,0.5385043649131135,0.5062160586750731,0.1794889030384997,0.0005352765552968444,5.602649215800654e-05,5.203808010208826,9.553990169280123,17848.69909720189,0.35901546187461375
3.904000000000082e-08,2.0,0.0001028267277947048,0.7239848066131951,0.5380006676358093,0.5062225771667078,0.1794795990279192,0.0005351337883344705,5.605940384721263e-05,5.204228485146544,9.545834447204495,17838.22037646806,0.3585210686078901
3.906000000000082e-08,2.0,0.0001027812437769169,0.7239490101433421,0.5375224410907286,0.5062287385659607,0.1794607176226851,0.0005349775739577306,5.608512779275467e-05,5.20501165170035,9.53867085646262,17830.03871713001,0.35806172346804344
3.908000000000082e-08,2.0,0.0001027261266589176,0.7238922596155457,0.5370706894511378,0.5062345298634305,0.1794322985002846,0.0005348082569508912,5.610358768718458e-05,5.206156133904493,9.53251438986057,17824.17205786689,0.35763839095085315
3.910000000000083e-08,2.0,0.0001026615041443775,0.7238146745546462,0.5366463589815492,0.5062399388692591,0.1793944014393511,0.0005346261995580955,5.611472509776251e-05,5.207659886448804,9.527378038949225,17820.63439244886,0.35725195754219813
3.912000000000083e-08,2.0,0.0001025875239998542,0.7237164183660313,0.5362503361029011,0.5062449542202212,0.1793471061985258,0.0005344317806648635,5.611849978164091e-05,5.209520195791024,9.523272766455923,17819.43572780876,0.3569032299043753
3.914000000000083e-08,2.0,0.0001025043536380911,0.7235976979914812,0.5358834456006487,0.5062495654215533,0.1792905123472517,0.0005342253949984964,5.611488993808639e-05,5.211733682316087,9.520207481257236,17820.58204343511,0.356592933253397
3.916000000000084e-08,2.0,0.0001024121796746903,0.7234587634733189,0.5355464489797254,0.5062537628500093,0.1792247390610687,0.0005340074524114267,5.61038923935613e-05,5.214296302867525,9.518189017357937,17824.07525283868,0.35632170991865664
3.918000000000084e-08,2.0,0.0001023112074342539,0.7232999074277848,0.5352400429677188,0.5062575377914966,0.1791499248695687,0.0005337783771868773,5.608552271928575e-05,5.217203354380005,9.51722211556264,17829.91316680974,0.35609011809815005
3.920000000000084e-08,2.0,0.0001022016604333904,0.7231214644287446,0.5349648581693521,0.5062608824399656,0.179066227369701,0.0005335386074290096,5.605981527801022e-05,5.220449477946849,9.517309409299697,17838.08945928253,0.3558986307996511
3.922000000000084e-08,2.0,0.0001020837798168598,0.722923810303028,0.5347214578727595,0.5062637899307221,0.1789738228927867,0.0005332885944754792,5.602682320053428e-05,5.224028664055544,9.518451413293654,17848.59363560102,0.35574763497997275
3.924000000000085e-08,2.0,0.0001019578237741398,0.7227073613388829,0.5345103370098151,0.5062662543350607,0.1788729061380587,0.0005330288023926698,5.598661828970301e-05,5.227934258332906,9.520646516539182,17861.41100406343,0.35563743087175637
3.926000000000085e-08,2.0,0.0001018240669128459,0.7224725734092127,0.534331921270206,0.5062682706891933,0.1787636897612997,0.0005327597074901245,5.593929085340871e-05,5.232158968535362,9.523890978279363,17876.52265060962,0.3555682315089063
3.928000000000085e-08,2.0,0.0001016827996161499,0.7222199410114407,0.5341865663707311,0.5062698349845667,0.1786464039314992,0.0005324817979125974,5.588494946539121e-05,5.236694872131381,9.52817892843146,17893.90541758093,0.3555401624392319
3.930000000000085e-08,2.0,0.0001015343273607416,0.7219499962260278,0.5340745574787538,0.5062709441923894,0.1785212958443191,0.0005321955732448725,5.58237206563724e-05,5.241533425213211,9.533502371166678,17913.53188648216,0.3555532616344347
3.932000000000086e-08,2.0,0.00010137897002233,0.7216633075958333,0.5339961087905886,0.5062715962496397,0.1783886292054052,0.0005319015441861003,5.575574853539108e-05,5.246665472087733,9.53985119307428,17935.3703657166,0.35560747958518335
3.934000000000086e-08,2.0,0.0001012170611453253,0.7213604789286817,0.5339513632630466,0.5062717900792012,0.1782486836725347,0.0005316002322275557,5.568119434485532e-05,5.252081256283372,9.547213174615981,17959.38488328053,0.3557026795905119
3.936000000000086e-08,2.0,0.0001010489472035244,0.7210421480256552,0.5339403924982747,0.5062715255716049,0.1781017542697508,0.0005312921693890752,5.560023595020102e-05,5.257770432323628,9.555574006285386,17985.5351854201,0.3558386382285239
3.938000000000087e-08,2.0,0.0001008749868285349,0.7207089853377929,0.5339631967794773,0.5062708036008419,0.1779481507626787,0.0005309778979470742,5.551306726857978e-05,5.263722079002014,9.564917308174142,18013.77674128262,0.3560150460167987
3.940000000000087e-08,2.0,0.0001006955500325721,0.7203616925540232,0.5340197052570563,0.5062696260019146,0.1777881970082762,0.000530657970208131,5.541989763839174e-05,5.269924713507105,9.57522465434006,18044.0607545846,0.35623150824878014
3.942000000000087e-08,2.0,0.0001005110174024663,0.720001001123305,0.534109776282212,0.5062679955824212,0.1776222302684189,0.0005303329482603458,5.532095113486871e-05,5.276366307128211,9.586475600671259,18076.33418236191,0.3564875460137931
3.944000000000087e-08,2.0,0.0001003217792913082,0.7196276707140912,0.5342331978869818,0.5062659160960408,0.1774506005006575,0.0005300034037554829,5.521646583430864e-05,5.283034301886519,9.598647717619158,18110.53976183047,0.35678259738632423
3.946000000000088e-08,2.0,0.000100128234984681,0.7192424876143553,0.5343896884072575,0.5062633922500224,0.1772736696157496,0.0005296699176537164,5.510669303279033e-05,5.289915628815359,9.611716626482107,18146.61604544055,0.3571160187915079
3.948000000000088e-08,2.0,9.993079186771035e-05,0.7188462630755561,0.5345788972472794,0.5062604296747472,0.1770918107153922,0.0005293330799834146,5.499189642258308e-05,5.296996727228106,9.625656040587785,18184.49744514244,0.35748708653188715
3.950000000000088e-08,2.0,9.972986456998382e-05,0.7184398316040237,0.5348004057816922,0.5062570349272888,0.1769054072999254,0.0005289934895477208,5.487235123251052e-05,5.304263565688741,9.640437810040572,18224.11428594889,0.35789499848176676
3.952000000000089e-08,2.0,9.952587411437887e-05,0.7180240492033688,0.5350537283932216,0.506253215457235,0.1767148524595253,0.0005286517536301617,5.474834333590337e-05,5.311701664014627,9.65603197135424,18265.39286978225,0.3583388759336963
3.954000000000089e-08,2.0,9.931924704697167e-05,0.7175997915716145,0.5353383136416534,0.5062489796065088,0.1765205480388149,0.0005283084876314129,5.462016833262988e-05,5.319296117015757,9.672406800617702,18308.25554967402,0.3588177656028385
3.956000000000089e-08,2.0,9.911041457386672e-05,0.7171679522568497,0.5356535455617776,0.506244336571656,0.1763229037884762,0.0005279643146896043,5.44881306090508e-05,5.327031619289011,9.689528871484283,18352.62081525502,0.3593306417733014
3.958000000000089e-08,2.0,9.889981168224876e-05,0.7167294407752867,0.5359987450856168,0.5062392964001459,0.1761223364939478,0.000527619865217052,5.435254238241111e-05,5.334892491758759,9.707363116610967,18398.40338956449,0.35987640859166903
3.96000000000009e-08,2.0,9.868787627130992e-05,0.7162851806956889,0.5363731715862591,0.5062338699493457,0.1759192690948379,0.000527275776406387,5.421372273352845e-05,5.342862709269156,9.725872893806894,18445.51433804324,0.3604539024914212
3.96200000000009e-08,2.0,9.847504827046358e-05,0.7158361076942008,0.5367760245382638,0.5062280688795536,0.17571412978526,0.0005269326916400272,5.407199663411019e-05,5.350925929905491,9.745020055494358,18493.86118967856,0.36106189475300376
3.96400000000009e-08,2.0,9.826176877033152e-05,0.7153831675836775,0.5372064452916675,0.5062219056099091,0.1755073511087642,0.0005265912598569581,5.392769397239185e-05,5.359065525334198,9.764765022708836,18543.34807106619,0.3616990941829033
3.966000000000091e-08,2.0,9.804847914403611e-05,0.7149273143216669,0.5376635189542516,0.5062153933083994,0.1752993690381871,0.0005262521348122007,5.378114858307465e-05,5.367264612823182,9.785066862216782,18593.87585327078,0.36236414991606447
3.968000000000091e-08,2.0,9.783562018407741e-05,0.7144695080012369,0.5381462763788157,0.5062085458449903,0.1750906220540786,0.0005259159742841634,5.363269728491174e-05,5.375506088216151,9.805883367945343,18645.34231212954,0.36305565432473713
3.970000000000091e-08,2.0,9.762363123247053e-05,0.7140107128288787,0.5386536962498663,0.5062013777788864,0.1748815502121438,0.000525583439167039,5.348267893142699e-05,5.383772660504872,9.827171145277104,18697.64230176566,0.36377214603772245
3.972000000000091e-08,2.0,9.741294932922254e-05,0.7135518950937496,0.5391847072662042,0.5061939043091508,0.1746725942133387,0.000525255192504961,5.333143347764587e-05,5.392046887255716,9.848885699371353,18750.66794180874,0.36451211305286546
3.974000000000092e-08,2.0,9.720400835693297e-05,0.7130940211325272,0.5397381904135969,0.5061861412595126,0.1744641944671124,0.0005249318984070345,5.317930106770368e-05,5.400311211516858,9.87098152604023,18804.30881795304,0.3652739959464846
3.976000000000092e-08,2.0,9.699723820639837e-05,0.7126380552941642,0.5403129813237951,0.5061781050267774,0.1742567901614153,0.0005246142209016894,5.302662114564789e-05,5.40854799944437,9.893412206309257,18858.4521961772,0.36605619116237986
3.978000000000092e-08,2.0,9.67930639411136e-05,0.7121849579088305,0.5409078727138975,0.5061698125634778,0.1740508183299971,0.0005243028226716125,5.287373159360583e-05,5.416739579255533,9.916130503166869,18912.98325009716,0.36685705438390037
3.980000000000093e-08,2.0,9.659190498533322e-05,0.7117356832653172,0.541521616902127,0.5061612813243784,0.1738467129305545,0.0005239983637295165,5.272096789900993e-05,5.424868280729608,9.939088461601571,18967.78530158168,0.36767490397157243
3.982000000000093e-08,2.0,9.639417431368259e-05,0.7112911776011674,0.5421529283938631,0.5061525292472793,0.1736449039242785,0.0005237014999782357,5.256866235431877e-05,5.43291647584681,9.9622375104093,19022.74007392249,0.3685080244695846
3.984000000000093e-08,2.0,9.620027766675277e-05,0.7108523771097619,0.542800486533851,0.5061435746979254,0.1734458163702594,0.0005234128817172495,5.241714329027353e-05,5.440866619768466,9.985528566841479,19077.72795747835,0.36935467016359164
3.986000000000093e-08,2.0,9.601061277075903e-05,0.7104202059685608,0.5434629382183095,0.5061344364492768,0.1732498695253139,0.0005231331520413434,5.226673434539267e-05,5.448701292732055,10.00891214255589,19132.62828688952,0.3702130686929956
3.988000000000094e-08,2.0,9.582556858545781e-05,0.709995574392651,0.5441389006627435,0.5061251336251356,0.1730574759625714,0.0005228629451953164,5.211775377210072e-05,5.456403242048357,10.03233845191562,19187.31962955995,0.37108142470017214
3.990000000000094e-08,2.0,9.564552455846822e-05,0.7095793767177022,0.5448269642190972,0.5061156856782002,0.1728690406993541,0.0005226028848325364,5.197051378147794e-05,5.463955424759098,10.05575752108092,19241.68008430187,0.37195792351974305
3.992000000000094e-08,2.0,9.547084990996495e-05,0.709172489516365,0.5455256952380003,0.5061061123327208,0.1726849603475691,0.0005223535822429649,5.182531992642382e-05,5.471341050127976,10.07911929891698,19295.58758961249,0.37284073489043124
3.994000000000095e-08,2.0,9.530190292593694e-05,0.7087757697520832,0.5462336389696713,0.5060964335616459,0.1725056222770913,0.0005221156345003729,5.168247052455601e-05,5.478543622510567,10.10237376814831,19348.92024027504,0.37372801669257993
3.996000000000095e-08,2.0,9.51390302837295e-05,0.708390052974204,0.54694932249922,0.5060866695286306,0.1723314038051968,0.0005218896225958137,5.154225612008249e-05,5.485546983764736,10.12547105776514,19401.55661153468,0.3746179186940232
3.998000000000095e-08,2.0,9.498256638813772e-05,0.7080161515581893,0.547671257709905,0.5060768405645796,0.1721626714024849,0.000521676109508839,5.140495898538407e-05,5.492335355735849,10.14836155510146,19453.3760893444,0.3755085863074201
4.000000000000095e-08,2.0,9.483283274150661e-05,0.7076548529946359,0.5483979442700854,0.5060669671093053,0.1719997799281578,0.000521475638284655,5.127085266106093e-05,5.498893381970718,10.17099601857615,19504.25920572758,0.3763981643419276
4.002000000000096e-08,2.0,9.469013732616056e-05,0.7073069182307066,0.5491278726374725,0.5060570696877812,0.1718430718850221,0.0005212887300701387,5.114020153466929e-05,5.50520616918721,10.19332568951148,19554.08797757814,0.3772848007524504
4.004000000000096e-08,2.0,9.455477402238529e-05,0.7069730800674633,0.5498595270764426,0.5060471688517431,0.1716928767069104,0.0005211158821777689,5.101326045651137e-05,5.511259327648685,10.21530240400961,19602.74624776232,0.3781666503695322
4.006000000000096e-08,2.0,9.442702204033203e-05,0.7066540416164837,0.5505913886820948,0.5060372851559413,0.1715495100687862,0.0005209575661314498,5.089027439228061e-05,5.51703901096659,10.23687870330038,19650.12002669977,0.3790418786133086
4.008000000000097e-08,2.0,9.430714538884035e-05,0.7063504748190053,0.5513219384068987,0.506027439099983,0.1714132732320373,0.0005208142257637708,5.077147811061731e-05,5.522531954480182,10.25800794353589,19696.09783314306,0.3799086651748614
4.010000000000097e-08,2.0,9.419539235961038e-05,0.70606301903072,0.5520496600836853,0.5060176511048634,0.1712844524151355,0.0005206862753193745,5.06570959050509e-05,5.527725512736693,10.27864440344789,19740.57103222714,0.38076520766854977
4.012000000000097e-08,2.0,9.409199504951081e-05,0.7057922796751985,0.5527730434409476,0.5060079414553182,0.1711633182019555,0.0005205740976340594,5.054734134816214e-05,5.532607695225005,10.29874339084279,19783.43416940878,0.38160972523899206
4.014000000000097e-08,2.0,9.399716889951597e-05,0.7055388269687799,0.553490587104314,0.5059983302769105,0.1710501249778322,0.0005204780423445966,5.044241707720191e-05,5.537167200890816,10.3182613463587,19824.58529831162,0.38244046212648175
4.016000000000098e-08,2.0,9.39111122728771e-05,0.7053031947196139,0.5542008015802742,0.5059888374791561,0.1709451104054562,0.0005203984241985659,5.034251460886625e-05,5.541393450594558,10.33715594546233,19863.92630104896,0.38325569117481795
4.018000000000098e-08,2.0,9.383400605108598e-05,0.7050858792033834,0.5549022122161572,0.5059794827334282,0.170848494930559,0.0005203355214190808,5.024781418230522e-05,5.545276618049269,10.35538619712372,19901.36319904141,0.38405371728559823
4.020000000000098e-08,2.0,9.376601327009089e-05,0.7048873381180757,0.5555933621325716,0.5059702854171012,0.1707604813293143,0.0005202895741930316,5.015848462801219e-05,5.548807658412096,10.37291254015405,19936.80645291119,0.3848328808032573
4.022000000000098e-08,2.0,9.37072787753946e-05,0.7047079896200045,0.5562728151224368,0.5059612645925136,0.1706812542872823,0.0005202607832371924,5.007468326158823e-05,5.551978335080019,10.38969693566248,19970.17124953219,0.38559156083515445
4.024000000000099e-08,2.0,9.365792891835522e-05,0.7045482114431117,0.5569391585129623,0.5059524389523845,0.1706109800216153,0.0005202493085097186,4.999655580003523e-05,5.554781243880882,10.40570295662951,20001.37777489255,0.386328178491347
4.026000000000099e-08,2.0,9.361807127243808e-05,0.7044083401034055,0.5575910059848221,0.5059438268000583,0.1705498059362718,0.0005202552680205941,4.992423629957133e-05,5.557209835226382,10.4208958730744,20030.35147096654,0.38704120004855036
4.028000000000099e-08,2.0,9.358779439160093e-05,0.7042886701902081,0.5582270003450228,0.5059354459964152,0.1704978603217433,0.0005202787368070377,4.985784711267845e-05,5.559258433440282,10.43524273383106,20057.02327539345,0.3877291400232795
4.0300000000001e-08,2.0,9.356716758968336e-05,0.7041894537457086,0.5588458162478467,0.5059273139416262,0.1704552520889363,0.0005203197460262987,4.979749886342889e-05,5.560922253848024,10.44871244343598,20081.32984233866,0.3883905641589104
4.0320000000001e-08,2.0,9.355624076287761e-05,0.7041108997341253,0.5594461628604702,0.5059194475237747,0.1704220705485299,0.0005203782822300641,4.974329043891298e-05,5.562197416866255,10.46127583516238,20103.21374353081,0.38902409231194035
4.0340000000001e-08,2.0,9.355504423427607e-05,0.7040531736015967,0.5600267864677747,0.5059118631023304,0.1703983852253463,0.0005204542867714794,4.969530899591192e-05,5.563080959700812,10.47290573873469,20122.62364808443,0.38962840124242837
4.0360000000001e-08,2.0,9.356358864247595e-05,0.704016396927728,0.5605864730130445,0.5059045764586887,0.1703842457188623,0.0005205476554069444,4.965362998078613e-05,5.563570844919989,10.48357704378058,20139.51448035034,0.39020222729418225
4.038000000000101e-08,2.0,9.358186485336665e-05,0.7040006471695269,0.5611240505691809,0.5058976027815658,0.170379681599314,0.0005206582380420561,4.961831716186124e-05,5.5636659665359,10.4932667575888,20153.84755468174,0.3907443689698669
4.040000000000101e-08,2.0,9.360984391698781e-05,0.704005957498268,0.5616383917372217,0.5058909566196561,0.1703847023503173,0.0005207858386815569,4.958942267245604e-05,5.563366152891011,10.5019540582557,20165.5906866494,0.3912536893869044
4.042000000000101e-08,2.0,9.364747704870382e-05,0.7040323167296287,0.5621284159668755,0.505884651869147,0.170399297347376,0.0005209302155308777,4.956698706400191e-05,5.562672167008387,10.50962034182634,20174.71827990633,0.39172911861949944
4.044000000000102e-08,2.0,9.369469565649255e-05,0.7040796693472461,0.5625930917959495,0.505878701728686,0.1704234358830076,0.000521091081306686,4.95510393675919e-05,5.561585703734118,10.51624926454111,20181.21138855535,0.39216965591294195
4.046000000000102e-08,2.0,9.375141139370447e-05,0.7041479156196411,0.5630314390034571,0.5058731186892023,0.1704570672277721,0.000521268103702145,4.954159716359882e-05,5.560109384356109,10.52182677883369,20185.05775455217,0.392574371775685
4.048000000000102e-08,2.0,9.381751625897861e-05,0.7042369118102688,0.5634425306733646,0.5058679144913738,0.1705001207377343,0.0005214609060617384,4.953866665790213e-05,5.558246748059916,10.52634116422183,20186.25182033408,0.3929424099356303
4.050000000000102e-08,2.0,9.389288272275767e-05,0.7043464704802473,0.5638254951638312,0.5058631001179476,0.1705525059975671,0.0005216690682094477,4.954224276456561e-05,5.556002240930835,10.52978305177908,20184.79471654513,0.3932729891662641
4.052000000000103e-08,2.0,9.397736390197511e-05,0.7044763608831321,0.5641795179789783,0.5058586857538857,0.1706141130096248,0.0005218921274825952,4.955230919372002e-05,5.553381201893953,10.53214544335982,20180.69422538101,0.39356540496935344
4.054000000000103e-08,2.0,9.407079376239477e-05,0.7046263094509008,0.5645038435381272,0.5058546807813716,0.1706848124181129,0.0005221295799132106,4.95688385446947e-05,5.5503898463254,10.53342372431064,20173.96471975696,0.3938190311200143
4.056000000000103e-08,2.0,9.417298737004214e-05,0.7047960003701275,0.5647977768396255,0.5058510937428146,0.1707644557784826,0.000522380881606754,4.959179240336952e-05,5.547035246755772,10.53361567087179,20164.6270791385,0.3940333210611429
4.058000000000104e-08,2.0,9.428374117120441e-05,0.7049850762471316,0.5650606850143001,0.5058479323387237,0.170852875861079,0.0005226454502582216,4.962112144399483e-05,5.543325311420801,10.53272145104799,20152.70858254697,0.39420780915322107
4.060000000000104e-08,2.0,9.440283332227609e-05,0.7051931388607006,0.5652919987657646,0.5058452033937483,0.1709498869989912,0.0005229226668530978,4.965676553466444e-05,5.539268760106909,10.53074362018314,20138.24277986691,0.3943421117667735
4.062000000000104e-08,2.0,9.453002404887569e-05,0.7054197500008017,0.5654912136927526,0.5058429128575944,0.1710552854690197,0.0005232118774915043,4.969865384688944e-05,5.534875098065535,10.52768711006548,20121.26934223971,0.39443592822373286
4.064000000000104e-08,2.0,9.466505605530387e-05,0.705664432391516,0.5656578914908464,0.505841065774281,0.1711688499155126,0.0005235123953808078,4.974670496866158e-05,5.530154587467755,10.52355921282826,20101.83389291733,0.3944890415753338
4.066000000000105e-08,2.0,9.480765496368255e-05,0.7059266706962501,0.5657916610289456,0.5058396662862666,0.1712903418058962,0.0005238235029335999,4.9800827021654e-05,5.525118217187527,10.51836955851828,20079.98781958356,0.39450131922304943
4.068000000000105e-08,2.0,9.49575298035847e-05,0.7062059126031104,0.5658922192980503,0.5058387176070898,0.1714195059274367,0.000524144454014318,4.986091778213439e-05,5.519777670405814,10.51213008762794,20055.78806971557,0.3944727133706136
4.070000000000105e-08,2.0,9.511437353136683e-05,0.7065015699881516,0.5659593322279279,0.5058382220288687,0.1715560709139687,0.0005244744762702751,4.992686480643352e-05,5.514145290833859,10.50485501750737,20029.29693015975,0.3944032613139592
4.072000000000106e-08,2.0,9.527786359970853e-05,0.7068130201540515,0.5659928353695062,0.5058381808984822,0.1716997498119106,0.0005248127735886387,4.999854556071626e-05,5.508234047064512,10.49656080398032,20000.58179263713,0.39429308555759557
4.074000000000106e-08,2.0,9.54476625563868e-05,0.707139607141601,0.5659926344388643,0.5058385946286053,0.1718502406742061,0.0005251585286142865,5.007582755607806e-05,5.502057495855617,10.48726609712403,19969.71490646135,0.3941423937646582
4.076000000000106e-08,2.0,9.562341869246894e-05,0.70748064311125,0.5659587057210103,0.5058394626775673,0.1720072271913147,0.0005255109053687221,5.015856848887864e-05,5.495629743865831,10.47699169256077,19936.77312026407,0.3939514785296956
4.078000000000106e-08,2.0,9.58047667187001e-05,0.7078354097917972,0.5658910963296968,0.5058407835640633,0.1721703793477746,0.0005258690519044329,5.024661638749415e-05,5.488965408648673,10.46576047726303,19901.8376140625,0.39372071698192224
4.080000000000107e-08,2.0,9.599132848992093e-05,0.708203159993173,0.5657899243218937,0.505842554850825,0.1723393541132778,0.0005262321030338882,5.033980976554987e-05,5.482079578432044,10.45359737124029,19864.99362348309,0.39345057020861585
4.082000000000107e-08,2.0,9.618271375601598e-05,0.7085831191801303,0.5656553786636678,0.5058447731631179,0.1725137961566613,0.0005265991830674088,5.043797778295758e-05,5.474987771485616,10.44052926414787,19826.33015746894,0.3931415825070065
4.084000000000107e-08,2.0,9.637852095883541e-05,0.7089744871035285,0.565487719046583,0.505847434176341,0.1726933385915806,0.0005269694085984504,5.054094041494686e-05,5.467705894606527,10.42658494820183,19785.93971124966,0.3927943804550024
4.086000000000108e-08,2.0,9.657833805330281e-05,0.7093764394857734,0.565287275551962,0.505850532638401,0.1728776037421718,0.000527341891270799,5.064850863054344e-05,5.460250201517397,10.41179504647422,19743.91797583854,0.39240967180979025
4.088000000000108e-08,2.0,9.67817433717364e-05,0.709788129756866,0.5650544481627549,0.5058540623613209,0.1730662039372685,0.0005277157405659285,5.076048458078345e-05,5.45263725070641,10.39619193796482,19700.36354575254,0.3919882442254864
4.090000000000108e-08,2.0,9.698830650929799e-05,0.7102086908374012,0.5647897061210063,0.5058580162475593,0.1732587423214304,0.0005280900665456612,5.087666179822728e-05,5.444883863490795,10.37980967855209,19655.37762610918,0.3915309637995759
4.092000000000108e-08,2.0,9.719758924917192e-05,0.7106372369647633,0.5644935871313963,0.5058623862856745,0.1734548136911395,0.0005284639825884547,5.09968254081343e-05,5.437007081829244,10.36268391922611,19609.06374067147,0.39103877344025684
4.094000000000109e-08,2.0,9.740914650509294e-05,0.7110728655586698,0.5641666964096136,0.505867163580622,0.1736540053443832,0.0005288366080554737,5.11207523529474e-05,5.429024126648168,10.34485182072997,19561.52744184612,0.3905126910652304
4.096000000000109e-08,2.0,9.762252729941521e-05,0.7115146591221366,0.5638097055768302,0.5058723383534822,0.1738558979518136,0.0005292070709251859,5.124821163049416e-05,5.420952356199628,10.32635196601266,19512.87602404786,0.3899538076250166
4.098000000000109e-08,2.0,9.783727575404433e-05,0.7119616871738607,0.563423351399894,0.5058778999757316,0.1740600664376399,0.0005295745103339757,5.137896454760523e-05,5.41280922519695,10.30722426963856,19463.21824125998,0.38936328496225403
4.10000000000011e-08,2.0,9.805293211205366e-05,0.712413008207947,0.5630084343793854,0.505883836972999,0.174266080878323,0.0005299380790622759,5.151276498957342e-05,5.404612244234995,10.28750988555049,19412.66403002067,0.38874235350106245
4.10200000000011e-08,2.0,9.82690337670291e-05,0.7128676716768569,0.5625658171860662,0.5058901370632569,0.1744735074071879,0.0005302969459053076,5.164935970716898e-05,5.396378940219972,10.26725111234442,19361.32423847259,0.3880923097788783
4.10400000000011e-08,2.0,9.848511631762487e-05,0.7133247199934002,0.5620964229488195,0.5058967871645373,0.1746819091328997,0.0005306502979689731,5.178848862161219e-05,5.388126817303291,10.24649129744103,19309.31036250947,0.38741451381591974
4.10600000000011e-08,2.0,9.870071462415624e-05,0.7137831905475513,0.5616012333955651,0.5059037734369337,0.1748908470599261,0.0005309973428318572,5.192988514919947e-05,5.379873319020898,10.22527473931921,19256.73428945405,0.38671038633563903
4.108000000000111e-08,2.0,9.89153638844031e-05,0.7142421177338462,0.5610812868512335,0.5059110812941475,0.1750998810188139,0.0005313373106150987,5.207327654591308e-05,5.371635791119382,10.20364658917934,19203.70805010318,0.3859814058324196
4.110000000000111e-08,2.0,9.912860070528783e-05,0.714700534985087,0.5605376760952787,0.5059186954491636,0.1753085705944346,0.0005316694559031645,5.221838427364663e-05,5.363431445746062,10.18165275120328,19150.34357937184,0.3852291055008441
4.112000000000111e-08,2.0,9.933996418737693e-05,0.7151574768080734,0.5599715460838119,0.505926599929436,0.1755164760599424,0.000531993059558705,5.236492438826483e-05,5.355277326469715,10.15933978275593,19096.75248617572,0.3844550700238696
4.114000000000111e-08,2.0,9.954899699874279e-05,0.7156119808170709,0.5593840915398283,0.5059347781260326,0.1757231593046453,0.0005323074303766666,5.251260795100603e-05,5.347190274785699,10.13675479369271,19043.04583259308,0.38366093223518294
4.116000000000112e-08,2.0,9.975524645498734e-05,0.7160630897607343,0.5587765544175958,0.5059432128122427,0.1759281847634687,0.0005326119066223836,5.26611414632843e-05,5.339186897557309,10.11394534609023,18989.33392275985,0.38284836965412705
4.118000000000112e-08,2.0,9.995826558193273e-05,0.7165098535382189,0.5581502212456568,0.5059518861959199,0.1761311203362968,0.0005329058574010845,5.281022732622713e-05,5.331283536023541,10.0909593535574,18935.72610136011,0.38201910090936003
4.120000000000112e-08,2.0,0.0001001576141776757,0.7169513312002296,0.5575064203554653,0.505960779941235,0.176331538304821,0.0005331886839050567,5.295956432477465e-05,5.32349623581206,10.06784498141404,18882.33056200194,0.38117488205064426
4.122000000000113e-08,2.0,0.0001003528598505708,0.7173865929307968,0.5568465190010173,0.5059698752239188,0.1765290162352719,0.0005334598204881934,5.310884813745155e-05,5.31584071856454,10.04465054688327,18829.25416517959,0.38031750276574544
4.124000000000113e-08,2.0,0.000100543579049834,0.7178147220056041,0.556171920377392,0.5059791527558146,0.1767231378746799,0.0005337187356157295,5.325777187135327e-05,5.308332354600839,10.02142442055129,18776.6022659669,0.3794487825027122
4.126000000000113e-08,2.0,0.0001007293580654374,0.7182348167227429,0.555484060544414,0.5059885928426697,0.1769134940291115,0.0005339649326410637,5.340602662315649e-05,5.300986137208956,9.99821492822947,18724.4785510107,0.3785705665153025
4.128000000000113e-08,2.0,0.0001009097940140753,0.7186459923018256,0.5547844052641273,0.5059981754111132,0.1770996834315683,0.0005341979504589996,5.355330206535867e-05,5.293816657976133,9.975070254436266,18672.98488484535,0.377684721832559
4.130000000000114e-08,2.0,0.0001010844957880697,0.7190473827474633,0.5540744467590513,0.5060078800685909,0.1772813135881177,0.000534417363989403,5.369928705819714e-05,5.286838083729497,9.952038346621302,18622.2211649894,0.37679313317093355
4.132000000000114e-08,2.0,0.0001012530849841346,0.7194381426731771,0.5533557004005788,0.5060176861323599,0.1774580016099692,0.0005346227845419875,5.384367028604854e-05,5.280064134493402,9.9291668213137,18572.28518575025,0.37589769879060964
4.134000000000114e-08,2.0,0.0001014151967891673,0.7198174490819043,0.5526297013351079,0.5060275726911144,0.1776293750202193,0.0005348138600182251,5.398614091834901e-05,5.273508063014994,9.906502871303598,18523.2725101141,0.3750003263148886
4.136000000000115e-08,2.0,0.0001015704808401697,0.7201845030993491,0.5518980010578048,0.5060375186355418,0.1777950725430187,0.0005349902750022864,5.412638929337297e-05,5.267182635259915,9.884093175004907,18475.27634957974,0.3741029285147861
4.138000000000115e-08,2.0,0.0001017186020358403,0.7205385316565294,0.55116216394207,0.5060475027211883,0.177954744864053,0.0005351517506988402,5.426410762445012e-05,5.261100112415586,9.861983807095973,18428.3874512556,0.37320741907801697
4.140000000000115e-08,2.0,0.0001018592413172065,0.7208787891179703,0.5504237637349928,0.5060575036000746,0.1781080553701577,0.0005352980447706543,5.439899072645807e-05,5.255272233800215,9.84022015155331,18382.69399203448,0.3723157083648351
4.142000000000115e-08,2.0,0.0001019920963952355,0.7212045588521216,0.5496843800271817,0.50606749988431,0.178254680857123,0.0005354289510354046,5.453073676166151e-05,5.249710201204858,9.818846816165602,18338.28147913567,0.37142969917005864
4.144000000000116e-08,2.0,0.0001021168824431256,0.7215151547406875,0.5489455947074913,0.5060774701782705,0.1783943122135853,0.0005355442990754949,5.465904800220894e-05,5.244424664065167,9.797907549612866,18295.2326568071,0.370551282493906
4.146000000000116e-08,2.0,0.0001022333327316607,0.7218099226236907,0.5482089884111755,0.5060873931424457,0.1785266550702586,0.0005356439537216225,5.478363160782697e-05,5.239425705982451,9.777445160190782,18253.62741847018,0.3696823333409169
4.148000000000116e-08,2.0,0.0001023411992256915,0.7220882416772293,0.5474761369720629,0.5060972475256656,0.1786514304224732,0.0005357278144645292,5.49042004154841e-05,5.234722831992059,9.757501437238727,18213.54272410057,0.36882470654958965
4.150000000000117e-08,2.0,0.0001024402531206007,0.7223495257210208,0.5467486078872449,0.5061070122286666,0.1787683752154678,0.0005357958147567253,5.502047373903018e-05,5.23032495709391,9.738117074347269,18175.05252214185,0.3679802326717771
4.152000000000117e-08,2.0,0.0001025302853372067,0.7225932244529836,0.5460279568047892,0.5061166663358463,0.1788772429005137,0.0005358479212590504,5.513217817506023e-05,5.226240395446483,9.719331595381231,18138.22767576346,0.3671507139042755
4.154000000000117e-08,2.0,0.0001026111069544526,0.7228188246082523,0.5453157240427767,0.5061261891780285,0.1789778039514883,0.0005358841329946227,5.523904841249477e-05,5.222476850737168,9.701183282393558,18103.13589279365,0.3663379200912884
4.156000000000117e-08,2.0,0.0001026825495987207,0.7230258510401887,0.5446134311499045,0.5061355603632435,0.1790698463500971,0.0005359044804651816,5.53408280416404e-05,5.219041407135971,9.683709106447559,18069.84165917367,0.36554358479980736
4.158000000000118e-08,2.0,0.0001027444657696288,0.7232138677211086,0.5439225775156129,0.5061447598381863,0.1791531760295557,0.0005359090246929078,5.543727035976519e-05,5.2159405213455,9.666944660425695,18038.40617531147,0.3647694014860572
4.160000000000118e-08,2.0,0.0001027967291215148,0.7233824786606201,0.5432446370395663,0.5061537679175236,0.1792276172850362,0.0005358978562425732,5.552813916853278e-05,5.213180015162081,9.65092409482832,18008.88729523084,0.36401701975453005
4.162000000000118e-08,2.0,0.0001028392346809703,0.7235313287396365,0.5425810548679588,0.5061625653435589,0.1792930131408901,0.0005358710941873551,5.561320955995574e-05,5.210765069062831,9.635680055646505,17981.33946795348,0.36328804172706874
4.164000000000119e-08,2.0,0.0001028718990199678,0.7236601044583084,0.5419332442059097,0.506171133313598,0.1793492256830712,0.0005358288850727415,5.569226868589117e-05,5.208700216243229,9.621243625302087,17955.81368107088,0.3625840185228385
4.166000000000119e-08,2.0,0.0001028946603654281,0.7237685345963002,0.5413025832128244,0.5061794535373618,0.1793961363469677,0.0005357714018418504,5.576511650747833e-05,5.20698933762344,9.607644265748128,17932.35740601198,0.3619064468658567
4.168000000000119e-08,2.0,0.0001029074786650765,0.7238563907840191,0.5406904119893089,0.5061875082619689,0.179433646169177,0.0005356988427758808,5.583156651934843e-05,5.205635657258771,9.594909764715887,17911.01454503251,0.3612567658201319
4.170000000000119e-08,2.0,0.0001029103355908814,0.723923487983595,0.5400980296617874,0.5061952803266725,0.1794616759936496,0.0005356114304127169,5.589144644488449e-05,5.204641738677573,9.583066184212866,17891.82537950806,0.36063635366813784
4.17200000000012e-08,2.0,0.0001029032345001926,0.7239696848785964,0.5395266915726563,0.5062027531850508,0.1794801666408399,0.000535509410496475,5.594459889732845e-05,5.204009481593182,9.572137812253533,17874.82651962947,0.36004652493181644
4.17400000000012e-08,2.0,0.0001028862003362681,0.7239948841716642,0.5389776065813262,0.5062099109566921,0.1794890790305015,0.0005353930509204125,5.599088200304691e-05,5.203740119519662,9.562147116940888,17860.0508551657,0.3594885275508247
4.17600000000012e-08,2.0,0.0001028592794885274,0.7239990327894333,0.5384519344831387,0.5062167384462257,0.1794883942668796,0.0005352626407148292,5.603016998189788e-05,5.203834217749313,9.553114703877586,17847.52750746746,0.3589635402162591
4.178000000000121e-08,2.0,0.0001028225395945727,0.7239821219943133,0.5379507835506528,0.5062232211916167,0.1794781136771513,0.0005351184890415371,5.606235368122394e-05,5.204291672228617,9.545059276038847,17837.28178246134,0.35847266987350157
4.180000000000121e-08,2.0,0.0001027760693044745,0.7239441874028905,0.5374752082034191,0.506229345479722,0.1794582588119699,0.000534960924245146,5.608734105873927e-05,5.205111708802171,9.537997597085072,17829.33512488527,0.35801694939144924
4.182000000000121e-08,2.0,0.0001027199779896658,0.723885308910915,0.5370262068098237,0.5062350983909006,0.1794288713991883,0.0005347902929216761,5.610505761123756e-05,5.206292883368151,9.531944457259772,17823.70507359937,0.35759733541063543
4.184000000000121e-08,2.0,0.0001026543954170454,0.723805610525028,0.5366047196262312,0.5062404678108344,0.1793900132597269,0.0005346069590531822,5.611544674489852e-05,5.207833082426132,9.526912642850581,17820.40521829955,0.3572147063665043
4.186000000000122e-08,2.0,0.0001025794713708862,0.7237052601015864,0.5362116268760938,0.5062454424712066,0.1793417661768669,0.0005344113031676458,5.611847008469936e-05,5.20972952456733,9.522912908371543,17819.4451575516,0.3568698606992269
4.188000000000122e-08,2.0,0.0001024953752431976,0.7235844689931324,0.5358477469733547,0.5062500119575672,0.1792842317280665,0.0005342037215711174,5.611410771939697e-05,5.211978762398496,9.51995395244357,17820.8304585467,0.3565635152452882
4.190000000000122e-08,2.0,0.000102402295575337,0.7234434916032549,0.5355138348919232,0.5062541667458962,0.1792175310707708,0.0005339846256099667,5.61023583803234e-05,5.214576685455816,9.518042396542983,17824.56261857838,0.3562963038211524
4.192000000000123e-08,2.0,0.0001023004395715232,0.7232826248507784,0.5352105806846507,0.5062578982063486,0.1791418046914521,0.0005337544410084263,5.608323955130585e-05,5.217518523608826,9.517182767592073,17830.63902870988,0.3560687759931985
4.194000000000123e-08,2.0,0.0001021900325672052,0.7231022075444088,0.5349386081527285,0.5062611986355535,0.1790572121095443,0.0005335136072378183,5.605678750882235e-05,5.22079885151612,9.517377483571506,17839.05293971078,0.35588139604318425
4.196000000000123e-08,2.0,0.0001020713174728814,0.7229026196691534,0.5346984736680808,0.5062640612561311,0.1789639315456399,0.0005332625769607858,5.602305729066317e-05,5.224411593640591,9.518626843124101,17849.79343079622,0.3557345421224409
4.198000000000123e-08,2.0,0.0001019445541764675,0.7226842815860172,0.5344906651488485,0.5062664802446322,0.1788621595458109,0.0005330018155054588,5.598212259318157e-05,5.228350030389468,9.520929018335874,17862.84538131815,0.3556285056030376
4.200000000000124e-08,2.0,0.000101810018924698,0.7224476531466617,0.5343156011897308,0.5062684507267591,0.1787521105715517,0.0005327318004110203,5.593407559643204e-05,5.232606804893346,9.524280051657858,17878.18944600183,0.35556349061817905
4.202000000000124e-08,2.0,0.0001016680036667734,0.7221932327248909,0.5341736303465137,0.5062699688009112,0.178634016547407,0.0005324530209981875,5.587902671830053e-05,5.237173930991459,9.528673856157335,17895.80203394089,0.3555396137991067
4.204000000000124e-08,2.0,0.000101518815380618,0.7219215561670033,0.5340650305757986,0.5062710315290777,0.1785081263759004,0.0005321659780043403,5.581710429798695e-05,5.242042801941301,9.534102220052517,17915.6552919938,0.35555690419989816
4.206000000000124e-08,2.0,0.0001013627753650326,0.7216331956632221,0.5339900088285424,0.5062716369559911,0.1783747054120365,0.0005318711832354666,5.574845421095507e-05,5.247204200420708,9.540554814718954,17937.71709285333,0.35561530341650593
4.208000000000125e-08,2.0,0.0001012002185179723,0.7213287585425799,0.5339487007977468,0.5062717840957237,0.1782340349071,0.0005315691592731114,5.567323941674933e-05,5.252648309342112,9.548019207109196,17961.95102847113,0.3557146658906468
4.210000000000125e-08,2.0,0.0001010314925843009,0.7210088859937954,0.533941170818244,0.5062714729464913,0.1780864114142314,0.000531260439187339,5.559163944275334e-05,5.25836472404571,9.556480875769381,17988.31640915665,0.35585475940401257
4.212000000000125e-08,2.0,0.0001008569573931068,0.7206742517148371,0.5339674119182944,0.5062707044730056,0.1779321461656244,0.0005309455662925873,5.550384980625431e-05,5.264342465390486,9.565923231378429,18016.7682690601,0.3560352657526701
4.214000000000126e-08,2.0,0.0001006769840679759,0.7203255604940176,0.5340273460203574,0.5062694806170193,0.1777715644139936,0.0005306250938964794,5.54100813787377e-05,5.270569994307084,9.576327640985818,18047.25737839696,0.3562557816063638
4.216000000000126e-08,2.0,0.0001004919542301674,0.7199635467256073,0.5341208242901784,0.5062678042755386,0.1776050047482948,0.000530299585077469,5.531055969562396e-05,5.277035227327733,9.587673456853938,18079.73026313667,0.3565158195418836
4.218000000000126e-08,2.0,0.0001003022591781436,0.7195889728630935,0.5342476276310268,0.506265679307219,0.1774328183765151,0.0005299696124407661,5.520552421608116e-05,5.283725553652062,9.599938049069154,18114.12923253619,0.35681480925451176
4.220000000000126e-08,2.0,0.000100108299063235,0.719202627813343,0.5344074673217208,0.5062631105065799,0.1772553683856191,0.0005296357578877111,5.50952275368035e-05,5.290627853258673,9.613096842805767,18150.39241524145,0.3571520989361018
4.222000000000127e-08,2.0,9.991048204497009e-05,0.7188053252750496,0.5345999857947876,0.5062601036063977,0.1770730289716555,0.0005292986123478062,5.497993456492862e-05,5.297728516613291,9.627123359390879,18188.45380434291,0.3575269568231321
4.224000000000127e-08,2.0,9.97092234456849e-05,0.7183979020249668,0.5348247575529453,0.5062566652480903,0.1768861846501839,0.0005289587755082217,5.485992165447316e-05,5.305013465475816,9.641989262029718,18228.24331209125,0.35793857290276143
4.226000000000127e-08,2.0,9.95049448880194e-05,0.7179812161555345,0.535081290219831,0.5062528029802899,0.1766952294402065,0.000528616855490123,5.473547571179756e-05,5.312468175347171,9.657664405320698,18269.68683464757,0.3583860607796245
4.228000000000128e-08,2.0,9.929807343476577e-05,0.7175561452676124,0.5353690257227415,0.5062485252255856,0.1765005660318372,0.000528273468506688,5.46068932747714e-05,5.320077699047922,9.67411688939192,18312.7063275362,0.3588684596909043
4.230000000000128e-08,2.0,9.908904071474775e-05,0.7171235846221246,0.5356873416029355,0.506243841275487,0.1763026049310392,0.0005279292384526763,5.447447957127727e-05,5.327826691958149,9.691313117767486,18357.21989214321,0.3593847366718963
4.232000000000128e-08,2.0,9.887828205405319e-05,0.7166844452545108,0.53603555245089,0.5062387612537461,0.1761017635917376,0.0005275847964608693,5.433854756181271e-05,5.335699438397842,9.709217859765506,18403.14187386867,0.3599337888591524
4.234000000000128e-08,2.0,9.866623559638285e-05,0.7162396520559529,0.5364129114617141,0.5062332961079348,0.1758984655287585,0.0005272407803761366,5.419941697175644e-05,5.343679879663666,9.727794316512375,18450.38297222098,0.36051444593295556
4.236000000000129e-08,2.0,9.845334143168546e-05,0.7157901418254213,0.5368186121077888,0.5062274575695926,0.1756931394219583,0.0005268978341832846,5.405741331794583e-05,5.35175164318739,9.747004191344956,18498.8503633788,0.3611254726858305
4.238000000000129e-08,2.0,9.824004071693604e-05,0.7153368612966393,0.5372517899235162,0.5062212581426677,0.1754862182051048,0.0005265566073406881,5.391286693487725e-05,5.35989807331606,9.766807763659266,18548.44783542908,0.3617655717184114
4.240000000000129e-08,2.0,9.802677480807058e-05,0.7148807651441251,0.5377115243989614,0.506214711060746,0.175278138149901,0.0005262177540570322,5.376611200488617e-05,5.368102263163823,9.787163966946512,18599.07593670009,0.3624333862490604
4.24200000000013e-08,2.0,9.781398438702042e-05,0.7144228139725084,0.5381968409769783,0.506207830272636,0.1750693379387941,0.0005258819324647358,5.361748559720257e-05,5.376347088018751,9.808030470048246,18650.63213729242,0.3631275030381842
4.24400000000013e-08,2.0,9.760210860271821e-05,0.7139639722933591,0.5387067131503552,0.5062006303969449,0.1748602577369925,0.00052554980372886,5.346732671980553e-05,5.384615239737045,9.829363762340193,18703.01100409378,0.3638464554133627
4.24600000000013e-08,2.0,9.739158421008079e-05,0.7135052064937836,0.5392400646533189,0.5061931267050918,0.1746513382573804,0.0005252220310468795,5.331597538842091e-05,5.392889262591136,9.851119241850098,18756.10438925176,0.3645887263959384
4.24800000000013e-08,2.0,9.718284472569215e-05,0.713047482801076,0.5397957717436936,0.506185335073528,0.1744430198287331,0.0005248992785798314,5.316377171604233e-05,5.401151589985868,9.873251306988092,18809.80163223158,0.3653527519149605
4.250000000000131e-08,2.0,9.697631958426111e-05,0.712591765247702,0.5403726655698605,0.5061772719644692,0.1742357414609837,0.0005245822102722278,5.301105502667476e-05,5.409384582491273,9.895713450869108,18863.98977528004,0.3661369241088768
4.252000000000131e-08,2.0,9.677243331440747e-05,0.7121390136409067,0.5409695346185992,0.5061689543760608,0.1740299399178972,0.000524271488603101,5.285816299605962e-05,5.417570566588216,9.918458358876064,18918.55379224107,0.36693959470070203
4.254000000000131e-08,2.0,9.657160471790864e-05,0.7116901815412222,0.541585127237785,0.5061603998211347,0.1738260487909148,0.0005239677732276871,5.270543082237965e-05,5.425691874557467,9.941438008418691,18973.37683036987,0.36775907844687017
4.256000000000132e-08,2.0,9.637424607078427e-05,0.7112462142541297,0.5422181542298666,0.506151626275632,0.1736244975844612,0.0005236717195540387,5.255319042903909e-05,5.433730884890818,9.964603771509097,19028.34046489087,0.36859365664540544
4.258000000000132e-08,2.0,9.61807623304007e-05,0.71080804683911,0.5428672915099472,0.5061426521556882,0.1734257108064862,0.0005233839772162456,5.240176970180005e-05,5.441670063637384,9.98790651908588,19083.324965753,0.369441580703461
4.260000000000132e-08,2.0,9.599155036677387e-05,0.7103766021402724,0.5435311828242693,0.5061334962646298,0.173230107074431,0.0005231051884904229,5.225149176169596e-05,5.449492006047349,10.01129672768302,19138.20957611531,0.3703010757498383
4.262000000000132e-08,2.0,9.580699820229825e-05,0.7099527888427111,0.5442084425228335,0.506124177768706,0.1730380982303653,0.0005228359866172899,5.210267427529895e-05,5.457179478909926,10.03472458735497,19192.87280181095,0.3711703442924682
4.264000000000133e-08,2.0,9.562748427787695e-05,0.7095374995586824,0.5448976583818541,0.5061147161429685,0.1728500884753743,0.0005225769940792798,5.195562880311408e-05,5.464715462932978,10.05814011143212,19247.19271110164,0.3720475699064798
4.266000000000133e-08,2.0,9.545337672970358e-05,0.7091316089476345,0.545597394469714,0.5061051311459657,0.1726664735169042,0.0005223288207979728,5.181066018700808e-05,5.472083195546798,10.08149324700076,19301.04724376312,0.3729309209528098
4.268000000000133e-08,2.0,9.528503269447333e-05,0.7087359718740472,0.5463061940520909,0.5060954427648161,0.1724876397389946,0.0005220920623014391,5.166806597684917e-05,5.479266213466728,10.10473398666349,19354.31452859235,0.3738185543130963
4.270000000000134e-08,2.0,9.512279762728112e-05,0.7083514216069643,0.5470225825298773,0.5060856711891802,0.1723139633890503,0.00052186729782902,5.152813589665605e-05,5.486248395385535,10.12781248046054,19406.87320817471,0.37470861914082704
4.272000000000134e-08,2.0,9.496700464978553e-05,0.7079787680650069,0.5477450704055663,0.506075836755838,0.1721458097909332,0.0005216550884245314,5.13911513499024e-05,5.49301400412029,10.15067914849357,19458.60276979179,0.3755992606146331
4.274000000000134e-08,2.0,9.481797391290877e-05,0.7076187961105681,0.5484721562717437,0.5060659599222372,0.1719835325779324,0.000521455974986906,5.125738496374543e-05,5.499547728575814,10.17328479312267,19509.38388111887,0.3764886236938113
4.276000000000134e-08,2.0,9.467601199144447e-05,0.7072722638967788,0.54920232981737,0.5060560612108795,0.1718274729552422,0.0005212704763303179,5.112710017137366e-05,5.505834724843319,10.19558071126788,19559.0987294035,0.37737485686212785
4.278000000000135e-08,2.0,9.454141129485519e-05,0.7069399012707279,0.5499340748455611,0.5060461611827496,0.171677958985391,0.0005210990872239708,5.100055083179482e-05,5.511860656791011,10.21751880568134,19607.63136261224,0.3782561158601701
4.280000000000135e-08,2.0,9.441444951145029e-05,0.7066224082362975,0.5506658722986123,0.5060362803817939,0.1715353049060993,0.0005209422764643386,5.087798088590143e-05,5.517611735462479,10.23905169571488,19654.868031076,0.379130567392513
4.282000000000135e-08,2.0,9.429538907022327e-05,0.7063204534798537,0.5513962032840395,0.5060264393085175,0.1713998104738805,0.0005208004849507951,5.075962404777533e-05,5.523074757638851,10.26013282644911,19700.69752799573,0.37999639281015896
4.284000000000136e-08,2.0,9.418447663737137e-05,0.7060346729618965,0.5521235520974916,0.5060166583648473,0.1712717603426858,0.0005206741238177851,5.064570352979577e-05,5.528237142882041,10.2807165767075,19745.01152722031,0.3808517917548059
4.286000000000136e-08,2.0,9.40819426318067e-05,0.7057656685776338,0.5528464092364032,0.5060069578281621,0.1711514234708057,0.000520563572594893,5.053643180025314e-05,5.533086969417599,10.30075836482554,19787.70491657448,0.38169498576559746
4.288000000000136e-08,2.0,9.398800077650077e-05,0.7055140068893041,0.5535632744003544,0.5059973577968158,0.1710390525651197,0.0005204691774478459,5.043201037183652e-05,5.537613008181395,10.32021475270197,19828.67612508353,0.38252422183523466
4.290000000000136e-08,2.0,9.390284767002798e-05,0.7052802179329133,0.5542726594721372,0.5059878781648678,0.170934883555803,0.0005203912494718849,5.033262961952765e-05,5.541804755395192,10.33904354701126,19867.82744234027,0.3833377759163342
4.292000000000137e-08,2.0,9.382666239500123e-05,0.7050647941019023,0.5549730914756181,0.505978538568511,0.1708391351103981,0.0005203300630900266,5.023846862615911e-05,5.54565246300622,10.35720389811188,19905.06532835082,0.38413395636522
4.294000000000137e-08,2.0,9.37596061478116e-05,0.7048681891100951,0.5556631155045244,0.505969358361762,0.1707520081802198,0.0005202858545272765,5.014969505407199e-05,5.549147167367257,10.37465639554335,19940.30071213371,0.3849111073243046
4.296000000000137e-08,2.0,9.370182190625028e-05,0.7046908170361118,0.5563412976183878,0.5059603565640426,0.1706736855878288,0.0005202588204124643,5.006646504109593e-05,5.552280715507603,10.39136316065897,19973.44927745892,0.385667612030559
4.298000000000137e-08,2.0,9.365343411949424e-05,0.7045330514512587,0.5570062276999045,0.5059515518370596,0.1706043316484293,0.0005202491164780138,4.998892311926339e-05,5.555045789386308,10.40728793530529,20004.43173409044,0.3864018960514752
4.300000000000138e-08,2.0,9.361454843692672e-05,0.704395224632733,0.557656522270075,0.505942962433772,0.1705440918337189,0.0005202568564080644,4.991720215450694e-05,5.557435927497894,10.42239616711153,20033.17407303269,0.3871124304363561
4.302000000000138e-08,2.0,9.35852514603592e-05,0.7042776268637991,0.5582908272555216,0.5059346061766928,0.1704930924709483,0.0005202821108041902,4.98514233057883e-05,5.559445544240599,10.43665509032276,20059.60780429491,0.3877977347845733
4.304000000000138e-08,2.0,9.35656105360439e-05,0.7041805058224098,0.5589078207044662,0.5059265004084574,0.1704514404855309,0.0005203249063175455,4.979169600198956e-05,5.561069946440476,10.45003380276009,20083.67017584704,0.3884563802189353
4.306000000000139e-08,2.0,9.355567357113072e-05,0.7041040660595606,0.5595062154458941,0.5059186619717663,0.1704192231798419,0.0005203852249153094,4.973811793510219e-05,5.562305347463469,10.46250333786861,20105.30437248933,0.38908699226605215
4.308000000000139e-08,2.0,9.355546889089603e-05,0.7040484685684756,0.5600847616884961,0.5059111071617644,0.1703965080563736,0.000520463003328384,4.969077506816914e-05,5.563148878334832,10.47403673245945,20124.45969353734,0.38968825363212245
4.310000000000139e-08,2.0,9.356500512148508e-05,0.7040138304455323,0.5606422495540255,0.5059038517078287,0.170383342677774,0.0005205581326465928,4.96497416566431e-05,5.563598596322608,10.48460908913798,20141.09170830299,0.39025890687625153
4.312000000000139e-08,2.0,9.358427111444341e-05,0.7040002246436405,0.5611775115417672,0.5058969107279669,0.1703797545717572,0.0005206704581062249,4.961508028177573e-05,5.563653490432907,10.49419763405027,20155.16238854728,0.39079775697001
4.31400000000014e-08,2.0,9.361323589786756e-05,0.7040076798185915,0.5616894249188428,0.5058902987126402,0.1703857511733117,0.000520799779034355,4.958684189485947e-05,5.563313484299834,10.50278176897458,20166.64021718365,0.3913036737455311
4.31600000000014e-08,2.0,9.365184867038917e-05,0.704036180268706,0.5621769140331396,0.5058840294813853,0.1704013198120108,0.0005209458489924826,4.956506587111824e-05,5.56257943594815,10.51034311841881,20175.50027271736,0.39177559422112884
4.31800000000014e-08,2.0,9.370003882291461e-05,0.7040856659679033,0.5626389525436734,0.5058781161688644,0.1704264277367518,0.0005211083760819855,4.954978007225462e-05,5.561453134937796,10.51686557078747,20181.72428902363,0.3922125248069216
4.320000000000141e-08,2.0,9.37577160042587e-05,0.704156032692126,0.5630745655652479,0.5058725711838933,0.1704610221855548,0.0005212870234515112,4.95410009166439e-05,5.559937296399696,10.52233531431091,20185.30069028214,0.3926135433796931
4.322000000000141e-08,2.0,9.38247702156668e-05,0.7042471322388496,0.5634828317222991,0.5058674061979156,0.1705050304926403,0.0005214814099667985,4.953873345638525e-05,5.558035552498205,10.52674086683947,20186.22460100675,0.39297780122965875
4.324000000000141e-08,2.0,9.390107195027448e-05,0.7043587727392195,0.5638628851088533,0.5058626321066185,0.1705583602402393,0.0005216911110805714,4.954297146040401e-05,5.555752440860463,10.53007310022815,20184.49783132659,0.393304524868614
4.326000000000141e-08,2.0,9.398647236254175e-05,0.7044907190621544,0.5642139171495777,0.5058582590210198,0.1706208994472563,0.000521915659861,4.955369750302457e-05,5.553093390533328,10.53232525845613,20180.12883779185,0.39359301770232136
4.328000000000142e-08,2.0,9.408080348360175e-05,0.7046426933095664,0.564535178358921,0.5058542962318553,0.1706925168020525,0.0005221545482139202,4.957088305741796e-05,5.550064705037745,10.53349297024038,20173.13266018884,0.3938426615568685
4.330000000000142e-08,2.0,9.418387846756954e-05,0.7048143754016545,0.5648259799934189,0.5058507522034531,0.1707730619313725,0.0005224072282553624,4.959448859355501e-05,5.546673543104431,10.53357425533069,20163.5308349556,0.39405291806204634
4.332000000000142e-08,2.0,9.429549188460327e-05,0.7050054037510392,0.5650856955942578,0.5058476345410752,0.1708623657124912,0.0005226731138672081,4.962446368027528e-05,5.542927896688607,10.53256952527953,20151.3512859884,0.3942233298817666
4.334000000000143e-08,2.0,9.44154200457277e-05,0.705215376024318,0.5653137624152793,0.505844949987768,0.1709602406205037,0.0005229515823907046,4.966074709131268e-05,5.538836566868193,10.53048157791783,20136.62819371748,0.3943535217947756
4.336000000000143e-08,2.0,9.454342137504508e-05,0.7054438499894383,0.5655096827336578,0.5058427043948257,0.1710664811176394,0.0005232419764884638,4.970326691509385e-05,5.534409137247604,10.52731558636372,20119.40184350982,0.39444320161601837
4.338000000000143e-08,2.0,9.467923681425125e-05,0.705690344447101,0.565673025038576,0.5058409027217831,0.1711808640764295,0.0005235436061280281,4.975194066835035e-05,5.529655945489035,10.52307908183931,20099.71845452351,0.39449216096214645
4.340000000000143e-08,2.0,9.48225902748602e-05,0.7059543402442373,0.5658034250953085,0.5058395490101852,0.1713031492433968,0.0005238557507156155,4.980667541355481e-05,5.524588052614795,10.51778193115554,20077.62999029346,0.39450027585191166
4.342000000000144e-08,2.0,9.497318912293429e-05,0.7062352813674198,0.5659005868802426,0.505838646386887,0.1714330797350018,0.0005241776613317699,4.986736788041987e-05,5.519217210715343,10.51143630818311,20053.19395236507,0.3944675071452408
4.344000000000144e-08,2.0,9.513072471145574e-05,0.7065325761139073,0.5659642833844734,0.5058381970412886,0.1715703825723198,0.0005245085630957644,4.993390459165196e-05,5.513555828724095,10.50405666020063,20026.47315842354,0.39439390081215353
4.346000000000144e-08,2.0,9.529487294495463e-05,0.7068455983378567,0.565994357281781,0.5058382022321046,0.1717147692460574,0.0005248476576093992,5.000616199337962e-05,5.507616936902537,10.49565966848015,19997.53550637202,0.3942795880357236
4.348000000000145e-08,2.0,9.54652948912376e-05,0.7071736887690767,0.5659907214589319,0.5058386622682096,0.1718659363182077,0.0005251941255056196,5.008400659062342e-05,5.501414149709266,10.48626420402925,19966.45372591292,0.39412478514072424
4.350000000000145e-08,2.0,9.564163742459276e-05,0.7075161564015472,0.5659533594044518,0.5058395765190286,0.1720235660518235,0.000525547129051815,5.016729508839089e-05,5.494961627701184,10.47589127789014,19933.30511916334,0.3939297933526283
4.352000000000145e-08,2.0,9.582353391498377e-05,0.707872279948777,0.5658823254542081,0.5058409433991361,0.1721873270750254,0.0005259058148321459,5.025587453892065e-05,5.488274038148666,10.46456398693964,19898.17129190639,0.39369499837918276
4.354000000000145e-08,2.0,9.601060494734844e-05,0.7082413093629388,0.5657777448903912,0.5058427603823865,0.1723568750706114,0.0005262693164583766,5.034958249581309e-05,5.481366515012228,10.45230745462764,19861.13787702523,0.39342086981977986
4.356000000000146e-08,2.0,9.620245908513788e-05,0.7086224674145779,0.5656398138927048,0.5058450239903854,0.1725318534971982,0.0005266367573328123,5.04482471757065e-05,5.474254617966818,10.43914876761894,19822.29425171293,0.39310796039550655
4.358000000000146e-08,2.0,9.639869366191809e-05,0.7090149513295707,0.5654687993388929,0.5058477298104714,0.1727118943331539,0.0005270072534128162,5.055168762837022e-05,5.466954291116108,10.42511690780929,19781.73324996548,0.392756905005739
4.360000000000146e-08,2.0,9.659889561478115e-05,0.7094179344798831,0.5652650384539858,0.5058508724881516,0.1728966188490749,0.0005273799160001447,5.065971391599144e-05,5.459481821082529,10.41024268069682,19739.55087188789,0.39236841960491087
4.362000000000147e-08,2.0,9.680264234307378e-05,0.7098305681245688,0.5650289383060286,0.5058544457490141,0.1730856383999723,0.0005277538545049558,5.077212730263882e-05,5.451853795106109,10.39455863960868,19695.84599123201,0.39194329990605636
4.364000000000147e-08,2.0,9.700950260578955e-05,0.7102519831973413,0.5647609751483497,0.5058584423951898,0.1732785552427459,0.0005281281792077425,5.088872045477387e-05,5.44408705883361,10.37809900677506,19650.72006258688,0.39148241990560373
4.366000000000147e-08,2.0,9.721903744080917e-05,0.7106812921369533,0.5644616936068456,0.5058628543312451,0.1734749633700358,0.0005285020039697867,5.10092776538803e-05,5.436198674417866,10.36089959077441,19604.27682950985,0.39098673023680985
4.368000000000147e-08,2.0,9.743080111893719e-05,0.7111175907565291,0.5641317057131152,0.5058676725647,0.1736744493658644,0.000528874448915752,5.113357502214906e-05,5.428205878601083,10.34299770134719,19556.62203487315,0.3904572563472508
4.370000000000148e-08,2.0,9.764434211561537e-05,0.7115599601479138,0.5637716897827378,0.5058728872359036,0.1738765932741022,0.0005292446430401396,5.126138076235141e-05,5.420126041385235,10.32443206112075,19507.86313454989,0.38989509650863563
4.372000000000148e-08,2.0,9.785920411286206e-05,0.7120074686170267,0.5633823891403615,0.5058784876226041,0.1740809694850237,0.0005296117267618737,5.139245541286931e-05,5.411976624953149,10.30524271524206,19458.10901554214,0.3893014196553378
4.374000000000148e-08,2.0,9.807492701404183e-05,0.7124591736461442,0.5629646106917904,0.5058844621737741,0.1742871476309412,0.0005299748543801929,5.15265521190472e-05,5.403775143423757,10.28547093847336,19407.46971948744,0.38867746306084916
4.376000000000149e-08,2.0,9.829104798365763e-05,0.7129141238789789,0.5625192233456605,0.5058907985181722,0.1744946934960611,0.0005303331964570914,5.166341692183355e-05,5.395539123092393,10.26515914074136,19356.05617245554,0.38802452984959945
4.378000000000149e-08,2.0,9.850710249450888e-05,0.7133713611243738,0.5620471562858285,0.5058974835020446,0.1747031699315227,0.0005306859420811482,5.180278906486387e-05,5.387286063718514,10.24435077070194,19303.9799217735,0.3873439863543058
4.380000000000149e-08,2.0,9.87226253941124e-05,0.7138299223743916,0.5615493970980365,0.5059045032015679,0.1749121377806728,0.0005310323010392564,5.194440132091929e-05,5.379033400496946,10.2230902182984,19251.35288058995,0.3866372593173637
4.382000000000149e-08,2.0,9.893715197251109e-05,0.7142888418325499,0.5610269897529605,0.505911842964303,0.1751211568055216,0.00053137150585295,5.208798033885421e-05,5.370798467252902,10.20142271587716,19198.28708071573,0.3859058329474389
4.38400000000015e-08,2.0,9.915021904311753e-05,0.7147471529479277,0.5604810324501939,0.5059194874253672,0.1753297866193573,0.0005317028137072719,5.223324701184445e-05,5.362598460481418,10.17939423882078,19144.89443425256,0.3851512458308366
4.38600000000015e-08,2.0,9.936136601857957e-05,0.7152038904508615,0.5599126753262819,0.5059274205524519,0.1755375876164936,0.0005320255082309544,5.237991686794915e-05,5.354450404748383,10.15705140525904,19091.28650434899,0.38437508770978823
4.38800000000015e-08,2.0,9.95701359931221e-05,0.715658092385945,0.5593231180323467,0.5059356256655198,0.1757441219040737,0.0005323389011573828,5.252770048370255e-05,5.346371119058275,10.13444137579463,19037.57428540516,0.38357899612827295
4.39000000000015e-08,2.0,9.977607681327039e-05,0.7161088021380444,0.5587136071854043,0.5059440854851596,0.1759489542269276,0.0005326423338272539,5.267630392156975e-05,5.338377184683281,10.11161175279705,18983.86799288176,0.3827646529584767
4.392000000000151e-08,2.0,9.997874214830735e-05,0.71655507044707,0.5580854336998896,0.5059527821555452,0.1761516528904052,0.0005329351785640607,5.282542919179861e-05,5.33048491404354,10.08861048017384,18930.27686285707,0.38193378080948437
4.394000000000151e-08,2.0,0.0001001776925423656,0.7169959574072552,0.5574399300044378,0.5059616972958418,0.1763517906722377,0.0005332168398854713,5.297477473928465e-05,5.32271032111127,10.06548574316168,18876.90896132168,0.3810881393322001
4.396000000000151e-08,2.0,0.0001003724964594721,0.7174305344467343,0.5567784671513551,0.5059708120261145,0.1765489457283352,0.0005334867555833888,5.31240359557347e-05,5.315069092914549,10.04228586901631,18823.87100319796,0.3802295214230199
4.398000000000152e-08,2.0,0.0001005627313035181,0.71785788628325,0.5561024518247057,0.5059801070214569,0.1767427024836687,0.0005337443976379015,5.327290571746775e-05,5.307576562593248,10.01905922813013,18771.26818093026,0.37935974934103706
4.400000000000152e-08,2.0,0.000100747984424529,0.7182771128518693,0.5554133232552898,0.5059895625404945,0.1769326525131623,0.0005339892729995349,5.342107494883491e-05,5.300247683569924,9.995854136424128,18719.20400249845,0.37848067074212755
4.402000000000152e-08,2.0,0.000100927854093361,0.7186873312006516,0.5547125500492304,0.5059991584818471,0.1771183954038488,0.0005342209242071012,5.356823321125725e-05,5.293097005269938,9.972718758527877,18667.78013858131,0.3775941546453816
4.404000000000152e-08,2.0,0.0001011019504563208,0.7190876773502745,0.5540016269391769,0.5060088744148254,0.1772995396032552,0.000534438929877056,5.371406931749518e-05,5.286138649942774,9.949701012561047,18617.09627861486,0.3767020873359217
4.406000000000153e-08,2.0,0.0001012698964520698,0.7194773081136969,0.5532820714655164,0.5060186896378079,0.1774757032453843,0.0005346429050336353,5.385827197074987e-05,5.279386291002948,9.926848476014916,18567.24999537851,0.37580636822013214
4.408000000000153e-08,2.0,0.0001014313287025027,0.7198554028720359,0.5525554205972072,0.5060285832106963,0.1776465149593295,0.0005348325013170591,5.400053042778595e-05,5.272853132434001,9.90420829351449,18518.33661777238,0.3749089056378777
4.410000000000153e-08,2.0,0.0001015858983602807,0.7202211653029078,0.551823227300168,0.5060385340147449,0.1778116146520264,0.0005350074070408895,5.414053518522562e-05,5.266551889659986,9.88182708594442,18470.44911135066,0.37401161264814153
4.412000000000154e-08,2.0,0.0001017332719249527,0.7205738250575983,0.5510870570632979,0.5060485207862992,0.1779706542702401,0.0005351673471370262,5.427797868772642e-05,5.260494771422633,9.859750861688601,18423.67796621955,0.3731164027930578
4.414000000000154e-08,2.0,0.0001018731320107253,0.7209126393835295,0.550348484390445,0.5060585221775982,0.1781232985334623,0.0005353120829610529,5.441255605669841e-05,5.254693463057325,9.838024929452908,18378.11109182208,0.3722251858569827
4.416000000000154e-08,2.0,0.0001020051780781208,0.7212368946886035,0.5496090892687076,0.5060685167913012,0.1782692256428809,0.000535441411997418,5.454396583775993e-05,5.249159110703064,9.816693813392282,18333.83371818768,0.37133986362582666
4.418000000000154e-08,2.0,0.0001021291271130087,0.7215459080441317,0.5488704536216084,0.5060784832417595,0.1784081279582828,0.0005355551674385432,5.467191076505978e-05,5.243902306831278,9.795801170000642,18290.92830315141,0.3704623256633256
4.420000000000155e-08,2.0,0.0001022447142656089,0.7218390286231811,0.5481341577576677,0.506088400189815,0.1785397126481432,0.0005356532176781643,5.479609854013716e-05,5.238933076627881,9.77538970745897,18249.47444511069,0.36959444510952455
4.422000000000155e-08,2.0,0.0001023516934333969,0.7221156390713107,0.5474017768229684,0.5060982464040301,0.1786637023049163,0.0005357354656940902,5.49162426229013e-05,5.234260865608584,9.75550110689249,18209.54880083106,0.36873807451805213
4.424000000000155e-08,2.0,0.0001024498378009054,0.7223751568068087,0.5466748772682081,0.5061080007952417,0.1787798355309158,0.0005358018483612709,5.50320630318779e-05,5.229894528003116,9.736175946209796,18171.2250078784,0.36789504173729226
4.426000000000156e-08,2.0,0.000102538940320829,0.7226170352476949,0.5459550133387268,0.5061176424772277,0.1788878674869641,0.0005358523356712158,5.514328715077169e-05,5.225842316286034,9.717453625970808,18134.57361121436,0.3670671458517627
4.428000000000156e-08,2.0,0.0001026188141498186,0.7228407649629008,0.5452437235978103,0.5061271508005095,0.1789875704093064,0.0005358869298989547,5.52496505379901e-05,5.222111871393907,9.699372297938329,18099.66199356124,0.36625615318850385
4.430000000000156e-08,2.0,0.0001026892930238739,0.7230458747452063,0.5445425274914765,0.5061365054119367,0.1790787340871695,0.0005359056646941831,5.535089773568942e-05,5.218710214006033,9.68196879575883,18066.55430911313,0.36546379340430696
4.432000000000156e-08,2.0,0.0001027502315871008,0.7232319326036691,0.5438529219647034,0.5061456862872319,0.1791611663065653,0.0005359086041378077,5.544678307453657e-05,5.215643736435032,9.665278568413807,18035.31142024434,0.36469175565813805
4.434000000000157e-08,2.0,0.0001028015056592373,0.7233985466734615,0.5431763781368746,0.5061546737890104,0.1792346932529117,0.0005358958417408555,5.553707147032897e-05,5.212918195506314,9.649335615889672,18005.99083684591,0.3639416848839629
4.436000000000157e-08,2.0,0.0001028430124560914,0.7235453660411938,0.5425143380459156,0.5061634486975786,0.1792991598781962,0.0005358674994267299,5.562153920830305e-05,5.21053870598057,9.634172427697521,17978.64665799688,0.3632151781677194
4.438000000000157e-08,2.0,0.0001028746707487618,0.7236720814839892,0.5418682114683353,0.5061719922669132,0.1793544302254416,0.0005358237264738039,5.569997471095108e-05,5.208509734902213,9.619819923696598,17953.32951566658,0.3625137812428937
4.440000000000158e-08,2.0,0.0001028964209761326,0.7237784261207518,0.541239372824016,0.5061802862532591,0.179400387716327,0.0005357646984588383,5.577217928493086e-05,5.206835096437299,9.606307397846244,17930.08652021943,0.361838985107689
4.442000000000158e-08,2.0,0.0001029082252969526,0.7238641759742569,0.5406291581723087,0.5061883129686311,0.1794369353949114,0.0005356906161779456,5.583796784269205e-05,5.205517947589154,9.59366246434872,17908.96120749276,0.3611922227773973
4.444000000000158e-08,2.0,0.0001029100675962994,0.7239291504428793,0.5400388623075416,0.5061960553067899,0.1794639961334412,0.0005356017045848443,5.589716959430383e-05,5.204560784365421,9.581911006803901,17889.99348728928,0.3605748661741004
4.446000000000158e-08,2.0,0.0001029019534331412,0.723973212680967,0.5394697359597379,0.5062034967938596,0.1794815127933932,0.0005354982117226039,5.594962870506476e-05,5.20396543879139,9.571077129849277,17873.21959313515,0.3599882231663447
4.448000000000159e-08,2.0,0.0001028839099440512,0.7239962698870579,0.5389229831078389,0.5062106216113007,0.1794894483478419,0.0005353804076875865,5.599520491444285e-05,5.203733076354163,9.561183113904379,17858.67203322029,0.35943353475999706
4.450000000000159e-08,2.0,0.0001028559856901458,0.7239982734993324,0.5383997584103927,0.5062174146432872,0.1794877859585117,0.0005352485836010254,5.603377411205974e-05,5.203864194279677,9.552249372505283,17846.37954245487,0.358911972451881
4.452000000000159e-08,2.0,0.0001028182504625118,0.7239792192978929,0.5379011647601489,0.5062238614963344,0.1794765290137421,0.0005351030506257129,5.606522886651161e-05,5.204358620238086,9.544294412848387,17836.36703563537,0.3584246357464068
4.45400000000016e-08,2.0,0.0001027707950334846,0.7239391474136501,0.5374282509666294,0.5062299485431263,0.1794557011208878,0.0005349441390021871,5.608947890305195e-05,5.205215511887427,9.537334799041602,17828.65556174008,0.35797254984574156
4.45600000000016e-08,2.0,0.0001027137308692097,0.7238781422438026,0.5369820095722196,0.5062356629385104,0.1794253460595471,0.0005347721971404917,5.610645152636626e-05,5.206433356861314,9.531385118682559,17823.26225942247,0.35755666351267257
4.45800000000016e-08,2.0,0.000102647189791092,0.723796332274084,0.5365633748049542,0.506240992659505,0.1793855276893243,0.0005345875907406555,5.611609198495674e-05,5.208009973618427,9.526457952274448,17820.20031380792,0.3571778471156299
4.46000000000016e-08,2.0,0.0001025713236016591,0.7236938898081524,0.5361732206726295,0.5062459265174248,0.179336329818639,0.0005343907019763562,5.611836377397905e-05,5.209942512769617,9.522563846099562,17819.47891473771,0.3568368908539905
4.462000000000161e-08,2.0,0.0001024863036626524,0.7235710306046952,0.5358123592005086,0.5062504541938538,0.1792778560285043,0.0005341819287135619,5.611324887372281e-05,5.212227459307238,9.51971128807181,17821.10321664673,0.3565345031720043
4.464000000000161e-08,2.0,0.0001023923204409049,0.723428013423009,0.5354815388163697,0.5062545662487147,0.1792102294579031,0.0005339616837968677,5.610074792134742e-05,5.21486063536199,9.517906687188477,17825.07430029254,0.3562713093584666
4.466000000000161e-08,2.0,0.000102289583009983,0.7232651394780156,0.5351814428842726,0.506258254152047,0.1791335925448846,0.0005337303943738393,5.608088031388617e-05,5.217837203917666,9.517154356110963,17831.38913660009,0.356047850339388
4.468000000000162e-08,2.0,0.0001021783185231445,0.7230827518058596,0.5349126883899171,0.5062615102878747,0.1790481067301536,0.0005334885012883054,5.605368424103959e-05,5.221151673117179,9.51745649749304,17840.04055290717,0.35586458165976353
4.470000000000162e-08,2.0,0.0001020587716457049,0.7228812345414242,0.5346758247781379,0.5062643279816769,0.1789539521174547,0.0005332364585113654,5.60192166467025e-05,5.224797901595137,9.518813193592802,17851.0172019491,0.3557218726606832
4.472000000000162e-08,2.0,0.000101931203962308,0.7226610121092876,0.5344713329445746,0.5062667014999771,0.1788513270976614,0.0005329747326392386,5.59775531187452e-05,5.228769104476974,9.521222399782983,17864.30353393082,0.3556200058469132
4.474000000000162e-08,2.0,0.000101795893347302,0.7224225483298239,0.5342996243812654,0.5062686260734311,0.1787404479310762,0.0005327038024252583,5.592878770700722e-05,5.233057860482654,9.524679941498478,17879.87977208939,0.3555591764501892
4.476000000000163e-08,2.0,0.0001016531333136141,0.7221663454423294,0.5341610404774289,0.5062700978920925,0.1786215482949758,0.000532424158373351,5.587303267006706e-05,5.237656119780064,9.529179515229488,17897.7218921523,0.35553949218245307
4.478000000000163e-08,2.0,0.0001015032323283879,0.7218929430472334,0.5340558519744337,0.5062711141241114,0.1784948787910934,0.000532136302358881,5.581041815177451e-05,5.242555213027883,9.534712693098887,17917.80160615415,0.35556097318334035
4.480000000000163e-08,2.0,0.0001013465131106862,0.7216029169696232,0.5339842585755207,0.506271672906678,0.178360706420216,0.0005318407473026241,5.574109178916171e-05,5.247745861254975,9.541268931622096,17940.08635106139,0.35562355215530467
4.482000000000163e-08,2.0,0.0001011833118995609,0.7212968780464709,0.5339463887085861,0.5062717733603469,0.1782193140187799,0.0005315380168624533,5.566521825371401e-05,5.2532181870162,9.548835584184362,17964.5392827195,0.35572707468980624
4.484000000000164e-08,2.0,0.0001010139777076652,0.7209754708401237,0.5339422994419387,0.5062714155757104,0.1780709996647512,0.0005312286451670903,5.558297872860945e-05,5.258961726472172,9.55739791782081,17991.11927560809,0.3558712997771875
4.486000000000164e-08,2.0,0.0001008388715487565,0.7206393722807616,0.5339719765507255,0.5062706006234178,0.177916076047876,0.0005309131765554593,5.549457032482787e-05,5.264965442830206,9.56693913382608,18019.78092895707,0.3560559005028495
4.488000000000164e-08,2.0,0.0001006583656541309,0.7202892902406838,0.534035334733338,0.5062693305366581,0.1777548698117088,0.0005305921653448475,5.540020543962758e-05,5.271217740792174,9.577440392762817,18050.4745797333,0.3562804649216292
4.490000000000165e-08,2.0,0.0001004728426663757,0.7199259620434276,0.5341322179749423,0.50626760831698,0.1775877208626701,0.0005302661755906346,5.53001110610842e-05,5.277706482441965,9.58888084338394,18083.1463230771,0.35654449711227215
4.492000000000165e-08,2.0,0.0001002826948253503,0.7195501529108586,0.5342624000569131,0.5062654379126991,0.1774149816536767,0.0005299357808599785,5.519452802293457e-05,5.284419004213752,9.601237656018696,18117.73804070718,0.35684741840323636
4.494000000000165e-08,2.0,0.0001000883231348099,0.7191626543515008,0.5344255852088149,0.5062628242206583,0.1772370164377512,0.0005296015639817444,5.508371021404626e-05,5.291342135367424,9.614486059922246,18154.18743788616,0.3571885687710637
4.496000000000165e-08,2.0,9.989013652446206e-05,0.718764282493507,0.5346214089012203,0.5062597730607157,0.1770542004992609,0.0005292641167946194,5.496792374732813e-05,5.298462217605267,9.628599385115866,18192.42808945659,0.35756720840195944
4.498000000000166e-08,2.0,9.968855099591363e-05,0.7183558763657727,0.5348494387755693,0.5062562911736052,0.1768669193583665,0.0005289240398556188,5.484744609284113e-05,5.305765126247457,9.643549108199144,18232.38949553429,0.3579825194172028
4.500000000000166e-08,2.0,9.94839887671638e-05,0.7179382961308209,0.5351091757089306,0.5062523861916889,0.1766755679564132,0.0005285819421308231,5.472256518029248e-05,5.313236292591373,9.659304902636107,18273.9971473438,0.35843360775251737
4.502000000000166e-08,2.0,9.927687740415019e-05,0.7175124212731748,0.5354000550094535,0.5062480666331197,0.1764805498179886,0.0005282384406308623,5.459357847590927e-05,5.320860727861513,9.675834692975112,18317.17260375731,0.3589195051914649
4.504000000000167e-08,2.0,9.906764895389131e-05,0.7170791487470348,0.5357214477400072,0.506243341869063,0.1762822761974742,0.0005278941600133146,5.446079203903973e-05,5.328623048363274,9.693104713477146,18361.83357897474,0.359439171542533
4.506000000000167e-08,2.0,9.885673906778103e-05,0.7166393910871647,0.5360726621654035,0.5062382221143741,0.1760811652059436,0.0005275497321152053,5.432451956351187e-05,5.336507502234523,9.711079570587575,18407.89404185858,0.35999149695945987
4.508000000000167e-08,2.0,9.864458612945058e-05,0.7161940744869603,0.5364529453203769,0.5062327183915255,0.1758776409262814,0.0005272057954384752,5.418508140905172e-05,5.344497997395335,9.729722309698412,18455.26432729412,0.3605753043940955
4.510000000000167e-08,2.0,9.843163037582025e-05,0.7157441368477506,0.5368614846933895,0.5062268425180482,0.1756721325125086,0.0005268629945526679,5.404280362763423e-05,5.352578131074663,9.748994485609217,18503.85126001606,0.3611893521808809
4.512000000000168e-08,2.0,9.821831302564222e-05,0.7152905258034444,0.537297410023106,0.5062206070674062,0.1754650732812326,0.0005265219794387766,5.389801698984652e-05,5.360731220499128,9.768856237103574,18553.55829117764,0.36183233674187343
4.514000000000168e-08,2.0,9.800507540419583e-05,0.7148341967246731,0.5377597952023357,0.5062140253534675,0.1752568997912817,0.0005261834047398674,5.37510560157928e-05,5.368940335107136,9.789266365022996,18604.28564801008,0.36250289541105407
4.516000000000168e-08,2.0,9.779235807833639e-05,0.714376110706643,0.5382476602859964,0.5062071113885953,0.175048050919495,0.0005258479289438315,5.360225801524284e-05,5.37718832985629,9.810182414223977,18655.93049672703,0.36319960936650136
4.518000000000169e-08,2.0,9.758059999059578e-05,0.7139172325449298,0.5387599735976358,0.5061998798654209,0.1748389669287717,0.0005255162134655386,5.345196214106922e-05,5.385457879970612,9.831560758772673,18708.38711890169,0.3639210066688641
4.520000000000169e-08,2.0,9.737023760641471e-05,0.7134585287034778,0.539295653930832,0.5061923461124462,0.1746300885363649,0.0005251889216553927,5.330050846015899e-05,5.393731516677943,9.853356690733268,18761.54710132792,0.3646655653944671
4.522000000000169e-08,2.0,9.716170406325542e-05,0.7130009652790886,0.5398535728397683,0.506184526073403,0.1744218559785773,0.0005248667177034668,5.314823704526009e-05,5.401991664265792,9.875524511876089,18815.29953944508,0.365431716861191
4.524000000000169e-08,2.0,9.695542833553297e-05,0.7125455059666789,0.5404325570150965,0.50617643626066,0.1742147080798064,0.0005245502654680436,5.299548709133489e-05,5.410220677988535,9.898017628633344,18869.53125417176,0.3662178489352901
4.52600000000017e-08,2.0,9.675183440414973e-05,0.7120931100296015,0.5410313907391948,0.5061680937324762,0.1740090813221297,0.0005242402271997852,5.284259605921892e-05,5.418400883135964,9.920788649601674,18924.12702205875,0.36702230941706515
4.52800000000017e-08,2.0,9.655134044443221e-05,0.711644730279296,0.5416488184167431,0.5061595160445169,0.1738054089233321,0.0005239372621922925,5.268989884949514e-05,5.426514614778052,9.943789485891426,18978.96981841675,0.367843409493411
4.53000000000017e-08,2.0,9.635435802127371e-05,0.7112013110685305,0.5422835471745809,0.5061507212253027,0.1736041199195573,0.0005236420253324114,5.253772700867815e-05,5.434544258478502,9.96697145359784,19033.94107314198,0.3686794272550237
4.532000000000171e-08,2.0,9.616129130512479e-05,0.7107637863024574,0.5429342495266155,0.5061417277261532,0.1734056382604198,0.0005233551655829802,5.238640796993461e-05,5.442472291474791,9.99028537866811,19088.92093868921,0.36952861126619574
4.534000000000171e-08,2.0,9.597253629764713e-05,0.7103330774716745,0.5435995660976262,0.5061325543951481,0.1732103819127304,0.0005230773243734837,5.223626432972975e-05,5.45028132460045,10.01368170341728,19143.78856971324,0.37038918418489575
4.536000000000171e-08,2.0,9.578848008051688e-05,0.7099100917114306,0.5442781084016354,0.5061232204258037,0.1730187619805903,0.0005228091339332319,5.208761316195685e-05,5.45795414443135,10.0371105949442,19198.42241361077,0.3712593464210451
4.538000000000171e-08,2.0,9.56095000761774e-05,0.7094957198910691,0.5449684616686017,0.5061137453298623,0.1728311818379393,0.0005225512155444904,5.194076537025771e-05,5.465473755916944,10.06052205468103,19252.70051127547,0.37213727983066236
4.540000000000172e-08,2.0,9.543596333386369e-05,0.709090834737726,0.5456691877150475,0.5061041488850189,0.1726480362812144,0.0005223041777519602,5.179602507945738e-05,5.472823424964277,10.08386602930867,19306.50080707846,0.3730211514338331
4.542000000000172e-08,2.0,9.526822582968812e-05,0.7086962889982422,0.5463788278523313,0.5060944511068531,0.1724697106981311,0.0005220686145078491,5.165368906619867e-05,5.479986721222662,10.10709252225476,19359.70146717718,0.37390911715420017
4.544000000000172e-08,2.0,9.510663179393356e-05,0.708312913643153,0.5470959058281504,0.5060846721959166,0.1722965802601092,0.00052184510329048,5.151404622912214e-05,5.486947560525792,10.13015170599176,19412.18120495213,0.3747993255680412
4.546000000000173e-08,2.0,9.49515130543263e-05,0.7079415161165442,0.5478189307949819,0.5060748325091087,0.1721290091342716,0.0005216342031772478,5.137737709812393e-05,5.493690247228957,10.1529940343392,19463.81961247522,0.3756899216607103
4.548000000000173e-08,2.0,9.480318840825911e-05,0.7075828786354591,0.5485464003010666,0.506064952506436,0.1719673497223863,0.0005214364529111255,5.124395338253473e-05,5.500199515890241,10.17557035497664,19514.49749661247,0.3765790505786803
4.550000000000173e-08,2.0,9.466196301272247e-05,0.7072377565424344,0.54927680329767,0.5060550527221364,0.1718119419225826,0.0005212523689428159,5.111403755728298e-05,5.506460572526409,10.19783202136309,19564.09721848544,0.37746486137508745
4.552000000000173e-08,2.0,9.452812780474033e-05,0.7069068767146395,0.5500086231582739,0.5060451537114022,0.1716631124210474,0.000521082443488659,5.098788248646835e-05,5.512459134888193,10.21973100426261,19612.50303472378,0.37834551073722655
4.554000000000174e-08,2.0,9.440195894106104e-05,0.7065909360329689,0.5507403407035071,0.5060352760215465,0.1715211740094165,0.0005209271425873329,5.086573108302755e-05,5.518181471982389,10.24122000206838,19659.60143908502,0.3792191666940906
4.556000000000174e-08,2.0,9.428371726973436e-05,0.7062905999143083,0.5514704372275381,0.5060254401389753,0.1713864249349091,0.000520786904195992,5.074781600359056e-05,5.523614442285416,10.26225255012245,19705.28150273988,0.380084012292629
4.558000000000174e-08,2.0,9.417364782231872e-05,0.706006500910072,0.5521973975198426,0.5060156664606824,0.171259148278786,0.0005206621363094357,5.063435937691628e-05,5.5287455308769,10.28278312822499,19749.43521169324,0.3809382492410567
4.560000000000175e-08,2.0,9.40719793392133e-05,0.7057392373739565,0.5529197128781664,0.5060059752417426,0.1711396113700018,0.0005205532151431115,5.052557256477159e-05,5.533562884941685,10.30276726653191,19791.9577995488,0.38178010150816466
4.562000000000175e-08,2.0,9.397892381685667e-05,0.7054893722017211,0.5536358841067138,0.5059963865674012,0.1710280652295204,0.0005204604833636826,5.042165595343545e-05,5.538055347874316,10.32216164904083,19832.74807403198,0.3826078188771934
4.564000000000175e-08,2.0,9.38946760891622e-05,0.7052574316456488,0.5543444244955098,0.5059869203013576,0.1709247440519728,0.0005203842484077263,5.032279877453847e-05,5.542212491443203,10.34092421487141,19871.70873544427,0.383419680443537
4.566000000000175e-08,2.0,9.381941343195621e-05,0.7050439042061811,0.5550438627750871,0.5059775960587042,0.1708298647199987,0.0005203247808720467,5.022917895330061e-05,5.546024646257708,10.35901425655009,19908.74668546198,0.3842139980550884
4.568000000000176e-08,2.0,9.37532952026793e-05,0.7048492396030668,0.5557327460425793,0.5059684331552459,0.1707436263577754,0.0005202823130155123,5.014096298279969e-05,5.549482930008652,10.37639251551649,19943.77332447801,0.38498911968480387
4.570000000000176e-08,2.0,9.369646250415446e-05,0.7046738478281857,0.5564096426535179,0.5059594505815352,0.1706662099189457,0.0005202570373552853,5.005830582228556e-05,5.552579273739199,10.39302127407738,19976.70483595967,0.3857434327345722
4.572000000000176e-08,2.0,9.364903788459388e-05,0.704518098282047,0.5570731450755361,0.5059506669534698,0.1705977778152647,0.0005202491053963081,4.998135081816488e-05,5.555306445634048,10.40886444404044,20007.46245610807,0.3864753672602714
4.574000000000176e-08,2.0,9.361112506271043e-05,0.7043823189957784,0.5577218726984164,0.5059421004876471,0.1705384735810657,0.0005202586264759612,4.991022964569337e-05,5.557658072601031,10.42388765127337,20035.97272741236,0.3871833991173508
4.576000000000177e-08,2.0,9.35828086900196e-05,0.7042667959402444,0.5583544745968159,0.5059337689534701,0.1704884215796672,0.0005202856667613232,4.984506227004395e-05,5.559628659154961,10.43805831644043,20062.16773453573,0.38786605301714866
4.578000000000177e-08,2.0,9.356415413928398e-05,0.7041717724237504,0.5589696322402311,0.5059256896500433,0.1704477267467199,0.000520330248379706,4.978595692486843e-05,5.561213603898073,10.45134573118544,20085.98532130439,0.3885219054935112
4.580000000000177e-08,2.0,9.355520733111951e-05,0.7040974485796003,0.5595660621466597,0.5059178793599939,0.1704164743764327,0.0005203923487181594,4.973301010711494e-05,5.562409213132002,10.46372113003694,20107.36928744511,0.389149587770227
4.582000000000178e-08,2.0,9.355599458778932e-05,0.7040439809445868,0.5601425184746343,0.5059103543281316,0.1703947299455489,0.0005204718998710514,4.968630658633767e-05,5.563212711919256,10.47515775733201,20126.26956407687,0.3897477885290853
4.584000000000178e-08,2.0,9.356652252617447e-05,0.7040114821293018,0.5606977955501866,0.5059031302171842,0.1703825389808622,0.000520568788269483,4.964591942740256e-05,5.563622252156092,10.48563092946064,20142.64236685765,0.3903152565693244
4.586000000000178e-08,2.0,9.358677797900863e-05,0.7040000205809624,0.5612307303235317,0.5058962220884194,0.1703799269650104,0.0005206828544698232,4.961191002497318e-05,5.563636918000886,10.49511809175915,20156.4503260735,0.3908508033585213
4.588000000000178e-08,2.0,9.361672795633369e-05,0.7040096204392515,0.5617402047521118,0.5058896443594998,0.1703868992861739,0.0005208138931329723,4.958432814884973e-05,5.563256728248921,10.50359887038329,20167.66259286702,0.39135330546593794
4.590000000000179e-08,2.0,9.365631963633223e-05,0.7040402614854757,0.5622251481048817,0.5058834107872617,0.1704034412263056,0.0005209616531696876,4.956321199872405e-05,5.562482636024687,10.51105511852418,20176.25492120535,0.3918217068785761
4.592000000000179e-08,2.0,9.370548039745048e-05,0.7040918791851485,0.5626845391845593,0.5058775344278817,0.1704295179933474,0.0005211258380812669,4.954858826761062e-05,5.561316525412775,10.5174709573294,20182.20972510914,0.3922550211912119
4.594000000000179e-08,2.0,9.376411788102625e-05,0.7041643648239101,0.5631174084627962,0.5058720276219982,0.1704650747919551,0.0005213061064688758,4.954047221271356e-05,5.55976120542553,10.52283281092935,20185.51611107514,0.3926523336708411
4.59600000000018e-08,2.0,9.383212009626969e-05,0.7042575657364949,0.5635228401250721,0.5058669019573855,0.1705100369380091,0.0005215020727384169,4.953886773318775e-05,5.557820400959399,10.52712943596499,20186.16988555163,0.39301280318706305
4.59800000000018e-08,2.0,9.390935555685994e-05,0.7043712856282673,0.563899974020342,0.5058621682566,0.1705643100113313,0.0005217133079721659,4.954376745376479e-05,5.555498741164046,10.53035194505624,20184.17353773549,0.39333566400901065
4.60000000000018e-08,2.0,9.399567346091503e-05,0.7045052849886461,0.5642480075123102,0.5058578365423414,0.1706277800517094,0.0005219393409916517,4.955515281390669e-05,5.552801744906223,10.53249382464177,20179.53619788595,0.39362022746060077
4.60200000000018e-08,2.0,9.409090390360254e-05,0.7046592815955485,0.5645661972274485,0.5058539160278178,0.1707003137925366,0.0005221796595809592,4.957299416166864e-05,5.549735803777475,10.53355094667097,20172.2735717511,0.3938658834349119
4.604000000000181e-08,2.0,9.419485813404853e-05,0.7048329511097915,0.5648538606967254,0.5058504150849706,0.1707817589369981,0.0005224337118925964,4.959725085214497e-05,5.546308162355199,10.53352157461369,20162.4078516189,0.3940721017597273
4.606000000000181e-08,2.0,9.430732884577227e-05,0.7050259277581964,0.5651103778862562,0.5058473412377368,0.1708719444709953,0.0005227009080031568,4.962787134988941e-05,5.542526896189131,10.53240636331104,20149.96760489161,0.3942384334152609
4.608000000000181e-08,2.0,9.442809051216058e-05,0.7052378051039606,0.5653351926139509,0.5058447011333156,0.1709706810175667,0.0005229806216386827,4.966479333538955e-05,5.538400887248023,10.53020835316803,20134.98764098213,0.3943645115963842
4.610000000000182e-08,2.0,9.455689975613202e-05,0.7054681369026721,0.5655278138475112,0.505842500538505,0.1710777612268692,0.0005232721920351781,4.970794381519201e-05,5.533939797318148,10.52693295825391,20117.5088576964,0.3944500526206419
4.612000000000182e-08,2.0,9.469349576532213e-05,0.7057164380421652,0.5656878168810043,0.5058407443141874,0.1711929602063104,0.0005235749259521419,4.975723923595867e-05,5.529154039110515,10.52258794884592,20097.57806814406,0.39449485667469397
4.614000000000182e-08,2.0,9.483760074181658e-05,0.7059821855642375,0.5658148443855349,0.5058394364149071,0.1713160359847749,0.000523888099803005,4.981258560224935e-05,5.524054745584166,10.51718342802402,20075.24780955847,0.39449880840075996
4.616000000000182e-08,2.0,9.498892039752949e-05,0.7062648197660745,0.5659086073314576,0.5058385798667406,0.1714467300153381,0.0005242109619185246,4.987387859849749e-05,5.518653737260975,10.51073180288643,20050.57613526224,0.39446187731611954
4.618000000000183e-08,2.0,9.514714448408915e-05,0.7065637453790656,0.5659688857778825,0.5058381767702804,0.1715847677103062,0.000524542734905746,4.994100371516542e-05,5.512963488050689,10.5032477500339,20023.62639132007,0.39438411806757634
4.620000000000183e-08,2.0,9.531194736805316e-05,0.706878332822527,0.5659955295271886,0.5058382282820518,0.1717298590127828,0.0005248826181170594,5.001383637972229e-05,5.506997089375896,10.49474817592415,19994.46697925061,0.39426567051440575
4.622000000000183e-08,2.0,9.548298864010105e-05,0.7072079195296879,0.5659884586406186,0.505838734621049,0.1718816989984783,0.0005252297901910028,5.009224209260425e-05,5.500768213122609,10.48525217178388,19963.1711064425,0.39410675964214037
4.624000000000184e-08,2.0,9.56599137687122e-05,0.7075518113431538,0.5659476638130092,0.5058396950538379,0.1720399685117868,0.0005255834116781334,5.017607656896505e-05,5.494291073215886,10.47478096370767,19929.81652572096,0.3939076953012224
4.626000000000184e-08,2.0,9.584235478671294e-05,0.7079092839769026,0.565873206603129,0.5058411079047955,0.1722043348297079,0.0005259426277129919,5.026518588653203e-05,5.487580386348768,10.46335785766809,19894.48526575405,0.39366887177342114
4.628000000000184e-08,2.0,9.602993102086915e-05,0.7082795845417341,0.5657652195181251,0.5058429705450215,0.1723744523574784,0.0005263065707446882,5.035940664052803e-05,5.480651331668686,10.45100818009101,19857.2633537589,0.3933907671606467
4.630000000000184e-08,2.0,9.622224985260387e-05,0.708661933130967,0.5656239059490313,0.5058452794063877,0.172549963349364,0.0005266743632868469,5.045856610611041e-05,5.473519509947695,10.43775921375356,19818.24053218394,0.3930739425996673
4.632000000000185e-08,2.0,9.641890751964386e-05,0.7090555244630324,0.5654495399563736,0.5058480299743714,0.1727304986582987,0.0005270451206989912,5.056248240941734e-05,5.466200902041508,10.423640129679,19777.50997078712,0.3927190412980749
4.634000000000185e-08,2.0,9.661948994636133e-05,0.709459529577515,0.5652424659034205,0.5058512168060126,0.1729156785077232,0.0005274179539602454,5.067096470779139e-05,5.458711827156944,10.40868191481555,19735.16797571915,0.3923267873956974
4.636000000000185e-08,2.0,9.682357361223085e-05,0.7098730975810642,0.5650030979367344,0.5058548335267397,0.1731051132891324,0.0005277919724473529,5.07838133803821e-05,5.45106890072916,10.39291729618793,19691.31369694073,0.39189798464760206
4.638000000000186e-08,2.0,9.703072644582809e-05,0.7102953574394981,0.5647319193122557,0.5058588728522956,0.1732984043785958,0.0005281662866783906,5.090082022978762e-05,5.4432889924181,10.37638066133368,19646.04883547222,0.39143351493365997
4.640000000000186e-08,2.0,9.724050875340431e-05,0.7107254198123286,0.5644294815673094,0.5058633265896076,0.1734951449756005,0.0005285400110344626,5.102176869602343e-05,5.435389184018095,10.35910797572285,19599.47735167281,0.39093433659170895
4.642000000000186e-08,2.0,9.745247416914273e-05,0.7111623789258403,0.5640964035375327,0.5058681856627024,0.173694920957403,0.0005289122664216483,5.114643408354893e-05,5.427386727775681,10.34113669699157,19551.70517589703,0.39040148258012963
4.644000000000186e-08,2.0,9.76661706357311e-05,0.7116053144807818,0.5637333702199278,0.5058734401176314,0.1738973117520939,0.0005292821828860732,5.12745838026884e-05,5.41929900489983,10.32250568669311,19502.83992256547,0.38983605846783387
4.646000000000187e-08,2.0,9.788114140206716e-05,0.7120532935906505,0.5633411314818932,0.5058790791523619,0.1741018912235043,0.0005296489021456285,5.140597762622383e-05,5.411143484741686,10.30325511940926,19452.99060881721,0.38923924025838896
4.648000000000187e-08,2.0,9.809692604634901e-05,0.7125053727464846,0.5629205006183271,0.5058850911257192,0.174308228571029,0.0005300115800520955,5.154036796250833e-05,5.402937684415974,10.28342638992485,19402.26737859969,0.3886122720472981
4.650000000000187e-08,2.0,9.83130615111055e-05,0.7129605998040317,0.5624723527575782,0.5058914635912033,0.1745158892374575,0.0005303693889487362,5.167750014588764e-05,5.394699129321018,10.26306201831517,19350.78123316647,0.3879564635201207
4.652000000000188e-08,2.0,9.852908315809391e-05,0.7134180159891023,0.5619976231192856,0.5058981833098554,0.1747244358277875,0.0005307215199382945,5.181711274576231e-05,5.386445314314851,10.24220555364112,19298.6437686415,0.38727318729149807
4.654000000000188e-08,2.0,9.874452582936502e-05,0.7138766579168857,0.5614973051258533,0.5059052362878981,0.1749334290320743,0.0005310671850281757,5.195893789503119e-05,5.378193665983919,10.22090147610507,19245.96692142219,0.38656387609377896
4.656000000000188e-08,2.0,9.895892492217575e-05,0.7143355596209807,0.5609724483715789,0.5059126077934026,0.1751424285552383,0.0005314056191692012,5.210270163920241e-05,5.369961505745034,10.19919509834723,19192.86272187455,0.3858300198163406
4.658000000000188e-08,2.0,9.917181746385578e-05,0.7147937545878587,0.5604241564521817,0.5059202823975849,0.1753509940468629,0.0005317360821566113,5.224812430682105e-05,5.36176601419564,10.17713246573318,19139.44305689551,0.38507316240531875
4.660000000000189e-08,2.0,9.93827431940931e-05,0.715250277792482,0.5598535846597537,0.5059282439950947,0.1755586860338496,0.0005320578604112661,5.239492090239259e-05,5.353624196436739,10.15476025629366,19085.8194416004,0.38429489862590405
4.662000000000189e-08,2.0,9.959124564064563e-05,0.7157041677307872,0.5592619375468658,0.505936475848759,0.1757650668490108,0.0005323702686117907,5.254280152232042e-05,5.345552848760951,10.13212568015882,19032.1028005177,0.383496870697855
4.664000000000189e-08,2.0,9.979687319578704e-05,0.7161544684447513,0.5586504663658425,0.5059449606132539,0.1759697015584058,0.0005326726511972611,5.269147179487229e-05,5.337568526414413,10.10927637912552,18978.40325836781,0.3826807648074367
4.666000000000189e-08,2.0,9.999918017946048e-05,0.7166002315357782,0.5580204663878999,0.5059536803830402,0.1761721588805638,0.0005329643837132857,5.284063334450388e-05,5.329687512803142,10.08626032618742,18924.82994063153,0.3818483075073361
4.66800000000019e-08,2.0,0.0001001977278963893,0.717040518162164,0.5573732741091129,0.5059626167191246,0.1763720121003945,0.0005332448740228022,5.298998428134008e-05,5.321925789836987,10.0631257256398,18871.49078381856,0.38100126200871837
4.67000000000019e-08,2.0,0.0001003920856731416,0.7174744010164325,0.556710264348821,0.505971750699877,0.1765688399709877,0.0005335135633565425,5.313921971588387e-05,5.314299009762034,10.03992091357468,18818.49235548879,0.38014142437783327
4.67200000000019e-08,2.0,0.0001005818318824278,0.7179009662783811,0.5560328472483111,0.5059810629505475,0.1767622276061261,0.000533769927226182,5.328803229948368e-05,5.306822468159774,10.01669425934787,18765.93968379068,0.37927061964218506
4.674000000000191e-08,2.0,0.0001007665549407397,0.718319315539717,0.5553424651762223,0.5059905336965969,0.1769517673568078,0.0005340134761771942,5.343611279031253e-05,5.299511078445565,9.99349406781711,18713.93609643871,0.37839069781941453
4.676000000000191e-08,2.0,0.0001009458542866933,0.7187285676962363,0.5546405895492947,0.5060001427955965,0.1771370596746218,0.0005342437564060261,5.35831506450484e-05,5.292379347532808,9.97036848290285,18662.58306877686,0.37750352987467295
4.678000000000191e-08,2.0,0.0001011193413264033,0.7191278608035568,0.5539287175756425,0.5060098697926665,0.1773177139553995,0.0005344603502206235,5.372883463564154e-05,5.285441352977995,9.947365392252228,18611.98008074124,0.376611003620243
4.680000000000191e-08,2.0,0.0001012866403533994,0.719516353892498,0.5532083689298303,0.5060196939543263,0.1774933493660413,0.0005346628763703849,5.387285349095698e-05,5.278710721263522,9.92453233352736,18562.22448227767,0.37571501956378894
4.682000000000192e-08,2.0,0.000101447389429693,0.7198932287402844,0.5524810823675429,0.5060295943256067,0.1776635956480475,0.0005348509902264157,5.40148965622453e-05,5.272200607519223,9.901916402081191,18513.41136694814,0.3748174867194954
4.684000000000192e-08,2.0,0.00010160124123574,0.7202576915938402,0.5517484122896518,0.5060395497653902,0.1778280939007483,0.0005350243838395172,5.415465451178411e-05,5.265923676331707,9.87956416051173,18465.63345321313,0.3739203183889035
4.686000000000192e-08,2.0,0.00010174786387624,0.7206089748415497,0.5510119252639281,0.5060495390047255,0.1779864973378896,0.000535182785858404,5.429182002315557e-05,5.259892083931165,9.857521549842083,18418.98097307288,0.37302542792603843
4.688000000000193e-08,2.0,0.0001018869416498265,0.7209463386299583,0.5502731965145794,0.506059540683172,0.1781384720206658,0.0005353259613367744,5.442608853201829e-05,5.25411746139929,9.835833802788306,18373.54156750968,0.3721347244939136
4.690000000000193e-08,2.0,0.0001020181757699677,0.7212690724220104,0.5495338063881637,0.5060695334078162,0.1782836975609973,0.0005354537114131413,5.455715897530987e-05,5.248610899179767,9.81454535884949,18329.40018838875,0.37125010882716647
4.692000000000193e-08,2.0,0.0001021412850454824,0.7215764964935444,0.54879533680627,0.5060794957901179,0.1784218677982508,0.0005355658728929949,5.468473455722332e-05,5.243382932532113,9.79369978165601,18286.63900623999,0.3703734690080192
4.694000000000193e-08,2.0,0.0001022560065084277,0.7218679633648901,0.5480593677136466,0.5060894065051196,0.1785526914433601,0.0005356623177184132,5.480852352935108e-05,5.238443528204625,9.7733396782994,18245.33732357303,0.3695066762702865
4.696000000000194e-08,2.0,0.0001023620959981435,0.7221428591645542,0.5473274735322222,0.506099244328275,0.1786758926936609,0.0005357429523554037,5.492823998281106e-05,5.233802071967076,9.753506621057879,18205.5714931506,0.3686515808385613
4.698000000000194e-08,2.0,0.0001024593286896687,0.7224006049221238,0.5466012196296502,0.5061089881943355,0.178791211812558,0.0005358077170850158,5.504360464920582e-05,5.229467357275996,9.734241071233088,18167.41484088884,0.3678100078170923
4.700000000000194e-08,2.0,0.0001025474995757214,0.7226406577876606,0.5458821588127191,0.5061186172336444,0.1788984056774567,0.0005358565852289915,5.515434570771551e-05,5.225447574715435,9.715582305494213,18130.93759283071,0.3669837531352623
4.702000000000195e-08,2.0,0.000102626423890935,0.7228625121750228,0.5451718278540437,0.5061281108301852,0.1789972482902592,0.0005358895622966574,5.526019959466108e-05,5.221750302485546,9.69756834444065,18096.2068058946,0.3661745795637845
4.704000000000195e-08,2.0,0.0001026959374879481,0.7230657008267025,0.5444717440621029,0.5061374486568333,0.1790875312539765,0.0005359066850840278,5.536091181236603e-05,5.218382497586368,9.680235883765226,18063.28630188184,0.3653842128081264
4.706000000000195e-08,2.0,0.0001027558971545246,0.7232497957979371,0.5437834019026836,0.5061466107320565,0.1791690642099373,0.0005359080207122146,5.545623773319278e-05,5.215350487970875,9.663620227728721,18032.236604494,0.3646143376927463
4.708000000000195e-08,2.0,0.0001028061808816858,0.7234144093580243,0.5431082696813556,0.5061555774536408,0.179241675239266,0.0005358936656360405,5.55459433951796e-05,5.21265996532154,9.647755225317615,18003.11487889469,0.3638665944420896
4.710000000000196e-08,2.0,0.0001028466880725175,0.7235591948069375,0.5424477862945517,0.5061643296535562,0.1793052112233029,0.0005358637446100846,5.562980628478363e-05,5.21031597872755,9.63267320879848,17975.97487362686,0.3631425750712488
4.712000000000196e-08,2.0,0.0001028773397019938,0.723683847205528,0.5418033580583008,0.5061728486296811,0.1793595381667689,0.0005358184096426947,5.570761610285345e-05,5.208322928925484,9.61840493503453,17950.86686448207,0.36244381989153196
4.714000000000196e-08,2.0,0.0001028980784179257,0.7237881040177703,0.541176355621563,0.50618111619839,0.1794045414785209,0.0005357578389250423,5.577917550908072e-05,5.206684563385894,9.604979529283685,17927.83760020265,0.36177181414304205
4.716000000000197e-08,2.0,0.0001029088685937197,0.7238717456637004,0.5405681109725444,0.5061891147238305,0.1794401262138494,0.0005356822357651444,5.584430084088623e-05,5.205403971917605,9.592424431840076,17906.93024968186,0.361127984758695
4.718000000000197e-08,2.0,0.0001029096963234581,0.7239345959818845,0.5399799145442041,0.5061968271678128,0.1794662172733389,0.0005355918275134848,5.590282280187408e-05,5.20448358307911,9.580765347247002,17888.1843506206,0.36051369727086524
4.720000000000197e-08,2.0,0.0001029005693702807,0.7239765226004391,0.5394130124265574,0.5062042371162424,0.1794827595623812,0.000535486864509299,5.595458711579894e-05,5.20392516107885,9.570026196442125,17871.635759379,0.3599302528641762
4.722000000000197e-08,2.0,0.0001028815170589417,0.7239974372158264,0.5388686036911882,0.506211328825931,0.1794897181065491,0.0005353676190334366,5.599945514122923e-05,5.203729803461186,9.560229071573158,17857.3166020638,0.35937888558463904
4.724000000000198e-08,2.0,0.0001028525901237746,0.723997295778834,0.5383478378347243,0.5062180872478272,0.1794870781270613,0.0005352343842957917,5.603730444301803e-05,5.203897939270333,9.55139419384544,17845.25522666526,0.35886075970766296
4.726000000000198e-08,2.0,0.0001028138605032375,0.7239760985873483,0.5378518123458278,0.5062244980704116,0.1794748450717231,0.0005350874734422242,5.606802931599057e-05,5.204429327997164,9.543539874151017,17835.47615636993,0.35837696727410473
4.728000000000198e-08,2.0,0.0001027654210924713,0.7239338902857285,0.5373815704015771,0.5062305477394176,0.1794530446057164,0.0005349272186076686,5.609154125731036e-05,5.205323059011451,9.536682476842298,17828.00004394015,0.35792852579586065
4.730000000000199e-08,2.0,0.0001027073854453084,0.7238707597707779,0.536938098696886,0.5062362234975224,0.1794217225578233,0.0005347539699991969,5.610776938335225e-05,5.206577551792362,9.530836386410755,17822.84362736955,0.35751637613906273
4.732000000000199e-08,2.0,0.0001026398874372835,0.7237868400045143,0.5365223254119279,0.5062415134002944,0.1793809448265723,0.0005345680950341959,5.61166607880699e-05,5.208190556670251,9.526013977436131,17820.01968678426,0.3571413805853556
4.734000000000199e-08,2.0,0.0001025630808813048,0.7236823077341341,0.5361351183203238,0.5062464063519504,0.1793307972420973,0.0005343699775160999,5.611818083928543e-05,5.210159156399732,9.522225587576694,17819.53700288074,0.35680432107822646
4.736000000000199e-08,2.0,0.0001024771391076217,0.7235573831197554,0.5357772830421457,0.5062508921173111,0.1792713853883316,0.0005341600168712103,5.611231341059291e-05,5.212479768286494,9.519479493967385,17821.40031694397,0.3565058976538141
4.7380000000002e-08,2.0,0.0001023822544998939,0.72341232927073,0.5354495614435949,0.5062549613534385,0.1792028343815204,0.0005339386274275363,5.609906104605748e-05,5.215148147194946,9.517781892805145,17825.61029281751,0.3562467270620745
4.7400000000002e-08,2.0,0.000102278637999038,0.7232474516914961,0.53515263018654,0.506258605617443,0.1791252886098034,0.000533706237757473,5.607844505625269e-05,5.218159389167184,9.5171368824886,17832.16348093983,0.35602734157673666
4.7420000000002e-08,2.0,0.0001021665185667733,0.7230630976381427,0.5348870994288955,0.5062618173938648,0.1790389114300485,0.0005334632900636872,5.605050554370886e-05,5.221507935986104,9.517546450097335,17841.0522848931,0.355848187998847
4.744000000000201e-08,2.0,0.0001020461426205294,0.7228596553870369,0.5346535116781841,0.5062645900982217,0.178943884826834,0.0005332102396282734,5.601530135727705e-05,5.225187580420034,9.519010461576372,17852.26493064449,0.3557096268513501
4.746000000000201e-08,2.0,0.000101917773431713,0.7226375534170582,0.5344523407984494,0.5062669181000459,0.1788404090299271,0.0005329475543029666,5.597290997446058e-05,5.229191472486251,9.52152665541493,17865.78543899686,0.3556119317685223
4.748000000000201e-08,2.0,0.0001017816904989577,0.7223972595071596,0.5342839911720532,0.5062687967221151,0.1787287020953179,0.0005326757140587498,5.592342731225531e-05,5.23351212647554,9.525090640180002,17881.59360148614,0.3555552890767353
4.750000000000201e-08,2.0,0.0001016381888883976,0.7221392797511572,0.5341487970157556,0.5062702222591015,0.1786089994463329,0.000532395210571124,5.586696746657432e-05,5.238141429078198,9.529695895694724,17899.66496030608,0.35553979756942267
4.752000000000202e-08,2.0,0.0001014875785525201,0.7218641574918238,0.5340470218518819,0.5062711919724705,0.1784815533800333,0.0005321065468577507,5.580366238185302e-05,5.243070648356617,9.535333778214317,17919.97079254772,0.3555654684718486
4.754000000000202e-08,2.0,0.0001013301836196616,0.7215724721765295,0.5339788581332617,0.5062717041047493,0.178346632535584,0.0005318102369433302,5.573366145192756e-05,5.24829044390603,9.541993529386852,17942.47809938952,0.3556322255976777
4.756000000000202e-08,2.0,0.0001011663416656151,0.721264838136842,0.5339444270220496,0.506271757870121,0.1782045213299678,0.000531506805566968,5.565713105480694e-05,5.253790877949365,9.54966228934043,17967.14960056557,0.3557399056920818
4.758000000000202e-08,2.0,0.0001009964029594329,0.7209419032946548,0.533943778320487,0.5062713534643588,0.1780555193578886,0.0005311967879056983,5.557425402339583e-05,5.259561427706577,9.55832511367716,17993.9437347916,0.3558882589625984
4.760000000000203e-08,2.0,0.0001008207296947794,0.7206043477975707,0.5339768905530882,0.5062704920511839,0.1778999407613719,0.000530880729328166,5.548522905572095e-05,5.265590998783636,9.5679649947021,18022.81466650794,0.3560769497917163
4.762000000000203e-08,2.0,0.0001006396951989419,0.7202528825864107,0.5340436711977132,0.5062691757679513,0.1777381135660951,0.000530559185151214,5.539027006758431e-05,5.271867939917829,9.578562886655968,18053.71229964852,0.35630555763161814
4.764000000000203e-08,2.0,0.0001004536831307385,0.7198882478978718,0.5341439570644682,0.506267407707874,0.1775703789900598,0.0005302327204124215,5.528960549200028e-05,5.278380058821251,9.590097735263088,18086.58229881361,0.35657357807440837
4.766000000000204e-08,2.0,0.0001002630866594459,0.7195112117054785,0.5342775148193637,0.5062651919215839,0.1773970907218286,0.0005299019096307069,5.518347752905445e-05,5.285114639453541,9.602546511348622,18121.36611857224,0.35688042409753507
4.768000000000204e-08,2.0,0.000100068307635875,0.7191225681021217,0.5344440416511692,0.5062625333953624,0.1772186141740427,0.0005295673365674394,5.507214135118295e-05,5.29205846046005,9.615884248816561,18158.00104127457,0.3572254274771265
4.770000000000204e-08,2.0,9.986975574774321e-05,0.7187231356275823,0.5346431660779157,0.5062594380487289,0.1770353257096051,0.0005292295939599045,5.495586426805069e-05,5.299197815098407,9.630084086723736,18196.42022409905,0.3576078403683106
4.772000000000204e-08,2.0,9.966784767035605e-05,0.7183137555445684,0.5348744488910433,0.5062559127088428,0.1768476118463581,0.000528889283239323,5.483492485647352e-05,5.306518532381713,9.645117315719,18236.55275570137,0.3580268370446852
4.774000000000205e-08,2.0,9.946300620476964e-05,0.7178952900668938,0.5351373842332193,0.5062519651043101,0.1766558684377682,0.0005285470142053617,5.470961205990099e-05,5.314005999751496,9.660953428561347,18278.32372317154,0.3584815157954511
4.776000000000205e-08,2.0,9.92556594143583e-05,0.7174686205435311,0.5354314008074131,0.5062476038359492,0.1764604998355687,0.0005282034046695292,5.458022426315673e-05,5.321645186997792,9.677560174960332,18321.6542896294,0.3589709009718445
4.778000000000205e-08,2.0,9.90462397519723e-05,0.7170346456023624,0.5357558632128784,0.5062428383670244,0.176261918031985,0.0005278590800398493,5.444706834707999e-05,5.329420671727908,9.694903620428969,18366.46178312795,0.3594939451808934
4.780000000000206e-08,2.0,9.883518318852342e-05,0.7165942792575393,0.5361100734052637,0.5062376789905969,0.1760605417875744,0.0005275146728597801,5.43104587288096e-05,5.337316666088357,9.712948209364948,18412.65979713662,0.3600495316176893
4.782000000000206e-08,2.0,9.862292833520784e-05,0.7161484489844355,0.5364932722761615,0.5062321368164173,0.1758567957424253,0.0005271708222746318,5.417071639228426e-05,5.345317045028004,9.731656832024447,18460.15830321258,0.3606364765337362
4.784000000000206e-08,2.0,9.840991557011603e-05,0.7156980937662509,0.5369046413489837,0.5062262237351104,0.1756511095168071,0.0005268281734393867,5.402816791454929e-05,5.35340537579217,9.750990895575354,18508.86377605096,0.3612535318321767
4.786000000000206e-08,2.0,9.819658616147046e-05,0.7152441621163754,0.5373433045861732,0.5062199524019727,0.1754439167991132,0.0005264873768423943,5.388314449219177e-05,5.361564948920318,9.770910398866715,18558.67933143565,0.36189938778706
4.788000000000207e-08,2.0,9.798338139814158e-05,0.7147876100806823,0.5378083303043472,0.5062133361982536,0.175235654427219,0.0005261490875601158,5.373598097316502e-05,5.369778810421348,9.791374011072156,18609.50487717691,0.36257267587712816
4.790000000000207e-08,2.0,9.777074171971854e-05,0.7143293992239579,0.5382987331921022,0.5062063892121326,0.1750267614611823,0.0005258139644189218,5.358701489791824e-05,5.378029795382052,9.812339153815204,18661.23727744439,0.3632719717309199
4.792000000000207e-08,2.0,9.755910585668273e-05,0.7138704946047055,0.5388134764268167,0.5061991261973724,0.1748176782534271,0.0005254826690806733,5.343658555461941e-05,5.386300562665829,9.833762086905029,18713.77053045174,0.36399579817338956
4.794000000000208e-08,2.0,9.734890997298908e-05,0.7134118627425936,0.5393514738849434,0.5061915625517589,0.1746088455143806,0.0005251558650298837,5.328503305185354e-05,5.394573630939369,9.855597997261933,18766.9959597635,0.3647426283705628
4.796000000000208e-08,2.0,9.714058682148951e-05,0.7129544695828245,0.5399115924419037,0.5061837142734217,0.1744007033797065,0.0005248342164809575,5.313269741299948e-05,5.402831415666999,9.877801091132843,18820.80241902681,0.3655108890621972
4.798000000000208e-08,2.0,9.693456490452755e-05,0.7124992784617131,0.5404926543558557,0.506175597937031,0.174193690477126,0.0005245183871852785,5.297991769504763e-05,5.41105626729181,9.900324689147423,18875.07651023543,0.36629896387872973
4.800000000000208e-08,2.0,9.673126765001922e-05,0.7120472480777621,0.5410934397312563,0.5061672306480873,0.1739882429989524,0.000524209039158567,5.282703113540567e-05,5.41923051022565,9.92312132428794,18929.70281515179,0.3671051967323039
4.802000000000209e-08,2.0,9.653111259535032e-05,0.7115993304725037,0.5417126890563273,0.5061586300171844,0.1737847937783187,0.0005239068313103408,5.267437232877376e-05,5.427336482849119,9.94614284229739,18984.56413981306,0.3679278952780086
4.804000000000209e-08,2.0,9.633451058928529e-05,0.711156469025361,0.5423491058101717,0.5061498141125732,0.1735837713751764,0.0005236124179978968,5.252227243695059e-05,5.435356578125989,9.969340504572758,19039.54177154905,0.3687653344349953
4.806000000000209e-08,2.0,9.614186500420576e-05,0.710719596466756,0.5430013591335245,0.5061408014328027,0.173385599170032,0.0005233264474887344,5.237105843295219e-05,5.443273285016073,9.992665093044103,19094.51574823994,0.36961575996349255
4.80800000000021e-08,2.0,9.595357096874118e-05,0.7102896329136421,0.5436680865587513,0.5061316108578715,0.1731906944714149,0.000523049560355803,5.222105238161586e-05,5.451069230274301,10.01606701706264,19149.36513903049,0.37047739208733643
4.81000000000021e-08,2.0,9.577001461307856e-05,0.7098674839316061,0.5443478967929843,0.5061222616205652,0.1729994676349864,0.0005227823877915031,5.207257075738326e-05,5.458727220804578,10.03949642177747,19203.96833602098,0.37134842915799793
4.81200000000021e-08,2.0,9.559157233688806e-05,0.7094540386276147,0.5450393725499367,0.5061127732565066,0.1728123212002198,0.0005225255498667224,5.192592380077671e-05,5.466230286140656,10.06290329800365,19258.20335593224,0.3722270513497169
4.81400000000021e-08,2.0,9.541861009210365e-05,0.7090501677774264,0.545741073424205,0.5061031655744999,0.1726296490424577,0.0005222796537226797,5.178141491361757e-05,5.473561721209231,10.08623759304286,19311.94815105406,0.37311142438174727
4.816000000000211e-08,2.0,9.525148269034952e-05,0.708656721991612,0.5464515388035708,0.5060934586058012,0.1724518355461731,0.0005220452917235451,5.163934009388636e-05,5.480705128934903,10.10944932244304,19365.08092825902,0.3739997032573977
4.818000000000211e-08,2.0,9.509053312722426e-05,0.7082745299240455,0.5471692908130937,0.5060836725737721,0.1722792547971727,0.0005218230395592986,5.149998740969862e-05,5.487644462830393,10.13248868214339,19417.48047518313,0.374890036015921
4.820000000000211e-08,2.0,9.493609193306133e-05,0.7079043965266375,0.5478928372864914,0.5060738278426802,0.1721122697993971,0.0005216134543281708,5.136363651274643e-05,5.494364069122779,10.15530616097883,19469.02649215344,0.3757805674870943
4.822000000000212e-08,2.0,9.478847654235434e-05,0.7075471013539919,0.5486206747586222,0.5060639448869747,0.1719512317139867,0.0005214170725895518,5.123055819018247e-05,5.500848728550241,10.17785265297916,19519.59992877131,0.37666944304463545
4.824000000000212e-08,2.0,9.464799069131147e-05,0.7072033969215488,0.5493512914746033,0.5060540442399102,0.1717964791261055,0.0005212344084178186,5.110101395483312e-05,5.507083697374188,10.20007956942937,19569.0833235496,0.37755481234849775
4.826000000000212e-08,2.0,9.451492383568354e-05,0.7068740071206793,0.550083170409429,0.5060441464627383,0.1716483373370719,0.000521065951448998,5.097525567229955e-05,5.513054747736603,10.22193895011988,19617.36114534899,0.3784348330723571
4.828000000000212e-08,2.0,9.438955059819161e-05,0.7065596256940648,0.5508147922936831,0.5060342720934533,0.1715071176871401,0.0005209121649514901,5.08535252244619e-05,5.51874820690526,10.24338357374913,19664.32013486006,0.379307674606543
4.830000000000213e-08,2.0,9.427213023766853e-05,0.7062609147745741,0.5515446386392997,0.5060244416161875,0.1713731169063503,0.0005207734839134513,5.073605420761947e-05,5.524150995535766,10.26436706690609,19709.84964474871,0.38017152173294944
4.832000000000213e-08,2.0,9.416290614910765e-05,0.7059785034907163,0.552271194761063,0.5060146754103515,0.1712466164986226,0.0005206503131784292,5.06230636644963e-05,5.529250664495243,10.28484401159583,19753.84197660353,0.3810245782624404
4.834000000000213e-08,2.0,9.406210538671109e-05,0.7057129866416039,0.5529929527878998,0.5060049937205147,0.1711278821563821,0.0005205430256221389,5.051476384811032e-05,5.534035430380083,10.30477005073857,19796.19271322019,0.38186507063151776
4.836000000000214e-08,2.0,9.396993821902232e-05,0.7054649234442203,0.5537084146597719,0.5059954166062055,0.1710171632107298,0.0005204519604019546,5.041135401653869e-05,5.538494209278874,10.32410199161101,19836.80104430294,0.38269125144904215
4.838000000000214e-08,2.0,9.388659770821937e-05,0.705234836355628,0.5544160951043545,0.5059859639125401,0.170914692114287,0.0005203774212718761,5.03130222564227e-05,5.542616648921033,10.34279790666814,19875.5700840918,0.3835014029900675
4.840000000000214e-08,2.0,9.381225932256797e-05,0.7050232099725976,0.5551145245894262,0.505976655220942,0.1708206839615845,0.0005203196749941429,5.021994533413334e-05,5.546393158772897,10.36081723172434,19912.40717899235,0.3842938406278417
4.842000000000214e-08,2.0,9.374708057411632e-05,0.7048304900109768,0.5558022522452947,0.505967509820761,0.170735336043968,0.00052027894983974,5.013228857236553e-05,5.549814938233903,10.37812086094417,19947.22420374862,0.38506691620132666
4.844000000000215e-08,2.0,9.369120069055306e-05,0.704657082366949,0.5564778487533183,0.5059585466611596,0.1706588274437243,0.0005202554342081378,5.005020575103779e-05,5.552874002510041,10.39467123863622,19979.93784429678,0.385819021309594
4.846000000000215e-08,2.0,9.364474031333846e-05,0.7045033522621559,0.5571399091949872,0.5059497843239618,0.1705913186642711,0.0005202492753576671,4.99738390302615e-05,5.555563206333254,10.41043244731772,20010.46986593231,0.3865485905307161
4.848000000000215e-08,2.0,9.360780123097528e-05,0.704369623474489,0.5577870558577498,0.5059412409769329,0.1705329513009346,0.0005202605782756613,4.990331889427878e-05,5.55787626512313,10.42537029206102,20038.74736505043,0.3872541045568152
4.850000000000215e-08,2.0,9.358046613957104e-05,0.7042561776561651,0.5584179409921786,0.5059329343480841,0.1704838477490396,0.0005202894046785791,4.983876411418739e-05,5.559807773779341,10.43945238061131,20064.7030032459,0.387934093243139
4.852000000000216e-08,2.0,9.356279843951158e-05,0.7041632537405272,0.5590312495167988,0.5059248816805647,0.1704441109536554,0.0005203357721697046,4.978028172842205e-05,5.561353222724335,10.45264819930938,20088.27522221615,0.3885871385631434
4.854000000000216e-08,2.0,9.355484206045506e-05,0.7040910474388153,0.559625701665279,0.5059170997086407,0.1704138241976009,0.0005203996535431514,4.972796703891847e-05,5.562509011407341,10.46492918433348,20109.40843846226,0.38921187746767816
4.856000000000216e-08,2.0,9.355662132344163e-05,0.7040397108279707,0.5602000555724297,0.5059096046144098,0.1703930509318907,0.0005204809762599624,4.968190362204615e-05,5.563272458914895,10.47626878831996,20128.05321646842,0.38980700464053897
4.858000000000217e-08,2.0,9.356814083237794e-05,0.7040093520303392,0.5607531097938182,0.5059024120056496,0.1703818346450975,0.0005205796220832821,4.964216335237579e-05,5.563641811924549,10.48664254190623,20144.16641961559,0.3903712751487207
4.860000000000217e-08,2.0,9.358938540367119e-05,0.7040000349859508,0.5612837057555333,0.5058955368745667,0.1703801987756462,0.000520695426896359,4.960880643852103e-05,5.563616249675015,10.49602811028409,20157.7113377899,0.3909035069798871
4.862000000000217e-08,2.0,9.362032002633508e-05,0.7040117793178517,0.5617907301290138,0.5058889935777133,0.1703881466634058,0.0005208281806884292,4.958188146929205e-05,5.563195886215908,10.5044053443393,20168.6577912405,0.391402583465608
4.864000000000217e-08,2.0,9.366088986130593e-05,0.7040445602907764,0.562273117127558,0.5058827957969634,0.1704056615444204,0.0005209776277300153,4.956142546957333e-05,5.562381769640419,10.51175632649737,20176.98220996324,0.3918674555831376
4.866000000000218e-08,2.0,9.371102027235598e-05,0.7040983088632424,0.5627298507195083,0.5058769565216858,0.1704327065850366,0.0005211434669206637,4.954746396436112e-05,5.561175878591011,10.51806541088593,20182.6676884873,0.3922971441344717
4.868000000000218e-08,2.0,9.377061689728974e-05,0.7041729118329629,0.5631599667548016,0.5058714880121388,0.1704692249591027,0.0005213253523283,4.954001105056075e-05,5.559581115772071,10.52331925796773,20185.70401567726,0.39269074179569896
4.870000000000218e-08,2.0,9.383956575184941e-05,0.7042682120752662,0.5635625549999611,0.5058664017840995,0.170515139964378,0.0005215228939011243,4.953906947518541e-05,5.55760129878677,10.52750686329222,20186.08767976374,0.3930474150355831
4.872000000000219e-08,2.0,9.391773337496831e-05,0.704384008874024,0.5639367610782953,0.5058617085748466,0.1705703551816703,0.0005217356583688808,4.954463071976376e-05,5.555241148061358,10.53061958055439,20183.82184855183,0.39336640589662497
4.874000000000219e-08,2.0,9.400496700778826e-05,0.7045200583443877,0.564281788310453,0.5058574183304346,0.1706347546727165,0.0005219631703122799,4.955667508980392e-05,5.552506272201057,10.53265113864896,20178.91632535585,0.39364703363773645
4.876000000000219e-08,2.0,9.410109481500692e-05,0.7046760739464458,0.5645968994521845,0.5058535401744586,0.1707082032201596,0.000522204913415083,4.957517180933098e-05,5.549403150568641,10.53359765294438,20171.3874809362,0.39388869623202494
4.878000000000219e-08,2.0,9.420592614094674e-05,0.7048517270887187,0.564881418324546,0.5058500823981458,0.1707905466055211,0.000522460331875595,4.960007911956061e-05,5.545939113454113,10.53345763050515,20161.25816230066,0.3940908717190249
4.88000000000022e-08,2.0,9.431925180879004e-05,0.7050466478202193,0.5651347313335,0.5058470524320784,0.1708816119283531,0.0005227288319898249,4.963134438193005e-05,5.542122319652875,10.53223196952412,20148.55757894971,0.3942531194051469
4.88200000000022e-08,2.0,9.444084445530155e-05,0.7052604256096242,0.5653562888742653,0.5058444568392871,0.1709812079623384,0.000523009783881132,4.96689041847579e-05,5.537961731842323,10.529923952734,20133.32116771109,0.39437508091192686
4.88400000000022e-08,2.0,9.457045890933311e-05,0.7054926102099117,0.5655456066175016,0.5058423012901109,0.1710891255513613,0.0005233025233865577,4.971268445395757e-05,5.533467089597359,10.52653923509653,20115.59043700749,0.39445648106614034
4.886000000000221e-08,2.0,9.470783260631907e-05,0.7057427126066472,0.5657022666728336,0.5058405905584576,0.1712051380411886,0.0005236063540729337,4.976260056727956e-05,5.528648880452674,10.52208582557924,20095.4127919418,0.39449712863164504
4.888000000000221e-08,2.0,9.48526860468542e-05,0.7060102060479192,0.5658259186269902,0.5058393284999726,0.1713290017496095,0.0005239205493910891,4.981855747269821e-05,5.523518308872095,10.51657406335401,20072.84134126173,0.39449691687738064
4.890000000000221e-08,2.0,9.500472329140523e-05,0.7062945271537543,0.5659162804522595,0.505838518051638,0.1714604564705398,0.0005242443549397913,4.988044981061313e-05,5.518087263546867,10.51001658826756,20047.93468777478,0.3944558239817197
4.892000000000221e-08,2.0,9.516363249900263e-05,0.7065950771026778,0.5659731392827799,0.5058381612134097,0.1715992260147655,0.0005245769908461281,4.994816204066348e-05,5.512368282898657,10.50242830595174,20020.75670343758,0.3943739132680144
4.894000000000222e-08,2.0,9.532908650176394e-05,0.7069112228929185,0.565996352054656,0.5058382590513135,0.1717450187827117,0.0005249176542328144,5.002156857300579e-05,5.506374519218692,10.49382634746258,19991.37629081971,0.39425133327194434
4.896000000000222e-08,2.0,9.550074342280421e-05,0.7072422986756014,0.5659858460077197,0.5058388116826976,0.1718975283717206,0.0005252655217778301,5.01005339050243e-05,5.500119701330116,10.48423002384719,19959.86713226854,0.39408831763599916
4.898000000000222e-08,2.0,9.567824732913543e-05,0.7075876071571234,0.5659416190452851,0.5058398182829741,0.172056434213101,0.0005256197523360389,5.018491276348867e-05,5.493618096210061,10.47366077556373,19926.30742854526,0.39388518483218404
4.900000000000223e-08,2.0,9.586122892678944e-05,0.7079464210677535,0.5658637399501228,0.5058412770746239,0.1722214022412558,0.0005259794896272517,5.027455025328415e-05,5.486884469464985,10.46214211718169,19890.77962830062,0.39364233770886703
4.902000000000223e-08,2.0,9.60493062894804e-05,0.7083179846933685,0.5657523484534469,0.5058431853377042,0.1723920855900324,0.0005263438649599241,5.036928201287728e-05,5.479934045096291,10.44969957732096,19853.37015017094,0.3933602628634145
4.904000000000223e-08,2.0,9.624208562768407e-05,0.7087015154670973,0.5656076551556197,0.5058455394027261,0.1725681253184223,0.0005267119999943614,5.046893437778038e-05,5.472782464451874,10.43636063428067,19814.16909884793,0.3930395298371974
4.906000000000223e-08,2.0,9.643916208913773e-05,0.7090962056175193,0.5654299412959274,0.5058483346650331,0.1727491511606358,0.0005270830095145451,5.057332455230545e-05,5.465445744796564,10.42215464734595,19773.26997685806,0.39268079013529156
4.908000000000224e-08,2.0,9.66401205972632e-05,0.7095012238699487,0.5652195583707116,0.5058515655816364,0.1729347823025219,0.0005274560042122475,5.068226079099049e-05,5.457940237394818,10.40711278424285,19730.76939333702,0.3922847760681897
4.910000000000224e-08,2.0,9.684453671817874e-05,0.7099157171972195,0.5649769275978396,0.5058552256895463,0.1731246281792417,0.0005278300934528316,5.079554259009214e-05,5.450282585530597,10.3912679447544,19686.76677144214,0.3918522994185979
4.912000000000224e-08,2.0,9.70519775624255e-05,0.7103388126162834,0.5647025392274992,0.5058593076066284,0.1733182892960172,0.0005282043880265962,5.091296089062693e-05,5.442489682351374,10.374654680982,19641.36405557391,0.391384249931482
4.914000000000225e-08,2.0,9.726200271173728e-05,0.7107696190268407,0.5643969516980273,0.5058638030539216,0.1735153580667691,0.0005285780028557183,5.103429829343292e-05,5.434578628949159,10.35730911428512,19594.66541991584,0.3908815936312582
4.916000000000225e-08,2.0,9.747416517658688e-05,0.7112072290881244,0.5640607906375288,0.5058687028605455,0.1737154196723164,0.0005289500596611603,5.115932928780278e-05,5.426566692556251,10.33926884939187,19546.77697931463,0.3903453709652124
4.918000000000225e-08,2.0,9.768801237452495e-05,0.7116507211298934,0.563694747710818,0.5058739969900109,0.1739180529328802,0.0005293196895606337,5.128782049421321e-05,5.418471265252872,10.32057288572746,19497.80650384295,0.38977669477793775
4.920000000000225e-08,2.0,9.790308713466766e-05,0.7120991610936023,0.5632995793132979,0.5058796745491667,0.1741228311964446,0.0005296860356028124,5.14195309227379e-05,5.410309823052348,10.30126152645596,19447.86313789176,0.3891767481168533
4.922000000000226e-08,2.0,9.811892871805976e-05,0.7125516044996648,0.5628761051122052,0.5058857238184593,0.1743293232376456,0.0005300482552102315,5.155421224768896e-05,5.402099885742615,10.28137628529068,19397.05712494574,0.3885467818745596
4.924000000000226e-08,2.0,9.833507385892333e-05,0.7130070984366651,0.5624252064377528,0.5058921322648553,0.1745370941686439,0.0005304055225371807,5.169160910007664e-05,5.393858977335515,10.26095979156498,19345.49953869626,0.3878881122691089
4.926000000000226e-08,2.0,9.855105781625745e-05,0.7134646835683259,0.561947824525555,0.5058988865759781,0.1747457063566116,0.0005307570307166151,5.183145937840765e-05,5.385604587482756,10.24005569362228,19293.30202144738,0.38720211816894345
4.928000000000227e-08,2.0,9.876641544051606e-05,0.7139233961540112,0.5614449586138303,0.5059059726768869,0.1749547203492118,0.0005311019940037815,5.197349457938272e-05,5.377354133693558,10.21870856100685,19240.57653026641,0.3864902382646185
4.930000000000227e-08,2.0,9.898068224460798e-05,0.7143822700785037,0.5609176638977641,0.5059133757679577,0.1751636958026717,0.0005314396497923628,5.21174401489411e-05,5.369124924692243,10.19696378551241,19187.4350916354,0.38575396809509244
4.932000000000227e-08,2.0,9.919339548371422e-05,0.7148403388867824,0.5603670493455111,0.505921080345365,0.1753721924137835,0.0005317692605123896,5.22630158551349e-05,5.360934124733679,10.1748674815547,19133.98956485495,0.3849948569317276
4.934000000000227e-08,2.0,9.940409523301887e-05,0.7152966378195187,0.5597942753792232,0.5059290702425181,0.1755797708504345,0.00053209011538769,5.240993618316516e-05,5.352798719193407,10.15246638591797,19080.35141476121,0.3842145045287887
4.936000000000228e-08,2.0,9.961232546768035e-05,0.715750205844998,0.5592005514265809,0.5059373286540292,0.1757859936819587,0.0005324015320637859,5.255791075393132e-05,5.344735481233195,10.12980775732152,19026.63149381752,0.3834145577446222
4.938000000000228e-08,2.0,9.981763513405141e-05,0.716200087683192,0.5585871333471849,0.5059458381804721,0.1759904263039486,0.0005327028580860471,5.270664476625347e-05,5.336760939838055,10.1069392758448,18972.93983395943,0.38259670704323634
4.940000000000228e-08,2.0,0.0001000195792163974,0.7166453358177182,0.5579553207402714,0.5059545808555705,0.1761926378588206,0.0005329934722407792,5.285583946393776e-05,5.328891349008281,10.08390894263306,18919.38544807855,0.3817626828814508
4.942000000000228e-08,2.0,0.000100217719788097,0.7170850124914453,0.5573064541390345,0.5059635381939902,0.1763922021467924,0.0005332727857410857,5.300519262760865e-05,5.321142658382986,10.0607649799073,18866.07614136154,0.38091425199224205
4.944000000000229e-08,2.0,0.0001004116270515758,0.717518191681546,0.5566419120989364,0.5059726912214338,0.1765886985286119,0.000533540243271971,5.315439909223875e-05,5.313530485062772,10.03755573167368,18813.1183322137,0.3800532135703245
4.946000000000229e-08,2.0,0.0001006008803560293,0.7179439610498365,0.5559631081861649,0.5059820205251225,0.176781712814752,0.0005337953238785606,5.330315129000802e-05,5.30607008688929,10.01432956513818,18760.61688284189,0.37918139537141293
4.948000000000229e-08,2.0,0.0001007850691972423,0.7183614238642916,0.5552714878744381,0.505991506286438,0.1769708381424483,0.0005340375417135888,5.345113981911591e-05,5.298776336935691,9.991134773193352,18708.67493909581,0.37830064973198985
4.95000000000023e-08,2.0,0.0001009637941887235,0.7187697008876931,0.5545685253571109,0.506001128333712,0.1771556758353912,0.0005342664466300225,5.359805403782535e-05,5.291663699448776,9.968019477964232,18657.39377952561,0.37741284952171966
4.95200000000023e-08,2.0,0.0001011366680086082,0.7191679322294304,0.5538557202834902,0.5060108661770053,0.177335836247499,0.0005344816246365797,5.374358268400133e-05,5.284746206984766,9.94503153574998,18606.87267314773,0.3765198840359912
4.95400000000023e-08,2.0,0.0001013033163117709,0.7195552791565551,0.5531345944269829,0.506020699062774,0.1775109395857018,0.0005346826982038482,5.388741451900507e-05,5.278037438965332,9.922218443330136,18557.2087457883,0.3756236548412811
4.95600000000023e-08,2.0,0.0001014633786118159,0.7199309258602749,0.5524066882945774,0.5060306060103545,0.1776806167132287,0.0005348693264402322,5.402923899578702e-05,5.271550501386261,9.8996272459425,18508.49685441573,0.3747260715813487
4.958000000000231e-08,2.0,0.0001016165091226962,0.7202940811741633,0.5516735576857968,0.5060405658680421,0.177844509928457,0.0005350412051271233,5.416874694957535e-05,5.265298007893098,9.87730444688305,18460.82946926723,0.3738290477573398
4.960000000000231e-08,2.0,0.0001017623775649005,0.7206439802404728,0.5509367702110881,0.5060505573507978,0.178002273720911,0.0005351980666338187,5.430563131053135e-05,5.259292061949516,9.855295919007743,18414.29656312775,0.3729344964901771
4.962000000000231e-08,2.0,0.0001019006699263185,0.7209798861210357,0.5501979017781389,0.5060605590972684,0.1781535754995944,0.0005353396797030543,5.443958783625886e-05,5.25354424030348,9.833646818069726,18368.98550752733,0.37204432627854445
4.964000000000232e-08,2.0,0.000102031089183067,0.7213010913493614,0.5494585330563878,0.5060705497082081,0.1782980962953636,0.0005354658491287937,5.457031586303638e-05,5.248065577472265,9.812401498146642,18324.9809751854,0.37116043676102417
4.966000000000232e-08,2.0,0.0001021533559707878,0.7216069194206656,0.5487202459284259,0.5060805078039285,0.1784355314326636,0.0005355764153183833,5.469751907311736e-05,5.242866551445322,9.791603429077782,18282.36484845394,0.37028471449576233
4.968000000000232e-08,2.0,0.0001022672092120707,0.7218967262166857,0.5479846199386661,0.5060904120629371,0.1785655911724454,0.0005356712537615704,5.482090627644374e-05,5.237957070324251,9.771295116143412,18241.21613308124,0.3694190287662207
4.970000000000232e-08,2.0,0.0001023724066909677,0.7221699013622876,0.5472532287480286,0.5061002412792961,0.1786880013217627,0.0005357502743995316,5.494019220357146e-05,5.233346460094944,9.751518021895535,18201.61087705466,0.3685652274262659
4.972000000000233e-08,2.0,0.0001024687255806513,0.7224258695110056,0.5465276366049682,0.5061099744009546,0.1788025038119654,0.0005358134209170243,5.50550983076342e-05,5.229043453251965,9.73231249035343,18163.62209385675,0.3677251327930028
4.974000000000233e-08,2.0,0.0001025559629156415,0.7226640915568033,0.5458093948414702,0.5061195905865018,0.1789088572411706,0.0005358606699515438,5.516535357160475e-05,5.225056178469274,9.713717673466833,18127.31968992092,0.3669005376002996
4.976000000000233e-08,2.0,0.0001026339360150711,0.7228840657695109,0.5451000384041215,0.5061290692426861,0.1790068373830441,0.0005358920302429653,5.527069531819223e-05,5.221392151040444,9.695771460044897,18092.77039565037,0.36609320102107734
4.978000000000234e-08,2.0,0.0001027024828488968,0.7230853288515408,0.544401082428594,0.5061383900800458,0.1790962376577566,0.0005359075417180593,5.537087001814565e-05,5.218058264283403,9.67851040705043,18060.03769982825,0.36530484477083736
4.980000000000234e-08,2.0,0.0001027614623539259,0.7232674569136591,0.5437140188672901,0.506147533149108,0.1791768695672759,0.0005359072745334158,5.546563409386336e-05,5.215060781638321,9.661969673447,18029.18178682895,0.3645371493000142
4.982000000000234e-08,2.0,0.00010281075469203,0.7234300663677594,0.5430403131780439,0.5061564788944188,0.1792485630910171,0.0005358913280713815,5.555475471365982e-05,5.212405329657208,9.646182956498887,18000.25947651461,0.3637917500870268
4.984000000000234e-08,2.0,0.0001028502614578221,0.7235728147347532,0.5423814010831193,0.5061652081889358,0.179311167044176,0.0005358598299123754,5.56380105732473e-05,5.210096891620268,9.631182430703868,17973.32416628201,0.3630702340389433
4.986000000000235e-08,2.0,0.0001028799058286113,0.7236954013658814,0.5417386854058257,0.5061737023859783,0.179364549394934,0.0005358129347781031,5.571519265946728e-05,5.208139801982894,9.616998689262475,17948.42577521048,0.36237413601089175
4.988000000000235e-08,2.0,0.0001028996326642633,0.7237975680759242,0.5411135329933674,0.5061819433513726,0.1794085975429868,0.0005357508234685711,5.578610499259452e-05,5.206537741397147,9.603660688260828,17925.61068984378,0.3617049354503806
4.990000000000235e-08,2.0,0.0001029094085502159,0.7238790996869762,0.5405072717325625,0.5061899135128839,0.1794432185557769,0.000535673701787084,5.585056534207349e-05,5.205293732517352,9.5911956934758,17904.92171162818,0.3610640531767856
4.992000000000236e-08,2.0,0.0001029092217915893,0.7239398244816428,0.5399211876663023,0.5061975958896903,0.1794683393650187,0.0005355817994754077,5.590840591192219e-05,5.204410136343678,9.579629229979485,17886.39800561287,0.36045284830128355
4.994000000000236e-08,2.0,0.0001028990823520147,0.7239796145647014,0.5393565222166239,0.5062049741389092,0.1794839069200814,0.0005354753691526407,5.595947399063512e-05,5.203888649320605,9.568985034459994,17870.07505051515,0.35987261529654246
4.996000000000236e-08,2.0,0.0001028790217454096,0.7239983861324677,0.538814469521453,0.5062120325820131,0.1794898883009527,0.0005353546852790382,5.600363256190788e-05,5.203730300953974,9.559285010436477,17855.98458983127,0.35932458122050026
4.998000000000236e-08,2.0,0.0001028490928746378,0.723996099649298,0.5382961738900391,0.5062187562480931,0.179486270787534,0.0005352200431374394,5.604076087116172e-05,5.203935452171953,9.550549186295235,17844.15458417865,0.35880990310250516
5.000000000000237e-08,2.0,0.0001028093698255085,0.7239727599308575,0.5378027273832839,0.5062251308968961,0.1794730618881283,0.0005350717578523398,5.607075494445185e-05,5.204503794203796,9.542795676327605,17834.60916462922,0.35832966549515566
